gid,role,role_score,cluster_id,priority_score,evidence
100000000011452100,peripheral,0.6,2,0.4587,"выраженных признаков нет: 3 вх./1 исх., оборот 110 тыс; связан с 1 seed; взаимные переводы с 1"
100000000018102100,peripheral,0.3,64,0.0649,"обрыв выгрузки на последнем колене: получил 7 тыс от 1 плательщика, исходящие неизвестны"
100000000031787100,peripheral,0.6,9,0.3369,"выраженных признаков нет: 1 вх./2 исх., оборот 90 тыс; взаимные переводы с 1"
100000000041368100,terminal,0.72,3,0.4201,"конечная точка в пределах выгрузки: получил 160 тыс от 1 плательщика, исходящих нет; доля seed-денег ~100%; связан с 1 seed"
100000000076451100,peripheral,0.6,18,0.3744,"выраженных признаков нет: 3 вх./4 исх., оборот 88 тыс; взаимные переводы с 2"
100000000089154100,distributor,0.55,36,0.5934,"веерная рассылка: 15 получателей, отправил 426 тыс; видимый вход 10 тыс, источник вне выгрузки; связан с 2 seed; участвует в круговых потоках (3+ участника)"
100000000190228100,peripheral,0.9,19,0.2494,"выраженных признаков нет: 1 вх./1 исх., оборот 29 тыс"
100000000201868100,transit,0.865,65,0.5381,"признаки транзита: получил 190 тыс, отправил 190 тыс (100%); 100% отправлено в течение 2 дней после входа; взаимные переводы с 1; доля seed-денег ~47%"
100000000254336100,peripheral,0.6,2,0.2979,"выраженных признаков нет: 2 вх./1 исх., оборот 97 тыс"
100000000267734100,peripheral,0.6,9,0.4997,"выраженных признаков нет: 2 вх./7 исх., оборот 282 тыс; связан с 1 seed; взаимные переводы с 1"
100000000274067100,peripheral,0.6,9,0.5168,"выраженных признаков нет: 2 вх./3 исх., оборот 3.0 млн; связан с 1 seed; взаимные переводы с 1"
100000000287768100,peripheral,0.9,2,0.1352,"выраженных признаков нет: 1 вх./0 исх., оборот 35 тыс"
100000000288317100,peripheral,0.6,64,0.3541,"выраженных признаков нет: 2 вх./3 исх., оборот 100 тыс"
100000000291906100,peripheral,0.6,59,0.4082,"выраженных признаков нет: 2 вх./2 исх., оборот 456 тыс; взаимные переводы с 1"
100000000291908100,peripheral,0.6,59,0.3013,"выраженных признаков нет: 1 вх./1 исх., оборот 296 тыс"
100000000297649100,peripheral,0.9,10,0.2761,"выраженных признаков нет: 1 вх./1 исх., оборот 71 тыс; взаимные переводы с 1"
100000000299820100,peripheral,0.3,6,0.0654,"обрыв выгрузки на последнем колене: получил 10 тыс от 1 плательщика, исходящие неизвестны"
100000000307908100,peripheral,0.9,51,0.1429,"выраженных признаков нет: 1 вх./0 исх., оборот 5 тыс"
100000000331309100,distributor,0.75,5,0.719,"веерная рассылка: 99 получателей, отправил 23.0 млн; видимый вход 985 тыс, источник вне выгрузки; участвует в круговых потоках (3+ участника)"
100000000332284100,transit,0.6,5,0.5457,"признаки транзита: получил 107 тыс, отправил 290 тыс; 100% отправлено в течение 2 дней после входа; связь с seed-деньгами слабая, возможна легальная активность"
100000000343175100,coordinator,0.677,16,0.637,[seed] признаки координации: 8 плательщиков и 31 получатель; связан ещё с 1 seed; доля seed-денег ~100%
100000000369781100,peripheral,0.3,5,0.0262,"обрыв выгрузки на последнем колене: получил 5 тыс от 1 плательщика, исходящие неизвестны"
100000000375150100,peripheral,0.3,12,0.2459,"обрыв выгрузки на последнем колене: получил 300 тыс от 1 плательщика, исходящие неизвестны"
100000000404740100,peripheral,0.3,30,0.1241,"обрыв выгрузки на последнем колене: получил 25 тыс от 1 плательщика, исходящие неизвестны"
100000000408846100,peripheral,0.9,31,0.0939,"выраженных признаков нет: 1 вх./0 исх., оборот 40 тыс"
100000000413678100,peripheral,0.6,6,0.3479,"выраженных признаков нет: 2 вх./3 исх., оборот 528 тыс"
100000000424935100,peripheral,0.3,33,0.0646,"обрыв выгрузки на последнем колене: получил 15 тыс от 1 плательщика, исходящие неизвестны"
100000000425407100,peripheral,0.9,3,0.1809,"выраженных признаков нет: 1 вх./0 исх., оборот 20 тыс"
100000000437046100,distributor,0.615,2,0.6884,"веерная рассылка: 42 получателя, отправил 7.6 млн; видимый вход 1.1 млн, источник вне выгрузки; участвует в круговых потоках (3+ участника); связь с seed-деньгами слабая, возможна легальная активность"
100000000440392100,terminal,0.702,4,0.4059,"конечная точка в пределах выгрузки: получил 106 тыс от 1 плательщика, исходящих нет; доля seed-денег ~100%; связан с 1 seed"
100000000456947100,peripheral,0.2,0,0.006,[seed] нет переводов в выгрузке: роль определить нельзя
100000000470237100,peripheral,0.3,33,0.1641,"обрыв выгрузки на последнем колене: получил 32 тыс от 1 плательщика, исходящие неизвестны"
100000000481716100,peripheral,0.9,8,0.1441,"выраженных признаков нет: 1 вх./0 исх., оборот 8 тыс"
100000000489417100,peripheral,0.6,12,0.3919,"выраженных признаков нет: 3 вх./1 исх., оборот 80 тыс"
100000000490383100,peripheral,0.6,4,0.4279,"выраженных признаков нет: 3 вх./8 исх., оборот 461 тыс"
100000000500040100,peripheral,0.3,2,0.0437,"обрыв выгрузки на последнем колене: получил 20 тыс от 1 плательщика, исходящие неизвестны"
100000000507799100,peripheral,0.9,45,0.2668,"выраженных признаков нет: 1 вх./1 исх., оборот 8 тыс; связан с 1 seed"
100000000533217100,peripheral,0.9,2,0.2567,"выраженных признаков нет: 1 вх./0 исх., оборот 54 тыс"
100000000534581100,peripheral,0.6,6,0.305,"выраженных признаков нет: 2 вх./1 исх., оборот 56 тыс"
100000000542087100,peripheral,0.3,43,0.0236,"обрыв выгрузки на последнем колене: получил 9 тыс от 1 плательщика, исходящие неизвестны"
100000000552584100,peripheral,0.6,27,0.4078,"выраженных признаков нет: 1 вх./1 исх., оборот 2.5 млн; участвует в круговых потоках (3+ участника)"
100000000555721100,terminal,0.704,2,0.4842,"конечная точка в пределах выгрузки: получил 113 тыс от 2 плательщиков, исходящих нет; доля seed-денег ~84%; связан с 1 seed"
100000000557536100,peripheral,0.3,43,0.0947,"обрыв выгрузки на последнем колене: получил 153 тыс от 1 плательщика, исходящие неизвестны"
100000000560751100,peripheral,0.9,12,0.1538,"выраженных признаков нет: 1 вх./0 исх., оборот 25 тыс"
100000000561160100,peripheral,0.3,3,0.1778,"обрыв выгрузки на последнем колене: получил 240 тыс от 1 плательщика, исходящие неизвестны"
100000000569479100,terminal,0.241,52,0.2501,"конечная точка в пределах выгрузки: получил 320 тыс от 1 плательщика, исходящих нет; доля seed-денег ~1%; вход в конце периода, мог переслать позже"
100000000572276100,peripheral,0.9,1,0.1542,"выраженных признаков нет: 1 вх./1 исх., оборот 35 тыс"
100000000580561100,peripheral,0.6,53,0.3713,"[seed] выраженных признаков нет: 2 вх./3 исх., оборот 1.5 млн; взаимные переводы с 2"
100000000581662100,peripheral,0.3,11,0.0496,"обрыв выгрузки на последнем колене: получил 21 тыс от 1 плательщика, исходящие неизвестны"
100000000581682100,peripheral,0.3,33,0.0351,"обрыв выгрузки на последнем колене: получил 5 тыс от 1 плательщика, исходящие неизвестны"
100000000583220100,peripheral,0.6,83,0.2215,"выраженных признаков нет: 1 вх./1 исх., оборот 761 тыс"
100000000594783100,peripheral,0.6,27,0.4233,"выраженных признаков нет: 1 вх./2 исх., оборот 2.6 млн; участвует в круговых потоках (3+ участника)"
100000000596954100,peripheral,0.6,3,0.3544,"выраженных признаков нет: 1 вх./2 исх., оборот 120 тыс"
100000000600707100,peripheral,0.3,44,0.1971,"обрыв выгрузки на последнем колене: получил 89 тыс от 1 плательщика, исходящие неизвестны"
100000000607731100,peripheral,0.9,34,0.3394,"выраженных признаков нет: 1 вх./1 исх., оборот 67 тыс; связан с 1 seed"
100000000607941100,peripheral,0.6,4,0.3524,"выраженных признаков нет: 2 вх./1 исх., оборот 70 тыс; взаимные переводы с 1"
100000000608031100,peripheral,0.3,17,0.0919,"обрыв выгрузки на последнем колене: получил 30 тыс от 1 плательщика, исходящие неизвестны"
100000000611474100,peripheral,0.9,26,0.1702,"выраженных признаков нет: 1 вх./0 исх., оборот 32 тыс"
100000000625169100,peripheral,0.9,1,0.1061,"выраженных признаков нет: 1 вх./0 исх., оборот 10 тыс"
100000000627521100,peripheral,0.3,46,0.023,"обрыв выгрузки на последнем колене: получил 6 тыс от 1 плательщика, исходящие неизвестны"
100000000629812100,peripheral,0.9,66,0.2505,"выраженных признаков нет: 2 вх./0 исх., оборот 22 тыс"
100000000634341100,peripheral,0.3,2,0.0949,"обрыв выгрузки на последнем колене: получил 24 тыс от 1 плательщика, исходящие неизвестны"
100000000640800100,peripheral,0.6,6,0.2642,"выраженных признаков нет: 1 вх./4 исх., оборот 518 тыс"
100000000646541100,peripheral,0.6,2,0.2475,"выраженных признаков нет: 3 вх./0 исх., оборот 25 тыс"
100000000655469100,peripheral,0.3,25,0.0988,"обрыв выгрузки на последнем колене: получил 20 тыс от 1 плательщика, исходящие неизвестны"
100000000656682100,peripheral,0.6,2,0.2047,"выраженных признаков нет: 1 вх./2 исх., оборот 80 тыс"
100000000661131100,peripheral,0.9,1,0.067,"выраженных признаков нет: 1 вх./0 исх., оборот 16 тыс"
100000000661912100,transit,0.51,74,0.5929,"признаки транзита: получил 393 тыс, отправил 431 тыс; 75% отправлено в течение 2 дней после входа; связан с 1 seed; взаимные переводы с 1"
100000000667713100,peripheral,0.6,4,0.5633,"выраженных признаков нет: 2 вх./6 исх., оборот 119 тыс; связан с 2 seed; участвует в круговых потоках (3+ участника)"
100000000673868100,peripheral,0.6,35,0.3855,"выраженных признаков нет: 1 вх./5 исх., оборот 2.0 млн; участвует в круговых потоках (3+ участника)"
100000000673915100,peripheral,0.3,43,0.0426,"обрыв выгрузки на последнем колене: получил 20 тыс от 1 плательщика, исходящие неизвестны"
100000000703894100,peripheral,0.6,34,0.3765,"выраженных признаков нет: 1 вх./1 исх., оборот 120 тыс; связан с 1 seed"
100000000703902100,peripheral,0.9,1,0.2544,"выраженных признаков нет: 1 вх./0 исх., оборот 25 тыс; связан с 1 seed"
100000000704700100,peripheral,0.3,28,0.0488,"обрыв выгрузки на последнем колене: получил 10 тыс от 1 плательщика, исходящие неизвестны"
100000000706545100,peripheral,0.6,4,0.5078,"выраженных признаков нет: 3 вх./1 исх., оборот 1.1 млн; связан с 1 seed; взаимные переводы с 1"
100000000718427100,peripheral,0.9,1,0.0902,"выраженных признаков нет: 1 вх./0 исх., оборот 6 тыс"
100000000723383100,peripheral,0.6,25,0.2885,"выраженных признаков нет: 1 вх./2 исх., оборот 75 тыс"
100000000724540100,peripheral,0.6,23,0.2806,"выраженных признаков нет: 1 вх./1 исх., оборот 100 тыс"
100000000733373100,peripheral,0.9,4,0.1726,"выраженных признаков нет: 1 вх./0 исх., оборот 11 тыс"
100000000733451100,peripheral,0.6,12,0.3256,"выраженных признаков нет: 1 вх./1 исх., оборот 300 тыс"
100000000733940100,peripheral,0.3,37,0.1802,"обрыв выгрузки на последнем колене: получил 752 тыс от 1 плательщика, исходящие неизвестны"
100000000737152100,peripheral,0.3,2,0.0964,"обрыв выгрузки на последнем колене: получил 35 тыс от 1 плательщика, исходящие неизвестны"
100000000749118100,peripheral,0.9,2,0.1355,"выраженных признаков нет: 1 вх./1 исх., оборот 16 тыс"
100000000764836100,peripheral,0.6,6,0.2943,"выраженных признаков нет: 1 вх./2 исх., оборот 252 тыс"
100000000765628100,peripheral,0.9,4,0.1595,"выраженных признаков нет: 1 вх./0 исх., оборот 5 тыс"
100000000769919100,terminal,0.75,75,0.4019,"конечная точка в пределах выгрузки: получил 250 тыс от 1 плательщика, исходящих нет; доля seed-денег ~80%"
100000000782285100,peripheral,0.9,38,0.0971,"выраженных признаков нет: 1 вх./0 исх., оборот 6 тыс"
100000000783406100,peripheral,0.9,42,0.0647,"выраженных признаков нет: 1 вх./0 исх., оборот 6 тыс"
100000000785800100,peripheral,0.9,67,0.3564,"выраженных признаков нет: 1 вх./1 исх., оборот 19 тыс; связан с 1 seed; участвует в круговых потоках (3+ участника)"
100000000790311100,peripheral,0.9,18,0.1823,"выраженных признаков нет: 1 вх./0 исх., оборот 46 тыс"
100000000791285100,peripheral,0.6,31,0.291,"выраженных признаков нет: 1 вх./3 исх., оборот 1.1 млн; взаимные переводы с 1"
100000000795033100,peripheral,0.9,2,0.1702,"выраженных признаков нет: 1 вх./0 исх., оборот 18 тыс"
100000000795129100,terminal,0.242,18,0.2624,"конечная точка в пределах выгрузки: получил 332 тыс от 1 плательщика, исходящих нет; доля seed-денег ~3%; вход в конце периода, мог переслать позже"
100000000795374100,peripheral,0.9,6,0.1593,"выраженных признаков нет: 1 вх./0 исх., оборот 50 тыс"
100000000802149100,terminal,0.301,2,0.2067,"конечная точка в пределах выгрузки: получил 104 тыс от 1 плательщика, исходящих нет; доля seed-денег ~0%"
100000000803368100,peripheral,0.3,15,0.1413,"обрыв выгрузки на последнем колене: получил 140 тыс от 1 плательщика, исходящие неизвестны"
100000000806727100,peripheral,0.9,3,0.3027,"выраженных признаков нет: 1 вх./1 исх., оборот 45 тыс"
100000000810551100,peripheral,0.6,3,0.3702,"выраженных признаков нет: 1 вх./1 исх., оборот 100 тыс; связан с 1 seed"
100000000817146100,peripheral,0.9,4,0.2995,"выраженных признаков нет: 1 вх./0 исх., оборот 70 тыс; связан с 1 seed"
100000000821507100,terminal,0.36,35,0.2449,"конечная точка в пределах выгрузки: получил 400 тыс от 1 плательщика, исходящих нет; доля seed-денег ~0%"
100000000831684100,peripheral,0.9,10,0.2892,"выраженных признаков нет: 1 вх./1 исх., оборот 50 тыс; взаимные переводы с 1"
100000000838385100,peripheral,0.6,33,0.357,"выраженных признаков нет: 1 вх./2 исх., оборот 437 тыс; взаимные переводы с 1"
100000000850297100,peripheral,0.9,29,0.2068,"выраженных признаков нет: 1 вх./1 исх., оборот 18 тыс; взаимные переводы с 1"
100000000860514100,peripheral,0.9,30,0.2197,"выраженных признаков нет: 1 вх./1 исх., оборот 50 тыс"
100000000861294100,terminal,0.371,14,0.3006,"конечная точка в пределах выгрузки: получил 150 тыс от 1 плательщика, исходящих нет; доля seed-денег ~24%; вход в конце периода, мог переслать позже"
100000000870121100,peripheral,0.9,12,0.0958,"выраженных признаков нет: 1 вх./0 исх., оборот 12 тыс"
100000000878006100,peripheral,0.9,5,0.1186,"выраженных признаков нет: 1 вх./0 исх., оборот 47 тыс"
100000000896111100,terminal,0.337,27,0.2758,"конечная точка в пределах выгрузки: получил 287 тыс от 1 плательщика, исходящих нет; доля seed-денег ~3%"
100000000907277100,peripheral,0.9,1,0.2342,"выраженных признаков нет: 1 вх./0 исх., оборот 18 тыс; связан с 1 seed"
100000000910216100,peripheral,0.9,36,0.2735,"выраженных признаков нет: 1 вх./1 исх., оборот 71 тыс"
100000000912487100,peripheral,0.9,3,0.1494,"выраженных признаков нет: 1 вх./0 исх., оборот 10 тыс"
100000000913911100,peripheral,0.6,3,0.3971,"выраженных признаков нет: 2 вх./1 исх., оборот 600 тыс"
100000000917179100,peripheral,0.9,15,0.2119,"выраженных признаков нет: 1 вх./0 исх., оборот 94 тыс"
100000000922570100,peripheral,0.9,10,0.3527,"выраженных признаков нет: 1 вх./1 исх., оборот 50 тыс; связан с 1 seed"
100000000926078100,peripheral,0.3,6,0.1979,"обрыв выгрузки на последнем колене: получил 250 тыс от 1 плательщика, исходящие неизвестны"
100000000926766100,peripheral,0.9,30,0.2063,"выраженных признаков нет: 1 вх./1 исх., оборот 19 тыс; взаимные переводы с 1"
100000000933075100,peripheral,0.6,10,0.2555,"выраженных признаков нет: 1 вх./2 исх., оборот 55 тыс; взаимные переводы с 1"
100000000941942100,terminal,0.71,3,0.4123,"конечная точка в пределах выгрузки: получил 130 тыс от 1 плательщика, исходящих нет; доля seed-денег ~100%; связан с 1 seed"
100000000942301100,peripheral,0.9,2,0.1793,"выраженных признаков нет: 1 вх./0 исх., оборот 58 тыс"
100000000943371100,peripheral,0.9,12,0.1729,"выраженных признаков нет: 1 вх./0 исх., оборот 16 тыс"
100000000945428100,peripheral,0.9,2,0.307,"выраженных признаков нет: 1 вх./0 исх., оборот 90 тыс; связан с 1 seed"
100000000954884100,peripheral,0.9,42,0.1234,"выраженных признаков нет: 1 вх./0 исх., оборот 34 тыс"
100000000955444100,peripheral,0.9,53,0.158,"выраженных признаков нет: 1 вх./0 исх., оборот 7 тыс"
100000000955529100,peripheral,0.9,3,0.2235,"выраженных признаков нет: 1 вх./1 исх., оборот 64 тыс"
100000000957746100,peripheral,0.3,17,0.0324,"обрыв выгрузки на последнем колене: получил 5 тыс от 1 плательщика, исходящие неизвестны"
100000000961900100,peripheral,0.9,2,0.3426,"выраженных признаков нет: 2 вх./0 исх., оборот 36 тыс; связан с 1 seed"
100000000967918100,peripheral,0.9,2,0.1725,"выраженных признаков нет: 1 вх./0 исх., оборот 21 тыс"
100000000968253100,peripheral,0.9,1,0.2263,"выраженных признаков нет: 1 вх./0 исх., оборот 15 тыс; связан с 1 seed"
100000000971908100,peripheral,0.9,14,0.2445,"выраженных признаков нет: 1 вх./0 исх., оборот 89 тыс"
100000000976943100,peripheral,0.9,16,0.2416,"выраженных признаков нет: 1 вх./1 исх., оборот 84 тыс"
100000000978041100,peripheral,0.9,1,0.2782,"выраженных признаков нет: 1 вх./0 исх., оборот 44 тыс; связан с 1 seed"
100000000979567100,peripheral,0.9,1,0.178,"выраженных признаков нет: 1 вх./0 исх., оборот 10 тыс"
100000000979923100,peripheral,0.9,16,0.311,"выраженных признаков нет: 1 вх./0 исх., оборот 98 тыс; связан с 1 seed"
100000000981693100,peripheral,0.3,2,0.0454,"обрыв выгрузки на последнем колене: получил 16 тыс от 1 плательщика, исходящие неизвестны"
100000000993112100,terminal,0.308,39,0.2758,"конечная точка в пределах выгрузки: получил 141 тыс от 1 плательщика, исходящих нет; доля seed-денег ~15%"
100000000998559100,terminal,0.7,3,0.4026,"конечная точка в пределах выгрузки: получил 100 тыс от 1 плательщика, исходящих нет; доля seed-денег ~100%; связан с 1 seed"
100000001009583100,terminal,0.251,5,0.2194,"конечная точка в пределах выгрузки: получил 394 тыс от 1 плательщика, исходящих нет; доля seed-денег ~0%; вход в конце периода, мог переслать позже"
100000001046057100,peripheral,0.9,13,0.1668,"выраженных признаков нет: 1 вх./0 исх., оборот 83 тыс"
100000001046626100,terminal,0.31,5,0.19,"конечная точка в пределах выгрузки: получил 150 тыс от 1 плательщика, исходящих нет; доля seed-денег ~0%"
100000001049200100,peripheral,0.6,20,0.4611,"выраженных признаков нет: 2 вх./4 исх., оборот 77 тыс; связан с 1 seed; участвует в круговых потоках (3+ участника)"
100000001052789100,peripheral,0.9,20,0.1776,"выраженных признаков нет: 1 вх./0 исх., оборот 71 тыс"
100000001052945100,peripheral,0.6,68,0.2538,"выраженных признаков нет: 1 вх./3 исх., оборот 1.6 млн"
100000001053894100,peripheral,0.3,46,0.1813,"обрыв выгрузки на последнем колене: получил 2.0 млн от 1 плательщика, исходящие неизвестны"
100000001056414100,terminal,0.33,11,0.1854,"конечная точка в пределах выгрузки: получил 250 тыс от 1 плательщика, исходящих нет; доля seed-денег ~0%"
100000001063678100,peripheral,0.6,26,0.2743,"выраженных признаков нет: 1 вх./2 исх., оборот 90 тыс"
100000001065234100,peripheral,0.3,69,0.1813,"обрыв выгрузки на последнем колене: получил 360 тыс от 1 плательщика, исходящие неизвестны"
100000001065481100,peripheral,0.3,12,0.0738,"обрыв выгрузки на последнем колене: получил 16 тыс от 1 плательщика, исходящие неизвестны"
100000001066017100,peripheral,0.6,2,0.3524,"выраженных признаков нет: 2 вх./4 исх., оборот 136 тыс"
100000001072022100,terminal,0.617,3,0.5282,"конечная точка в пределах выгрузки: получил 1.7 млн от 3 плательщиков, исходящих нет; доля seed-денег ~44%; вход в конце периода, мог переслать позже; связан с 1 seed"
100000001073568100,peripheral,0.6,15,0.2963,"выраженных признаков нет: 1 вх./2 исх., оборот 707 тыс"
100000001074553100,peripheral,0.9,19,0.3714,"выраженных признаков нет: 2 вх./0 исх., оборот 29 тыс; связан с 2 seed"
100000001083990100,peripheral,0.9,10,0.2493,"выраженных признаков нет: 1 вх./0 исх., оборот 50 тыс"
100000001089055100,peripheral,0.3,17,0.0762,"обрыв выгрузки на последнем колене: получил 13 тыс от 1 плательщика, исходящие неизвестны"
100000001102676100,peripheral,0.9,3,0.3104,"выраженных признаков нет: 1 вх./1 исх., оборот 50 тыс; связан с 1 seed"
100000001103905100,peripheral,0.9,1,0.2353,"выраженных признаков нет: 1 вх./0 исх., оборот 18 тыс; связан с 1 seed"
100000001110358100,peripheral,0.9,2,0.2258,"выраженных признаков нет: 2 вх./0 исх., оборот 32 тыс"
100000001111763100,peripheral,0.9,1,0.2327,"выраженных признаков нет: 1 вх./0 исх., оборот 17 тыс; связан с 1 seed"
100000001114385100,peripheral,0.9,3,0.152,"выраженных признаков нет: 1 вх./0 исх., оборот 30 тыс"
100000001126374100,peripheral,0.6,2,0.458,"выраженных признаков нет: 4 вх./2 исх., оборот 182 тыс; связан с 1 seed"
100000001130176100,peripheral,0.9,2,0.1728,"выраженных признаков нет: 1 вх./0 исх., оборот 25 тыс"
100000001130553100,peripheral,0.3,5,0.0684,"обрыв выгрузки на последнем колене: получил 18 тыс от 1 плательщика, исходящие неизвестны"
100000001131403100,peripheral,0.3,68,0.1536,"обрыв выгрузки на последнем колене: получил 1.6 млн от 1 плательщика, исходящие неизвестны"
100000001138283100,peripheral,0.6,6,0.2538,"выраженных признаков нет: 1 вх./2 исх., оборот 82 тыс; взаимные переводы с 1"
100000001138376100,peripheral,0.9,18,0.1363,"выраженных признаков нет: 1 вх./0 исх., оборот 15 тыс"
100000001140785100,terminal,0.323,13,0.2552,"конечная точка в пределах выгрузки: получил 215 тыс от 2 плательщиков, исходящих нет; доля seed-денег ~0%"
100000001141268100,peripheral,0.6,24,0.3743,"выраженных признаков нет: 2 вх./1 исх., оборот 480 тыс"
100000001145749100,peripheral,0.9,3,0.1676,"выраженных признаков нет: 1 вх./0 исх., оборот 10 тыс"
100000001149815100,peripheral,0.9,1,0.0587,"выраженных признаков нет: 1 вх./0 исх., оборот 12 тыс"
100000001155773100,peripheral,0.9,1,0.0794,"выраженных признаков нет: 1 вх./0 исх., оборот 22 тыс"
100000001160401100,peripheral,0.9,2,0.1123,"выраженных признаков нет: 1 вх./0 исх., оборот 47 тыс"
100000001162560100,distributor,0.52,19,0.5729,"веерная рассылка: 12 получателей, отправил 2.9 млн; видимый вход 331 тыс, источник вне выгрузки; связан с 1 seed"
100000001164648100,peripheral,0.9,21,0.2873,"выраженных признаков нет: 2 вх./0 исх., оборот 14 тыс; связан с 1 seed"
100000001166289100,peripheral,0.6,1,0.3867,"выраженных признаков нет: 2 вх./1 исх., оборот 721 тыс; взаимные переводы с 1"
100000001169666100,peripheral,0.6,8,0.233,"выраженных признаков нет: 1 вх./1 исх., оборот 220 тыс"
100000001184915100,terminal,0.224,18,0.2414,"конечная точка в пределах выгрузки: получил 201 тыс от 1 плательщика, исходящих нет; доля seed-денег ~3%; вход в конце периода, мог переслать позже"
100000001194266100,peripheral,0.9,3,0.285,"выраженных признаков нет: 1 вх./0 исх., оборот 50 тыс; связан с 1 seed"
100000001202637100,peripheral,0.3,8,0.0342,"обрыв выгрузки на последнем колене: получил 10 тыс от 1 плательщика, исходящие неизвестны"
100000001202787100,peripheral,0.3,2,0.1376,"обрыв выгрузки на последнем колене: получил 15 тыс от 2 плательщиков, исходящие неизвестны"
100000001220124100,peripheral,0.3,6,0.1291,"обрыв выгрузки на последнем колене: получил 40 тыс от 1 плательщика, исходящие неизвестны"
100000001222245100,peripheral,0.3,5,0.1878,"обрыв выгрузки на последнем колене: получил 420 тыс от 1 плательщика, исходящие неизвестны"
100000001222263100,peripheral,0.6,5,0.2846,"выраженных признаков нет: 1 вх./1 исх., оборот 746 тыс"
100000001223977100,peripheral,0.9,60,0.1926,"выраженных признаков нет: 1 вх./1 исх., оборот 18 тыс"
100000001227106100,terminal,0.313,5,0.1947,"конечная точка в пределах выгрузки: получил 165 тыс от 1 плательщика, исходящих нет; доля seed-денег ~0%"
100000001229743100,peripheral,0.9,2,0.121,"выраженных признаков нет: 1 вх./1 исх., оборот 9 тыс"
100000001232297100,peripheral,0.6,12,0.3055,"выраженных признаков нет: 1 вх./2 исх., оборот 45 тыс; участвует в круговых потоках (3+ участника)"
100000001236706100,peripheral,0.6,12,0.4194,"выраженных признаков нет: 3 вх./2 исх., оборот 143 тыс"
100000001241318100,peripheral,0.9,2,0.2247,"выраженных признаков нет: 1 вх./0 исх., оборот 53 тыс"
100000001246806100,peripheral,0.3,7,0.1358,"обрыв выгрузки на последнем колене: получил 130 тыс от 1 плательщика, исходящие неизвестны"
100000001248999100,peripheral,0.9,17,0.1018,"выраженных признаков нет: 1 вх./0 исх., оборот 23 тыс"
100000001249054100,peripheral,0.3,8,0.0684,"обрыв выгрузки на последнем колене: получил 17 тыс от 1 плательщика, исходящие неизвестны"
100000001250022100,peripheral,0.9,14,0.219,"выраженных признаков нет: 1 вх./0 исх., оборот 50 тыс"
100000001251686100,peripheral,0.9,3,0.1697,"выраженных признаков нет: 1 вх./0 исх., оборот 18 тыс"
100000001252290100,peripheral,0.6,5,0.2237,"выраженных признаков нет: 1 вх./1 исх., оборот 141 тыс"
100000001253557100,consolidator,0.6,13,0.5585,"признаки консолидации: 5 плательщиков (из них seed: 1), получил 210 тыс; отдал дальше 0%; связан с 1 seed"
100000001256409100,peripheral,0.3,23,0.0424,"обрыв выгрузки на последнем колене: получил 8 тыс от 1 плательщика, исходящие неизвестны"
100000001262647100,peripheral,0.9,18,0.1825,"выраженных признаков нет: 1 вх./0 исх., оборот 24 тыс"
100000001270349100,terminal,0.32,32,0.2521,"конечная точка в пределах выгрузки: получил 200 тыс от 1 плательщика, исходящих нет; доля seed-денег ~2%"
100000001270470100,peripheral,0.3,2,0.0952,"обрыв выгрузки на последнем колене: получил 28 тыс от 1 плательщика, исходящие неизвестны"
100000001273783100,peripheral,0.9,29,0.1502,"выраженных признаков нет: 1 вх./0 исх., оборот 23 тыс"
100000001275557100,peripheral,0.3,26,0.1176,"обрыв выгрузки на последнем колене: получил 20 тыс от 1 плательщика, исходящие неизвестны"
100000001275752100,terminal,0.217,7,0.1758,"конечная точка в пределах выгрузки: получил 152 тыс от 1 плательщика, исходящих нет; доля seed-денег ~0%; вход в конце периода, мог переслать позже"
100000001276409100,peripheral,0.3,8,0.1426,"обрыв выгрузки на последнем колене: получил 95 тыс от 1 плательщика, исходящие неизвестны"
100000001279272100,peripheral,0.6,2,0.3389,"выраженных признаков нет: 1 вх./2 исх., оборот 250 тыс; участвует в круговых потоках (3+ участника)"
100000001279875100,peripheral,0.9,11,0.1746,"выраженных признаков нет: 1 вх./0 исх., оборот 49 тыс"
100000001280798100,peripheral,0.9,8,0.1266,"выраженных признаков нет: 1 вх./0 исх., оборот 24 тыс"
100000001282143100,consolidator,0.525,11,0.46,"признаки консолидации: 5 плательщиков, получил 1.7 млн; отдал дальше 0%; до 4 плательщиков в день; связь с seed-деньгами слабая, возможна легальная активность"
100000001285440100,terminal,0.23,24,0.3006,"конечная точка в пределах выгрузки: получил 243 тыс от 2 плательщиков, исходящих нет; доля seed-денег ~0%; вход в конце периода, мог переслать позже"
100000001286703100,peripheral,0.3,46,0.0444,"обрыв выгрузки на последнем колене: получил 20 тыс от 1 плательщика, исходящие неизвестны"
100000001287955100,peripheral,0.6,11,0.2828,"выраженных признаков нет: 1 вх./4 исх., оборот 310 тыс"
100000001290243100,peripheral,0.9,4,0.1763,"выраженных признаков нет: 1 вх./0 исх., оборот 10 тыс"
100000001297206100,peripheral,0.3,2,0.0506,"обрыв выгрузки на последнем колене: получил 7 тыс от 1 плательщика, исходящие неизвестны"
100000001298099100,peripheral,0.9,8,0.1153,"выраженных признаков нет: 1 вх./0 исх., оборот 19 тыс"
100000001299323100,peripheral,0.3,7,0.1215,"обрыв выгрузки на последнем колене: получил 109 тыс от 1 плательщика, исходящие неизвестны"
100000001299443100,peripheral,0.3,21,0.0228,"обрыв выгрузки на последнем колене: получил 8 тыс от 1 плательщика, исходящие неизвестны"
100000001299828100,peripheral,0.3,2,0.1615,"обрыв выгрузки на последнем колене: получил 100 тыс от 1 плательщика, исходящие неизвестны"
100000001303311100,consolidator,0.525,24,0.4819,"признаки консолидации: 5 плательщиков, получил 1.3 млн; отдал дальше 0%; до 4 плательщиков в день; связь с seed-деньгами слабая, возможна легальная активность"
100000001307612100,peripheral,0.9,1,0.2727,"выраженных признаков нет: 1 вх./0 исх., оборот 38 тыс; связан с 1 seed"
100000001308856100,peripheral,0.9,1,0.1524,"выраженных признаков нет: 1 вх./0 исх., оборот 27 тыс"
100000001311175100,peripheral,0.3,11,0.1442,"обрыв выгрузки на последнем колене: получил 300 тыс от 1 плательщика, исходящие неизвестны"
100000001317336100,peripheral,0.6,37,0.2971,"выраженных признаков нет: 1 вх./2 исх., оборот 1.8 млн"
100000001325618100,peripheral,0.3,21,0.0245,"обрыв выгрузки на последнем колене: получил 9 тыс от 1 плательщика, исходящие неизвестны"
100000001329153100,terminal,0.31,2,0.1829,"конечная точка в пределах выгрузки: получил 151 тыс от 1 плательщика, исходящих нет; доля seed-денег ~0%"
100000001330595100,peripheral,0.6,28,0.3474,"выраженных признаков нет: 3 вх./1 исх., оборот 154 тыс"
100000001330685100,peripheral,0.6,5,0.5014,"выраженных признаков нет: 3 вх./1 исх., оборот 2.4 млн; связан с 1 seed"
100000001339466100,peripheral,0.9,3,0.1891,"выраженных признаков нет: 1 вх./0 исх., оборот 30 тыс"
100000001346560100,peripheral,0.6,3,0.3219,"выраженных признаков нет: 2 вх./1 исх., оборот 22 тыс"
100000001362940100,peripheral,0.9,3,0.3041,"выраженных признаков нет: 1 вх./0 исх., оборот 81 тыс; связан с 1 seed"
100000001363952100,peripheral,0.6,6,0.4558,"выраженных признаков нет: 2 вх./1 исх., оборот 197 тыс; связан с 1 seed"
100000001373265100,peripheral,0.6,6,0.2602,"выраженных признаков нет: 1 вх./1 исх., оборот 142 тыс"
100000001378288100,peripheral,0.3,6,0.1575,"обрыв выгрузки на последнем колене: получил 268 тыс от 1 плательщика, исходящие неизвестны"
100000001379511100,peripheral,0.9,13,0.1491,"выраженных признаков нет: 1 вх./0 исх., оборот 55 тыс"
100000001380054100,peripheral,0.6,34,0.4947,"выраженных признаков нет: 2 вх./3 исх., оборот 360 тыс; связан с 1 seed; взаимные переводы с 2"
100000001380107100,peripheral,0.9,66,0.0862,"выраженных признаков нет: 1 вх./0 исх., оборот 6 тыс"
100000001380986100,peripheral,0.9,19,0.2199,"выраженных признаков нет: 1 вх./0 исх., оборот 70 тыс"
100000001382002100,peripheral,0.9,2,0.3279,"выраженных признаков нет: 1 вх./1 исх., оборот 56 тыс; взаимные переводы с 1"
100000001384826100,peripheral,0.6,5,0.2631,"выраженных признаков нет: 1 вх./1 исх., оборот 364 тыс"
100000001386612100,peripheral,0.9,22,0.2388,"выраженных признаков нет: 1 вх./0 исх., оборот 62 тыс"
100000001389255100,peripheral,0.9,1,0.2308,"выраженных признаков нет: 1 вх./0 исх., оборот 16 тыс; связан с 1 seed"
100000001411870100,terminal,0.967,14,0.5751,"конечная точка в пределах выгрузки: получил 900 тыс от 2 плательщиков, исходящих нет; доля seed-денег ~87%; связан с 1 seed"
100000001415126100,peripheral,0.9,22,0.1589,"[seed] выраженных признаков нет: 1 вх./0 исх., оборот 27 тыс"
100000001418900100,peripheral,0.9,1,0.1691,"выраженных признаков нет: 1 вх./0 исх., оборот 40 тыс"
100000001420847100,peripheral,0.9,20,0.1645,"выраженных признаков нет: 1 вх./0 исх., оборот 20 тыс"
100000001427082100,peripheral,0.6,25,0.2854,"выраженных признаков нет: 1 вх./5 исх., оборот 125 тыс"
100000001429930100,peripheral,0.9,12,0.1126,"[seed] выраженных признаков нет: 1 вх./0 исх., оборот 26 тыс"
100000001439416100,peripheral,0.6,38,0.2462,"выраженных признаков нет: 1 вх./2 исх., оборот 165 тыс; взаимные переводы с 1"
100000001445848100,peripheral,0.6,42,0.2923,"выраженных признаков нет: 1 вх./1 исх., оборот 546 тыс; взаимные переводы с 1"
100000001463701100,terminal,0.74,16,0.5275,"конечная точка в пределах выгрузки: получил 621 тыс от 2 плательщиков, исходящих нет; доля seed-денег ~40%; связан с 1 seed"
100000001471706100,peripheral,0.3,22,0.1832,"обрыв выгрузки на последнем колене: получил 377 тыс от 1 плательщика, исходящие неизвестны"
100000001477796100,terminal,0.509,3,0.3867,"конечная точка в пределах выгрузки: получил 182 тыс от 1 плательщика, исходящих нет; доля seed-денег ~100%; вход в конце периода, мог переслать позже; связан с 1 seed"
100000001484381100,peripheral,0.9,8,0.2538,"выраженных признаков нет: 2 вх./0 исх., оборот 96 тыс"
100000001490461100,peripheral,0.9,8,0.2259,"выраженных признаков нет: 1 вх./1 исх., оборот 20 тыс"
100000001498732100,peripheral,0.3,61,0.0199,"обрыв выгрузки на последнем колене: получил 6 тыс от 1 плательщика, исходящие неизвестны"
100000001524952100,terminal,0.701,2,0.4053,"конечная точка в пределах выгрузки: получил 104 тыс от 1 плательщика, исходящих нет; доля seed-денег ~100%; связан с 1 seed"
100000001526235100,peripheral,0.6,30,0.4286,"выраженных признаков нет: 3 вх./8 исх., оборот 433 тыс; взаимные переводы с 3"
100000001527186100,terminal,0.893,3,0.4808,"конечная точка в пределах выгрузки: получил 678 тыс от 1 плательщика, исходящих нет; доля seed-денег ~100%; связан с 1 seed"
100000001530709100,peripheral,0.9,2,0.1201,"выраженных признаков нет: 1 вх./0 исх., оборот 54 тыс"
100000001530740100,peripheral,0.9,4,0.1909,"выраженных признаков нет: 1 вх./0 исх., оборот 15 тыс"
100000001530983100,distributor,0.51,4,0.6968,"веерная рассылка: 11 получателей, отправил 1.8 млн; видимый вход 564 тыс, источник вне выгрузки; связан с 2 seed"
100000001533161100,peripheral,0.3,54,0.0941,"обрыв выгрузки на последнем колене: получил 100 тыс от 1 плательщика, исходящие неизвестны"
100000001534244100,peripheral,0.6,7,0.3245,"выраженных признаков нет: 2 вх./1 исх., оборот 366 тыс"
100000001537524100,peripheral,0.3,11,0.0854,"обрыв выгрузки на последнем колене: получил 150 тыс от 1 плательщика, исходящие неизвестны"
100000001538095100,terminal,0.235,11,0.2956,"конечная точка в пределах выгрузки: получил 280 тыс от 2 плательщиков, исходящих нет; доля seed-денег ~0%; вход в конце периода, мог переслать позже"
100000001541418100,peripheral,0.9,19,0.2982,"выраженных признаков нет: 2 вх./0 исх., оборот 97 тыс"
100000001549194100,peripheral,0.9,15,0.1163,"выраженных признаков нет: 1 вх./0 исх., оборот 46 тыс"
100000001550388100,peripheral,0.9,2,0.285,"выраженных признаков нет: 1 вх./0 исх., оборот 50 тыс; связан с 1 seed"
100000001550419100,peripheral,0.9,15,0.0883,"выраженных признаков нет: 1 вх./0 исх., оборот 23 тыс"
100000001554432100,peripheral,0.9,3,0.2905,"выраженных признаков нет: 1 вх./0 исх., оборот 54 тыс; связан с 1 seed"
100000001557930100,peripheral,0.9,14,0.2036,"выраженных признаков нет: 1 вх./0 исх., оборот 35 тыс"
100000001567366100,terminal,0.941,4,0.492,"конечная точка в пределах выгрузки: получил 824 тыс от 1 плательщика, исходящих нет; доля seed-денег ~100%; связан с 1 seed"
100000001578517100,peripheral,0.9,4,0.1949,"выраженных признаков нет: 1 вх./0 исх., оборот 30 тыс"
100000001584286100,terminal,0.428,11,0.3313,"конечная точка в пределах выгрузки: получил 739 тыс от 2 плательщиков, исходящих нет; доля seed-денег ~0%"
100000001590795100,peripheral,0.3,21,0.019,"обрыв выгрузки на последнем колене: получил 5 тыс от 1 плательщика, исходящие неизвестны"
100000001597424100,peripheral,0.9,15,0.1183,"выраженных признаков нет: 1 вх./0 исх., оборот 48 тыс"
100000001597505100,peripheral,0.9,39,0.255,"выраженных признаков нет: 1 вх./1 исх., оборот 26 тыс"
100000001598625100,peripheral,0.3,6,0.1037,"обрыв выгрузки на последнем колене: получил 25 тыс от 1 плательщика, исходящие неизвестны"
100000001600934100,peripheral,0.6,6,0.3032,"выраженных признаков нет: 1 вх./1 исх., оборот 180 тыс; взаимные переводы с 1"
100000001601320100,peripheral,0.6,9,0.366,"выраженных признаков нет: 2 вх./1 исх., оборот 46 тыс"
100000001609499100,peripheral,0.6,2,0.5407,"выраженных признаков нет: 3 вх./2 исх., оборот 263 тыс; связан с 1 seed; участвует в круговых потоках (3+ участника)"
100000001611488100,terminal,0.305,5,0.3561,"конечная точка в пределах выгрузки: получил 779 тыс от 2 плательщиков, исходящих нет; доля seed-денег ~1%; вход в конце периода, мог переслать позже"
100000001616816100,peripheral,0.6,14,0.3884,"[seed] выраженных признаков нет: 5 вх./3 исх., оборот 181 тыс; взаимные переводы с 2"
100000001632325100,peripheral,0.9,1,0.1328,"выраженных признаков нет: 1 вх./0 исх., оборот 86 тыс"
100000001633685100,peripheral,0.6,2,0.2574,"выраженных признаков нет: 3 вх./0 исх., оборот 45 тыс"
100000001637376100,peripheral,0.6,5,0.2284,"выраженных признаков нет: 1 вх./1 исх., оборот 234 тыс"
100000001639766100,peripheral,0.9,14,0.1788,"выраженных признаков нет: 1 вх./0 исх., оборот 20 тыс"
100000001641789100,peripheral,0.9,14,0.2351,"выраженных признаков нет: 1 вх./0 исх., оборот 18 тыс; связан с 1 seed"
100000001641951100,peripheral,0.9,3,0.2051,"выраженных признаков нет: 1 вх./0 исх., оборот 25 тыс"
100000001648936100,peripheral,0.9,14,0.2463,"выраженных признаков нет: 1 вх./0 исх., оборот 93 тыс"
100000001650895100,peripheral,0.6,8,0.2182,"выраженных признаков нет: 1 вх./1 исх., оборот 154 тыс"
100000001660397100,peripheral,0.6,2,0.469,"выраженных признаков нет: 2 вх./3 исх., оборот 49 тыс; связан с 1 seed; участвует в круговых потоках (3+ участника)"
100000001669260100,peripheral,0.3,23,0.2044,"обрыв выгрузки на последнем колене: получил 500 тыс от 1 плательщика, исходящие неизвестны"
100000001674850100,terminal,0.327,13,0.2554,"конечная точка в пределах выгрузки: получил 237 тыс от 2 плательщиков, исходящих нет; доля seed-денег ~0%"
100000001677389100,peripheral,0.9,17,0.1625,"выраженных признаков нет: 1 вх./1 исх., оборот 11 тыс"
100000001677929100,peripheral,0.6,9,0.4534,"выраженных признаков нет: 3 вх./2 исх., оборот 286 тыс; взаимные переводы с 2"
100000001680944100,terminal,0.251,24,0.2435,"конечная точка в пределах выгрузки: получил 393 тыс от 1 плательщика, исходящих нет; доля seed-денег ~1%; вход в конце периода, мог переслать позже"
100000001684867100,peripheral,0.9,4,0.2634,"выраженных признаков нет: 1 вх./0 исх., оборот 31 тыс; связан с 1 seed"
100000001686328100,terminal,0.216,7,0.2041,"конечная точка в пределах выгрузки: получил 140 тыс от 1 плательщика, исходящих нет; доля seed-денег ~1%; вход в конце периода, мог переслать позже"
100000001688676100,terminal,0.307,20,0.2232,"конечная точка в пределах выгрузки: получил 134 тыс от 1 плательщика, исходящих нет; доля seed-денег ~1%"
100000001689968100,terminal,0.349,5,0.3293,"конечная точка в пределах выгрузки: получил 344 тыс от 3 плательщиков, исходящих нет; доля seed-денег ~0%"
100000001690439100,peripheral,0.9,47,0.0977,"выраженных признаков нет: 1 вх./0 исх., оборот 14 тыс"
100000001690558100,terminal,0.428,20,0.295,"конечная точка в пределах выгрузки: получил 740 тыс от 1 плательщика, исходящих нет; доля seed-денег ~1%"
100000001696818100,peripheral,0.9,3,0.2902,"выраженных признаков нет: 1 вх./0 исх., оборот 54 тыс; связан с 1 seed"
100000001697501100,distributor,0.78,1,0.6975,"веерная рассылка: 38 получателей, отправил 1.5 млн; видимый вход 124 тыс, источник вне выгрузки; связан с 1 seed; взаимные переводы с 3"
100000001703168100,peripheral,0.9,3,0.2543,"выраженных признаков нет: 1 вх./1 исх., оборот 90 тыс"
100000001714173100,terminal,0.408,24,0.31,"конечная точка в пределах выгрузки: получил 639 тыс от 1 плательщика, исходящих нет; доля seed-денег ~2%"
100000001714413100,terminal,0.33,5,0.2159,"конечная точка в пределах выгрузки: получил 250 тыс от 1 плательщика, исходящих нет; доля seed-денег ~0%"
100000001714883100,peripheral,0.3,21,0.0218,"обрыв выгрузки на последнем колене: получил 7 тыс от 1 плательщика, исходящие неизвестны"
100000001716579100,peripheral,0.9,1,0.2237,"выраженных признаков нет: 1 вх./0 исх., оборот 14 тыс; связан с 1 seed"
100000001724740100,peripheral,0.3,7,0.1561,"обрыв выгрузки на последнем колене: получил 185 тыс от 1 плательщика, исходящие неизвестны"
100000001726614100,terminal,0.308,2,0.2176,"конечная точка в пределах выгрузки: получил 139 тыс от 1 плательщика, исходящих нет; доля seed-денег ~0%"
100000001732159100,transit,0.7,48,0.6453,"[seed] признаки транзита: получил 2.4 млн, отправил 1.5 млн; 91% отправлено в течение 2 дней после входа; связан ещё с 2 seed; участвует в круговых потоках (3+ участника); доля seed-денег ~100%"
100000001733216100,peripheral,0.3,76,0.0792,"обрыв выгрузки на последнем колене: получил 60 тыс от 1 плательщика, исходящие неизвестны"
100000001733687100,terminal,0.238,7,0.2058,"конечная точка в пределах выгрузки: получил 300 тыс от 1 плательщика, исходящих нет; доля seed-денег ~0%; вход в конце периода, мог переслать позже"
100000001737722100,peripheral,0.9,3,0.2176,"выраженных признаков нет: 1 вх./0 исх., оборот 60 тыс"
100000001740277100,peripheral,0.9,9,0.2211,"выраженных признаков нет: 1 вх./1 исх., оборот 9 тыс; взаимные переводы с 1"
100000001745217100,peripheral,0.9,2,0.1518,"выраженных признаков нет: 1 вх./0 исх., оборот 50 тыс"
100000001746925100,peripheral,0.9,3,0.3661,"выраженных признаков нет: 1 вх./1 исх., оборот 65 тыс; связан с 1 seed"
100000001782980100,peripheral,0.6,34,0.33,"выраженных признаков нет: 1 вх./1 исх., оборот 596 тыс"
100000001784279100,peripheral,0.9,2,0.136,"выраженных признаков нет: 1 вх./0 исх., оборот 36 тыс"
100000001785161100,peripheral,0.9,35,0.1837,"выраженных признаков нет: 2 вх./0 исх., оборот 30 тыс"
100000001788284100,peripheral,0.6,30,0.26,"выраженных признаков нет: 1 вх./5 исх., оборот 297 тыс; взаимные переводы с 1"
100000001805543100,peripheral,0.9,4,0.2939,"выраженных признаков нет: 1 вх./0 исх., оборот 59 тыс; связан с 1 seed"
100000001808684100,peripheral,0.9,14,0.2862,"выраженных признаков нет: 1 вх./1 исх., оборот 48 тыс; взаимные переводы с 1"
100000001816678100,peripheral,0.3,3,0.0854,"обрыв выгрузки на последнем колене: получил 60 тыс от 1 плательщика, исходящие неизвестны"
100000001818442100,peripheral,0.9,8,0.1545,"выраженных признаков нет: 1 вх./0 исх., оборот 42 тыс"
100000001819396100,terminal,0.313,31,0.1683,"конечная точка в пределах выгрузки: получил 166 тыс от 1 плательщика, исходящих нет; доля seed-денег ~0%"
100000001822623100,terminal,0.32,26,0.2604,"конечная точка в пределах выгрузки: получил 201 тыс от 1 плательщика, исходящих нет; доля seed-денег ~3%"
100000001822650100,peripheral,0.3,7,0.0989,"обрыв выгрузки на последнем колене: получил 112 тыс от 1 плательщика, исходящие неизвестны"
100000001825934100,peripheral,0.9,44,0.2998,"выраженных признаков нет: 1 вх./1 исх., оборот 97 тыс"
100000001831496100,peripheral,0.6,16,0.2073,"выраженных признаков нет: 1 вх./1 исх., оборот 373 тыс"
100000001835625100,peripheral,0.9,5,0.1374,"выраженных признаков нет: 1 вх./0 исх., оборот 75 тыс"
100000001837130100,terminal,0.315,2,0.227,"конечная точка в пределах выгрузки: получил 173 тыс от 1 плательщика, исходящих нет; доля seed-денег ~0%"
100000001845505100,peripheral,0.3,6,0.0994,"обрыв выгрузки на последнем колене: получил 20 тыс от 1 плательщика, исходящие неизвестны"
100000001848426100,peripheral,0.9,14,0.2475,"выраженных признаков нет: 1 вх./0 исх., оборот 96 тыс"
100000001851289100,terminal,0.703,4,0.4072,"конечная точка в пределах выгрузки: получил 110 тыс от 1 плательщика, исходящих нет; доля seed-денег ~100%; связан с 1 seed"
100000001852140100,peripheral,0.9,70,0.1804,"выраженных признаков нет: 1 вх./0 исх., оборот 30 тыс"
100000001853812100,peripheral,0.9,6,0.1744,"выраженных признаков нет: 1 вх./0 исх., оборот 70 тыс"
100000001857829100,distributor,0.42,6,0.5853,"веерная рассылка: 16 получателей, отправил 2.4 млн; видимый вход 889 тыс, источник вне выгрузки; участвует в круговых потоках (3+ участника)"
100000001860090100,peripheral,0.9,14,0.1206,"выраженных признаков нет: 1 вх./0 исх., оборот 5 тыс"
100000001870116100,peripheral,0.9,1,0.2501,"выраженных признаков нет: 1 вх./0 исх., оборот 24 тыс; связан с 1 seed"
100000001872484100,peripheral,0.6,67,0.4883,"выраженных признаков нет: 1 вх./3 исх., оборот 871 тыс; связан с 1 seed; участвует в круговых потоках (3+ участника)"
100000001875167100,terminal,0.48,5,0.2852,"конечная точка в пределах выгрузки: получил 1.0 млн от 1 плательщика, исходящих нет; доля seed-денег ~0%"
100000001875239100,terminal,0.422,7,0.3556,"конечная точка в пределах выгрузки: получил 712 тыс от 3 плательщиков, исходящих нет; доля seed-денег ~0%"
100000001884825100,terminal,0.379,7,0.3303,"конечная точка в пределах выгрузки: получил 495 тыс от 3 плательщиков, исходящих нет; доля seed-денег ~0%"
100000001887715100,peripheral,0.6,24,0.3328,"выраженных признаков нет: 3 вх./1 исх., оборот 1.3 млн"
100000001893287100,peripheral,0.6,14,0.2688,"выраженных признаков нет: 1 вх./1 исх., оборот 153 тыс; взаимные переводы с 1"
100000001899164100,peripheral,0.6,10,0.4776,"выраженных признаков нет: 4 вх./3 исх., оборот 292 тыс; связан с 1 seed; взаимные переводы с 2"
100000001904863100,terminal,0.266,15,0.2801,"конечная точка в пределах выгрузки: получил 500 тыс от 1 плательщика, исходящих нет; доля seed-денег ~3%; вход в конце периода, мог переслать позже"
100000001924185100,terminal,0.717,16,0.5301,"конечная точка в пределах выгрузки: получил 151 тыс от 2 плательщиков, исходящих нет; доля seed-денег ~100%; связан с 2 seed"
100000001927599100,terminal,0.318,8,0.3002,"конечная точка в пределах выгрузки: получил 188 тыс от 2 плательщиков, исходящих нет; доля seed-денег ~0%"
100000001929088100,terminal,0.559,9,0.5259,"конечная точка в пределах выгрузки: получил 396 тыс от 2 плательщиков, исходящих нет; доля seed-денег ~100%; вход в конце периода, мог переслать позже; связан с 2 seed"
100000001934935100,terminal,0.304,2,0.171,"конечная точка в пределах выгрузки: получил 119 тыс от 1 плательщика, исходящих нет; доля seed-денег ~0%"
100000001937767100,peripheral,0.6,15,0.4222,"выраженных признаков нет: 1 вх./4 исх., оборот 1.9 млн; связан с 1 seed; взаимные переводы с 1"
100000001952325100,peripheral,0.9,1,0.3032,"выраженных признаков нет: 1 вх./0 исх., оборот 78 тыс; связан с 1 seed"
100000001953577100,peripheral,0.9,1,0.2293,"выраженных признаков нет: 1 вх./0 исх., оборот 16 тыс; связан с 1 seed"
100000001954534100,peripheral,0.9,2,0.2476,"выраженных признаков нет: 1 вх./1 исх., оборот 40 тыс"
100000001954903100,peripheral,0.9,29,0.1586,"выраженных признаков нет: 1 вх./0 исх., оборот 27 тыс"
100000001957974100,peripheral,0.3,15,0.1412,"обрыв выгрузки на последнем колене: получил 500 тыс от 1 плательщика, исходящие неизвестны"
100000001960517100,terminal,0.733,14,0.4284,"конечная точка в пределах выгрузки: получил 200 тыс от 1 плательщика, исходящих нет; доля seed-денег ~100%; связан с 1 seed"
100000001961048100,terminal,0.31,35,0.1983,"конечная точка в пределах выгрузки: получил 150 тыс от 1 плательщика, исходящих нет; доля seed-денег ~0%"
100000001965374100,peripheral,0.6,27,0.4736,"выраженных признаков нет: 2 вх./3 исх., оборот 3.1 млн; взаимные переводы с 1"
100000001969496100,peripheral,0.9,15,0.088,"выраженных признаков нет: 1 вх./0 исх., оборот 23 тыс"
100000001985793100,terminal,0.364,32,0.3171,"конечная точка в пределах выгрузки: получил 420 тыс от 1 плательщика, исходящих нет; доля seed-денег ~9%"
100000001987030100,peripheral,0.6,18,0.3709,"выраженных признаков нет: 2 вх./1 исх., оборот 31 тыс; связан с 1 seed"
100000001991973100,peripheral,0.3,21,0.043,"обрыв выгрузки на последнем колене: получил 21 тыс от 1 плательщика, исходящие неизвестны"
100000002015633100,peripheral,0.9,5,0.148,"выраженных признаков нет: 1 вх./0 исх., оборот 95 тыс"
100000002028158100,peripheral,0.9,18,0.1711,"выраженных признаков нет: 1 вх./0 исх., оборот 35 тыс"
100000002032323100,peripheral,0.6,13,0.2894,"выраженных признаков нет: 1 вх./1 исх., оборот 1.1 млн"
100000002087788100,terminal,0.3,5,0.2422,"конечная точка в пределах выгрузки: получил 100 тыс от 1 плательщика, исходящих нет; доля seed-денег ~6%"
100000002095257100,peripheral,0.9,10,0.109,"выраженных признаков нет: 1 вх./0 исх., оборот 8 тыс"
100000002103448100,peripheral,0.9,1,0.0896,"выраженных признаков нет: 1 вх./0 исх., оборот 27 тыс"
100000002109656100,terminal,0.38,11,0.2198,"конечная точка в пределах выгрузки: получил 500 тыс от 1 плательщика, исходящих нет; доля seed-денег ~0%"
100000002116705100,peripheral,0.9,1,0.0716,"выраженных признаков нет: 1 вх./0 исх., оборот 18 тыс"
100000002119762100,peripheral,0.3,5,0.1044,"обрыв выгрузки на последнем колене: получил 77 тыс от 1 плательщика, исходящие неизвестны"
100000002121357100,peripheral,0.6,13,0.2987,"выраженных признаков нет: 2 вх./1 исх., оборот 255 тыс"
100000002126791100,peripheral,0.3,7,0.2123,"обрыв выгрузки на последнем колене: получил 1.3 млн от 1 плательщика, исходящие неизвестны"
100000002130400100,peripheral,0.3,44,0.1151,"обрыв выгрузки на последнем колене: получил 10 тыс от 1 плательщика, исходящие неизвестны"
100000002132479100,peripheral,0.9,15,0.2755,"выраженных признаков нет: 1 вх./1 исх., оборот 30 тыс; взаимные переводы с 1"
100000002152857100,peripheral,0.6,32,0.4315,"выраженных признаков нет: 1 вх./5 исх., оборот 1.2 млн; связан с 1 seed"
100000002156381100,peripheral,0.6,40,0.3376,"выраженных признаков нет: 2 вх./1 исх., оборот 61 тыс; взаимные переводы с 1"
100000002158488100,peripheral,0.9,1,0.2647,"выраженных признаков нет: 1 вх./0 исх., оборот 32 тыс; связан с 1 seed"
100000002170580100,terminal,0.31,29,0.2445,"конечная точка в пределах выгрузки: получил 150 тыс от 1 плательщика, исходящих нет; доля seed-денег ~2%"
100000002173070100,peripheral,0.9,4,0.1949,"выраженных признаков нет: 1 вх./0 исх., оборот 30 тыс"
100000002173161100,terminal,0.937,4,0.5839,"конечная точка в пределах выгрузки: получил 1.4 млн от 3 плательщиков, исходящих нет; доля seed-денег ~61%; связан с 1 seed"
100000002175422100,peripheral,0.6,37,0.4367,"выраженных признаков нет: 3 вх./6 исх., оборот 1.6 млн; взаимные переводы с 3"
100000002182176100,peripheral,0.9,2,0.2766,"выраженных признаков нет: 1 вх./0 исх., оборот 42 тыс; связан с 1 seed"
100000002184107100,peripheral,0.9,42,0.0647,"выраженных признаков нет: 1 вх./0 исх., оборот 6 тыс"
100000002185328100,peripheral,0.6,25,0.27,"выраженных признаков нет: 1 вх./4 исх., оборот 55 тыс"
100000002188586100,peripheral,0.3,8,0.1006,"обрыв выгрузки на последнем колене: получил 38 тыс от 1 плательщика, исходящие неизвестны"
100000002188829100,terminal,0.8,3,0.4567,"конечная точка в пределах выгрузки: получил 400 тыс от 1 плательщика, исходящих нет; доля seed-денег ~100%; связан с 1 seed"
100000002193259100,peripheral,0.6,10,0.3476,"выраженных признаков нет: 2 вх./3 исх., оборот 58 тыс; взаимные переводы с 2"
100000002194320100,peripheral,0.3,69,0.1714,"обрыв выгрузки на последнем колене: получил 275 тыс от 1 плательщика, исходящие неизвестны"
100000002194329100,peripheral,0.9,2,0.0899,"выраженных признаков нет: 1 вх./0 исх., оборот 25 тыс"
100000002199091100,peripheral,0.9,1,0.1892,"выраженных признаков нет: 1 вх./0 исх., оборот 65 тыс"
100000002205022100,peripheral,0.6,66,0.3322,"выраженных признаков нет: 1 вх./3 исх., оборот 518 тыс"
100000002208836100,peripheral,0.3,5,0.1226,"обрыв выгрузки на последнем колене: получил 90 тыс от 1 плательщика, исходящие неизвестны"
100000002211413100,peripheral,0.9,1,0.2711,"выраженных признаков нет: 1 вх./0 исх., оборот 37 тыс; связан с 1 seed"
100000002212494100,terminal,0.312,37,0.223,"конечная точка в пределах выгрузки: получил 160 тыс от 1 плательщика, исходящих нет; доля seed-денег ~0%"
100000002214207100,peripheral,0.3,44,0.2096,"обрыв выгрузки на последнем колене: получил 97 тыс от 1 плательщика, исходящие неизвестны"
100000002214301100,peripheral,0.9,2,0.314,"выраженных признаков нет: 1 вх./1 исх., оборот 21 тыс; связан с 1 seed"
100000002214383100,peripheral,0.3,1,0.1053,"обрыв выгрузки на последнем колене: получил 213 тыс от 1 плательщика, исходящие неизвестны"
100000002214570100,peripheral,0.9,1,0.2572,"выраженных признаков нет: 1 вх./0 исх., оборот 26 тыс; связан с 1 seed"
100000002214664100,peripheral,0.9,1,0.1686,"выраженных признаков нет: 1 вх./1 исх., оборот 77 тыс"
100000002216999100,peripheral,0.9,1,0.0823,"выраженных признаков нет: 1 вх./0 исх., оборот 24 тыс"
100000002217161100,transit,0.556,42,0.5258,"признаки транзита: получил 405 тыс, отправил 995 тыс; 95% отправлено в течение 2 дней после входа; взаимные переводы с 1; связь с seed-деньгами слабая, возможна легальная активность"
100000002217806100,peripheral,0.3,45,0.1584,"обрыв выгрузки на последнем колене: получил 55 тыс от 1 плательщика, исходящие неизвестны"
100000002224132100,transit,0.361,27,0.6203,"признаки транзита: получил 4.0 млн, отправил 12.1 млн; 73% отправлено в течение 2 дней после входа; участвует в круговых потоках (3+ участника)"
100000002227960100,peripheral,0.3,25,0.0815,"обрыв выгрузки на последнем колене: получил 10 тыс от 1 плательщика, исходящие неизвестны"
100000002227989100,peripheral,0.3,25,0.1214,"обрыв выгрузки на последнем колене: получил 20 тыс от 1 плательщика, исходящие неизвестны"
100000002229615100,peripheral,0.3,25,0.1467,"обрыв выгрузки на последнем колене: получил 25 тыс от 1 плательщика, исходящие неизвестны"
100000002231144100,peripheral,0.3,25,0.1085,"обрыв выгрузки на последнем колене: получил 15 тыс от 1 плательщика, исходящие неизвестны"
100000002232266100,peripheral,0.9,6,0.1534,"выраженных признаков нет: 1 вх./0 исх., оборот 45 тыс"
100000002236528100,peripheral,0.9,9,0.1505,"выраженных признаков нет: 1 вх./0 исх., оборот 66 тыс"
100000002241986100,peripheral,0.6,46,0.299,"выраженных признаков нет: 1 вх./6 исх., оборот 3.1 млн"
100000002242066100,peripheral,0.3,42,0.0923,"обрыв выгрузки на последнем колене: получил 60 тыс от 1 плательщика, исходящие неизвестны"
100000002242455100,peripheral,0.3,5,0.134,"обрыв выгрузки на последнем колене: получил 110 тыс от 1 плательщика, исходящие неизвестны"
100000002243354100,peripheral,0.9,1,0.2433,"выраженных признаков нет: 1 вх./0 исх., оборот 21 тыс; связан с 1 seed"
100000002255058100,terminal,0.378,3,0.279,"конечная точка в пределах выгрузки: получил 492 тыс от 1 плательщика, исходящих нет; доля seed-денег ~1%"
100000002257794100,terminal,0.311,28,0.2225,"конечная точка в пределах выгрузки: получил 154 тыс от 1 плательщика, исходящих нет; доля seed-денег ~0%"
100000002258492100,peripheral,0.3,22,0.1056,"обрыв выгрузки на последнем колене: получил 9 тыс от 1 плательщика, исходящие неизвестны"
100000002267998100,transit,0.368,26,0.5809,"признаки транзита: получил 420 тыс, отправил 1.1 млн; 74% отправлено в течение 2 дней после входа; участвует в круговых потоках (3+ участника)"
100000002284426100,peripheral,0.9,5,0.1444,"выраженных признаков нет: 1 вх./0 исх., оборот 90 тыс"
100000002289937100,peripheral,0.9,1,0.2392,"выраженных признаков нет: 1 вх./0 исх., оборот 20 тыс; связан с 1 seed"
100000002293421100,peripheral,0.6,2,0.4422,"выраженных признаков нет: 2 вх./2 исх., оборот 47 тыс; участвует в круговых потоках (3+ участника)"
100000002299948100,peripheral,0.9,39,0.1408,"выраженных признаков нет: 1 вх./0 исх., оборот 7 тыс"
100000002301828100,peripheral,0.9,17,0.1319,"выраженных признаков нет: 1 вх./0 исх., оборот 47 тыс"
100000002304943100,peripheral,0.3,25,0.0977,"обрыв выгрузки на последнем колене: получил 15 тыс от 1 плательщика, исходящие неизвестны"
100000002305007100,peripheral,0.9,1,0.1182,"выраженных признаков нет: 1 вх./0 исх., оборот 56 тыс"
100000002305477100,peripheral,0.3,25,0.1115,"обрыв выгрузки на последнем колене: получил 20 тыс от 1 плательщика, исходящие неизвестны"
100000002306369100,peripheral,0.6,3,0.4599,"выраженных признаков нет: 1 вх./6 исх., оборот 261 тыс; связан с 1 seed; участвует в круговых потоках (3+ участника)"
100000002308091100,terminal,0.317,11,0.2416,"конечная точка в пределах выгрузки: получил 187 тыс от 1 плательщика, исходящих нет; доля seed-денег ~1%"
100000002320495100,peripheral,0.3,17,0.0658,"обрыв выгрузки на последнем колене: получил 14 тыс от 1 плательщика, исходящие неизвестны"
100000002324543100,peripheral,0.9,19,0.263,"выраженных признаков нет: 1 вх./0 исх., оборот 30 тыс; связан с 1 seed"
100000002335358100,terminal,0.713,4,0.3816,"конечная точка в пределах выгрузки: получил 140 тыс от 1 плательщика, исходящих нет; доля seed-денег ~100%"
100000002340562100,peripheral,0.9,9,0.2375,"выраженных признаков нет: 1 вх./0 исх., оборот 37 тыс"
100000002343825100,peripheral,0.6,13,0.359,"выраженных признаков нет: 3 вх./2 исх., оборот 350 тыс"
100000002346166100,peripheral,0.9,1,0.0478,"выраженных признаков нет: 1 вх./0 исх., оборот 6 тыс"
100000002356167100,peripheral,0.6,5,0.2701,"выраженных признаков нет: 1 вх./2 исх., оборот 300 тыс"
100000002369443100,peripheral,0.9,1,0.1114,"выраженных признаков нет: 1 вх./0 исх., оборот 50 тыс"
100000002369454100,peripheral,0.3,6,0.1037,"обрыв выгрузки на последнем колене: получил 25 тыс от 1 плательщика, исходящие неизвестны"
100000002369510100,peripheral,0.9,1,0.1005,"выраженных признаков нет: 1 вх./0 исх., оборот 37 тыс"
100000002369874100,terminal,0.28,7,0.3381,"конечная точка в пределах выгрузки: получил 600 тыс от 4 плательщиков, исходящих нет; доля seed-денег ~0%; вход в конце периода, мог переслать позже"
100000002371751100,transit,0.8,75,0.5692,"признаки транзита: получил 200 тыс, отправил 250 тыс; 100% отправлено в течение 2 дней после входа; связан с 1 seed; доля seed-денег ~80%"
100000002371892100,peripheral,0.3,77,0.0972,"обрыв выгрузки на последнем колене: получил 44 тыс от 1 плательщика, исходящие неизвестны"
100000002373144100,peripheral,0.9,2,0.2167,"выраженных признаков нет: 1 вх./1 исх., оборот 46 тыс"
100000002373386100,peripheral,0.9,1,0.0828,"выраженных признаков нет: 1 вх./0 исх., оборот 24 тыс"
100000002380341100,peripheral,0.9,2,0.1212,"выраженных признаков нет: 1 вх./0 исх., оборот 58 тыс"
100000002391278100,peripheral,0.9,32,0.262,"выраженных признаков нет: 1 вх./1 исх., оборот 53 тыс; взаимные переводы с 1"
100000002394199100,peripheral,0.6,9,0.3489,"выраженных признаков нет: 1 вх./1 исх., оборот 277 тыс; взаимные переводы с 1"
100000002398779100,consolidator,0.694,2,0.6449,"признаки консолидации: 13 плательщиков, получил 1.1 млн; отдал дальше 6%; до 7 плательщиков в день; связь с seed-деньгами слабая, возможна легальная активность"
100000002404112100,peripheral,0.3,31,0.0889,"обрыв выгрузки на последнем колене: получил 60 тыс от 1 плательщика, исходящие неизвестны"
100000002432143100,peripheral,0.9,3,0.2301,"выраженных признаков нет: 1 вх./0 исх., оборот 81 тыс"
100000002433697100,transit,0.526,5,0.3278,"признаки транзита: получил 130 тыс, отправил 110 тыс (85%); 100% отправлено в течение 2 дней после входа; связь с seed-деньгами слабая, возможна легальная активность"
100000002435265100,terminal,0.307,2,0.1762,"конечная точка в пределах выгрузки: получил 133 тыс от 1 плательщика, исходящих нет; доля seed-денег ~0%"
100000002443664100,terminal,0.391,11,0.3844,"конечная точка в пределах выгрузки: получил 557 тыс от 3 плательщиков, исходящих нет; доля seed-денег ~2%"
100000002445750100,peripheral,0.9,2,0.3269,"выраженных признаков нет: 1 вх./1 исх., оборот 70 тыс"
100000002448088100,peripheral,0.6,25,0.3157,"выраженных признаков нет: 3 вх./1 исх., оборот 25 тыс"
100000002454724100,terminal,0.305,35,0.1896,"конечная точка в пределах выгрузки: получил 125 тыс от 1 плательщика, исходящих нет; доля seed-денег ~0%"
100000002457464100,peripheral,0.9,3,0.2209,"выраженных признаков нет: 1 вх./0 исх., оборот 67 тыс"
100000002459093100,peripheral,0.6,32,0.35,"выраженных признаков нет: 1 вх./1 исх., оборот 500 тыс"
100000002459163100,peripheral,0.9,67,0.2089,"выраженных признаков нет: 1 вх./0 исх., оборот 20 тыс"
100000002459164100,peripheral,0.9,2,0.1526,"выраженных признаков нет: 1 вх./0 исх., оборот 20 тыс"
100000002459240100,terminal,0.31,5,0.19,"конечная точка в пределах выгрузки: получил 150 тыс от 1 плательщика, исходящих нет; доля seed-денег ~0%"
100000002459832100,terminal,0.456,23,0.3645,"конечная точка в пределах выгрузки: получил 881 тыс от 2 плательщиков, исходящих нет; доля seed-денег ~0%"
100000002462183100,terminal,0.702,55,0.4064,"конечная точка в пределах выгрузки: получил 108 тыс от 1 плательщика, исходящих нет; доля seed-денег ~100%; связан с 1 seed"
100000002469065100,terminal,0.538,4,0.3393,"конечная точка в пределах выгрузки: получил 200 тыс от 1 плательщика, исходящих нет; доля seed-денег ~22%"
100000002472632100,peripheral,0.6,30,0.3867,"выраженных признаков нет: 2 вх./1 исх., оборот 502 тыс"
100000002474570100,peripheral,0.3,21,0.0216,"обрыв выгрузки на последнем колене: получил 7 тыс от 1 плательщика, исходящие неизвестны"
100000002475601100,terminal,0.326,23,0.2244,"конечная точка в пределах выгрузки: получил 232 тыс от 1 плательщика, исходящих нет; доля seed-денег ~0%"
100000002478829100,peripheral,0.3,25,0.126,"обрыв выгрузки на последнем колене: получил 34 тыс от 1 плательщика, исходящие неизвестны"
100000002479804100,peripheral,0.6,3,0.3531,"выраженных признаков нет: 1 вх./2 исх., оборот 46 тыс; связан с 1 seed"
100000002480800100,terminal,0.725,3,0.5232,"конечная точка в пределах выгрузки: получил 569 тыс от 2 плательщиков, исходящих нет; доля seed-денег ~41%; связан с 1 seed"
100000002481735100,peripheral,0.9,4,0.2106,"выраженных признаков нет: 1 вх./0 исх., оборот 22 тыс"
100000002481974100,peripheral,0.6,6,0.3366,"выраженных признаков нет: 2 вх./2 исх., оборот 318 тыс"
100000002487222100,peripheral,0.3,5,0.1097,"обрыв выгрузки на последнем колене: получил 90 тыс от 1 плательщика, исходящие неизвестны"
100000002488629100,peripheral,0.9,14,0.2355,"выраженных признаков нет: 1 вх./0 исх., оборот 73 тыс"
100000002489253100,peripheral,0.9,4,0.1878,"выраженных признаков нет: 1 вх./0 исх., оборот 51 тыс"
100000002492277100,terminal,0.215,3,0.2179,"конечная точка в пределах выгрузки: получил 138 тыс от 1 плательщика, исходящих нет; доля seed-денег ~1%; вход в конце периода, мог переслать позже"
100000002505277100,peripheral,0.3,76,0.0792,"обрыв выгрузки на последнем колене: получил 60 тыс от 1 плательщика, исходящие неизвестны"
100000002506987100,peripheral,0.3,8,0.0895,"обрыв выгрузки на последнем колене: получил 28 тыс от 1 плательщика, исходящие неизвестны"
100000002508637100,peripheral,0.6,23,0.2687,"выраженных признаков нет: 1 вх./1 исх., оборот 306 тыс"
100000002509598100,terminal,0.341,11,0.1944,"конечная точка в пределах выгрузки: получил 306 тыс от 1 плательщика, исходящих нет; доля seed-денег ~0%"
100000002511581100,peripheral,0.9,1,0.0716,"выраженных признаков нет: 1 вх./0 исх., оборот 18 тыс"
100000002511825100,peripheral,0.9,2,0.2964,"выраженных признаков нет: 1 вх./0 исх., оборот 65 тыс; связан с 1 seed"
100000002512742100,peripheral,0.3,21,0.0206,"обрыв выгрузки на последнем колене: получил 6 тыс от 1 плательщика, исходящие неизвестны"
100000002513028100,peripheral,0.6,71,0.2652,"выраженных признаков нет: 1 вх./3 исх., оборот 333 тыс"
100000002514975100,peripheral,0.3,31,0.0416,"обрыв выгрузки на последнем колене: получил 18 тыс от 1 плательщика, исходящие неизвестны"
100000002516862100,peripheral,0.3,71,0.1092,"обрыв выгрузки на последнем колене: получил 82 тыс от 1 плательщика, исходящие неизвестны"
100000002521039100,terminal,0.35,2,0.2244,"конечная точка в пределах выгрузки: получил 349 тыс от 1 плательщика, исходящих нет; доля seed-денег ~0%"
100000002527114100,distributor,1.0,1,0.6286,"[seed] веерная рассылка: 111 получателей, отправил 3.3 млн; взаимные переводы с 3; доля seed-денег ~100%"
100000002528544100,terminal,0.319,23,0.2165,"конечная точка в пределах выгрузки: получил 193 тыс от 1 плательщика, исходящих нет; доля seed-денег ~0%"
100000002528978100,peripheral,0.3,8,0.065,"обрыв выгрузки на последнем колене: получил 16 тыс от 1 плательщика, исходящие неизвестны"
100000002529877100,peripheral,0.3,11,0.0949,"обрыв выгрузки на последнем колене: получил 232 тыс от 1 плательщика, исходящие неизвестны"
100000002529880100,terminal,0.309,13,0.287,"конечная точка в пределах выгрузки: получил 147 тыс от 2 плательщиков, исходящих нет; доля seed-денег ~0%"
100000002530224100,terminal,0.303,7,0.1793,"конечная точка в пределах выгрузки: получил 113 тыс от 1 плательщика, исходящих нет; доля seed-денег ~0%"
100000002531406100,transit,0.586,23,0.4082,"признаки транзита: получил 520 тыс, отправил 500 тыс (96%); связь с seed-деньгами слабая, возможна легальная активность"
100000002534091100,peripheral,0.9,6,0.1318,"выраженных признаков нет: 1 вх./0 исх., оборот 22 тыс"
100000002537811100,peripheral,0.9,16,0.3022,"выраженных признаков нет: 1 вх./1 исх., оборот 52 тыс"
100000002539625100,peripheral,0.9,13,0.2198,"выраженных признаков нет: 1 вх./0 исх., оборот 95 тыс"
100000002540033100,peripheral,0.3,24,0.0615,"обрыв выгрузки на последнем колене: получил 10 тыс от 1 плательщика, исходящие неизвестны"
100000002540623100,terminal,0.3,29,0.2287,"конечная точка в пределах выгрузки: получил 100 тыс от 1 плательщика, исходящих нет; доля seed-денег ~2%"
100000002546921100,peripheral,0.9,15,0.0823,"выраженных признаков нет: 1 вх./0 исх., оборот 20 тыс"
100000002547110100,consolidator,0.562,13,0.4872,"признаки консолидации: 6 плательщиков, получил 1.5 млн; отдал дальше 0%; до 5 плательщиков в день; связь с seed-деньгами слабая, возможна легальная активность"
100000002548759100,terminal,0.248,7,0.2953,"конечная точка в пределах выгрузки: получил 375 тыс от 2 плательщиков, исходящих нет; доля seed-денег ~0%; вход в конце периода, мог переслать позже"
100000002550141100,terminal,0.3,6,0.1804,"конечная точка в пределах выгрузки: получил 101 тыс от 1 плательщика, исходящих нет; доля seed-денег ~0%"
100000002554175100,peripheral,0.9,8,0.128,"выраженных признаков нет: 1 вх./0 исх., оборот 25 тыс"
100000002556775100,terminal,0.34,5,0.2252,"конечная точка в пределах выгрузки: получил 300 тыс от 1 плательщика, исходящих нет; доля seed-денег ~0%"
100000002558173100,peripheral,0.9,39,0.148,"выраженных признаков нет: 1 вх./0 исх., оборот 9 тыс"
100000002559089100,terminal,0.296,11,0.3407,"конечная точка в пределах выгрузки: получил 715 тыс от 2 плательщиков, исходящих нет; доля seed-денег ~0%; вход в конце периода, мог переслать позже"
100000002565277100,terminal,0.828,3,0.465,"конечная точка в пределах выгрузки: получил 483 тыс от 1 плательщика, исходящих нет; доля seed-денег ~100%; связан с 1 seed"
100000002566204100,peripheral,0.9,29,0.2005,"выраженных признаков нет: 1 вх./0 исх., оборот 81 тыс"
100000002567887100,peripheral,0.9,5,0.1235,"выраженных признаков нет: 1 вх./0 исх., оборот 51 тыс"
100000002570206100,terminal,0.313,17,0.3182,"конечная точка в пределах выгрузки: получил 167 тыс от 2 плательщиков, исходящих нет; доля seed-денег ~1%"
100000002575080100,peripheral,0.9,18,0.1928,"выраженных признаков нет: 1 вх./1 исх., оборот 13 тыс"
100000002578405100,distributor,0.75,1,0.6025,"веерная рассылка: 116 получателей, отправил 3.1 млн; видимый вход 1.2 млн, источник вне выгрузки; взаимные переводы с 2; связь с seed-деньгами слабая, возможна легальная активность"
100000002578653100,peripheral,0.9,56,0.1505,"выраженных признаков нет: 1 вх./0 исх., оборот 20 тыс"
100000002580377100,peripheral,0.9,4,0.3412,"выраженных признаков нет: 1 вх./1 исх., оборот 38 тыс; связан с 1 seed"
100000002581346100,terminal,0.313,5,0.1956,"конечная точка в пределах выгрузки: получил 166 тыс от 1 плательщика, исходящих нет; доля seed-денег ~0%"
100000002589019100,peripheral,0.9,10,0.2676,"выраженных признаков нет: 1 вх./0 исх., оборот 35 тыс; связан с 1 seed"
100000002591469100,terminal,0.745,9,0.4347,"конечная точка в пределах выгрузки: получил 236 тыс от 1 плательщика, исходящих нет; доля seed-денег ~100%; связан с 1 seed"
100000002592567100,peripheral,0.6,4,0.3424,"выраженных признаков нет: 1 вх./2 исх., оборот 49 тыс; связан с 2 seed"
100000002593038100,peripheral,0.9,10,0.1806,"выраженных признаков нет: 1 вх./0 исх., оборот 28 тыс"
100000002593344100,terminal,0.256,7,0.3208,"конечная точка в пределах выгрузки: получил 431 тыс от 2 плательщиков, исходящих нет; доля seed-денег ~0%; вход в конце периода, мог переслать позже"
100000002594214100,peripheral,0.3,46,0.1607,"обрыв выгрузки на последнем колене: получил 1.0 млн от 1 плательщика, исходящие неизвестны"
100000002596035100,terminal,0.744,16,0.4338,"конечная точка в пределах выгрузки: получил 232 тыс от 1 плательщика, исходящих нет; доля seed-денег ~100%; связан с 1 seed"
100000002596039100,peripheral,0.3,6,0.112,"обрыв выгрузки на последнем колене: получил 280 тыс от 1 плательщика, исходящие неизвестны"
100000002597003100,peripheral,0.9,2,0.3041,"выраженных признаков нет: 1 вх./1 исх., оборот 18 тыс; связан с 1 seed"
100000002597074100,peripheral,0.3,2,0.0513,"обрыв выгрузки на последнем колене: получил 8 тыс от 1 плательщика, исходящие неизвестны"
100000002597623100,peripheral,0.9,2,0.0721,"выраженных признаков нет: 1 вх./0 исх., оборот 16 тыс"
100000002599729100,peripheral,0.3,2,0.1031,"обрыв выгрузки на последнем колене: получил 65 тыс от 1 плательщика, исходящие неизвестны"
100000002600345100,peripheral,0.9,4,0.3651,"выраженных признаков нет: 2 вх./0 исх., оборот 52 тыс; связан с 1 seed"
100000002603371100,peripheral,0.9,2,0.0541,"выраженных признаков нет: 1 вх./0 исх., оборот 9 тыс"
100000002603478100,peripheral,0.9,10,0.2479,"выраженных признаков нет: 1 вх./0 исх., оборот 24 тыс; связан с 1 seed"
100000002603769100,terminal,0.48,2,0.4941,"конечная точка в пределах выгрузки: получил 1.2 млн от 3 плательщиков, исходящих нет; доля seed-денег ~14%; связан с 1 seed"
100000002605184100,terminal,0.216,18,0.2661,"конечная точка в пределах выгрузки: получил 140 тыс от 1 плательщика, исходящих нет; доля seed-денег ~19%; вход в конце периода, мог переслать позже"
100000002605308100,terminal,0.336,15,0.4109,"конечная точка в пределах выгрузки: получил 2.6 млн от 3 плательщиков, исходящих нет; доля seed-денег ~1%; вход в конце периода, мог переслать позже"
100000002605548100,terminal,0.706,16,0.4847,"конечная точка в пределах выгрузки: получил 117 тыс от 2 плательщиков, исходящих нет; доля seed-денег ~81%; связан с 1 seed"
100000002606567100,peripheral,0.9,2,0.3272,"выраженных признаков нет: 1 вх./1 исх., оборот 53 тыс; связан с 1 seed"
100000002609774100,peripheral,0.9,8,0.2998,"выраженных признаков нет: 1 вх./1 исх., оборот 28 тыс; связан с 1 seed"
100000002611334100,peripheral,0.9,2,0.1822,"выраженных признаков нет: 1 вх./1 исх., оборот 48 тыс"
100000002612809100,peripheral,0.6,44,0.3083,"выраженных признаков нет: 1 вх./3 исх., оборот 114 тыс; взаимные переводы с 1"
100000002613776100,peripheral,0.9,36,0.1707,"выраженных признаков нет: 1 вх./0 исх., оборот 30 тыс"
100000002613929100,peripheral,0.9,19,0.1803,"выраженных признаков нет: 1 вх./0 исх., оборот 29 тыс"
100000002614095100,peripheral,0.9,1,0.0465,"выраженных признаков нет: 1 вх./0 исх., оборот 5 тыс"
100000002615479100,terminal,0.74,19,0.4323,"конечная точка в пределах выгрузки: получил 220 тыс от 1 плательщика, исходящих нет; доля seed-денег ~100%; связан с 1 seed"
100000002618492100,terminal,0.702,16,0.5075,"конечная точка в пределах выгрузки: получил 296 тыс от 2 плательщиков, исходящих нет; доля seed-денег ~61%; связан с 1 seed"
100000002621434100,peripheral,0.9,7,0.1411,"выраженных признаков нет: 1 вх./0 исх., оборот 81 тыс"
100000002621915100,peripheral,0.9,4,0.1595,"выраженных признаков нет: 1 вх./0 исх., оборот 5 тыс"
100000002621949100,terminal,0.722,3,0.4211,"конечная точка в пределах выгрузки: получил 165 тыс от 1 плательщика, исходящих нет; доля seed-денег ~100%; связан с 1 seed"
100000002622822100,peripheral,0.3,24,0.1493,"обрыв выгрузки на последнем колене: получил 750 тыс от 1 плательщика, исходящие неизвестны"
100000002628146100,peripheral,0.9,39,0.191,"выраженных признаков нет: 1 вх./0 исх., оборот 30 тыс"
100000002628576100,peripheral,0.6,5,0.3757,"выраженных признаков нет: 2 вх./2 исх., оборот 728 тыс"
100000002632742100,terminal,0.229,13,0.2469,"конечная точка в пределах выгрузки: получил 236 тыс от 2 плательщиков, исходящих нет; доля seed-денег ~0%; вход в конце периода, мог переслать позже"
100000002633108100,terminal,0.344,15,0.227,"конечная точка в пределах выгрузки: получил 320 тыс от 1 плательщика, исходящих нет; доля seed-денег ~0%"
100000002633701100,terminal,0.233,19,0.2837,"конечная точка в пределах выгрузки: получил 267 тыс от 1 плательщика, исходящих нет; доля seed-денег ~11%; вход в конце периода, мог переслать позже"
100000002635746100,peripheral,0.3,21,0.0194,"обрыв выгрузки на последнем колене: получил 5 тыс от 1 плательщика, исходящие неизвестны"
100000002635780100,terminal,0.627,9,0.3635,"конечная точка в пределах выгрузки: получил 163 тыс от 1 плательщика, исходящих нет; доля seed-денег ~52%"
100000002644285100,terminal,0.38,11,0.2198,"конечная точка в пределах выгрузки: получил 500 тыс от 1 плательщика, исходящих нет; доля seed-денег ~0%"
100000002645046100,peripheral,0.3,21,0.0289,"обрыв выгрузки на последнем колене: получил 12 тыс от 1 плательщика, исходящие неизвестны"
100000002645609100,terminal,0.389,2,0.4598,"конечная точка в пределах выгрузки: получил 547 тыс от 4 плательщиков, исходящих нет; доля seed-денег ~9%; связан с 1 seed"
100000002645993100,peripheral,0.6,2,0.3399,"выраженных признаков нет: 2 вх./5 исх., оборот 87 тыс; участвует в круговых потоках (3+ участника)"
100000002646745100,peripheral,0.9,1,0.0599,"выраженных признаков нет: 1 вх./0 исх., оборот 12 тыс"
100000002646887100,peripheral,0.9,13,0.1093,"выраженных признаков нет: 1 вх./0 исх., оборот 24 тыс"
100000002648315100,peripheral,0.6,9,0.3928,"выраженных признаков нет: 1 вх./2 исх., оборот 132 тыс; связан с 1 seed"
100000002653187100,peripheral,0.3,10,0.1018,"обрыв выгрузки на последнем колене: получил 15 тыс от 1 плательщика, исходящие неизвестны"
100000002653948100,peripheral,0.9,5,0.1422,"выраженных признаков нет: 1 вх./0 исх., оборот 85 тыс"
100000002659103100,peripheral,0.3,54,0.1113,"обрыв выгрузки на последнем колене: получил 165 тыс от 1 плательщика, исходящие неизвестны"
100000002659265100,peripheral,0.3,7,0.0852,"обрыв выгрузки на последнем колене: получил 141 тыс от 1 плательщика, исходящие неизвестны"
100000002660298100,peripheral,0.3,8,0.0935,"обрыв выгрузки на последнем колене: получил 31 тыс от 1 плательщика, исходящие неизвестны"
100000002662768100,peripheral,0.9,3,0.3054,"выраженных признаков нет: 1 вх./0 исх., оборот 84 тыс; связан с 1 seed"
100000002663511100,terminal,0.334,2,0.2457,"конечная точка в пределах выгрузки: получил 269 тыс от 1 плательщика, исходящих нет; доля seed-денег ~0%"
100000002666248100,peripheral,0.9,3,0.2996,"выраженных признаков нет: 1 вх./0 исх., оборот 70 тыс; связан с 1 seed"
100000002670463100,peripheral,0.3,21,0.0545,"обрыв выгрузки на последнем колене: получил 32 тыс от 1 плательщика, исходящие неизвестны"
100000002670860100,terminal,0.698,11,0.5145,"конечная точка в пределах выгрузки: получил 450 тыс от 2 плательщиков, исходящих нет; доля seed-денег ~44%; связан с 1 seed"
100000002670960100,terminal,0.376,11,0.2177,"конечная точка в пределах выгрузки: получил 480 тыс от 1 плательщика, исходящих нет; доля seed-денег ~0%"
100000002671326100,peripheral,0.3,13,0.2098,"обрыв выгрузки на последнем колене: получил 1.1 млн от 1 плательщика, исходящие неизвестны"
100000002671806100,peripheral,0.9,10,0.2207,"выраженных признаков нет: 1 вх./0 исх., оборот 12 тыс; связан с 1 seed"
100000002677201100,peripheral,0.6,13,0.2484,"выраженных признаков нет: 1 вх./1 исх., оборот 150 тыс"
100000002679516100,terminal,0.549,10,0.4475,"конечная точка в пределах выгрузки: получил 102 тыс от 3 плательщиков, исходящих нет; доля seed-денег ~34%; связан с 1 seed"
100000002680477100,peripheral,0.9,11,0.1445,"выраженных признаков нет: 1 вх./0 исх., оборот 25 тыс"
100000002681449100,peripheral,0.6,48,0.4251,"выраженных признаков нет: 2 вх./2 исх., оборот 133 тыс; связан с 1 seed"
100000002681544100,terminal,0.313,9,0.2978,"конечная точка в пределах выгрузки: получил 166 тыс от 2 плательщиков, исходящих нет; доля seed-денег ~0%"
100000002686226100,peripheral,0.3,17,0.2059,"обрыв выгрузки на последнем колене: получил 430 тыс от 1 плательщика, исходящие неизвестны"
100000002689717100,peripheral,0.3,8,0.1109,"обрыв выгрузки на последнем колене: получил 48 тыс от 1 плательщика, исходящие неизвестны"
100000002691583100,terminal,0.337,31,0.1908,"конечная точка в пределах выгрузки: получил 285 тыс от 1 плательщика, исходящих нет; доля seed-денег ~0%"
100000002691858100,peripheral,0.9,39,0.2127,"выраженных признаков нет: 1 вх./0 исх., оборот 52 тыс"
100000002692044100,peripheral,0.9,10,0.3107,"выраженных признаков нет: 1 вх./0 исх., оборот 97 тыс; связан с 1 seed"
100000002692750100,peripheral,0.6,14,0.4055,"выраженных признаков нет: 3 вх./1 исх., оборот 113 тыс; взаимные переводы с 1"
100000002695812100,peripheral,0.3,8,0.1429,"обрыв выгрузки на последнем колене: получил 95 тыс от 1 плательщика, исходящие неизвестны"
100000002696152100,peripheral,0.6,40,0.2593,"выраженных признаков нет: 1 вх./2 исх., оборот 69 тыс; взаимные переводы с 1"
100000002697752100,terminal,0.318,6,0.3192,"конечная точка в пределах выгрузки: получил 191 тыс от 2 плательщиков, исходящих нет; доля seed-денег ~1%"
100000002700161100,peripheral,0.3,60,0.1613,"обрыв выгрузки на последнем колене: получил 39 тыс от 1 плательщика, исходящие неизвестны"
100000002702968100,peripheral,0.3,8,0.0945,"обрыв выгрузки на последнем колене: получил 32 тыс от 1 плательщика, исходящие неизвестны"
100000002703376100,peripheral,0.9,2,0.1871,"выраженных признаков нет: 1 вх./0 исх., оборот 47 тыс"
100000002704875100,terminal,0.329,6,0.422,"конечная точка в пределах выгрузки: получил 245 тыс от 3 плательщиков, исходящих нет; доля seed-денег ~13%; связан с 1 seed"
100000002705460100,peripheral,0.9,4,0.2377,"выраженных признаков нет: 1 вх./0 исх., оборот 95 тыс"
100000002706810100,peripheral,0.3,21,0.062,"обрыв выгрузки на последнем колене: получил 45 тыс от 1 плательщика, исходящие неизвестны"
100000002707106100,peripheral,0.3,15,0.0344,"обрыв выгрузки на последнем колене: получил 15 тыс от 1 плательщика, исходящие неизвестны"
100000002708624100,peripheral,0.9,30,0.1497,"выраженных признаков нет: 1 вх./0 исх., оборот 25 тыс"
100000002710570100,terminal,0.325,37,0.3033,"конечная точка в пределах выгрузки: получил 225 тыс от 1 плательщика, исходящих нет; доля seed-денег ~18%"
100000002712416100,terminal,0.303,11,0.2811,"конечная точка в пределах выгрузки: получил 117 тыс от 2 плательщиков, исходящих нет; доля seed-денег ~0%"
100000002713074100,peripheral,0.6,17,0.3762,"выраженных признаков нет: 2 вх./1 исх., оборот 700 тыс"
100000002713974100,peripheral,0.3,6,0.0911,"обрыв выгрузки на последнем колене: получил 50 тыс от 1 плательщика, исходящие неизвестны"
100000002718366100,consolidator,0.562,7,0.5489,"признаки консолидации: 6 плательщиков, получил 2.5 млн; отдал дальше 0%; до 3 плательщиков в день; связь с seed-деньгами слабая, возможна легальная активность"
100000002720627100,terminal,0.733,16,0.4281,"конечная точка в пределах выгрузки: получил 199 тыс от 1 плательщика, исходящих нет; доля seed-денег ~100%; связан с 1 seed"
100000002721825100,peripheral,0.9,2,0.1833,"выраженных признаков нет: 1 вх./0 исх., оборот 11 тыс"
100000002722108100,terminal,0.44,11,0.2467,"конечная точка в пределах выгрузки: получил 800 тыс от 1 плательщика, исходящих нет; доля seed-денег ~0%"
100000002723439100,peripheral,0.3,40,0.1059,"обрыв выгрузки на последнем колене: получил 18 тыс от 1 плательщика, исходящие неизвестны"
100000002723538100,distributor,0.52,6,0.6356,"веерная рассылка: 12 получателей, отправил 560 тыс; видимый вход 106 тыс, источник вне выгрузки; связан с 1 seed; участвует в круговых потоках (3+ участника)"
100000002723674100,peripheral,0.3,25,0.1324,"обрыв выгрузки на последнем колене: получил 30 тыс от 1 плательщика, исходящие неизвестны"
100000002726055100,peripheral,0.3,25,0.0918,"обрыв выгрузки на последнем колене: получил 10 тыс от 1 плательщика, исходящие неизвестны"
100000002727288100,peripheral,0.9,18,0.1275,"выраженных признаков нет: 1 вх./0 исх., оборот 16 тыс"
100000002728246100,peripheral,0.3,5,0.0398,"обрыв выгрузки на последнем колене: получил 10 тыс от 1 плательщика, исходящие неизвестны"
100000002729875100,peripheral,0.3,8,0.1332,"обрыв выгрузки на последнем колене: получил 76 тыс от 1 плательщика, исходящие неизвестны"
100000002731501100,peripheral,0.6,28,0.5268,"выраженных признаков нет: 3 вх./7 исх., оборот 834 тыс; связан с 1 seed; участвует в круговых потоках (3+ участника)"
100000002733083100,peripheral,0.3,8,0.0634,"обрыв выгрузки на последнем колене: получил 15 тыс от 1 плательщика, исходящие неизвестны"
100000002733905100,peripheral,0.6,1,0.389,"выраженных признаков нет: 3 вх./2 исх., оборот 718 тыс; взаимные переводы с 2"
100000002734815100,peripheral,0.3,7,0.0801,"обрыв выгрузки на последнем колене: получил 110 тыс от 1 плательщика, исходящие неизвестны"
100000002736033100,peripheral,0.9,17,0.2144,"выраженных признаков нет: 1 вх./1 исх., оборот 35 тыс"
100000002736316100,terminal,0.333,2,0.3265,"конечная точка в пределах выгрузки: получил 267 тыс от 3 плательщиков, исходящих нет; доля seed-денег ~0%"
100000002737980100,peripheral,0.9,4,0.1508,"выраженных признаков нет: 1 вх./0 исх., оборот 33 тыс"
100000002738256100,transit,0.8,62,0.527,"признаки транзита: получил 150 тыс, отправил 175 тыс; 100% отправлено в течение 2 дней после входа; взаимные переводы с 1; доля seed-денег ~84%"
100000002741024100,peripheral,0.6,38,0.4557,"выраженных признаков нет: 5 вх./6 исх., оборот 818 тыс; взаимные переводы с 3"
100000002742067100,peripheral,0.9,18,0.1285,"выраженных признаков нет: 1 вх./0 исх., оборот 13 тыс"
100000002744581100,peripheral,0.9,9,0.1855,"выраженных признаков нет: 1 вх./0 исх., оборот 12 тыс"
100000002748040100,peripheral,0.3,8,0.07,"обрыв выгрузки на последнем колене: получил 18 тыс от 1 плательщика, исходящие неизвестны"
100000002748180100,peripheral,0.6,11,0.3809,"выраженных признаков нет: 1 вх./8 исх., оборот 680 тыс; связан с 1 seed"
100000002748511100,peripheral,0.3,4,0.1452,"обрыв выгрузки на последнем колене: получил 20 тыс от 1 плательщика, исходящие неизвестны"
100000002748532100,peripheral,0.6,24,0.4329,"выраженных признаков нет: 3 вх./2 исх., оборот 647 тыс"
100000002748581100,peripheral,0.9,15,0.1118,"выраженных признаков нет: 1 вх./0 исх., оборот 41 тыс"
100000002748761100,terminal,0.439,11,0.2463,"конечная точка в пределах выгрузки: получил 797 тыс от 1 плательщика, исходящих нет; доля seed-денег ~0%"
100000002750332100,peripheral,0.9,19,0.2176,"выраженных признаков нет: 1 вх./0 исх., оборот 11 тыс; связан с 1 seed"
100000002750956100,peripheral,0.9,2,0.2828,"выраженных признаков нет: 1 вх./0 исх., оборот 47 тыс; связан с 1 seed"
100000002752565100,peripheral,0.3,6,0.1433,"обрыв выгрузки на последнем колене: получил 57 тыс от 1 плательщика, исходящие неизвестны"
100000002753146100,terminal,0.441,11,0.2472,"конечная точка в пределах выгрузки: получил 804 тыс от 1 плательщика, исходящих нет; доля seed-денег ~0%"
100000002755292100,terminal,0.321,5,0.2061,"конечная точка в пределах выгрузки: получил 203 тыс от 1 плательщика, исходящих нет; доля seed-денег ~0%"
100000002757240100,peripheral,0.9,3,0.2125,"выраженных признаков нет: 1 вх./0 исх., оборот 51 тыс"
100000002757791100,peripheral,0.9,32,0.1934,"выраженных признаков нет: 1 вх./0 исх., оборот 73 тыс"
100000002757797100,terminal,0.7,10,0.4026,"конечная точка в пределах выгрузки: получил 100 тыс от 1 плательщика, исходящих нет; доля seed-денег ~100%; связан с 1 seed"
100000002760175100,terminal,0.729,16,0.4258,"конечная точка в пределах выгрузки: получил 187 тыс от 1 плательщика, исходящих нет; доля seed-денег ~100%; связан с 1 seed"
100000002762076100,peripheral,0.6,9,0.4924,"выраженных признаков нет: 2 вх./1 исх., оборот 140 тыс; связан с 2 seed"
100000002769809100,terminal,0.303,20,0.2257,"конечная точка в пределах выгрузки: получил 113 тыс от 1 плательщика, исходящих нет; доля seed-денег ~1%"
100000002773323100,peripheral,0.6,13,0.3179,"выраженных признаков нет: 2 вх./1 исх., оборот 1.2 млн"
100000002774456100,peripheral,0.9,16,0.2872,"выраженных признаков нет: 1 вх./0 исх., оборот 50 тыс; связан с 1 seed"
100000002778085100,peripheral,0.9,4,0.2973,"выраженных признаков нет: 1 вх./0 исх., оборот 66 тыс; связан с 1 seed"
100000002779485100,peripheral,0.9,6,0.2547,"выраженных признаков нет: 1 вх./0 исх., оборот 91 тыс"
100000002781227100,transit,0.58,78,0.6105,"признаки транзита: получил 191 тыс, отправил 212 тыс; 81% отправлено в течение 2 дней после входа; связан с 1 seed; взаимные переводы с 1; доля seed-денег ~87%"
100000002784085100,terminal,0.513,19,0.3899,"конечная точка в пределах выгрузки: получил 200 тыс от 1 плательщика, исходящих нет; доля seed-денег ~100%; вход в конце периода, мог переслать позже; связан с 1 seed"
100000002791494100,peripheral,0.3,8,0.1386,"обрыв выгрузки на последнем колене: получил 86 тыс от 1 плательщика, исходящие неизвестны"
100000002793851100,peripheral,0.9,4,0.217,"выраженных признаков нет: 1 вх./0 исх., оборот 11 тыс; связан с 1 seed"
100000002793881100,terminal,0.306,7,0.3513,"конечная точка в пределах выгрузки: получил 786 тыс от 3 плательщиков, исходящих нет; доля seed-денег ~0%; вход в конце периода, мог переслать позже"
100000002794197100,peripheral,0.9,9,0.2627,"выраженных признаков нет: 1 вх./0 исх., оборот 30 тыс; связан с 1 seed"
100000002794374100,peripheral,0.3,57,0.0904,"обрыв выгрузки на последнем колене: получил 111 тыс от 1 плательщика, исходящие неизвестны"
100000002796853100,peripheral,0.6,78,0.3555,"выраженных признаков нет: 1 вх./1 исх., оборот 199 тыс; взаимные переводы с 1"
100000002799941100,terminal,0.4,20,0.2855,"конечная точка в пределах выгрузки: получил 600 тыс от 1 плательщика, исходящих нет; доля seed-денег ~1%"
100000002807334100,peripheral,0.9,5,0.1266,"выраженных признаков нет: 1 вх./0 исх., оборот 55 тыс"
100000002809568100,peripheral,0.9,2,0.2113,"выраженных признаков нет: 1 вх./0 исх., оборот 10 тыс; связан с 1 seed"
100000002809896100,peripheral,0.9,8,0.1496,"выраженных признаков нет: 1 вх./0 исх., оборот 38 тыс"
100000002810870100,peripheral,0.9,1,0.2665,"выраженных признаков нет: 1 вх./0 исх., оборот 34 тыс; связан с 1 seed"
100000002812641100,peripheral,0.9,19,0.2417,"выраженных признаков нет: 1 вх./1 исх., оборот 10 тыс; взаимные переводы с 1"
100000002815005100,terminal,0.263,7,0.2264,"конечная точка в пределах выгрузки: получил 476 тыс от 1 плательщика, исходящих нет; доля seed-денег ~0%; вход в конце периода, мог переслать позже"
100000002818726100,peripheral,0.9,12,0.1005,"выраженных признаков нет: 1 вх./0 исх., оборот 11 тыс"
100000002820010100,peripheral,0.9,14,0.1971,"выраженных признаков нет: 1 вх./0 исх., оборот 30 тыс"
100000002821425100,terminal,0.335,11,0.1891,"конечная точка в пределах выгрузки: получил 275 тыс от 1 плательщика, исходящих нет; доля seed-денег ~0%"
100000002822472100,terminal,0.333,11,0.2762,"конечная точка в пределах выгрузки: получил 267 тыс от 2 плательщиков, исходящих нет; доля seed-денег ~0%"
100000002824176100,terminal,0.715,14,0.4163,"конечная точка в пределах выгрузки: получил 144 тыс от 1 плательщика, исходящих нет; доля seed-денег ~100%; связан с 1 seed"
100000002826669100,terminal,0.312,2,0.2765,"конечная точка в пределах выгрузки: получил 160 тыс от 1 плательщика, исходящих нет; доля seed-денег ~12%"
100000002830055100,peripheral,0.9,1,0.2238,"выраженных признаков нет: 1 вх./0 исх., оборот 14 тыс; связан с 1 seed"
100000002831727100,peripheral,0.9,20,0.2467,"выраженных признаков нет: 1 вх./1 исх., оборот 77 тыс"
100000002832753100,peripheral,0.3,18,0.1015,"обрыв выгрузки на последнем колене: получил 12 тыс от 1 плательщика, исходящие неизвестны"
100000002835874100,peripheral,0.3,7,0.0987,"обрыв выгрузки на последнем колене: получил 59 тыс от 1 плательщика, исходящие неизвестны"
100000002836052100,peripheral,0.9,3,0.1825,"выраженных признаков нет: 1 вх./0 исх., оборот 15 тыс"
100000002836736100,terminal,0.783,14,0.5343,"конечная точка в пределах выгрузки: получил 509 тыс от 2 плательщиков, исходящих нет; доля seed-денег ~64%; связан с 1 seed"
100000002838519100,peripheral,0.9,15,0.1165,"выраженных признаков нет: 1 вх./0 исх., оборот 47 тыс"
100000002838861100,consolidator,0.595,19,0.7074,"признаки консолидации: 5 плательщиков (из них seed: 2), получил 555 тыс; отдал дальше 2%; связан с 2 seed; взаимные переводы с 1; доля seed-денег ~73%"
100000002842321100,terminal,0.312,5,0.1934,"конечная точка в пределах выгрузки: получил 160 тыс от 1 плательщика, исходящих нет; доля seed-денег ~0%"
100000002842337100,peripheral,0.9,9,0.2384,"выраженных признаков нет: 1 вх./0 исх., оборот 50 тыс"
100000002844652100,peripheral,0.9,9,0.2952,"выраженных признаков нет: 1 вх./0 исх., оборот 61 тыс; связан с 1 seed"
100000002844897100,peripheral,0.9,19,0.2165,"выраженных признаков нет: 1 вх./0 исх., оборот 11 тыс; связан с 1 seed"
100000002845605100,peripheral,0.9,2,0.2933,"выраженных признаков нет: 1 вх./0 исх., оборот 58 тыс; связан с 1 seed"
100000002847207100,peripheral,0.9,3,0.2806,"выраженных признаков нет: 1 вх./0 исх., оборот 46 тыс; связан с 1 seed"
100000002849158100,peripheral,0.6,7,0.3812,"выраженных признаков нет: 3 вх./1 исх., оборот 1.3 млн"
100000002852402100,peripheral,0.9,18,0.2203,"выраженных признаков нет: 1 вх./0 исх., оборот 55 тыс"
100000002858835100,peripheral,0.9,1,0.2509,"выраженных признаков нет: 1 вх./0 исх., оборот 24 тыс; связан с 1 seed"
100000002860934100,peripheral,0.3,33,0.1898,"обрыв выгрузки на последнем колене: получил 280 тыс от 1 плательщика, исходящие неизвестны"
100000002861485100,peripheral,0.9,4,0.2604,"выраженных признаков нет: 1 вх./0 исх., оборот 29 тыс; связан с 1 seed"
100000002862113100,peripheral,0.9,15,0.1176,"выраженных признаков нет: 1 вх./0 исх., оборот 47 тыс"
100000002863356100,peripheral,0.9,1,0.2419,"выраженных признаков нет: 1 вх./1 исх., оборот 45 тыс"
100000002864256100,terminal,0.712,3,0.4138,"конечная точка в пределах выгрузки: получил 136 тыс от 1 плательщика, исходящих нет; доля seed-денег ~100%; связан с 1 seed"
100000002864680100,peripheral,0.9,10,0.2925,"выраженных признаков нет: 1 вх./0 исх., оборот 56 тыс; связан с 1 seed"
100000002870463100,peripheral,0.6,14,0.4139,"выраженных признаков нет: 3 вх./1 исх., оборот 207 тыс; взаимные переводы с 1"
100000002870937100,peripheral,0.9,9,0.3052,"выраженных признаков нет: 1 вх./0 исх., оборот 84 тыс; связан с 1 seed"
100000002871199100,peripheral,0.9,15,0.0886,"выраженных признаков нет: 1 вх./0 исх., оборот 23 тыс"
100000002872399100,terminal,0.336,9,0.3383,"конечная точка в пределах выгрузки: получил 1.1 млн от 1 плательщика, исходящих нет; доля seed-денег ~8%; вход в конце периода, мог переслать позже"
100000002876914100,peripheral,0.3,21,0.0289,"обрыв выгрузки на последнем колене: получил 12 тыс от 1 плательщика, исходящие неизвестны"
100000002877262100,terminal,0.3,13,0.1549,"конечная точка в пределах выгрузки: получил 100 тыс от 1 плательщика, исходящих нет; доля seed-денег ~0%"
100000002878467100,terminal,0.32,13,0.2896,"конечная точка в пределах выгрузки: получил 200 тыс от 2 плательщиков, исходящих нет; доля seed-денег ~0%"
100000002878483100,peripheral,0.3,21,0.0206,"обрыв выгрузки на последнем колене: получил 6 тыс от 1 плательщика, исходящие неизвестны"
100000002881669100,peripheral,0.9,10,0.2368,"выраженных признаков нет: 1 вх./0 исх., оборот 19 тыс; связан с 1 seed"
100000002883402100,terminal,0.238,7,0.2866,"конечная точка в пределах выгрузки: получил 300 тыс от 3 плательщиков, исходящих нет; доля seed-денег ~0%; вход в конце периода, мог переслать позже"
100000002884708100,peripheral,0.3,13,0.1599,"обрыв выгрузки на последнем колене: получил 1.2 млн от 1 плательщика, исходящие неизвестны"
100000002886166100,terminal,0.222,28,0.1999,"конечная точка в пределах выгрузки: получил 185 тыс от 1 плательщика, исходящих нет; доля seed-денег ~0%; вход в конце периода, мог переслать позже"
100000002890167100,terminal,0.706,4,0.4096,"конечная точка в пределах выгрузки: получил 118 тыс от 1 плательщика, исходящих нет; доля seed-денег ~100%; связан с 1 seed"
100000002891765100,peripheral,0.9,15,0.1263,"выраженных признаков нет: 1 вх./0 исх., оборот 56 тыс"
100000002893020100,peripheral,0.9,8,0.1144,"выраженных признаков нет: 1 вх./0 исх., оборот 18 тыс"
100000002894076100,terminal,0.977,9,0.6276,"конечная точка в пределах выгрузки: получил 1.1 млн от 4 плательщиков, исходящих нет; доля seed-денег ~73%; связан с 2 seed"
100000002896506100,peripheral,0.3,5,0.0988,"обрыв выгрузки на последнем колене: получил 45 тыс от 1 плательщика, исходящие неизвестны"
100000002901457100,peripheral,0.6,2,0.3176,"выраженных признаков нет: 1 вх./3 исх., оборот 340 тыс"
100000002904919100,peripheral,0.9,2,0.2308,"выраженных признаков нет: 1 вх./1 исх., оборот 60 тыс"
100000002906470100,terminal,0.306,20,0.2218,"конечная точка в пределах выгрузки: получил 130 тыс от 1 плательщика, исходящих нет; доля seed-денег ~1%"
100000002908521100,peripheral,0.9,1,0.1061,"выраженных признаков нет: 1 вх./0 исх., оборот 44 тыс"
100000002911170100,terminal,0.34,35,0.2316,"конечная точка в пределах выгрузки: получил 300 тыс от 1 плательщика, исходящих нет; доля seed-денег ~0%"
100000002913340100,peripheral,0.9,1,0.0818,"выраженных признаков нет: 1 вх./0 исх., оборот 24 тыс"
100000002914245100,terminal,0.308,23,0.2018,"конечная точка в пределах выгрузки: получил 141 тыс от 1 плательщика, исходящих нет; доля seed-денег ~0%"
100000002916006100,peripheral,0.9,22,0.1431,"[seed] выраженных признаков нет: 0 вх./1 исх., оборот 32 тыс; связан ещё с 1 seed"
100000002921047100,peripheral,0.6,9,0.4765,"выраженных признаков нет: 2 вх./1 исх., оборот 338 тыс; связан с 1 seed"
100000002922000100,peripheral,0.3,54,0.144,"обрыв выгрузки на последнем колене: получил 448 тыс от 1 плательщика, исходящие неизвестны"
100000002926970100,peripheral,0.9,8,0.1847,"выраженных признаков нет: 1 вх./0 исх., оборот 85 тыс"
100000002933386100,peripheral,0.9,3,0.2307,"выраженных признаков нет: 1 вх./1 исх., оборот 58 тыс"
100000002934441100,peripheral,0.9,2,0.362,"выраженных признаков нет: 2 вх./0 исх., оборот 61 тыс; связан с 1 seed"
100000002936322100,terminal,0.306,23,0.3427,"конечная точка в пределах выгрузки: получил 787 тыс от 2 плательщиков, исходящих нет; доля seed-денег ~0%; вход в конце периода, мог переслать позже"
100000002938501100,peripheral,0.9,4,0.2764,"выраженных признаков нет: 1 вх./1 исх., оборот 8 тыс; связан с 1 seed"
100000002939838100,terminal,0.482,4,0.4889,"конечная точка в пределах выгрузки: получил 571 тыс от 3 плательщиков, исходящих нет; доля seed-денег ~29%; вход в конце периода, мог переслать позже; связан с 1 seed"
100000002941114100,peripheral,0.6,16,0.4297,"выраженных признаков нет: 2 вх./1 исх., оборот 129 тыс; связан с 1 seed; взаимные переводы с 1"
100000002943472100,terminal,0.314,13,0.1772,"конечная точка в пределах выгрузки: получил 170 тыс от 1 плательщика, исходящих нет; доля seed-денег ~0%"
100000002945031100,peripheral,0.9,12,0.1113,"выраженных признаков нет: 1 вх./0 исх., оборот 15 тыс"
100000002945626100,terminal,0.278,7,0.3314,"конечная точка в пределах выгрузки: получил 584 тыс от 3 плательщиков, исходящих нет; доля seed-денег ~0%; вход в конце периода, мог переслать позже"
100000002947299100,peripheral,0.9,3,0.2318,"выраженных признаков нет: 1 вх./0 исх., оборот 85 тыс"
100000002948492100,peripheral,0.9,15,0.0898,"выраженных признаков нет: 1 вх./0 исх., оборот 24 тыс"
100000002951898100,peripheral,0.9,15,0.1105,"выраженных признаков нет: 1 вх./0 исх., оборот 40 тыс"
100000002952631100,peripheral,0.9,4,0.2833,"выраженных признаков нет: 1 вх./0 исх., оборот 48 тыс; связан с 1 seed"
100000002952756100,peripheral,0.9,29,0.1491,"выраженных признаков нет: 1 вх./0 исх., оборот 47 тыс"
100000002954780100,terminal,0.215,7,0.1698,"конечная точка в пределах выгрузки: получил 133 тыс от 1 плательщика, исходящих нет; доля seed-денег ~0%; вход в конце периода, мог переслать позже"
100000002956769100,terminal,0.314,11,0.3451,"конечная точка в пределах выгрузки: получил 840 тыс от 3 плательщиков, исходящих нет; доля seed-денег ~0%; вход в конце периода, мог переслать позже"
100000002956779100,terminal,0.362,3,0.2719,"конечная точка в пределах выгрузки: получил 411 тыс от 1 плательщика, исходящих нет; доля seed-денег ~1%"
100000002956898100,terminal,0.237,18,0.3326,"конечная точка в пределах выгрузки: получил 290 тыс от 2 плательщиков, исходящих нет; доля seed-денег ~2%; вход в конце периода, мог переслать позже"
100000002957306100,terminal,0.799,16,0.568,"конечная точка в пределах выгрузки: получил 398 тыс от 2 плательщиков, исходящих нет; доля seed-денег ~100%; связан с 2 seed"
100000002957787100,distributor,0.555,2,0.5989,"веерная рассылка: 34 получателя, отправил 1.3 млн; видимый вход 85 тыс, источник вне выгрузки; участвует в круговых потоках (3+ участника); связь с seed-деньгами слабая, возможна легальная активность"
100000002958139100,terminal,0.322,7,0.2058,"конечная точка в пределах выгрузки: получил 210 тыс от 1 плательщика, исходящих нет; доля seed-денег ~0%"
100000002958286100,terminal,0.752,19,0.4386,"конечная точка в пределах выгрузки: получил 257 тыс от 1 плательщика, исходящих нет; доля seed-денег ~100%; связан с 1 seed"
100000002958343100,peripheral,0.6,9,0.3986,"выраженных признаков нет: 1 вх./2 исх., оборот 2.9 млн; взаимные переводы с 1"
100000002958345100,terminal,0.341,11,0.1946,"конечная точка в пределах выгрузки: получил 307 тыс от 1 плательщика, исходящих нет; доля seed-денег ~0%"
100000002963189100,peripheral,0.6,15,0.3107,"выраженных признаков нет: 1 вх./7 исх., оборот 5.2 млн; взаимные переводы с 1"
100000002964966100,terminal,0.32,3,0.2917,"конечная точка в пределах выгрузки: получил 200 тыс от 1 плательщика, исходящих нет; доля seed-денег ~14%"
100000002968096100,peripheral,0.3,6,0.0948,"обрыв выгрузки на последнем колене: получил 70 тыс от 1 плательщика, исходящие неизвестны"
100000002969048100,terminal,0.361,14,0.2869,"конечная точка в пределах выгрузки: получил 108 тыс от 1 плательщика, исходящих нет; доля seed-денег ~24%; вход в конце периода, мог переслать позже"
100000002970466100,peripheral,0.6,2,0.1916,"выраженных признаков нет: 1 вх./2 исх., оборот 93 тыс"
100000002971593100,peripheral,0.3,5,0.0996,"обрыв выгрузки на последнем колене: получил 49 тыс от 1 плательщика, исходящие неизвестны"
100000002973903100,peripheral,0.6,10,0.3742,"выраженных признаков нет: 3 вх./0 исх., оборот 93 тыс; связан с 1 seed"
100000002974256100,peripheral,0.9,10,0.1701,"выраженных признаков нет: 1 вх./0 исх., оборот 7 тыс"
100000002975287100,peripheral,0.9,17,0.0901,"выраженных признаков нет: 1 вх./0 исх., оборот 15 тыс"
100000002975437100,peripheral,0.6,37,0.2969,"выраженных признаков нет: 1 вх./1 исх., оборот 530 тыс; взаимные переводы с 1"
100000002981489100,peripheral,0.3,5,0.0318,"обрыв выгрузки на последнем колене: получил 10 тыс от 1 плательщика, исходящие неизвестны"
100000002981527100,terminal,0.723,19,0.4222,"конечная точка в пределах выгрузки: получил 168 тыс от 1 плательщика, исходящих нет; доля seed-денег ~100%; связан с 1 seed"
100000002982252100,peripheral,0.9,1,0.2427,"выраженных признаков нет: 1 вх./0 исх., оборот 20 тыс; связан с 1 seed"
100000002983426100,peripheral,0.9,8,0.1866,"выраженных признаков нет: 1 вх./0 исх., оборот 89 тыс"
100000002983879100,terminal,0.32,3,0.358,"конечная точка в пределах выгрузки: получил 200 тыс от 2 плательщиков, исходящих нет; доля seed-денег ~9%"
100000002984403100,peripheral,0.9,30,0.2143,"выраженных признаков нет: 1 вх./1 исх., оборот 25 тыс"
100000002986245100,peripheral,0.3,21,0.0204,"обрыв выгрузки на последнем колене: получил 6 тыс от 1 плательщика, исходящие неизвестны"
100000002988894100,peripheral,0.6,3,0.4221,"выраженных признаков нет: 1 вх./3 исх., оборот 306 тыс; связан с 1 seed"
100000002989353100,peripheral,0.6,11,0.2576,"выраженных признаков нет: 1 вх./2 исх., оборот 500 тыс"
100000002990675100,peripheral,0.9,5,0.1239,"выраженных признаков нет: 1 вх./0 исх., оборот 51 тыс"
100000002991079100,peripheral,0.6,4,0.4478,"выраженных признаков нет: 2 вх./1 исх., оборот 149 тыс; связан с 1 seed"
100000002992171100,peripheral,0.9,1,0.2257,"выраженных признаков нет: 1 вх./0 исх., оборот 15 тыс; связан с 1 seed"
100000002994441100,peripheral,0.3,6,0.0474,"обрыв выгрузки на последнем колене: получил 5 тыс от 1 плательщика, исходящие неизвестны"
100000002999140100,peripheral,0.3,10,0.0334,"обрыв выгрузки на последнем колене: получил 10 тыс от 1 плательщика, исходящие неизвестны"
100000003001138100,peripheral,0.3,33,0.0936,"обрыв выгрузки на последнем колене: получил 30 тыс от 1 плательщика, исходящие неизвестны"
100000003001564100,peripheral,0.6,4,0.3526,"выраженных признаков нет: 1 вх./1 исх., оборот 180 тыс; связан с 1 seed"
100000003001661100,peripheral,0.6,33,0.3089,"выраженных признаков нет: 1 вх./5 исх., оборот 440 тыс; взаимные переводы с 1"
100000003003821100,peripheral,0.9,3,0.2405,"выраженных признаков нет: 1 вх./0 исх., оборот 40 тыс"
100000003004487100,transit,0.712,37,0.6387,"признаки транзита: получил 184 тыс, отправил 265 тыс; 92% отправлено в течение 2 дней после входа; связан с 1 seed; взаимные переводы с 1"
100000003005167100,peripheral,0.3,21,0.022,"обрыв выгрузки на последнем колене: получил 7 тыс от 1 плательщика, исходящие неизвестны"
100000003006633100,peripheral,0.9,42,0.0737,"выраженных признаков нет: 1 вх./0 исх., оборот 10 тыс"
100000003009900100,peripheral,0.9,8,0.1076,"выраженных признаков нет: 1 вх./0 исх., оборот 16 тыс"
100000003010908100,peripheral,0.3,8,0.0778,"обрыв выгрузки на последнем колене: получил 17 тыс от 1 плательщика, исходящие неизвестны"
100000003014659100,terminal,0.76,16,0.4418,"конечная точка в пределах выгрузки: получил 280 тыс от 1 плательщика, исходящих нет; доля seed-денег ~100%; связан с 1 seed"
100000003016438100,peripheral,0.6,13,0.2665,"выраженных признаков нет: 1 вх./1 исх., оборот 300 тыс"
100000003016635100,coordinator,0.76,4,0.6813,[seed] признаки координации: 8 плательщиков и 73 получателя; участвует в круговых потоках (3+ участника); доля seed-денег ~100%
100000003016773100,peripheral,0.9,13,0.194,"выраженных признаков нет: 1 вх./0 исх., оборот 47 тыс"
100000003022835100,terminal,0.708,3,0.4112,"конечная точка в пределах выгрузки: получил 125 тыс от 1 плательщика, исходящих нет; доля seed-денег ~100%; связан с 1 seed"
100000003024542100,peripheral,0.9,3,0.1741,"выраженных признаков нет: 1 вх./0 исх., оборот 8 тыс"
100000003025903100,peripheral,0.3,5,0.1895,"обрыв выгрузки на последнем колене: получил 386 тыс от 1 плательщика, исходящие неизвестны"
100000003031003100,terminal,0.235,11,0.2719,"конечная точка в пределах выгрузки: получил 280 тыс от 3 плательщиков, исходящих нет; доля seed-денег ~0%; вход в конце периода, мог переслать позже"
100000003031633100,terminal,0.363,7,0.2393,"конечная точка в пределах выгрузки: получил 414 тыс от 1 плательщика, исходящих нет; доля seed-денег ~0%"
100000003031761100,terminal,0.372,23,0.2562,"конечная точка в пределах выгрузки: получил 460 тыс от 1 плательщика, исходящих нет; доля seed-денег ~0%"
100000003031890100,terminal,0.226,28,0.2354,"конечная точка в пределах выгрузки: получил 215 тыс от 1 плательщика, исходящих нет; доля seed-денег ~2%; вход в конце периода, мог переслать позже"
100000003034546100,terminal,0.264,19,0.3125,"конечная точка в пределах выгрузки: получил 487 тыс от 1 плательщика, исходящих нет; доля seed-денег ~11%; вход в конце периода, мог переслать позже"
100000003035737100,peripheral,0.6,5,0.3681,"выраженных признаков нет: 2 вх./1 исх., оборот 809 тыс"
100000003036198100,peripheral,0.9,3,0.1179,"выраженных признаков нет: 1 вх./0 исх., оборот 15 тыс"
100000003037476100,peripheral,0.3,7,0.267,"обрыв выгрузки на последнем колене: получил 555 тыс от 3 плательщиков, исходящие неизвестны"
100000003037660100,peripheral,0.9,3,0.2894,"выраженных признаков нет: 1 вх./0 исх., оборот 53 тыс; связан с 1 seed"
100000003039473100,peripheral,0.9,4,0.2117,"выраженных признаков нет: 1 вх./0 исх., оборот 23 тыс"
100000003040087100,peripheral,0.3,8,0.0903,"обрыв выгрузки на последнем колене: получил 29 тыс от 1 плательщика, исходящие неизвестны"
100000003042994100,terminal,0.762,4,0.443,"конечная точка в пределах выгрузки: получил 286 тыс от 1 плательщика, исходящих нет; доля seed-денег ~100%; связан с 1 seed"
100000003044431100,peripheral,0.9,36,0.2669,"выраженных признаков нет: 2 вх./0 исх., оборот 60 тыс"
100000003044518100,peripheral,0.9,9,0.2672,"выраженных признаков нет: 1 вх./0 исх., оборот 34 тыс; связан с 1 seed"
100000003047800100,peripheral,0.3,11,0.0384,"обрыв выгрузки на последнем колене: получил 12 тыс от 1 плательщика, исходящие неизвестны"
100000003050771100,terminal,0.326,12,0.2501,"конечная точка в пределах выгрузки: получил 229 тыс от 1 плательщика, исходящих нет; доля seed-денег ~1%"
100000003054328100,transit,0.568,11,0.4099,"признаки транзита: получил 140 тыс, отправил 194 тыс; 96% отправлено в течение 2 дней после входа; связь с seed-деньгами слабая, возможна легальная активность"
100000003057225100,terminal,0.745,4,0.4348,"конечная точка в пределах выгрузки: получил 236 тыс от 1 плательщика, исходящих нет; доля seed-денег ~100%; связан с 1 seed"
100000003060187100,peripheral,0.9,20,0.1883,"выраженных признаков нет: 1 вх./0 исх., оборот 93 тыс"
100000003060517100,terminal,0.343,17,0.2486,"конечная точка в пределах выгрузки: получил 316 тыс от 1 плательщика, исходящих нет; доля seed-денег ~0%"
100000003061115100,peripheral,0.3,2,0.131,"обрыв выгрузки на последнем колене: получил 45 тыс от 1 плательщика, исходящие неизвестны"
100000003062895100,terminal,0.346,13,0.3623,"конечная точка в пределах выгрузки: получил 328 тыс от 2 плательщиков, исходящих нет; доля seed-денег ~3%"
100000003066385100,peripheral,0.9,2,0.3036,"выраженных признаков нет: 2 вх./0 исх., оборот 20 тыс; связан с 1 seed"
100000003068941100,peripheral,0.6,2,0.3717,"выраженных признаков нет: 3 вх./1 исх., оборот 94 тыс"
100000003069463100,peripheral,0.9,31,0.1318,"выраженных признаков нет: 1 вх./1 исх., оборот 18 тыс"
100000003071649100,terminal,0.318,7,0.2031,"конечная точка в пределах выгрузки: получил 190 тыс от 1 плательщика, исходящих нет; доля seed-денег ~0%"
100000003071930100,peripheral,0.6,19,0.4947,"выраженных признаков нет: 3 вх./1 исх., оборот 478 тыс; связан с 1 seed"
100000003072205100,peripheral,0.3,7,0.1824,"обрыв выгрузки на последнем колене: получил 163 тыс от 2 плательщиков, исходящие неизвестны"
100000003072676100,peripheral,0.9,17,0.1247,"выраженных признаков нет: 1 вх./0 исх., оборот 32 тыс"
100000003073398100,peripheral,0.9,14,0.2465,"выраженных признаков нет: 1 вх./0 исх., оборот 93 тыс"
100000003073635100,terminal,0.306,6,0.2203,"конечная точка в пределах выгрузки: получил 129 тыс от 1 плательщика, исходящих нет; доля seed-денег ~1%"
100000003074515100,peripheral,0.3,7,0.1206,"обрыв выгрузки на последнем колене: получил 105 тыс от 1 плательщика, исходящие неизвестны"
100000003078839100,peripheral,0.3,6,0.0718,"обрыв выгрузки на последнем колене: получил 14 тыс от 1 плательщика, исходящие неизвестны"
100000003083865100,peripheral,0.3,8,0.0617,"обрыв выгрузки на последнем колене: получил 15 тыс от 1 плательщика, исходящие неизвестны"
100000003084870100,peripheral,0.3,11,0.0255,"обрыв выгрузки на последнем колене: получил 6 тыс от 1 плательщика, исходящие неизвестны"
100000003086040100,peripheral,0.9,2,0.1626,"выраженных признаков нет: 1 вх./0 исх., оборот 10 тыс"
100000003087877100,peripheral,0.9,23,0.1601,"выраженных признаков нет: 1 вх./0 исх., оборот 91 тыс"
100000003089018100,terminal,0.326,19,0.2943,"конечная точка в пределах выгрузки: получил 230 тыс от 1 плательщика, исходящих нет; доля seed-денег ~11%"
100000003089553100,terminal,0.31,13,0.1718,"конечная точка в пределах выгрузки: получил 150 тыс от 1 плательщика, исходящих нет; доля seed-денег ~0%"
100000003091142100,peripheral,0.3,2,0.1149,"обрыв выгрузки на последнем колене: получил 40 тыс от 1 плательщика, исходящие неизвестны"
100000003093299100,peripheral,0.9,2,0.0684,"выраженных признаков нет: 1 вх./0 исх., оборот 15 тыс"
100000003095610100,peripheral,0.9,8,0.1262,"выраженных признаков нет: 1 вх./0 исх., оборот 24 тыс"
100000003096787100,peripheral,0.3,8,0.066,"обрыв выгрузки на последнем колене: получил 16 тыс от 1 плательщика, исходящие неизвестны"
100000003097324100,terminal,0.339,24,0.3267,"конечная точка в пределах выгрузки: получил 294 тыс от 2 плательщиков, исходящих нет; доля seed-денег ~0%"
100000003097947100,peripheral,0.3,6,0.0988,"обрыв выгрузки на последнем колене: получил 53 тыс от 1 плательщика, исходящие неизвестны"
100000003102157100,peripheral,0.9,2,0.3103,"выраженных признаков нет: 1 вх./0 исх., оборот 97 тыс; связан с 1 seed"
100000003104347100,peripheral,0.6,26,0.3199,"выраженных признаков нет: 1 вх./1 исх., оборот 418 тыс"
100000003105089100,peripheral,0.3,25,0.0815,"обрыв выгрузки на последнем колене: получил 10 тыс от 1 плательщика, исходящие неизвестны"
100000003105929100,peripheral,0.6,5,0.2683,"выраженных признаков нет: 1 вх./1 исх., оборот 430 тыс"
100000003109805100,peripheral,0.9,17,0.121,"выраженных признаков нет: 1 вх./0 исх., оборот 37 тыс"
100000003111305100,terminal,0.382,32,0.3702,"конечная точка в пределах выгрузки: получил 509 тыс от 4 плательщиков, исходящих нет; доля seed-денег ~1%"
100000003112436100,terminal,0.505,4,0.3042,"конечная точка в пределах выгрузки: получил 100 тыс от 1 плательщика, исходящих нет; доля seed-денег ~22%"
100000003112578100,terminal,0.3,11,0.1489,"конечная точка в пределах выгрузки: получил 101 тыс от 1 плательщика, исходящих нет; доля seed-денег ~0%"
100000003115284100,consolidator,0.778,16,0.8416,"признаки консолидации: 8 плательщиков (из них seed: 2), получил 2.2 млн; отдал дальше 24%; до 7 плательщиков в день; связан с 2 seed; участвует в круговых потоках (3+ участника); доля seed-денег ~39%"
100000003116106100,terminal,0.379,5,0.2491,"конечная точка в пределах выгрузки: получил 494 тыс от 1 плательщика, исходящих нет; доля seed-денег ~0%"
100000003119550100,peripheral,0.9,1,0.2436,"выраженных признаков нет: 1 вх./0 исх., оборот 21 тыс; связан с 1 seed"
100000003122817100,terminal,0.369,31,0.214,"конечная точка в пределах выгрузки: получил 445 тыс от 1 плательщика, исходящих нет; доля seed-денег ~0%"
100000003123296100,peripheral,0.9,10,0.3062,"выраженных признаков нет: 1 вх./0 исх., оборот 86 тыс; связан с 1 seed"
100000003125997100,peripheral,0.3,13,0.146,"обрыв выгрузки на последнем колене: получил 88 тыс от 1 плательщика, исходящие неизвестны"
100000003128638100,peripheral,0.3,7,0.1006,"обрыв выгрузки на последнем колене: получил 300 тыс от 1 плательщика, исходящие неизвестны"
100000003131016100,peripheral,0.6,74,0.3432,"выраженных признаков нет: 1 вх./1 исх., оборот 406 тыс; взаимные переводы с 1"
100000003131693100,terminal,0.784,3,0.4516,"конечная точка в пределах выгрузки: получил 353 тыс от 1 плательщика, исходящих нет; доля seed-денег ~100%; связан с 1 seed"
100000003132484100,peripheral,0.9,19,0.2289,"выраженных признаков нет: 1 вх./0 исх., оборот 90 тыс"
100000003133045100,peripheral,0.3,61,0.0737,"обрыв выгрузки на последнем колене: получил 68 тыс от 1 плательщика, исходящие неизвестны"
100000003134474100,terminal,0.303,5,0.1789,"конечная точка в пределах выгрузки: получил 116 тыс от 1 плательщика, исходящих нет; доля seed-денег ~0%"
100000003134550100,peripheral,0.3,13,0.0787,"обрыв выгрузки на последнем колене: получил 100 тыс от 1 плательщика, исходящие неизвестны"
100000003134934100,terminal,0.249,52,0.3761,"конечная точка в пределах выгрузки: получил 379 тыс от 4 плательщиков, исходящих нет; доля seed-денег ~5%; вход в конце периода, мог переслать позже"
100000003134937100,peripheral,0.9,4,0.2155,"выраженных признаков нет: 1 вх./0 исх., оборот 10 тыс; связан с 1 seed"
100000003146511100,peripheral,0.3,12,0.0515,"обрыв выгрузки на последнем колене: получил 10 тыс от 1 плательщика, исходящие неизвестны"
100000003147719100,terminal,0.21,7,0.1566,"конечная точка в пределах выгрузки: получил 100 тыс от 1 плательщика, исходящих нет; доля seed-денег ~0%; вход в конце периода, мог переслать позже"
100000003148220100,peripheral,0.6,70,0.3067,"выраженных признаков нет: 1 вх./2 исх., оборот 43 тыс; связан с 1 seed; взаимные переводы с 1"
100000003149149100,terminal,0.329,5,0.2145,"конечная точка в пределах выгрузки: получил 245 тыс от 1 плательщика, исходящих нет; доля seed-денег ~0%"
100000003152964100,peripheral,0.6,6,0.2601,"выраженных признаков нет: 1 вх./1 исх., оборот 142 тыс"
100000003154105100,peripheral,0.6,25,0.326,"выраженных признаков нет: 1 вх./7 исх., оборот 338 тыс"
100000003157333100,peripheral,0.9,14,0.1971,"выраженных признаков нет: 1 вх./0 исх., оборот 30 тыс"
100000003157679100,terminal,0.272,7,0.3363,"конечная точка в пределах выгрузки: получил 541 тыс от 4 плательщиков, исходящих нет; доля seed-денег ~0%; вход в конце периода, мог переслать позже"
100000003158727100,terminal,0.683,9,0.5184,"конечная точка в пределах выгрузки: получил 368 тыс от 3 плательщиков, исходящих нет; доля seed-денег ~48%; связан с 1 seed"
100000003159641100,peripheral,0.6,69,0.3561,"выраженных признаков нет: 4 вх./1 исх., оборот 198 тыс"
100000003163256100,peripheral,0.9,4,0.2934,"выраженных признаков нет: 1 вх./1 исх., оборот 15 тыс; связан с 1 seed"
100000003163886100,terminal,0.38,66,0.2865,"конечная точка в пределах выгрузки: получил 500 тыс от 1 плательщика, исходящих нет; доля seed-денег ~1%"
100000003164661100,terminal,0.399,34,0.3097,"конечная точка в пределах выгрузки: получил 596 тыс от 1 плательщика, исходящих нет; доля seed-денег ~3%"
100000003166017100,peripheral,0.3,8,0.0617,"обрыв выгрузки на последнем колене: получил 15 тыс от 1 плательщика, исходящие неизвестны"
100000003166755100,peripheral,0.9,3,0.1421,"выраженных признаков нет: 1 вх./0 исх., оборот 24 тыс"
100000003171006100,terminal,0.377,7,0.3212,"конечная точка в пределах выгрузки: получил 485 тыс от 2 плательщиков, исходящих нет; доля seed-денег ~0%"
100000003171587100,peripheral,0.6,5,0.3792,"выраженных признаков нет: 2 вх./2 исх., оборот 700 тыс"
100000003173783100,peripheral,0.3,35,0.0745,"обрыв выгрузки на последнем колене: получил 24 тыс от 1 плательщика, исходящие неизвестны"
100000003177533100,peripheral,0.3,6,0.0672,"обрыв выгрузки на последнем колене: получил 20 тыс от 1 плательщика, исходящие неизвестны"
100000003178549100,peripheral,0.6,17,0.4661,"выраженных признаков нет: 2 вх./4 исх., оборот 250 тыс; связан с 1 seed; участвует в круговых потоках (3+ участника)"
100000003180305100,peripheral,0.3,2,0.1592,"обрыв выгрузки на последнем колене: получил 144 тыс от 1 плательщика, исходящие неизвестны"
100000003180820100,peripheral,0.3,7,0.1198,"обрыв выгрузки на последнем колене: получил 101 тыс от 1 плательщика, исходящие неизвестны"
100000003186579100,peripheral,0.3,6,0.1664,"обрыв выгрузки на последнем колене: получил 110 тыс от 1 плательщика, исходящие неизвестны"
100000003187359100,peripheral,0.9,1,0.2379,"выраженных признаков нет: 1 вх./0 исх., оборот 19 тыс; связан с 1 seed"
100000003188607100,peripheral,0.9,9,0.2585,"выраженных признаков нет: 1 вх./1 исх., оборот 18 тыс"
100000003190207100,peripheral,0.6,22,0.2626,"выраженных признаков нет: 1 вх./1 исх., оборот 377 тыс"
100000003191430100,terminal,0.316,4,0.2843,"конечная точка в пределах выгрузки: получил 180 тыс от 1 плательщика, исходящих нет; доля seed-денег ~13%"
100000003192220100,peripheral,0.9,65,0.2443,"выраженных признаков нет: 1 вх./0 исх., оборот 60 тыс"
100000003192309100,peripheral,0.6,1,0.185,"выраженных признаков нет: 1 вх./1 исх., оборот 213 тыс"
100000003194831100,peripheral,0.3,29,0.0275,"обрыв выгрузки на последнем колене: получил 6 тыс от 1 плательщика, исходящие неизвестны"
100000003199390100,peripheral,0.3,5,0.1514,"обрыв выгрузки на последнем колене: получил 260 тыс от 1 плательщика, исходящие неизвестны"
100000003200071100,peripheral,0.9,84,0.1126,"[seed] выраженных признаков нет: 0 вх./1 исх., оборот 30 тыс"
100000003204491100,peripheral,0.6,2,0.2543,"выраженных признаков нет: 1 вх./1 исх., оборот 140 тыс"
100000003205210100,terminal,0.713,3,0.4144,"конечная точка в пределах выгрузки: получил 138 тыс от 1 плательщика, исходящих нет; доля seed-денег ~100%; связан с 1 seed"
100000003207060100,peripheral,0.3,2,0.1542,"обрыв выгрузки на последнем колене: получил 53 тыс от 1 плательщика, исходящие неизвестны"
100000003213473100,distributor,0.51,2,0.4746,"веерная рассылка: 11 получателей, отправил 240 тыс; видимый вход 58 тыс, источник вне выгрузки; связан с 2 seed; участвует в круговых потоках (3+ участника)"
100000003214786100,peripheral,0.3,2,0.0573,"обрыв выгрузки на последнем колене: получил 5 тыс от 1 плательщика, исходящие неизвестны"
100000003215448100,peripheral,0.6,6,0.2643,"выраженных признаков нет: 1 вх./2 исх., оборот 124 тыс"
100000003216073100,peripheral,0.9,23,0.2035,"выраженных признаков нет: 1 вх./1 исх., оборот 70 тыс"
100000003218308100,peripheral,0.9,2,0.0608,"выраженных признаков нет: 1 вх./0 исх., оборот 11 тыс"
100000003219438100,peripheral,0.9,41,0.2111,"выраженных признаков нет: 1 вх./0 исх., оборот 32 тыс"
100000003220685100,peripheral,0.3,5,0.1928,"обрыв выгрузки на последнем колене: получил 1.3 млн от 1 плательщика, исходящие неизвестны"
100000003221384100,terminal,0.268,18,0.2819,"конечная точка в пределах выгрузки: получил 511 тыс от 1 плательщика, исходящих нет; доля seed-денег ~3%; вход в конце периода, мог переслать позже"
100000003221510100,peripheral,0.6,76,0.1975,"выраженных признаков нет: 1 вх./2 исх., оборот 120 тыс"
100000003230328100,peripheral,0.3,2,0.1731,"обрыв выгрузки на последнем колене: получил 27 тыс от 3 плательщиков, исходящие неизвестны"
100000003230329100,peripheral,0.3,7,0.1218,"обрыв выгрузки на последнем колене: получил 110 тыс от 1 плательщика, исходящие неизвестны"
100000003232675100,peripheral,0.3,12,0.1107,"обрыв выгрузки на последнем колене: получил 44 тыс от 1 плательщика, исходящие неизвестны"
100000003235780100,peripheral,0.9,2,0.3417,"выраженных признаков нет: 2 вх./0 исх., оборот 65 тыс; связан с 1 seed"
100000003237045100,peripheral,0.6,4,0.3111,"выраженных признаков нет: 1 вх./1 исх., оборот 340 тыс; взаимные переводы с 1"
100000003239379100,peripheral,0.9,10,0.3083,"выраженных признаков нет: 1 вх./0 исх., оборот 92 тыс; связан с 1 seed"
100000003239859100,peripheral,0.9,10,0.2368,"выраженных признаков нет: 1 вх./0 исх., оборот 19 тыс; связан с 1 seed"
100000003241965100,peripheral,0.9,8,0.1038,"выраженных признаков нет: 1 вх./0 исх., оборот 15 тыс"
100000003242289100,distributor,0.473,17,0.5985,"веерная рассылка: 23 получателя, отправил 2.4 млн; видимый вход 551 тыс, источник вне выгрузки; участвует в круговых потоках (3+ участника); связь с seed-деньгами слабая, возможна легальная активность"
100000003242795100,terminal,0.302,5,0.1771,"конечная точка в пределах выгрузки: получил 111 тыс от 1 плательщика, исходящих нет; доля seed-денег ~0%"
100000003246024100,peripheral,0.9,74,0.2438,"выраженных признаков нет: 1 вх./1 исх., оборот 25 тыс"
100000003247600100,peripheral,0.3,3,0.1406,"обрыв выгрузки на последнем колене: получил 58 тыс от 1 плательщика, исходящие неизвестны"
100000003249054100,consolidator,0.491,3,0.4953,"признаки консолидации: 7 плательщиков, получил 100 тыс; отдал дальше 15%; связь с seed-деньгами слабая, возможна легальная активность"
100000003252446100,peripheral,0.3,13,0.0816,"обрыв выгрузки на последнем колене: получил 109 тыс от 1 плательщика, исходящие неизвестны"
100000003254277100,peripheral,0.9,2,0.1847,"выраженных признаков нет: 1 вх./1 исх., оборот 49 тыс"
100000003254723100,terminal,0.655,3,0.3832,"конечная точка в пределах выгрузки: получил 270 тыс от 1 плательщика, исходящих нет; доля seed-денег ~50%"
100000003265158100,transit,0.8,10,0.6914,"признаки транзита: получил 146 тыс, отправил 154 тыс; 100% отправлено в течение 2 дней после входа; связан с 2 seed; доля seed-денег ~67%"
100000003265658100,peripheral,0.2,0,0.006,[seed] нет переводов в выгрузке: роль определить нельзя
100000003270419100,terminal,0.548,12,0.336,"конечная точка в пределах выгрузки: получил 150 тыс от 1 плательщика, исходящих нет; доля seed-денег ~29%"
100000003271151100,terminal,0.305,6,0.2197,"конечная точка в пределах выгрузки: получил 127 тыс от 1 плательщика, исходящих нет; доля seed-денег ~1%"
100000003275398100,peripheral,0.6,28,0.2964,"выраженных признаков нет: 1 вх./1 исх., оборот 300 тыс"
100000003278020100,terminal,0.318,2,0.2522,"конечная точка в пределах выгрузки: получил 190 тыс от 1 плательщика, исходящих нет; доля seed-денег ~2%"
100000003284932100,peripheral,0.9,3,0.2985,"выраженных признаков нет: 1 вх./0 исх., оборот 70 тыс; связан с 1 seed"
100000003286537100,terminal,0.217,7,0.2466,"конечная точка в пределах выгрузки: получил 153 тыс от 2 плательщиков, исходящих нет; доля seed-денег ~0%; вход в конце периода, мог переслать позже"
100000003289281100,peripheral,0.3,2,0.1574,"обрыв выгрузки на последнем колене: получил 40 тыс от 1 плательщика, исходящие неизвестны"
100000003289405100,terminal,0.351,3,0.2794,"конечная точка в пределах выгрузки: получил 355 тыс от 1 плательщика, исходящих нет; доля seed-денег ~2%"
100000003292191100,terminal,0.212,24,0.1326,"конечная точка в пределах выгрузки: получил 112 тыс от 1 плательщика, исходящих нет; доля seed-денег ~0%; вход в конце периода, мог переслать позже"
100000003292979100,peripheral,0.9,3,0.231,"выраженных признаков нет: 1 вх./0 исх., оборот 49 тыс"
100000003293377100,peripheral,0.9,5,0.1212,"выраженных признаков нет: 1 вх./0 исх., оборот 50 тыс"
100000003299365100,transit,0.867,3,0.5817,"признаки транзита: получил 200 тыс, отправил 200 тыс (100%); 100% отправлено в течение 2 дней после входа; связан с 1 seed; взаимные переводы с 1; доля seed-денег ~100%"
100000003321423100,terminal,0.21,40,0.249,"конечная точка в пределах выгрузки: получил 100 тыс от 1 плательщика, исходящих нет; доля seed-денег ~19%; вход в конце периода, мог переслать позже"
100000003321895100,peripheral,0.6,77,0.2945,"выраженных признаков нет: 1 вх./2 исх., оборот 554 тыс"
100000003336565100,peripheral,0.9,1,0.1281,"выраженных признаков нет: 1 вх./0 исх., оборот 17 тыс"
100000003338583100,peripheral,0.9,28,0.0981,"выраженных признаков нет: 1 вх./0 исх., оборот 22 тыс"
100000003345947100,peripheral,0.3,6,0.1269,"обрыв выгрузки на последнем колене: получил 80 тыс от 1 плательщика, исходящие неизвестны"
100000003349739100,peripheral,0.2,0,0.006,[seed] нет переводов в выгрузке: роль определить нельзя
100000003360542100,peripheral,0.6,16,0.5037,"выраженных признаков нет: 2 вх./2 исх., оборот 317 тыс; участвует в круговых потоках (3+ участника)"
100000003366154100,transit,0.8,3,0.5882,"признаки транзита: получил 125 тыс, отправил 289 тыс; 100% отправлено в течение 2 дней после входа; связан с 1 seed; доля seed-денег ~43%"
100000003366471100,peripheral,0.6,6,0.3708,"выраженных признаков нет: 2 вх./1 исх., оборот 330 тыс"
100000003370425100,peripheral,0.3,12,0.1534,"обрыв выгрузки на последнем колене: получил 20 тыс от 1 плательщика, исходящие неизвестны"
100000003377795100,peripheral,0.9,9,0.2025,"выраженных признаков нет: 1 вх./0 исх., оборот 7 тыс; связан с 1 seed"
100000003390036100,peripheral,0.6,16,0.4933,"выраженных признаков нет: 2 вх./2 исх., оборот 231 тыс; участвует в круговых потоках (3+ участника)"
100000003404627100,terminal,0.926,48,0.5829,"конечная точка в пределах выгрузки: получил 878 тыс от 4 плательщиков, исходящих нет; доля seed-денег ~70%; связан с 1 seed"
100000003406094100,peripheral,0.6,4,0.2944,"выраженных признаков нет: 1 вх./3 исх., оборот 70 тыс; взаимные переводы с 1"
100000003447411100,peripheral,0.3,6,0.1145,"обрыв выгрузки на последнем колене: получил 302 тыс от 1 плательщика, исходящие неизвестны"
100000003448713100,peripheral,0.3,6,0.1093,"обрыв выгрузки на последнем колене: получил 267 тыс от 1 плательщика, исходящие неизвестны"
100000003449074100,peripheral,0.9,2,0.2113,"выраженных признаков нет: 1 вх./0 исх., оборот 10 тыс; связан с 1 seed"
100000003457710100,transit,0.6,5,0.3984,"признаки транзита: получил 327 тыс, отправил 1.3 млн; 100% отправлено в течение 2 дней после входа; связь с seed-деньгами слабая, возможна легальная активность"
100000003470579100,peripheral,0.3,31,0.1516,"обрыв выгрузки на последнем колене: получил 357 тыс от 1 плательщика, исходящие неизвестны"
100000003476560100,peripheral,0.9,3,0.285,"выраженных признаков нет: 1 вх./0 исх., оборот 50 тыс; связан с 1 seed"
100000003481025100,peripheral,0.3,2,0.0308,"обрыв выгрузки на последнем колене: получил 9 тыс от 1 плательщика, исходящие неизвестны"
100000003484058100,peripheral,0.6,15,0.2118,"выраженных признаков нет: 1 вх./1 исх., оборот 110 тыс"
100000003486846100,peripheral,0.3,4,0.0958,"обрыв выгрузки на последнем колене: получил 27 тыс от 1 плательщика, исходящие неизвестны"
100000003486970100,terminal,0.31,5,0.19,"конечная точка в пределах выгрузки: получил 150 тыс от 1 плательщика, исходящих нет; доля seed-денег ~0%"
100000003497735100,terminal,0.305,20,0.2206,"конечная точка в пределах выгрузки: получил 125 тыс от 1 плательщика, исходящих нет; доля seed-денег ~1%"
100000003500764100,peripheral,0.3,17,0.0727,"обрыв выгрузки на последнем колене: получил 21 тыс от 1 плательщика, исходящие неизвестны"
100000003509750100,peripheral,0.6,14,0.4089,"выраженных признаков нет: 3 вх./3 исх., оборот 82 тыс; взаимные переводы с 2"
100000003528285100,peripheral,0.6,3,0.4367,"выраженных признаков нет: 4 вх./4 исх., оборот 548 тыс; связан с 1 seed"
100000003557488100,peripheral,0.6,37,0.3158,"выраженных признаков нет: 1 вх./2 исх., оборот 665 тыс; взаимные переводы с 1"
100000003561031100,peripheral,0.9,6,0.1651,"выраженных признаков нет: 1 вх./1 исх., оборот 13 тыс"
100000003567087100,peripheral,0.9,1,0.2955,"выраженных признаков нет: 1 вх./0 исх., оборот 62 тыс; связан с 1 seed"
100000003568904100,peripheral,0.3,12,0.1101,"обрыв выгрузки на последнем колене: получил 49 тыс от 1 плательщика, исходящие неизвестны"
100000003574895100,peripheral,0.9,2,0.1627,"выраженных признаков нет: 1 вх./1 исх., оборот 28 тыс"
100000003581109100,peripheral,0.9,2,0.109,"выраженных признаков нет: 1 вх./0 исх., оборот 43 тыс"
100000003582677100,peripheral,0.6,3,0.3382,"выраженных признаков нет: 2 вх./4 исх., оборот 56 тыс; связан с 1 seed"
100000003589877100,transit,0.66,13,0.6152,"признаки транзита: получил 176 тыс, отправил 416 тыс; 88% отправлено в течение 2 дней после входа; связан с 1 seed"
100000003594472100,peripheral,0.9,37,0.1045,"выраженных признаков нет: 1 вх./0 исх., оборот 20 тыс"
100000003603979100,terminal,0.313,28,0.2697,"конечная точка в пределах выгрузки: получил 165 тыс от 1 плательщика, исходящих нет; доля seed-денег ~8%"
100000003610172100,peripheral,0.9,5,0.1348,"выраженных признаков нет: 1 вх./0 исх., оборот 70 тыс"
100000003616818100,peripheral,0.6,28,0.513,"выраженных признаков нет: 3 вх./3 исх., оборот 240 тыс; связан с 1 seed; участвует в круговых потоках (3+ участника)"
100000003617552100,peripheral,0.9,34,0.208,"выраженных признаков нет: 1 вх./0 исх., оборот 25 тыс"
100000003622955100,peripheral,0.3,16,0.1542,"обрыв выгрузки на последнем колене: получил 15 тыс от 1 плательщика, исходящие неизвестны"
100000003626268100,peripheral,0.3,6,0.0474,"обрыв выгрузки на последнем колене: получил 5 тыс от 1 плательщика, исходящие неизвестны"
100000003631015100,peripheral,0.3,49,0.0981,"обрыв выгрузки на последнем колене: получил 266 тыс от 1 плательщика, исходящие неизвестны"
100000003632533100,peripheral,0.3,5,0.0477,"обрыв выгрузки на последнем колене: получил 10 тыс от 1 плательщика, исходящие неизвестны"
100000003635170100,transit,0.822,40,0.6722,"признаки транзита: получил 268 тыс, отправил 254 тыс (94%); 100% отправлено в течение 2 дней после входа; связан с 1 seed; взаимные переводы с 2"
100000003635660100,peripheral,0.9,2,0.1266,"выраженных признаков нет: 1 вх./0 исх., оборот 19 тыс"
100000003636627100,peripheral,0.9,14,0.3079,"выраженных признаков нет: 1 вх./1 исх., оборот 77 тыс; взаимные переводы с 1"
100000003646145100,peripheral,0.3,39,0.1114,"обрыв выгрузки на последнем колене: получил 5 тыс от 1 плательщика, исходящие неизвестны"
100000003647799100,terminal,0.3,5,0.171,"конечная точка в пределах выгрузки: получил 100 тыс от 1 плательщика, исходящих нет; доля seed-денег ~0%"
100000003650146100,peripheral,0.9,4,0.1202,"выраженных признаков нет: 1 вх./0 исх., оборот 14 тыс"
100000003664994100,peripheral,0.3,50,0.1733,"обрыв выгрузки на последнем колене: получил 338 тыс от 1 плательщика, исходящие неизвестны"
100000003671721100,peripheral,0.9,8,0.1094,"выраженных признаков нет: 1 вх./0 исх., оборот 5 тыс"
100000003677936100,peripheral,0.9,9,0.223,"выраженных признаков нет: 1 вх./1 исх., оборот 71 тыс"
100000003684369100,coordinator,0.933,3,0.7289,[seed] признаки координации: 24 плательщика и 62 получателя; связан ещё с 1 seed; взаимные переводы с 1; доля seed-денег ~100%
100000003692843100,peripheral,0.3,77,0.1983,"обрыв выгрузки на последнем колене: получил 510 тыс от 1 плательщика, исходящие неизвестны"
100000003696422100,peripheral,0.3,37,0.1678,"обрыв выгрузки на последнем колене: получил 118 тыс от 1 плательщика, исходящие неизвестны"
100000003701161100,peripheral,0.6,26,0.581,"выраженных признаков нет: 4 вх./3 исх., оборот 1.5 млн; связан с 1 seed; участвует в круговых потоках (3+ участника)"
100000003711830100,peripheral,0.9,6,0.1593,"выраженных признаков нет: 1 вх./0 исх., оборот 50 тыс"
100000003713616100,peripheral,0.9,4,0.2302,"выраженных признаков нет: 1 вх./0 исх., оборот 16 тыс; связан с 1 seed"
100000003718221100,transit,0.427,26,0.5767,"признаки транзита: получил 350 тыс, отправил 424 тыс; 80% отправлено в течение 2 дней после входа; участвует в круговых потоках (3+ участника)"
100000003718715100,peripheral,0.3,12,0.1719,"обрыв выгрузки на последнем колене: получил 915 тыс от 1 плательщика, исходящие неизвестны"
100000003724440100,peripheral,0.9,36,0.2623,"выраженных признаков нет: 2 вх./0 исх., оборот 50 тыс"
100000003736419100,peripheral,0.9,2,0.205,"выраженных признаков нет: 1 вх./1 исх., оборот 23 тыс"
100000003739818100,peripheral,0.9,3,0.2931,"выраженных признаков нет: 1 вх./0 исх., оборот 57 тыс; связан с 1 seed"
100000003741418100,consolidator,0.517,47,0.5225,"признаки консолидации: 9 плательщиков, получил 152 тыс; отдал дальше 26%; взаимные переводы с 1; связь с seed-деньгами слабая, возможна легальная активность"
100000003747133100,transit,0.53,56,0.5228,"признаки транзита: получил 237 тыс, отправил 250 тыс; 92% отправлено в течение 2 дней после входа; связь с seed-деньгами слабая, возможна легальная активность"
100000003760160100,terminal,0.301,5,0.1743,"конечная точка в пределах выгрузки: получил 104 тыс от 1 плательщика, исходящих нет; доля seed-денег ~0%"
100000003770083100,peripheral,0.2,0,0.006,[seed] нет переводов в выгрузке: роль определить нельзя
100000003781406100,peripheral,0.9,10,0.236,"выраженных признаков нет: 1 вх./0 исх., оборот 45 тыс"
100000003782913100,peripheral,0.3,15,0.1131,"обрыв выгрузки на последнем колене: получил 200 тыс от 1 плательщика, исходящие неизвестны"
100000003786516100,peripheral,0.3,2,0.0258,"обрыв выгрузки на последнем колене: получил 5 тыс от 1 плательщика, исходящие неизвестны"
100000003792647100,peripheral,0.3,5,0.0425,"обрыв выгрузки на последнем колене: получил 8 тыс от 1 плательщика, исходящие неизвестны"
100000003795588100,terminal,0.36,2,0.2619,"конечная точка в пределах выгрузки: получил 400 тыс от 1 плательщика, исходящих нет; доля seed-денег ~0%"
100000003796063100,distributor,0.55,47,0.5805,"веерная рассылка: 15 получателей, отправил 959 тыс; видимый вход 35 тыс, источник вне выгрузки; связан с 2 seed; участвует в круговых потоках (3+ участника)"
100000003798151100,terminal,0.783,4,0.4166,"конечная точка в пределах выгрузки: получил 350 тыс от 1 плательщика, исходящих нет; доля seed-денег ~86%"
100000003809101100,peripheral,0.6,16,0.477,"выраженных признаков нет: 2 вх./2 исх., оборот 166 тыс; связан с 1 seed; взаимные переводы с 1"
100000003814002100,peripheral,0.9,5,0.101,"выраженных признаков нет: 1 вх./0 исх., оборот 30 тыс"
100000003819173100,peripheral,0.3,6,0.0921,"обрыв выгрузки на последнем колене: получил 144 тыс от 1 плательщика, исходящие неизвестны"
100000003823811100,peripheral,0.6,22,0.4031,"выраженных признаков нет: 1 вх./3 исх., оборот 66 тыс; связан с 3 seed"
100000003824464100,terminal,0.32,26,0.2594,"конечная точка в пределах выгрузки: получил 200 тыс от 1 плательщика, исходящих нет; доля seed-денег ~3%"
100000003831201100,peripheral,0.9,2,0.2303,"выраженных признаков нет: 1 вх./0 исх., оборот 40 тыс"
100000003831324100,terminal,0.722,9,0.5128,"конечная точка в пределах выгрузки: получил 300 тыс от 2 плательщиков, исходящих нет; доля seed-денег ~67%; связан с 1 seed"
100000003832231100,peripheral,0.9,3,0.2682,"выраженных признаков нет: 1 вх./0 исх., оборот 35 тыс; связан с 1 seed"
100000003834495100,peripheral,0.6,2,0.3946,"выраженных признаков нет: 3 вх./1 исх., оборот 602 тыс"
100000003835149100,peripheral,0.6,27,0.4334,"выраженных признаков нет: 1 вх./2 исх., оборот 4.6 млн; связан с 1 seed"
100000003838587100,peripheral,0.3,15,0.0295,"обрыв выгрузки на последнем колене: получил 6 тыс от 1 плательщика, исходящие неизвестны"
100000003843844100,peripheral,0.6,12,0.2349,"выраженных признаков нет: 1 вх./1 исх., оборот 238 тыс"
100000003854444100,distributor,0.405,20,0.4602,"веерная рассылка: 14 получателей, отправил 2.3 млн; видимый вход 210 тыс, источник вне выгрузки; связь с seed-деньгами слабая, возможна легальная активность"
100000003865939100,peripheral,0.9,85,0.3044,"выраженных признаков нет: 1 вх./0 исх., оборот 81 тыс; связан с 1 seed"
100000003873332100,peripheral,0.6,20,0.3842,"выраженных признаков нет: 1 вх./4 исх., оборот 286 тыс; связан с 1 seed"
100000003877908100,peripheral,0.9,3,0.2738,"выраженных признаков нет: 1 вх./0 исх., оборот 40 тыс; связан с 1 seed"
100000003880331100,distributor,0.56,6,0.5043,"веерная рассылка: 16 получателей, отправил 3.9 млн; видимый вход 100 тыс, источник вне выгрузки; связан с 1 seed; участвует в круговых потоках (3+ участника)"
100000003886323100,peripheral,0.6,4,0.3935,"выраженных признаков нет: 2 вх./1 исх., оборот 78 тыс; связан с 1 seed; взаимные переводы с 1"
100000003888197100,peripheral,0.9,5,0.1412,"выраженных признаков нет: 1 вх./0 исх., оборот 83 тыс"
100000003888271100,peripheral,0.6,53,0.31,"выраженных признаков нет: 1 вх./2 исх., оборот 26 тыс; связан с 1 seed; взаимные переводы с 1"
100000003888527100,peripheral,0.9,50,0.1594,"выраженных признаков нет: 1 вх./0 исх., оборот 30 тыс"
100000003896956100,peripheral,0.9,4,0.186,"выраженных признаков нет: 1 вх./1 исх., оборот 27 тыс"
100000003899325100,peripheral,0.9,6,0.1286,"выраженных признаков нет: 1 вх./0 исх., оборот 50 тыс"
100000003899899100,peripheral,0.6,4,0.3595,"выраженных признаков нет: 2 вх./1 исх., оборот 218 тыс"
100000003900547100,peripheral,0.9,4,0.2494,"выраженных признаков нет: 1 вх./0 исх., оборот 24 тыс; связан с 1 seed"
100000003904497100,peripheral,0.3,7,0.0561,"обрыв выгрузки на последнем колене: получил 10 тыс от 1 плательщика, исходящие неизвестны"
100000003917461100,peripheral,0.6,10,0.2987,"выраженных признаков нет: 1 вх./2 исх., оборот 140 тыс; взаимные переводы с 1"
100000003920950100,terminal,0.345,9,0.2435,"конечная точка в пределах выгрузки: получил 323 тыс от 1 плательщика, исходящих нет; доля seed-денег ~0%"
100000003922499100,peripheral,0.9,10,0.2502,"выраженных признаков нет: 1 вх./0 исх., оборот 50 тыс"
100000003923946100,transit,0.8,14,0.6095,"признаки транзита: получил 282 тыс, отправил 675 тыс; 100% отправлено в течение 2 дней после входа; связан с 1 seed; взаимные переводы с 1; доля seed-денег ~42%"
100000003927792100,peripheral,0.9,18,0.13,"выраженных признаков нет: 1 вх./0 исх., оборот 13 тыс"
100000003934614100,peripheral,0.6,41,0.3301,"выраженных признаков нет: 2 вх./1 исх., оборот 17 тыс; участвует в круговых потоках (3+ участника)"
100000003942602100,peripheral,0.9,1,0.3299,"выраженных признаков нет: 1 вх./1 исх., оборот 30 тыс; связан с 1 seed; взаимные переводы с 1"
100000003943247100,peripheral,0.9,2,0.1064,"выраженных признаков нет: 1 вх./0 исх., оборот 40 тыс"
100000003943483100,peripheral,0.9,10,0.1768,"выраженных признаков нет: 1 вх./0 исх., оборот 10 тыс"
100000003946524100,peripheral,0.6,3,0.4719,"выраженных признаков нет: 2 вх./2 исх., оборот 145 тыс; связан с 1 seed; взаимные переводы с 1"
100000003950749100,peripheral,0.3,4,0.1128,"обрыв выгрузки на последнем колене: получил 7 тыс от 1 плательщика, исходящие неизвестны"
100000003951827100,peripheral,0.6,2,0.1378,"выраженных признаков нет: 1 вх./2 исх., оборот 17 тыс"
100000003962994100,peripheral,0.9,45,0.1546,"выраженных признаков нет: 1 вх./0 исх., оборот 10 тыс"
100000003964910100,terminal,0.48,17,0.3842,"конечная точка в пределах выгрузки: получил 1.0 млн от 2 плательщиков, исходящих нет; доля seed-денег ~1%"
100000003968044100,peripheral,0.6,6,0.3334,"выраженных признаков нет: 1 вх./3 исх., оборот 311 тыс; участвует в круговых потоках (3+ участника)"
100000003970394100,peripheral,0.9,10,0.3057,"выраженных признаков нет: 1 вх./0 исх., оборот 85 тыс; связан с 1 seed"
100000003971049100,peripheral,0.9,2,0.196,"выраженных признаков нет: 1 вх./0 исх., оборот 56 тыс"
100000003975102100,peripheral,0.6,4,0.3306,"[seed] выраженных признаков нет: 1 вх./2 исх., оборот 88 тыс; связан ещё с 2 seed"
100000003977183100,peripheral,0.6,14,0.426,"[seed] выраженных признаков нет: 2 вх./4 исх., оборот 766 тыс; связан ещё с 1 seed; взаимные переводы с 1"
100000003980083100,peripheral,0.9,84,0.2607,"выраженных признаков нет: 1 вх./0 исх., оборот 30 тыс; связан с 1 seed"
100000003985389100,peripheral,0.3,6,0.1607,"обрыв выгрузки на последнем колене: получил 423 тыс от 1 плательщика, исходящие неизвестны"
100000003986141100,peripheral,0.9,17,0.0636,"выраженных признаков нет: 1 вх./0 исх., оборот 5 тыс"
100000003988112100,peripheral,0.9,22,0.3243,"выраженных признаков нет: 1 вх./1 исх., оборот 92 тыс; взаимные переводы с 1"
100000003989033100,peripheral,0.3,29,0.1707,"обрыв выгрузки на последнем колене: получил 373 тыс от 1 плательщика, исходящие неизвестны"
100000003996562100,peripheral,0.9,38,0.103,"выраженных признаков нет: 1 вх./0 исх., оборот 8 тыс"
100000004004621100,peripheral,0.6,12,0.3579,"выраженных признаков нет: 3 вх./0 исх., оборот 75 тыс; связан с 1 seed"
100000004005964100,peripheral,0.6,28,0.4875,"выраженных признаков нет: 3 вх./3 исх., оборот 98 тыс; связан с 1 seed; участвует в круговых потоках (3+ участника)"
100000004006327100,peripheral,0.3,13,0.1868,"обрыв выгрузки на последнем колене: получил 300 тыс от 1 плательщика, исходящие неизвестны"
100000004007116100,transit,0.721,28,0.5411,"[seed] признаки транзита: получил 765 тыс, отправил 148 тыс; 93% отправлено в течение 2 дней после входа; участвует в круговых потоках (3+ участника); доля seed-денег ~100%"
100000004007197100,peripheral,0.9,28,0.0728,"выраженных признаков нет: 1 вх./0 исх., оборот 10 тыс"
100000004013952100,peripheral,0.3,2,0.047,"обрыв выгрузки на последнем колене: получил 6 тыс от 1 плательщика, исходящие неизвестны"
100000004015047100,consolidator,0.746,14,0.7954,"признаки консолидации: 9 плательщиков (из них seed: 3), получил 919 тыс; отдал дальше 8%; связан с 3 seed; взаимные переводы с 1; доля seed-денег ~64%"
100000004017410100,peripheral,0.6,41,0.4858,"выраженных признаков нет: 2 вх./5 исх., оборот 1.3 млн; участвует в круговых потоках (3+ участника)"
100000004019056100,peripheral,0.3,12,0.1438,"обрыв выгрузки на последнем колене: получил 50 тыс от 1 плательщика, исходящие неизвестны"
100000004019124100,peripheral,0.6,4,0.3749,"[seed] выраженных признаков нет: 3 вх./0 исх., оборот 193 тыс; связан ещё с 2 seed"
100000004021459100,peripheral,0.2,0,0.006,[seed] нет переводов в выгрузке: роль определить нельзя
100000004030553100,peripheral,0.3,23,0.1132,"обрыв выгрузки на последнем колене: получил 70 тыс от 1 плательщика, исходящие неизвестны"
100000004035925100,peripheral,0.3,79,0.1681,"обрыв выгрузки на последнем колене: получил 1.1 млн от 1 плательщика, исходящие неизвестны"
100000004041163100,peripheral,0.6,22,0.3739,"[seed] выраженных признаков нет: 1 вх./2 исх., оборот 866 тыс; связан ещё с 2 seed; взаимные переводы с 1"
100000004041294100,peripheral,0.3,30,0.0474,"обрыв выгрузки на последнем колене: получил 18 тыс от 1 плательщика, исходящие неизвестны"
100000004047887100,peripheral,0.3,46,0.0538,"обрыв выгрузки на последнем колене: получил 30 тыс от 1 плательщика, исходящие неизвестны"
100000004049912100,peripheral,0.3,20,0.0672,"обрыв выгрузки на последнем колене: получил 10 тыс от 1 плательщика, исходящие неизвестны"
100000004058740100,peripheral,0.9,1,0.2607,"выраженных признаков нет: 1 вх./0 исх., оборот 30 тыс; связан с 1 seed"
100000004064431100,peripheral,0.9,28,0.1758,"выраженных признаков нет: 1 вх./1 исх., оборот 26 тыс"
100000004066370100,peripheral,0.3,44,0.1923,"обрыв выгрузки на последнем колене: получил 65 тыс от 1 плательщика, исходящие неизвестны"
100000004066647100,peripheral,0.9,20,0.1642,"выраженных признаков нет: 1 вх./0 исх., оборот 51 тыс"
100000004070318100,distributor,0.59,2,0.7782,"веерная рассылка: 19 получателей, отправил 552 тыс; видимый вход 207 тыс, источник вне выгрузки; связан с 3 seed; участвует в круговых потоках (3+ участника)"
100000004070530100,peripheral,0.3,46,0.0417,"обрыв выгрузки на последнем колене: получил 20 тыс от 1 плательщика, исходящие неизвестны"
100000004071070100,peripheral,0.6,2,0.349,"выраженных признаков нет: 2 вх./1 исх., оборот 41 тыс; взаимные переводы с 1"
100000004071080100,consolidator,0.71,2,0.6963,"признаки консолидации: 9 плательщиков (из них seed: 1), получил 239 тыс; отдал дальше 19%; связан с 1 seed; взаимные переводы с 1"
100000004071444100,peripheral,0.6,2,0.2744,"выраженных признаков нет: 1 вх./1 исх., оборот 247 тыс"
100000004076740100,peripheral,0.6,41,0.5305,"выраженных признаков нет: 3 вх./6 исх., оборот 125 тыс; связан с 1 seed; участвует в круговых потоках (3+ участника)"
100000004077081100,peripheral,0.6,3,0.3041,"выраженных признаков нет: 1 вх./4 исх., оборот 615 тыс; связан с 1 seed"
100000004094958100,peripheral,0.9,58,0.3425,"выраженных признаков нет: 1 вх./1 исх., оборот 40 тыс; связан с 1 seed"
100000004096559100,peripheral,0.9,9,0.2291,"выраженных признаков нет: 1 вх./0 исх., оборот 46 тыс"
100000004097972100,peripheral,0.6,2,0.2782,"выраженных признаков нет: 1 вх./2 исх., оборот 119 тыс"
100000004099450100,peripheral,0.9,52,0.1558,"выраженных признаков нет: 1 вх./0 исх., оборот 31 тыс"
100000004105288100,terminal,0.638,3,0.4858,"конечная точка в пределах выгрузки: получил 215 тыс от 2 плательщиков, исходящих нет; доля seed-денег ~50%; связан с 1 seed"
100000004107228100,peripheral,0.3,3,0.0305,"обрыв выгрузки на последнем колене: получил 5 тыс от 1 плательщика, исходящие неизвестны"
100000004114962100,terminal,0.313,5,0.2743,"конечная точка в пределах выгрузки: получил 165 тыс от 2 плательщиков, исходящих нет; доля seed-денег ~0%"
100000004130144100,terminal,0.733,9,0.4284,"конечная точка в пределах выгрузки: получил 200 тыс от 1 плательщика, исходящих нет; доля seed-денег ~100%; связан с 1 seed"
100000004134060100,peripheral,0.9,23,0.2301,"выраженных признаков нет: 1 вх./0 исх., оборот 88 тыс"
100000004135268100,transit,0.807,62,0.7455,"признаки транзита: получил 1.2 млн, отправил 1.0 млн (81%); 85% отправлено в течение 2 дней после входа; связан с 1 seed; участвует в круговых потоках (3+ участника); доля seed-денег ~98%"
100000004140487100,distributor,0.5,3,0.4439,"веерная рассылка: 10 получателей, отправил 263 тыс; видимый вход 25 тыс, источник вне выгрузки; связан с 1 seed; участвует в круговых потоках (3+ участника)"
100000004140994100,peripheral,0.9,1,0.0742,"выраженных признаков нет: 1 вх./0 исх., оборот 19 тыс"
100000004144536100,terminal,0.477,28,0.4697,"конечная точка в пределах выгрузки: получил 168 тыс от 4 плательщиков, исходящих нет; доля seed-денег ~67%; вход в конце периода, мог переслать позже; связан с 1 seed"
100000004150593100,distributor,0.382,4,0.4854,"веерная рассылка: 11 получателей, отправил 871 тыс; видимый вход 57 тыс, источник вне выгрузки; участвует в круговых потоках (3+ участника); связь с seed-деньгами слабая, возможна легальная активность"
100000004156082100,distributor,0.66,18,0.7418,"веерная рассылка: 26 получателей, отправил 2.3 млн; видимый вход 377 тыс, источник вне выгрузки; связан с 1 seed; участвует в круговых потоках (3+ участника)"
100000004158362100,peripheral,0.9,2,0.1525,"выраженных признаков нет: 1 вх./0 исх., оборот 12 тыс"
100000004159526100,peripheral,0.6,15,0.5085,"выраженных признаков нет: 4 вх./4 исх., оборот 275 тыс; связан с 1 seed; взаимные переводы с 1"
100000004160650100,distributor,0.5,28,0.6184,"веерная рассылка: 10 получателей, отправил 1.5 млн; видимый вход 75 тыс, источник вне выгрузки; связан с 1 seed; участвует в круговых потоках (3+ участника)"
100000004167082100,peripheral,0.3,12,0.0839,"обрыв выгрузки на последнем колене: получил 13 тыс от 1 плательщика, исходящие неизвестны"
100000004174835100,peripheral,0.2,0,0.006,[seed] нет переводов в выгрузке: роль определить нельзя
100000004177936100,peripheral,0.3,6,0.0654,"обрыв выгрузки на последнем колене: получил 10 тыс от 1 плательщика, исходящие неизвестны"
100000004180097100,peripheral,0.6,2,0.5312,"выраженных признаков нет: 3 вх./3 исх., оборот 105 тыс; связан с 1 seed; участвует в круговых потоках (3+ участника)"
100000004183610100,peripheral,0.6,12,0.2515,"выраженных признаков нет: 1 вх./1 исх., оборот 915 тыс"
100000004184158100,terminal,0.321,2,0.2341,"конечная точка в пределах выгрузки: получил 204 тыс от 1 плательщика, исходящих нет; доля seed-денег ~0%"
100000004185681100,peripheral,0.9,3,0.1016,"выраженных признаков нет: 1 вх./0 исх., оборот 10 тыс"
100000004186824100,peripheral,0.6,4,0.4874,"выраженных признаков нет: 2 вх./1 исх., оборот 452 тыс; связан с 1 seed"
100000004188160100,peripheral,0.6,4,0.5261,"выраженных признаков нет: 2 вх./5 исх., оборот 134 тыс; связан с 1 seed; участвует в круговых потоках (3+ участника)"
100000004192107100,peripheral,0.9,3,0.181,"выраженных признаков нет: 1 вх./0 исх., оборот 25 тыс"
100000004192865100,peripheral,0.9,34,0.2369,"выраженных признаков нет: 1 вх./0 исх., оборот 67 тыс"
100000004193835100,peripheral,0.9,4,0.2925,"[seed] выраженных признаков нет: 1 вх./1 исх., оборот 47 тыс; связан ещё с 1 seed"
100000004200745100,peripheral,0.3,10,0.2027,"обрыв выгрузки на последнем колене: получил 130 тыс от 1 плательщика, исходящие неизвестны"
100000004206046100,peripheral,0.9,4,0.2172,"выраженных признаков нет: 1 вх./0 исх., оборот 11 тыс; связан с 1 seed"
100000004209339100,peripheral,0.6,40,0.3428,"выраженных признаков нет: 1 вх./2 исх., оборот 238 тыс; взаимные переводы с 1"
100000004213658100,peripheral,0.9,1,0.2541,"выраженных признаков нет: 1 вх./0 исх., оборот 25 тыс; связан с 1 seed"
100000004217419100,peripheral,0.6,6,0.3364,"выраженных признаков нет: 2 вх./1 исх., оборот 118 тыс"
100000004218576100,peripheral,0.9,1,0.2558,"выраженных признаков нет: 1 вх./0 исх., оборот 26 тыс; связан с 1 seed"
100000004221668100,peripheral,0.6,32,0.5324,"выраженных признаков нет: 4 вх./3 исх., оборот 1.1 млн; участвует в круговых потоках (3+ участника)"
100000004222274100,peripheral,0.3,2,0.0487,"обрыв выгрузки на последнем колене: получил 16 тыс от 1 плательщика, исходящие неизвестны"
100000004225615100,peripheral,0.9,19,0.2289,"выраженных признаков нет: 1 вх./0 исх., оборот 90 тыс"
100000004226848100,terminal,0.537,3,0.4053,"конечная точка в пределах выгрузки: получил 302 тыс от 1 плательщика, исходящих нет; доля seed-денег ~100%; вход в конце периода, мог переслать позже; связан с 1 seed"
100000004232712100,peripheral,0.3,5,0.0465,"обрыв выгрузки на последнем колене: получил 12 тыс от 1 плательщика, исходящие неизвестны"
100000004235471100,peripheral,0.3,5,0.1351,"обрыв выгрузки на последнем колене: получил 180 тыс от 1 плательщика, исходящие неизвестны"
100000004241142100,peripheral,0.3,2,0.072,"обрыв выгрузки на последнем колене: получил 27 тыс от 1 плательщика, исходящие неизвестны"
100000004254434100,peripheral,0.9,1,0.2782,"выраженных признаков нет: 1 вх./0 исх., оборот 44 тыс; связан с 1 seed"
100000004257714100,peripheral,0.9,1,0.115,"выраженных признаков нет: 1 вх./0 исх., оборот 52 тыс"
100000004260869100,peripheral,0.3,4,0.0729,"обрыв выгрузки на последнем колене: получил 10 тыс от 1 плательщика, исходящие неизвестны"
100000004261340100,peripheral,0.3,2,0.1257,"обрыв выгрузки на последнем колене: получил 48 тыс от 1 плательщика, исходящие неизвестны"
100000004263867100,peripheral,0.3,21,0.0239,"обрыв выгрузки на последнем колене: получил 9 тыс от 1 плательщика, исходящие неизвестны"
100000004265639100,peripheral,0.3,6,0.0654,"обрыв выгрузки на последнем колене: получил 10 тыс от 1 плательщика, исходящие неизвестны"
100000004268036100,peripheral,0.3,21,0.0198,"обрыв выгрузки на последнем колене: получил 6 тыс от 1 плательщика, исходящие неизвестны"
100000004269433100,peripheral,0.6,72,0.1862,"[seed] выраженных признаков нет: 0 вх./1 исх., оборот 1.4 млн; связан ещё с 1 seed"
100000004272302100,peripheral,0.3,56,0.0544,"обрыв выгрузки на последнем колене: получил 10 тыс от 1 плательщика, исходящие неизвестны"
100000004278574100,peripheral,0.9,5,0.1619,"выраженных признаков нет: 1 вх./1 исх., оборот 25 тыс"
100000004285800100,peripheral,0.9,2,0.2281,"выраженных признаков нет: 1 вх./1 исх., оборот 15 тыс"
100000004286573100,peripheral,0.9,10,0.2319,"выраженных признаков нет: 1 вх./0 исх., оборот 17 тыс; связан с 1 seed"
100000004291560100,peripheral,0.9,2,0.1134,"выраженных признаков нет: 1 вх./0 исх., оборот 47 тыс"
100000004291663100,peripheral,0.3,2,0.0509,"обрыв выгрузки на последнем колене: получил 25 тыс от 1 плательщика, исходящие неизвестны"
100000004292885100,terminal,0.303,1,0.1657,"конечная точка в пределах выгрузки: получил 113 тыс от 1 плательщика, исходящих нет; доля seed-денег ~0%"
100000004299488100,consolidator,0.691,2,0.7269,"признаки консолидации: 6 плательщиков (из них seed: 1), получил 1.7 млн; отдал дальше 20%; до 3 плательщиков в день; связан с 1 seed; взаимные переводы с 1"
100000004315838100,peripheral,0.6,3,0.4061,"выраженных признаков нет: 2 вх./1 исх., оборот 50 тыс; связан с 1 seed"
100000004318918100,peripheral,0.9,16,0.3022,"выраженных признаков нет: 1 вх./0 исх., оборот 76 тыс; связан с 1 seed"
100000004321983100,peripheral,0.6,32,0.2904,"выраженных признаков нет: 1 вх./2 исх., оборот 36 тыс; участвует в круговых потоках (3+ участника)"
100000004325327100,peripheral,0.6,2,0.4299,"выраженных признаков нет: 2 вх./1 исх., оборот 71 тыс; связан с 1 seed"
100000004326224100,peripheral,0.3,5,0.1088,"обрыв выгрузки на последнем колене: получил 60 тыс от 1 плательщика, исходящие неизвестны"
100000004330371100,peripheral,0.6,4,0.484,"выраженных признаков нет: 2 вх./2 исх., оборот 264 тыс; связан с 1 seed; взаимные переводы с 2"
100000004331458100,terminal,0.33,58,0.3861,"конечная точка в пределах выгрузки: получил 250 тыс от 2 плательщиков, исходящих нет; доля seed-денег ~18%"
100000004336228100,peripheral,0.9,6,0.162,"выраженных признаков нет: 1 вх./0 исх., оборот 51 тыс"
100000004336312100,peripheral,0.6,41,0.4396,"выраженных признаков нет: 3 вх./2 исх., оборот 90 тыс; участвует в круговых потоках (3+ участника)"
100000004340038100,peripheral,0.9,12,0.2003,"выраженных признаков нет: 1 вх./1 исх., оборот 49 тыс"
100000004350094100,peripheral,0.3,20,0.0827,"обрыв выгрузки на последнем колене: получил 20 тыс от 1 плательщика, исходящие неизвестны"
100000004351795100,distributor,0.54,2,0.7331,"веерная рассылка: 14 получателей, отправил 1.7 млн; видимый вход 118 тыс, источник вне выгрузки; связан с 2 seed; участвует в круговых потоках (3+ участника)"
100000004356593100,peripheral,0.9,3,0.2438,"выраженных признаков нет: 1 вх./1 исх., оборот 50 тыс"
100000004358004100,distributor,0.51,3,0.3121,"[seed] веерная рассылка: 11 получателей, отправил 981 тыс; связан ещё с 1 seed; доля seed-денег ~100%"
100000004360785100,peripheral,0.9,4,0.3094,"выраженных признаков нет: 1 вх./0 исх., оборот 95 тыс; связан с 1 seed"
100000004368189100,peripheral,0.6,11,0.248,"выраженных признаков нет: 1 вх./2 исх., оборот 385 тыс"
100000004377043100,peripheral,0.3,33,0.0608,"обрыв выгрузки на последнем колене: получил 6 тыс от 1 плательщика, исходящие неизвестны"
100000004379306100,peripheral,0.3,6,0.0785,"обрыв выгрузки на последнем колене: получил 15 тыс от 1 плательщика, исходящие неизвестны"
100000004386258100,peripheral,0.6,10,0.4167,"выраженных признаков нет: 3 вх./3 исх., оборот 62 тыс; взаимные переводы с 2"
100000004386286100,peripheral,0.3,10,0.155,"обрыв выгрузки на последнем колене: получил 12 тыс от 1 плательщика, исходящие неизвестны"
100000004386331100,peripheral,0.6,10,0.2666,"выраженных признаков нет: 1 вх./2 исх., оборот 20 тыс; взаимные переводы с 1"
100000004388209100,peripheral,0.9,1,0.2185,"выраженных признаков нет: 1 вх./0 исх., оборот 12 тыс; связан с 1 seed"
100000004388353100,peripheral,0.9,16,0.3614,"выраженных признаков нет: 2 вх./0 исх., оборот 63 тыс; связан с 1 seed"
100000004388983100,peripheral,0.6,80,0.1619,"[seed] выраженных признаков нет: 0 вх./2 исх., оборот 451 тыс"
100000004390333100,peripheral,0.6,2,0.5749,"выраженных признаков нет: 2 вх./9 исх., оборот 506 тыс; связан с 2 seed; участвует в круговых потоках (3+ участника)"
100000004394765100,peripheral,0.6,4,0.5832,"выраженных признаков нет: 3 вх./2 исх., оборот 604 тыс; связан с 3 seed"
100000004398811100,peripheral,0.6,3,0.3429,"выраженных признаков нет: 1 вх./3 исх., оборот 1.0 млн"
100000004399686100,terminal,0.441,27,0.3293,"конечная точка в пределах выгрузки: получил 806 тыс от 1 плательщика, исходящих нет; доля seed-денег ~3%"
100000004400305100,distributor,0.75,2,0.6838,"веерная рассылка: 82 получателя, отправил 5.8 млн; видимый вход 223 тыс, источник вне выгрузки; участвует в круговых потоках (3+ участника); связь с seed-деньгами слабая, возможна легальная активность"
100000004400361100,peripheral,0.9,4,0.1545,"выраженных признаков нет: 1 вх./0 исх., оборот 10 тыс"
100000004400480100,peripheral,0.3,11,0.0501,"обрыв выгрузки на последнем колене: получил 22 тыс от 1 плательщика, исходящие неизвестны"
100000004403548100,peripheral,0.3,6,0.0474,"обрыв выгрузки на последнем колене: получил 5 тыс от 1 плательщика, исходящие неизвестны"
100000004403641100,peripheral,0.3,11,0.089,"обрыв выгрузки на последнем колене: получил 172 тыс от 1 плательщика, исходящие неизвестны"
100000004403675100,peripheral,0.6,22,0.6231,"выраженных признаков нет: 4 вх./5 исх., оборот 265 тыс; связан с 3 seed; участвует в круговых потоках (3+ участника)"
100000004407753100,peripheral,0.6,33,0.2868,"выраженных признаков нет: 1 вх./1 исх., оборот 250 тыс; взаимные переводы с 1"
100000004408683100,terminal,0.692,4,0.4806,"конечная точка в пределах выгрузки: получил 113 тыс от 2 плательщиков, исходящих нет; доля seed-денег ~76%; связан с 1 seed"
100000004410489100,peripheral,0.9,36,0.1947,"выраженных признаков нет: 1 вх./0 исх., оборот 54 тыс"
100000004417753100,terminal,0.223,3,0.2968,"конечная точка в пределах выгрузки: получил 192 тыс от 2 плательщиков, исходящих нет; доля seed-денег ~1%; вход в конце периода, мог переслать позже"
100000004418967100,peripheral,0.3,13,0.1413,"обрыв выгрузки на последнем колене: получил 100 тыс от 1 плательщика, исходящие неизвестны"
100000004420041100,peripheral,0.6,10,0.2984,"выраженных признаков нет: 1 вх./7 исх., оборот 652 тыс"
100000004424023100,peripheral,0.6,73,0.2965,"выраженных признаков нет: 1 вх./1 исх., оборот 100 тыс"
100000004433250100,peripheral,0.3,2,0.0263,"обрыв выгрузки на последнем колене: получил 8 тыс от 1 плательщика, исходящие неизвестны"
100000004435304100,peripheral,0.9,1,0.1511,"выраженных признаков нет: 1 вх./0 исх., оборот 26 тыс"
100000004441291100,peripheral,0.9,3,0.1969,"выраженных признаков нет: 1 вх./0 исх., оборот 20 тыс"
100000004445291100,peripheral,0.9,30,0.1384,"выраженных признаков нет: 1 вх./0 исх., оборот 20 тыс"
100000004449824100,peripheral,0.3,21,0.0239,"обрыв выгрузки на последнем колене: получил 9 тыс от 1 плательщика, исходящие неизвестны"
100000004450649100,peripheral,0.6,5,0.3826,"выраженных признаков нет: 2 вх./2 исх., оборот 193 тыс; связан с 1 seed"
100000004451012100,peripheral,0.6,20,0.2663,"выраженных признаков нет: 1 вх./3 исх., оборот 91 тыс"
100000004456564100,peripheral,0.9,15,0.1627,"выраженных признаков нет: 1 вх./0 исх., оборот 10 тыс"
100000004463277100,peripheral,0.9,34,0.2348,"выраженных признаков нет: 1 вх./0 исх., оборот 35 тыс"
100000004467157100,peripheral,0.9,41,0.2572,"выраженных признаков нет: 1 вх./1 исх., оборот 20 тыс; взаимные переводы с 1"
100000004472936100,peripheral,0.3,12,0.0555,"обрыв выгрузки на последнем колене: получил 5 тыс от 1 плательщика, исходящие неизвестны"
100000004475818100,peripheral,0.6,5,0.2084,"выраженных признаков нет: 1 вх./3 исх., оборот 54 тыс; взаимные переводы с 1"
100000004479404100,peripheral,0.6,54,0.3772,"выраженных признаков нет: 2 вх./1 исх., оборот 1.5 млн; взаимные переводы с 1"
100000004480280100,peripheral,0.6,3,0.4422,"выраженных признаков нет: 1 вх./2 исх., оборот 296 тыс; связан с 2 seed"
100000004486525100,peripheral,0.6,2,0.4301,"выраженных признаков нет: 8 вх./2 исх., оборот 361 тыс"
100000004488265100,peripheral,0.9,6,0.1468,"выраженных признаков нет: 1 вх./0 исх., оборот 39 тыс"
100000004491749100,peripheral,0.9,14,0.1897,"выраженных признаков нет: 1 вх./0 исх., оборот 50 тыс"
100000004491881100,peripheral,0.9,1,0.2327,"выраженных признаков нет: 1 вх./0 исх., оборот 17 тыс; связан с 1 seed"
100000004493586100,peripheral,0.9,2,0.0513,"выраженных признаков нет: 1 вх./0 исх., оборот 8 тыс"
100000004494983100,peripheral,0.9,1,0.2682,"выраженных признаков нет: 1 вх./0 исх., оборот 35 тыс; связан с 1 seed"
100000004497606100,peripheral,0.9,1,0.2286,"выраженных признаков нет: 1 вх./0 исх., оборот 16 тыс; связан с 1 seed"
100000004500444100,peripheral,0.6,15,0.3105,"выраженных признаков нет: 2 вх./1 исх., оборот 180 тыс"
100000004500781100,peripheral,0.3,15,0.1149,"обрыв выгрузки на последнем колене: получил 74 тыс от 1 плательщика, исходящие неизвестны"
100000004502048100,peripheral,0.3,20,0.0782,"обрыв выгрузки на последнем колене: получил 14 тыс от 1 плательщика, исходящие неизвестны"
100000004508696100,peripheral,0.6,45,0.2846,"выраженных признаков нет: 1 вх./3 исх., оборот 111 тыс; взаимные переводы с 1"
100000004509286100,peripheral,0.9,3,0.2738,"выраженных признаков нет: 1 вх./0 исх., оборот 40 тыс; связан с 1 seed"
100000004526651100,peripheral,0.3,7,0.0756,"обрыв выгрузки на последнем колене: получил 33 тыс от 1 плательщика, исходящие неизвестны"
100000004527381100,transit,0.6,18,0.5019,"признаки транзита: получил 119 тыс, отправил 274 тыс; 100% отправлено в течение 2 дней после входа; участвует в круговых потоках (3+ участника)"
100000004539443100,peripheral,0.9,3,0.33,"выраженных признаков нет: 2 вх./0 исх., оборот 62 тыс"
100000004544958100,peripheral,0.6,16,0.3509,"выраженных признаков нет: 1 вх./2 исх., оборот 168 тыс; взаимные переводы с 1"
100000004549591100,peripheral,0.3,45,0.152,"обрыв выгрузки на последнем колене: получил 49 тыс от 1 плательщика, исходящие неизвестны"
100000004552204100,peripheral,0.6,39,0.2512,"выраженных признаков нет: 1 вх./2 исх., оборот 22 тыс; взаимные переводы с 1"
100000004553349100,peripheral,0.9,5,0.0781,"выраженных признаков нет: 1 вх./0 исх., оборот 8 тыс"
100000004559194100,terminal,0.761,4,0.4425,"конечная точка в пределах выгрузки: получил 282 тыс от 1 плательщика, исходящих нет; доля seed-денег ~100%; связан с 1 seed"
100000004564736100,peripheral,0.9,26,0.1388,"выраженных признаков нет: 1 вх./0 исх., оборот 15 тыс"
100000004569484100,peripheral,0.6,8,0.3805,"выраженных признаков нет: 2 вх./4 исх., оборот 156 тыс; участвует в круговых потоках (3+ участника)"
100000004569637100,peripheral,0.3,6,0.0515,"обрыв выгрузки на последнем колене: получил 6 тыс от 1 плательщика, исходящие неизвестны"
100000004571634100,peripheral,0.3,16,0.0854,"обрыв выгрузки на последнем колене: получил 20 тыс от 1 плательщика, исходящие неизвестны"
100000004573782100,peripheral,0.9,9,0.1813,"выраженных признаков нет: 1 вх./0 исх., оборот 15 тыс"
100000004580202100,peripheral,0.6,26,0.2632,"выраженных признаков нет: 1 вх./3 исх., оборот 45 тыс"
100000004580254100,peripheral,0.9,17,0.1988,"выраженных признаков нет: 2 вх./0 исх., оборот 28 тыс"
100000004584730100,peripheral,0.3,54,0.0684,"обрыв выгрузки на последнем колене: получил 47 тыс от 1 плательщика, исходящие неизвестны"
100000004586598100,peripheral,0.3,83,0.1418,"обрыв выгрузки на последнем колене: получил 761 тыс от 1 плательщика, исходящие неизвестны"
100000004587414100,terminal,0.387,5,0.3449,"конечная точка в пределах выгрузки: получил 534 тыс от 2 плательщиков, исходящих нет; доля seed-денег ~0%"
100000004588479100,terminal,0.726,4,0.424,"конечная точка в пределах выгрузки: получил 178 тыс от 1 плательщика, исходящих нет; доля seed-денег ~100%; связан с 1 seed"
100000004591973100,peripheral,0.6,10,0.278,"выраженных признаков нет: 1 вх./1 исх., оборот 100 тыс"
100000004592467100,peripheral,0.9,3,0.1005,"выраженных признаков нет: 1 вх./0 исх., оборот 7 тыс"
100000004596284100,peripheral,0.3,4,0.1465,"обрыв выгрузки на последнем колене: получил 30 тыс от 1 плательщика, исходящие неизвестны"
100000004601193100,peripheral,0.3,16,0.1514,"обрыв выгрузки на последнем колене: получил 84 тыс от 1 плательщика, исходящие неизвестны"
100000004603109100,peripheral,0.6,27,0.5136,"выраженных признаков нет: 3 вх./2 исх., оборот 2.7 млн; участвует в круговых потоках (3+ участника)"
100000004610802100,peripheral,0.3,71,0.152,"обрыв выгрузки на последнем колене: получил 241 тыс от 1 плательщика, исходящие неизвестны"
100000004611571100,peripheral,0.9,2,0.0847,"выраженных признаков нет: 1 вх./0 исх., оборот 23 тыс"
100000004613582100,peripheral,0.9,9,0.227,"выраженных признаков нет: 1 вх./1 исх., оборот 10 тыс"
100000004616845100,peripheral,0.3,68,0.0419,"обрыв выгрузки на последнем колене: получил 20 тыс от 1 плательщика, исходящие неизвестны"
100000004622227100,peripheral,0.6,2,0.3304,"выраженных признаков нет: 1 вх./3 исх., оборот 25 тыс; связан с 1 seed"
100000004629688100,peripheral,0.9,18,0.1722,"выраженных признаков нет: 1 вх./1 исх., оборот 15 тыс; взаимные переводы с 1"
100000004634420100,peripheral,0.9,1,0.0874,"выраженных признаков нет: 1 вх./0 исх., оборот 26 тыс"
100000004635886100,peripheral,0.9,4,0.1322,"выраженных признаков нет: 1 вх./0 исх., оборот 23 тыс"
100000004644615100,peripheral,0.6,29,0.265,"выраженных признаков нет: 1 вх./2 исх., оборот 380 тыс"
100000004652395100,peripheral,0.3,2,0.2268,"обрыв выгрузки на последнем колене: получил 102 тыс от 3 плательщиков, исходящие неизвестны"
100000004655046100,peripheral,0.3,8,0.0654,"обрыв выгрузки на последнем колене: получил 24 тыс от 1 плательщика, исходящие неизвестны"
100000004657034100,terminal,0.308,5,0.1876,"конечная точка в пределах выгрузки: получил 141 тыс от 1 плательщика, исходящих нет; доля seed-денег ~0%"
100000004659919100,peripheral,0.6,60,0.2791,"выраженных признаков нет: 1 вх./1 исх., оборот 110 тыс"
100000004662806100,peripheral,0.6,10,0.4648,"выраженных признаков нет: 2 вх./2 исх., оборот 107 тыс; связан с 1 seed"
100000004664515100,peripheral,0.9,2,0.2719,"выраженных признаков нет: 1 вх./0 исх., оборот 38 тыс; связан с 1 seed"
100000004664905100,terminal,0.75,4,0.5202,"конечная точка в пределах выгрузки: получил 329 тыс от 2 плательщиков, исходящих нет; доля seed-денег ~72%; связан с 1 seed"
100000004666651100,terminal,0.256,81,0.2968,"конечная точка в пределах выгрузки: получил 429 тыс от 1 плательщика, исходящих нет; доля seed-денег ~8%; вход в конце периода, мог переслать позже"
100000004670388100,peripheral,0.6,59,0.3187,"выраженных признаков нет: 1 вх./2 исх., оборот 720 тыс; взаимные переводы с 1"
100000004671609100,terminal,0.21,11,0.1816,"конечная точка в пределах выгрузки: получил 100 тыс от 1 плательщика, исходящих нет; доля seed-денег ~0%; вход в конце периода, мог переслать позже"
100000004673335100,peripheral,0.3,35,0.1267,"обрыв выгрузки на последнем колене: получил 80 тыс от 1 плательщика, исходящие неизвестны"
100000004674178100,peripheral,0.3,30,0.0505,"обрыв выгрузки на последнем колене: получил 20 тыс от 1 плательщика, исходящие неизвестны"
100000004674389100,peripheral,0.3,16,0.0745,"обрыв выгрузки на последнем колене: получил 15 тыс от 1 плательщика, исходящие неизвестны"
100000004674412100,peripheral,0.3,16,0.1274,"обрыв выгрузки на последнем колене: получил 46 тыс от 1 плательщика, исходящие неизвестны"
100000004674799100,terminal,0.526,2,0.3242,"конечная точка в пределах выгрузки: получил 140 тыс от 1 плательщика, исходящих нет; доля seed-денег ~24%"
100000004676985100,peripheral,0.9,2,0.1691,"выраженных признаков нет: 1 вх./1 исх., оборот 32 тыс"
100000004677680100,peripheral,0.6,16,0.4483,"выраженных признаков нет: 2 вх./1 исх., оборот 168 тыс; связан с 1 seed; взаимные переводы с 1"
100000004679953100,peripheral,0.6,6,0.5372,"выраженных признаков нет: 3 вх./3 исх., оборот 344 тыс; связан с 1 seed; участвует в круговых потоках (3+ участника)"
100000004687099100,peripheral,0.9,9,0.2128,"выраженных признаков нет: 1 вх./0 исх., оборот 30 тыс"
100000004687282100,peripheral,0.9,4,0.2058,"выраженных признаков нет: 1 вх./0 исх., оборот 20 тыс"
100000004689658100,peripheral,0.6,6,0.277,"выраженных признаков нет: 1 вх./1 исх., оборот 456 тыс"
100000004691350100,peripheral,0.3,59,0.1027,"обрыв выгрузки на последнем колене: получил 13 тыс от 1 плательщика, исходящие неизвестны"
100000004692798100,peripheral,0.6,10,0.4729,"выраженных признаков нет: 2 вх./1 исх., оборот 240 тыс; связан с 1 seed; взаимные переводы с 1"
100000004697956100,peripheral,0.9,14,0.2255,"выраженных признаков нет: 1 вх./1 исх., оборот 10 тыс; взаимные переводы с 1"
100000004698193100,peripheral,0.6,14,0.4153,"выраженных признаков нет: 2 вх./3 исх., оборот 223 тыс; взаимные переводы с 1"
100000004707703100,transit,0.841,4,0.7503,"признаки транзита: получил 239 тыс, отправил 232 тыс (97%); 89% отправлено в течение 2 дней после входа; связан с 3 seed; доля seed-денег ~100%"
100000004713684100,peripheral,0.9,2,0.1039,"выраженных признаков нет: 1 вх./0 исх., оборот 38 тыс"
100000004714705100,peripheral,0.9,22,0.1452,"[seed] выраженных признаков нет: 0 вх./1 исх., оборот 37 тыс; связан ещё с 1 seed"
100000004715209100,peripheral,0.6,61,0.2243,"выраженных признаков нет: 1 вх./5 исх., оборот 350 тыс; взаимные переводы с 1"
100000004717647100,peripheral,0.6,54,0.2966,"выраженных признаков нет: 1 вх./5 исх., оборот 2.2 млн; взаимные переводы с 1"
100000004722630100,peripheral,0.3,59,0.2049,"обрыв выгрузки на последнем колене: получил 340 тыс от 1 плательщика, исходящие неизвестны"
100000004722765100,peripheral,0.6,56,0.3441,"выраженных признаков нет: 1 вх./3 исх., оборот 2.3 млн"
100000004723755100,peripheral,0.9,3,0.1352,"[seed] выраженных признаков нет: 0 вх./1 исх., оборот 95 тыс"
100000004726132100,peripheral,0.6,2,0.2854,"выраженных признаков нет: 1 вх./1 исх., оборот 349 тыс"
100000004732589100,terminal,0.326,29,0.26,"конечная точка в пределах выгрузки: получил 228 тыс от 1 плательщика, исходящих нет; доля seed-денег ~2%"
100000004737477100,peripheral,0.6,2,0.4103,"выраженных признаков нет: 2 вх./1 исх., оборот 50 тыс; связан с 1 seed"
100000004737764100,terminal,0.28,3,0.2777,"конечная точка в пределах выгрузки: получил 600 тыс от 1 плательщика, исходящих нет; доля seed-денег ~2%; вход в конце периода, мог переслать позже"
100000004739664100,peripheral,0.9,1,0.288,"выраженных признаков нет: 1 вх./1 исх., оборот 12 тыс; связан с 1 seed"
100000004741837100,peripheral,0.9,4,0.2547,"выраженных признаков нет: 1 вх./0 исх., оборот 26 тыс; связан с 1 seed"
100000004744306100,peripheral,0.6,22,0.4103,"выраженных признаков нет: 1 вх./2 исх., оборот 92 тыс; связан с 2 seed"
100000004746397100,peripheral,0.6,5,0.2426,"выраженных признаков нет: 1 вх./1 исх., оборот 220 тыс"
100000004747154100,peripheral,0.3,61,0.0735,"обрыв выгрузки на последнем колене: получил 67 тыс от 1 плательщика, исходящие неизвестны"
100000004750321100,peripheral,0.9,8,0.2183,"выраженных признаков нет: 2 вх./0 исх., оборот 50 тыс"
100000004750897100,peripheral,0.9,18,0.1125,"выраженных признаков нет: 1 вх./0 исх., оборот 10 тыс"
100000004756901100,terminal,0.523,4,0.3257,"конечная точка в пределах выгрузки: получил 153 тыс от 1 плательщика, исходящих нет; доля seed-денег ~22%"
100000004759121100,consolidator,0.518,2,0.6492,"признаки консолидации: 6 плательщиков (из них seed: 1), получил 710 тыс; отдал дальше 44%; связан с 1 seed; взаимные переводы с 1"
100000004765639100,peripheral,0.6,2,0.2908,"выраженных признаков нет: 1 вх./2 исх., оборот 11 тыс; участвует в круговых потоках (3+ участника)"
100000004770073100,peripheral,0.9,2,0.1166,"выраженных признаков нет: 1 вх./1 исх., оборот 5 тыс"
100000004777215100,peripheral,0.3,25,0.1529,"обрыв выгрузки на последнем колене: получил 60 тыс от 1 плательщика, исходящие неизвестны"
100000004779204100,peripheral,0.9,2,0.1669,"выраженных признаков нет: 1 вх./1 исх., оборот 30 тыс"
100000004780083100,peripheral,0.3,71,0.0325,"обрыв выгрузки на последнем колене: получил 10 тыс от 1 плательщика, исходящие неизвестны"
100000004780327100,peripheral,0.3,21,0.0289,"обрыв выгрузки на последнем колене: получил 12 тыс от 1 плательщика, исходящие неизвестны"
100000004783447100,peripheral,0.9,1,0.2563,"выраженных признаков нет: 1 вх./0 исх., оборот 26 тыс; связан с 1 seed"
100000004784224100,peripheral,0.6,27,0.3408,"выраженных признаков нет: 1 вх./1 исх., оборот 100 тыс; связан с 1 seed"
100000004788983100,peripheral,0.3,2,0.0979,"обрыв выгрузки на последнем колене: получил 27 тыс от 1 плательщика, исходящие неизвестны"
100000004790991100,terminal,0.746,4,0.4358,"конечная точка в пределах выгрузки: получил 239 тыс от 1 плательщика, исходящих нет; доля seed-денег ~100%; связан с 1 seed"
100000004791226100,peripheral,0.3,2,0.0571,"обрыв выгрузки на последнем колене: получил 20 тыс от 1 плательщика, исходящие неизвестны"
100000004792397100,peripheral,0.9,1,0.301,"выраженных признаков нет: 1 вх./0 исх., оборот 74 тыс; связан с 1 seed"
100000004797167100,peripheral,0.3,23,0.0925,"обрыв выгрузки на последнем колене: получил 31 тыс от 1 плательщика, исходящие неизвестны"
100000004798515100,peripheral,0.3,10,0.1466,"обрыв выгрузки на последнем колене: получил 200 тыс от 1 плательщика, исходящие неизвестны"
100000004800452100,peripheral,0.3,5,0.0332,"обрыв выгрузки на последнем колене: получил 7 тыс от 1 плательщика, исходящие неизвестны"
100000004800648100,peripheral,0.3,10,0.1281,"обрыв выгрузки на последнем колене: получил 131 тыс от 1 плательщика, исходящие неизвестны"
100000004806903100,peripheral,0.9,3,0.1882,"выраженных признаков нет: 1 вх./0 исх., оборот 18 тыс"
100000004813068100,peripheral,0.6,27,0.1619,"[seed] выраженных признаков нет: 0 вх./3 исх., оборот 297 тыс"
100000004816564100,peripheral,0.6,18,0.305,"выраженных признаков нет: 1 вх./1 исх., оборот 285 тыс"
100000004820260100,transit,0.792,18,0.5823,"признаки транзита: получил 234 тыс, отправил 215 тыс (92%); 100% отправлено в течение 2 дней после входа; участвует в круговых потоках (3+ участника)"
100000004825069100,peripheral,0.9,1,0.1563,"выраженных признаков нет: 1 вх./0 исх., оборот 30 тыс"
100000004840086100,peripheral,0.3,2,0.1614,"обрыв выгрузки на последнем колене: получил 100 тыс от 1 плательщика, исходящие неизвестны"
100000004841728100,peripheral,0.9,1,0.289,"выраженных признаков нет: 1 вх./0 исх., оборот 52 тыс; связан с 1 seed"
100000004847758100,distributor,0.55,36,0.7032,"веерная рассылка: 15 получателей, отправил 489 тыс; видимый вход 115 тыс, источник вне выгрузки; связан с 2 seed; участвует в круговых потоках (3+ участника)"
100000004848236100,peripheral,0.3,2,0.0506,"обрыв выгрузки на последнем колене: получил 8 тыс от 1 плательщика, исходящие неизвестны"
100000004850609100,peripheral,0.3,82,0.0279,"обрыв выгрузки на последнем колене: получил 10 тыс от 1 плательщика, исходящие неизвестны"
100000004856746100,peripheral,0.3,41,0.1038,"обрыв выгрузки на последнем колене: получил 20 тыс от 1 плательщика, исходящие неизвестны"
100000004877085100,peripheral,0.6,12,0.2476,"выраженных признаков нет: 1 вх./3 исх., оборот 96 тыс"
100000004889043100,terminal,0.334,2,0.2933,"конечная точка в пределах выгрузки: получил 272 тыс от 2 плательщиков, исходящих нет; доля seed-денег ~0%"
100000004890713100,peripheral,0.3,8,0.1028,"обрыв выгрузки на последнем колене: получил 40 тыс от 1 плательщика, исходящие неизвестны"
100000004891562100,peripheral,0.3,21,0.0852,"обрыв выгрузки на последнем колене: получил 103 тыс от 1 плательщика, исходящие неизвестны"
100000004892144100,peripheral,0.6,27,0.4993,"выраженных признаков нет: 2 вх./1 исх., оборот 4.5 млн; участвует в круговых потоках (3+ участника)"
100000004904960100,peripheral,0.9,2,0.2798,"выраженных признаков нет: 2 вх./0 исх., оборот 32 тыс"
100000004905207100,terminal,0.356,15,0.2871,"конечная точка в пределах выгрузки: получил 380 тыс от 1 плательщика, исходящих нет; доля seed-денег ~3%"
100000004906181100,peripheral,0.6,43,0.2745,"выраженных признаков нет: 1 вх./7 исх., оборот 2.5 млн"
100000004908173100,peripheral,0.3,13,0.0741,"обрыв выгрузки на последнем колене: получил 21 тыс от 1 плательщика, исходящие неизвестны"
100000004911971100,peripheral,0.3,43,0.0567,"обрыв выгрузки на последнем колене: получил 35 тыс от 1 плательщика, исходящие неизвестны"
100000004917367100,terminal,0.304,5,0.2811,"конечная точка в пределах выгрузки: получил 120 тыс от 2 плательщиков, исходящих нет; доля seed-денег ~0%"
100000004921657100,peripheral,0.9,3,0.2566,"выраженных признаков нет: 1 вх./1 исх., оборот 22 тыс"
100000004931931100,peripheral,0.9,2,0.2211,"выраженных признаков нет: 1 вх./1 исх., оборот 45 тыс"
100000004948177100,terminal,0.808,4,0.5477,"конечная точка в пределах выгрузки: получил 437 тыс от 3 плательщиков, исходящих нет; доля seed-денег ~79%; связан с 1 seed"
100000004950490100,peripheral,0.9,9,0.178,"выраженных признаков нет: 1 вх./0 исх., оборот 10 тыс"
100000004959752100,peripheral,0.9,3,0.1851,"выраженных признаков нет: 1 вх./0 исх., оборот 22 тыс"
100000004962193100,consolidator,0.638,2,0.5328,"признаки консолидации: 8 плательщиков, получил 900 тыс; отдал дальше 0%; до 5 плательщиков в день; связь с seed-деньгами слабая, возможна легальная активность"
100000004970752100,peripheral,0.9,2,0.1707,"выраженных признаков нет: 1 вх./0 исх., оборот 10 тыс"
100000004971871100,peripheral,0.9,70,0.2137,"[seed] выраженных признаков нет: 1 вх./1 исх., оборот 25 тыс; взаимные переводы с 1"
100000004975919100,peripheral,0.6,6,0.1928,"выраженных признаков нет: 1 вх./2 исх., оборот 22 тыс"
100000004976946100,peripheral,0.3,49,0.0967,"обрыв выгрузки на последнем колене: получил 246 тыс от 1 плательщика, исходящие неизвестны"
100000004979264100,peripheral,0.3,13,0.0865,"обрыв выгрузки на последнем колене: получил 40 тыс от 1 плательщика, исходящие неизвестны"
100000004979283100,peripheral,0.9,8,0.1525,"выраженных признаков нет: 1 вх./0 исх., оборот 40 тыс"
100000004979498100,peripheral,0.6,62,0.4652,"выраженных признаков нет: 1 вх./1 исх., оборот 700 тыс; связан с 1 seed; участвует в круговых потоках (3+ участника)"
100000004981068100,peripheral,0.3,6,0.0739,"обрыв выгрузки на последнем колене: получил 10 тыс от 1 плательщика, исходящие неизвестны"
100000004984689100,peripheral,0.9,6,0.1634,"выраженных признаков нет: 1 вх./0 исх., оборот 53 тыс"
100000004988240100,peripheral,0.3,2,0.0571,"обрыв выгрузки на последнем колене: получил 20 тыс от 1 плательщика, исходящие неизвестны"
100000004991593100,peripheral,0.3,6,0.0818,"обрыв выгрузки на последнем колене: получил 45 тыс от 1 плательщика, исходящие неизвестны"
100000004991812100,peripheral,0.9,26,0.1234,"выраженных признаков нет: 1 вх./0 исх., оборот 10 тыс"
100000004993576100,terminal,0.219,18,0.2344,"конечная точка в пределах выгрузки: получил 167 тыс от 1 плательщика, исходящих нет; доля seed-денег ~3%; вход в конце периода, мог переслать позже"
100000004997515100,peripheral,0.6,7,0.4032,"выраженных признаков нет: 4 вх./4 исх., оборот 395 тыс"
100000005008589100,peripheral,0.9,2,0.1078,"выраженных признаков нет: 1 вх./0 исх., оборот 43 тыс"
100000005010159100,peripheral,0.3,6,0.0376,"обрыв выгрузки на последнем колене: получил 7 тыс от 1 плательщика, исходящие неизвестны"
100000005017150100,peripheral,0.2,0,0.006,[seed] нет переводов в выгрузке: роль определить нельзя
100000005022552100,peripheral,0.6,4,0.2848,"выраженных признаков нет: 1 вх./1 исх., оборот 241 тыс"
100000005022964100,peripheral,0.9,3,0.1942,"выраженных признаков нет: 1 вх./0 исх., оборот 20 тыс"
100000005025629100,peripheral,0.3,5,0.0376,"обрыв выгрузки на последнем колене: получил 5 тыс от 1 плательщика, исходящие неизвестны"
100000005030592100,peripheral,0.9,18,0.1175,"выраженных признаков нет: 1 вх./0 исх., оборот 10 тыс"
100000005031696100,peripheral,0.6,60,0.2946,"выраженных признаков нет: 1 вх./2 исх., оборот 115 тыс"
100000005032294100,peripheral,0.9,15,0.1627,"выраженных признаков нет: 1 вх./0 исх., оборот 10 тыс"
100000005034574100,terminal,0.527,80,0.3994,"конечная точка в пределах выгрузки: получил 259 тыс от 1 плательщика, исходящих нет; доля seed-денег ~100%; вход в конце периода, мог переслать позже; связан с 1 seed"
100000005037490100,peripheral,0.6,12,0.1956,"выраженных признаков нет: 1 вх./2 исх., оборот 30 тыс; взаимные переводы с 1"
100000005041147100,peripheral,0.3,2,0.0769,"обрыв выгрузки на последнем колене: получил 10 тыс от 1 плательщика, исходящие неизвестны"
100000005041905100,peripheral,0.6,1,0.1963,"выраженных признаков нет: 1 вх./1 исх., оборот 1.1 млн; взаимные переводы с 1"
100000005042822100,peripheral,0.3,37,0.1889,"обрыв выгрузки на последнем колене: получил 1.0 млн от 1 плательщика, исходящие неизвестны"
100000005048668100,peripheral,0.6,6,0.3651,"выраженных признаков нет: 2 вх./8 исх., оборот 159 тыс; участвует в круговых потоках (3+ участника)"
100000005049404100,peripheral,0.3,5,0.114,"обрыв выгрузки на последнем колене: получил 98 тыс от 1 плательщика, исходящие неизвестны"
100000005052998100,peripheral,0.9,2,0.1982,"выраженных признаков нет: 1 вх./1 исх., оборот 28 тыс; участвует в круговых потоках (3+ участника)"
100000005053653100,peripheral,0.6,12,0.33,"выраженных признаков нет: 2 вх./1 исх., оборот 63 тыс"
100000005055454100,peripheral,0.9,34,0.1522,"выраженных признаков нет: 1 вх./0 исх., оборот 6 тыс"
100000005056870100,peripheral,0.9,55,0.2392,"выраженных признаков нет: 1 вх./0 исх., оборот 20 тыс; связан с 1 seed"
100000005059998100,peripheral,0.9,36,0.1398,"выраженных признаков нет: 1 вх./0 исх., оборот 18 тыс"
100000005061890100,peripheral,0.9,3,0.1851,"выраженных признаков нет: 1 вх./0 исх., оборот 90 тыс"
100000005074393100,peripheral,0.6,12,0.5795,"выраженных признаков нет: 4 вх./6 исх., оборот 686 тыс; связан с 1 seed; участвует в круговых потоках (3+ участника)"
100000005075949100,peripheral,0.3,56,0.2435,"обрыв выгрузки на последнем колене: получил 2.2 млн от 1 плательщика, исходящие неизвестны"
100000005077484100,peripheral,0.6,34,0.3487,"выраженных признаков нет: 1 вх./2 исх., оборот 150 тыс; взаимные переводы с 1"
100000005079473100,peripheral,0.3,6,0.0763,"обрыв выгрузки на последнем колене: получил 39 тыс от 1 плательщика, исходящие неизвестны"
100000005079754100,peripheral,0.6,3,0.3835,"выраженных признаков нет: 1 вх./2 исх., оборот 122 тыс; связан с 1 seed"
100000005082652100,peripheral,0.9,9,0.2128,"выраженных признаков нет: 1 вх./0 исх., оборот 30 тыс"
100000005087431100,peripheral,0.2,0,0.006,[seed] нет переводов в выгрузке: роль определить нельзя
100000005087923100,peripheral,0.3,32,0.1429,"обрыв выгрузки на последнем колене: получил 20 тыс от 1 плательщика, исходящие неизвестны"
100000005089460100,peripheral,0.9,1,0.0599,"выраженных признаков нет: 1 вх./0 исх., оборот 12 тыс"
100000005092518100,peripheral,0.9,1,0.2558,"выраженных признаков нет: 1 вх./0 исх., оборот 26 тыс; связан с 1 seed"
100000005093521100,peripheral,0.9,3,0.228,"выраженных признаков нет: 1 вх./0 исх., оборот 15 тыс; связан с 1 seed"
100000005100475100,peripheral,0.9,14,0.1811,"выраженных признаков нет: 1 вх./0 исх., оборот 40 тыс"
100000005105153100,peripheral,0.9,2,0.1838,"выраженных признаков нет: 1 вх./0 исх., оборот 30 тыс"
100000005124479100,peripheral,0.6,2,0.4576,"выраженных признаков нет: 2 вх./2 исх., оборот 138 тыс; связан с 1 seed"
100000005127767100,peripheral,0.9,45,0.1477,"выраженных признаков нет: 1 вх./0 исх., оборот 7 тыс"
100000005133757100,peripheral,0.9,6,0.3543,"выраженных признаков нет: 2 вх./0 исх., оборот 65 тыс; связан с 1 seed"
100000005140601100,peripheral,0.6,6,0.41,"выраженных признаков нет: 3 вх./2 исх., оборот 195 тыс; взаимные переводы с 2"
100000005142492100,peripheral,0.9,14,0.2573,"выраженных признаков нет: 1 вх./1 исх., оборот 57 тыс; взаимные переводы с 1"
100000005142589100,peripheral,0.9,2,0.2014,"выраженных признаков нет: 1 вх./0 исх., оборот 50 тыс"
100000005146665100,peripheral,0.3,68,0.0195,"обрыв выгрузки на последнем колене: получил 6 тыс от 1 плательщика, исходящие неизвестны"
100000005168487100,peripheral,0.6,16,0.2735,"выраженных признаков нет: 1 вх./1 исх., оборот 104 тыс; взаимные переводы с 1"
100000005171642100,transit,0.698,32,0.633,"признаки транзита: получил 697 тыс, отправил 684 тыс (98%); 96% отправлено в течение 2 дней после входа; участвует в круговых потоках (3+ участника)"
100000005172860100,peripheral,0.9,2,0.069,"выраженных признаков нет: 1 вх./0 исх., оборот 15 тыс"
100000005175148100,peripheral,0.6,18,0.4209,"выраженных признаков нет: 2 вх./1 исх., оборот 79 тыс; участвует в круговых потоках (3+ участника)"
100000005182219100,peripheral,0.9,5,0.2522,"выраженных признаков нет: 2 вх./0 исх., оборот 55 тыс"
100000005183943100,terminal,0.626,53,0.4342,"конечная точка в пределах выгрузки: получил 681 тыс от 1 плательщика, исходящих нет; доля seed-денег ~100%; вход в конце периода, мог переслать позже; связан с 1 seed"
100000005186109100,peripheral,0.9,18,0.095,"выраженных признаков нет: 1 вх./0 исх., оборот 5 тыс"
100000005186131100,peripheral,0.9,2,0.1252,"выраженных признаков нет: 1 вх./1 исх., оборот 10 тыс"
100000005187208100,peripheral,0.9,5,0.0967,"выраженных признаков нет: 1 вх./0 исх., оборот 14 тыс"
100000005189258100,peripheral,0.3,47,0.1158,"обрыв выгрузки на последнем колене: получил 50 тыс от 1 плательщика, исходящие неизвестны"
100000005198498100,peripheral,0.9,1,0.0917,"выраженных признаков нет: 1 вх./0 исх., оборот 29 тыс"
100000005198906100,peripheral,0.6,5,0.2436,"выраженных признаков нет: 1 вх./1 исх., оборот 228 тыс"
100000005203590100,peripheral,0.9,14,0.245,"выраженных признаков нет: 1 вх./0 исх., оборот 90 тыс"
100000005205745100,peripheral,0.9,14,0.1507,"выраженных признаков нет: 1 вх./0 исх., оборот 6 тыс"
100000005209352100,peripheral,0.3,2,0.0573,"обрыв выгрузки на последнем колене: получил 5 тыс от 1 плательщика, исходящие неизвестны"
100000005222360100,peripheral,0.9,15,0.2208,"выраженных признаков нет: 1 вх./1 исх., оборот 27 тыс"
100000005226217100,peripheral,0.3,7,0.0764,"обрыв выгрузки на последнем колене: получил 18 тыс от 1 плательщика, исходящие неизвестны"
100000005228059100,peripheral,0.9,1,0.2551,"выраженных признаков нет: 1 вх./0 исх., оборот 26 тыс; связан с 1 seed"
100000005233755100,peripheral,0.9,17,0.1805,"выраженных признаков нет: 1 вх./1 исх., оборот 25 тыс"
100000005235389100,peripheral,0.2,0,0.006,[seed] нет переводов в выгрузке: роль определить нельзя
100000005237935150,peripheral,0.9,11,0.1594,"выраженных признаков нет: 1 вх./0 исх., оборот 35 тыс"
100000005241556100,terminal,0.3,23,0.243,"конечная точка в пределах выгрузки: получил 100 тыс от 1 плательщика, исходящих нет; доля seed-денег ~6%"
100000005242320100,distributor,0.458,11,0.5255,"веерная рассылка: 21 получатель, отправил 8.9 млн; видимый вход 366 тыс, источник вне выгрузки; связь с seed-деньгами слабая, возможна легальная активность"
100000005264874100,peripheral,0.6,44,0.2935,"выраженных признаков нет: 1 вх./2 исх., оборот 78 тыс; взаимные переводы с 1"
100000005264990100,peripheral,0.6,22,0.273,"[seed] выраженных признаков нет: 1 вх./2 исх., оборот 122 тыс; связан ещё с 1 seed"
100000005265073100,peripheral,0.9,22,0.1958,"выраженных признаков нет: 1 вх./1 исх., оборот 9 тыс"
100000005268319100,peripheral,0.6,82,0.1975,"выраженных признаков нет: 1 вх./5 исх., оборот 91 тыс; взаимные переводы с 1"
100000005272139100,peripheral,0.3,4,0.201,"обрыв выгрузки на последнем колене: получил 165 тыс от 1 плательщика, исходящие неизвестны"
100000005287097100,peripheral,0.6,4,0.5928,"выраженных признаков нет: 2 вх./9 исх., оборот 697 тыс; связан с 2 seed; участвует в круговых потоках (3+ участника)"
100000005293969100,peripheral,0.3,2,0.0264,"обрыв выгрузки на последнем колене: получил 5 тыс от 1 плательщика, исходящие неизвестны"
100000005308954100,peripheral,0.9,4,0.269,"выраженных признаков нет: 1 вх./1 исх., оборот 69 тыс"
100000005314565100,terminal,0.324,2,0.1985,"конечная точка в пределах выгрузки: получил 218 тыс от 1 плательщика, исходящих нет; доля seed-денег ~0%"
100000005316708100,peripheral,0.6,73,0.4338,"выраженных признаков нет: 1 вх./2 исх., оборот 258 тыс; связан с 2 seed"
100000005317181100,peripheral,0.6,2,0.2697,"выраженных признаков нет: 1 вх./1 исх., оборот 141 тыс"
100000005326681100,peripheral,0.9,18,0.1679,"выраженных признаков нет: 1 вх./0 исх., оборот 31 тыс"
100000005328215100,peripheral,0.9,29,0.1579,"выраженных признаков нет: 1 вх./0 исх., оборот 27 тыс"
100000005339662100,transit,0.528,18,0.6921,"признаки транзита: получил 203 тыс, отправил 295 тыс; 77% отправлено в течение 2 дней после входа; связан с 2 seed; участвует в круговых потоках (3+ участника)"
100000005342513100,peripheral,0.6,1,0.2487,"выраженных признаков нет: 1 вх./1 исх., оборот 235 тыс; взаимные переводы с 1"
100000005357034100,peripheral,0.9,2,0.0557,"выраженных признаков нет: 1 вх./0 исх., оборот 10 тыс"
100000005357705100,peripheral,0.6,6,0.2826,"выраженных признаков нет: 1 вх./4 исх., оборот 387 тыс"
100000005360814100,peripheral,0.3,6,0.1244,"обрыв выгрузки на последнем колене: получил 144 тыс от 1 плательщика, исходящие неизвестны"
100000005362848100,peripheral,0.9,8,0.1368,"выраженных признаков нет: 1 вх./0 исх., оборот 29 тыс"
100000005363908100,peripheral,0.9,58,0.3077,"выраженных признаков нет: 1 вх./1 исх., оборот 20 тыс; связан с 1 seed"
100000005367180100,peripheral,0.3,6,0.0628,"обрыв выгрузки на последнем колене: получил 8 тыс от 1 плательщика, исходящие неизвестны"
100000005367284100,peripheral,0.6,2,0.2138,"выраженных признаков нет: 1 вх./2 исх., оборот 48 тыс"
100000005367445100,peripheral,0.9,13,0.184,"выраженных признаков нет: 1 вх./1 исх., оборот 5 тыс; взаимные переводы с 1"
100000005370558100,peripheral,0.3,82,0.0203,"обрыв выгрузки на последнем колене: получил 5 тыс от 1 плательщика, исходящие неизвестны"
100000005370580100,peripheral,0.9,12,0.109,"[seed] выраженных признаков нет: 1 вх./0 исх., оборот 24 тыс"
100000005375968100,peripheral,0.6,2,0.2384,"выраженных признаков нет: 1 вх./2 исх., оборот 170 тыс"
100000005382566100,consolidator,0.662,22,0.6434,"[seed] признаки консолидации: 7 плательщиков (из них seed: 6), получил 393 тыс; видимый вход неполный; связан ещё с 6 seed; взаимные переводы с 1; доля seed-денег ~100%"
100000005386383100,peripheral,0.6,22,0.2819,"[seed] выраженных признаков нет: 2 вх./1 исх., оборот 38 тыс; связан ещё с 1 seed"
100000005392290100,peripheral,0.9,85,0.1324,"[seed] выраженных признаков нет: 0 вх./1 исх., оборот 81 тыс"
100000005394708100,peripheral,0.9,22,0.3796,"выраженных признаков нет: 1 вх./1 исх., оборот 65 тыс; связан с 2 seed"
100000005395727100,peripheral,0.9,18,0.111,"[seed] выраженных признаков нет: 1 вх./0 исх., оборот 17 тыс"
100000005402643100,peripheral,0.6,19,0.3018,"выраженных признаков нет: 1 вх./1 исх., оборот 128 тыс"
100000005409156100,terminal,0.332,5,0.3111,"конечная точка в пределах выгрузки: получил 260 тыс от 2 плательщиков, исходящих нет; доля seed-денег ~0%"
100000005409680100,peripheral,0.9,20,0.2395,"[seed] выраженных признаков нет: 2 вх./0 исх., оборот 55 тыс"
100000005413948100,peripheral,0.6,13,0.3128,"выраженных признаков нет: 2 вх./1 исх., оборот 28 тыс; взаимные переводы с 1"
100000005417257100,peripheral,0.6,22,0.1694,"[seed] выраженных признаков нет: 0 вх./2 исх., оборот 106 тыс; связан ещё с 1 seed"
100000005432267100,terminal,0.755,3,0.5227,"конечная точка в пределах выгрузки: получил 350 тыс от 2 плательщиков, исходящих нет; доля seed-денег ~71%; связан с 1 seed"
100000005454368100,peripheral,0.9,12,0.2256,"[seed] выраженных признаков нет: 2 вх./0 исх., оборот 49 тыс"
100000005456919100,peripheral,0.6,51,0.5363,"выраженных признаков нет: 2 вх./1 исх., оборот 480 тыс; связан с 1 seed; участвует в круговых потоках (3+ участника)"
100000005473151100,peripheral,0.6,8,0.5113,"выраженных признаков нет: 3 вх./4 исх., оборот 1.2 млн; связан с 1 seed; взаимные переводы с 1"
100000005474472100,terminal,0.512,27,0.3069,"конечная точка в пределах выгрузки: получил 100 тыс от 1 плательщика, исходящих нет; доля seed-денег ~24%"
100000005475379100,peripheral,0.6,16,0.2667,"выраженных признаков нет: 1 вх./3 исх., оборот 108 тыс"
100000005480435100,peripheral,0.2,0,0.006,[seed] нет переводов в выгрузке: роль определить нельзя
100000005481280100,peripheral,0.6,18,0.3242,"выраженных признаков нет: 1 вх./3 исх., оборот 50 тыс; связан с 2 seed"
100000005485830100,peripheral,0.6,55,0.1647,"[seed] выраженных признаков нет: 0 вх./5 исх., оборот 276 тыс"
100000005493505100,peripheral,0.6,86,0.2988,"[seed] выраженных признаков нет: 3 вх./0 исх., оборот 62 тыс; связан ещё с 1 seed"
100000005495211100,peripheral,0.3,2,0.0923,"обрыв выгрузки на последнем колене: получил 14 тыс от 1 плательщика, исходящие неизвестны"
100000005495722100,peripheral,0.2,0,0.006,[seed] нет переводов в выгрузке: роль определить нельзя
100000005496254100,peripheral,0.9,2,0.2213,"выраженных признаков нет: 1 вх./0 исх., оборот 13 тыс; связан с 1 seed"
100000005497148100,peripheral,0.3,5,0.0704,"обрыв выгрузки на последнем колене: получил 24 тыс от 1 плательщика, исходящие неизвестны"
100000005498992100,distributor,0.56,19,0.3,"[seed] веерная рассылка: 16 получателей, отправил 2.3 млн; доля seed-денег ~100%"
100000005505655100,peripheral,0.6,30,0.3821,"выраженных признаков нет: 2 вх./1 исх., оборот 33 тыс; связан с 1 seed; взаимные переводы с 1"
100000005507142100,peripheral,0.6,44,0.4195,"выраженных признаков нет: 3 вх./3 исх., оборот 100 тыс; взаимные переводы с 2"
100000005514161100,peripheral,0.6,73,0.4914,"выраженных признаков нет: 4 вх./1 исх., оборот 402 тыс; связан с 1 seed"
100000005519347100,peripheral,0.6,4,0.4055,"[seed] выраженных признаков нет: 2 вх./1 исх., оборот 99 тыс; связан ещё с 2 seed"
100000005519998100,peripheral,0.6,41,0.4643,"выраженных признаков нет: 3 вх./3 исх., оборот 188 тыс; участвует в круговых потоках (3+ участника)"
100000005523088100,peripheral,0.6,22,0.2942,"[seed] выраженных признаков нет: 1 вх./0 исх., оборот 700 тыс; связан ещё с 1 seed"
100000005527892100,peripheral,0.6,23,0.5117,"выраженных признаков нет: 3 вх./8 исх., оборот 552 тыс; связан с 1 seed"
100000005530114100,peripheral,0.6,17,0.3048,"выраженных признаков нет: 2 вх./1 исх., оборот 137 тыс"
100000005532138100,peripheral,0.9,9,0.1071,"выраженных признаков нет: 1 вх./0 исх., оборот 25 тыс"
100000005539201100,peripheral,0.9,4,0.3491,"выраженных признаков нет: 1 вх./1 исх., оборот 46 тыс; связан с 1 seed"
100000005539910100,peripheral,0.6,3,0.3452,"выраженных признаков нет: 1 вх./2 исх., оборот 102 тыс"
100000005543136100,peripheral,0.9,86,0.1198,"[seed] выраженных признаков нет: 0 вх./1 исх., оборот 10 тыс; связан ещё с 1 seed"
100000005546031100,peripheral,0.6,58,0.4413,"выраженных признаков нет: 3 вх./1 исх., оборот 67 тыс; связан с 1 seed; взаимные переводы с 1"
100000005547096100,peripheral,0.6,58,0.3095,"выраженных признаков нет: 1 вх./2 исх., оборот 226 тыс; взаимные переводы с 1"
100000005550592100,peripheral,0.2,0,0.006,[seed] нет переводов в выгрузке: роль определить нельзя
100000005553088100,peripheral,0.3,6,0.0417,"обрыв выгрузки на последнем колене: получил 18 тыс от 1 плательщика, исходящие неизвестны"
100000005560900100,peripheral,0.2,0,0.006,[seed] нет переводов в выгрузке: роль определить нельзя
100000005561741100,peripheral,0.9,8,0.1668,"выраженных признаков нет: 1 вх./0 исх., оборот 25 тыс"
100000005567828100,peripheral,0.3,8,0.142,"обрыв выгрузки на последнем колене: получил 94 тыс от 1 плательщика, исходящие неизвестны"
100000005568407100,peripheral,0.2,0,0.006,[seed] нет переводов в выгрузке: роль определить нельзя
100000005572303100,peripheral,0.9,4,0.2971,"выраженных признаков нет: 1 вх./1 исх., оборот 75 тыс"
100000005578559100,distributor,0.458,8,0.5811,"веерная рассылка: 21 получатель, отправил 893 тыс; видимый вход 131 тыс, источник вне выгрузки; участвует в круговых потоках (3+ участника); связь с seed-деньгами слабая, возможна легальная активность"
100000005584222100,peripheral,0.6,2,0.4817,"выраженных признаков нет: 2 вх./2 исх., оборот 193 тыс; связан с 1 seed; взаимные переводы с 1"
100000005588444100,peripheral,0.9,9,0.2202,"выраженных признаков нет: 1 вх./0 исх., оборот 12 тыс; связан с 1 seed"
100000005589319100,peripheral,0.3,3,0.054,"обрыв выгрузки на последнем колене: получил 26 тыс от 1 плательщика, исходящие неизвестны"
100000005602999100,peripheral,0.6,40,0.2242,"выраженных признаков нет: 1 вх./2 исх., оборот 16 тыс; взаимные переводы с 1"
100000005608515100,peripheral,0.9,9,0.2099,"выраженных признаков нет: 1 вх./0 исх., оборот 64 тыс"
100000005610717100,peripheral,0.6,2,0.3914,"выраженных признаков нет: 4 вх./1 исх., оборот 484 тыс"
100000005612411100,peripheral,0.6,3,0.5098,"выраженных признаков нет: 3 вх./8 исх., оборот 507 тыс; связан с 1 seed"
100000005614315100,terminal,0.818,4,0.4287,"конечная точка в пределах выгрузки: получил 455 тыс от 1 плательщика, исходящих нет; доля seed-денег ~99%"
100000005616568100,peripheral,0.3,5,0.18,"обрыв выгрузки на последнем колене: получил 530 тыс от 1 плательщика, исходящие неизвестны"
100000005619339100,peripheral,0.9,4,0.1932,"выраженных признаков нет: 1 вх./1 исх., оборот 5 тыс"
100000005620225100,peripheral,0.9,2,0.3599,"выраженных признаков нет: 2 вх./0 исх., оборот 50 тыс; связан с 1 seed"
100000005621418100,peripheral,0.3,31,0.0612,"обрыв выгрузки на последнем колене: получил 30 тыс от 1 плательщика, исходящие неизвестны"
100000005628518100,peripheral,0.9,20,0.1775,"выраженных признаков нет: 1 вх./0 исх., оборот 77 тыс"
100000005634552100,peripheral,0.6,2,0.4,"выраженных признаков нет: 1 вх./3 исх., оборот 1.2 млн; связан с 1 seed"
100000005636951100,peripheral,0.3,32,0.1697,"обрыв выгрузки на последнем колене: получил 40 тыс от 1 плательщика, исходящие неизвестны"
100000005660203100,peripheral,0.6,4,0.3938,"выраженных признаков нет: 1 вх./2 исх., оборот 573 тыс; взаимные переводы с 1"
100000005661528100,peripheral,0.9,6,0.0987,"выраженных признаков нет: 1 вх./0 исх., оборот 25 тыс"
100000005661829100,peripheral,0.6,20,0.2225,"выраженных признаков нет: 1 вх./2 исх., оборот 40 тыс"
100000005664632100,terminal,0.224,81,0.2609,"конечная точка в пределах выгрузки: получил 199 тыс от 1 плательщика, исходящих нет; доля seed-денег ~8%; вход в конце периода, мог переслать позже"
100000005664922100,peripheral,0.6,27,0.4284,"выраженных признаков нет: 2 вх./3 исх., оборот 537 тыс; взаимные переводы с 1"
100000005665181100,distributor,0.382,5,0.4763,"веерная рассылка: 11 получателей, отправил 182 тыс; видимый вход 45 тыс, источник вне выгрузки; взаимные переводы с 1; связь с seed-деньгами слабая, возможна легальная активность"
100000005667841100,terminal,0.317,13,0.2836,"конечная точка в пределах выгрузки: получил 186 тыс от 2 плательщиков, исходящих нет; доля seed-денег ~0%"
100000005668605100,peripheral,0.6,22,0.3249,"[seed] выраженных признаков нет: 3 вх./0 исх., оборот 94 тыс; связан ещё с 1 seed"
100000005669845100,peripheral,0.9,34,0.2392,"выраженных признаков нет: 1 вх./0 исх., оборот 20 тыс; связан с 1 seed"
100000005674387100,peripheral,0.9,1,0.0882,"выраженных признаков нет: 1 вх./0 исх., оборот 26 тыс"
100000005685783100,peripheral,0.3,1,0.0664,"обрыв выгрузки на последнем колене: получил 26 тыс от 1 плательщика, исходящие неизвестны"
100000005704413100,distributor,0.54,8,0.607,"веерная рассылка: 32 получателя, отправил 1.4 млн; видимый вход 98 тыс, источник вне выгрузки; участвует в круговых потоках (3+ участника); связь с seed-деньгами слабая, возможна легальная активность"
100000005709551100,peripheral,0.9,12,0.1364,"выраженных признаков нет: 1 вх./0 исх., оборот 25 тыс"
100000005711521100,peripheral,0.3,12,0.1553,"обрыв выгрузки на последнем колене: получил 238 тыс от 1 плательщика, исходящие неизвестны"
100000005723580100,peripheral,0.3,13,0.0952,"обрыв выгрузки на последнем колене: получил 35 тыс от 1 плательщика, исходящие неизвестны"
100000005730108100,peripheral,0.9,2,0.1395,"выраженных признаков нет: 1 вх./0 исх., оборот 8 тыс"
100000005744674100,peripheral,0.9,22,0.1526,"[seed] выраженных признаков нет: 0 вх./1 исх., оборот 50 тыс; связан ещё с 1 seed"
100000005745873100,peripheral,0.3,49,0.0947,"обрыв выгрузки на последнем колене: получил 223 тыс от 1 плательщика, исходящие неизвестны"
100000005754335100,peripheral,0.9,50,0.1745,"выраженных признаков нет: 1 вх./0 исх., оборот 44 тыс"
100000005756189100,peripheral,0.9,5,0.2017,"выраженных признаков нет: 1 вх./1 исх., оборот 65 тыс"
100000005756535100,peripheral,0.9,1,0.1364,"выраженных признаков нет: 1 вх./0 исх., оборот 20 тыс"
100000005767403100,peripheral,0.3,41,0.2476,"обрыв выгрузки на последнем колене: получил 1.1 млн от 1 плательщика, исходящие неизвестны"
100000005778283100,terminal,0.793,9,0.5831,"конечная точка в пределах выгрузки: получил 616 тыс от 3 плательщиков, исходящих нет; доля seed-денег ~56%; связан с 2 seed"
100000005782781100,distributor,0.375,9,0.5659,"веерная рассылка: 10 получателей, отправил 1.3 млн; видимый вход 172 тыс, источник вне выгрузки; участвует в круговых потоках (3+ участника)"
100000005782886100,peripheral,0.3,7,0.0671,"обрыв выгрузки на последнем колене: получил 14 тыс от 1 плательщика, исходящие неизвестны"
100000005783452100,peripheral,0.3,11,0.2136,"обрыв выгрузки на последнем колене: получил 286 тыс от 2 плательщиков, исходящие неизвестны"
100000005799271100,peripheral,0.9,16,0.2433,"выраженных признаков нет: 1 вх./0 исх., оборот 45 тыс"
100000005807278100,peripheral,0.9,55,0.2071,"выраженных признаков нет: 1 вх./0 исх., оборот 8 тыс; связан с 1 seed"
100000005809252100,peripheral,0.9,5,0.1745,"выраженных признаков нет: 1 вх./0 исх., оборот 25 тыс"
100000005815602100,peripheral,0.6,4,0.2806,"выраженных признаков нет: 1 вх./1 исх., оборот 165 тыс"
100000005820746100,peripheral,0.6,27,0.3676,"выраженных признаков нет: 1 вх./1 исх., оборот 2.0 млн; взаимные переводы с 1"
100000005830339100,peripheral,0.6,3,0.3902,"выраженных признаков нет: 5 вх./1 исх., оборот 476 тыс"
100000005834479100,peripheral,0.6,6,0.1736,"выраженных признаков нет: 1 вх./2 исх., оборот 14 тыс"
100000005844459100,terminal,0.482,2,0.4642,"конечная точка в пределах выгрузки: получил 243 тыс от 2 плательщиков, исходящих нет; доля seed-денег ~62%; вход в конце периода, мог переслать позже; связан с 1 seed"
100000005847078100,peripheral,0.9,1,0.0684,"выраженных признаков нет: 1 вх./0 исх., оборот 16 тыс"
100000005849100100,peripheral,0.9,3,0.2327,"выраженных признаков нет: 1 вх./0 исх., оборот 33 тыс"
100000005849862100,peripheral,0.3,9,0.0593,"обрыв выгрузки на последнем колене: получил 13 тыс от 1 плательщика, исходящие неизвестны"
100000005852946100,peripheral,0.9,3,0.2497,"выраженных признаков нет: 1 вх./0 исх., оборот 24 тыс; связан с 1 seed"
100000005857058100,peripheral,0.6,2,0.2935,"выраженных признаков нет: 3 вх./0 исх., оборот 80 тыс"
100000005873152100,peripheral,0.9,16,0.2818,"выраженных признаков нет: 1 вх./1 исх., оборот 10 тыс; участвует в круговых потоках (3+ участника)"
100000005877725100,peripheral,0.9,1,0.2987,"выраженных признаков нет: 1 вх./0 исх., оборот 70 тыс; связан с 1 seed"
100000005878334100,peripheral,0.3,23,0.1409,"обрыв выгрузки на последнем колене: получил 76 тыс от 1 плательщика, исходящие неизвестны"
100000005882013100,peripheral,0.6,12,0.4518,"выраженных признаков нет: 2 вх./1 исх., оборот 135 тыс; участвует в круговых потоках (3+ участника)"
100000005888829100,peripheral,0.3,7,0.1441,"обрыв выгрузки на последнем колене: получил 197 тыс от 1 плательщика, исходящие неизвестны"
100000005893892100,terminal,0.301,5,0.1735,"конечная точка в пределах выгрузки: получил 103 тыс от 1 плательщика, исходящих нет; доля seed-денег ~0%"
100000005895525100,terminal,0.707,55,0.4101,"конечная точка в пределах выгрузки: получил 120 тыс от 1 плательщика, исходящих нет; доля seed-денег ~100%; связан с 1 seed"
100000005897462100,peripheral,0.9,16,0.3113,"выраженных признаков нет: 1 вх./0 исх., оборот 98 тыс; связан с 1 seed"
100000005901606100,peripheral,0.9,1,0.2694,"выраженных признаков нет: 1 вх./0 исх., оборот 36 тыс; связан с 1 seed"
100000005904580100,peripheral,0.9,10,0.3054,"выраженных признаков нет: 2 вх./0 исх., оборот 72 тыс"
100000005910114100,distributor,0.59,2,0.686,"веерная рассылка: 19 получателей, отправил 1.5 млн; видимый вход 326 тыс, источник вне выгрузки; связан с 2 seed; участвует в круговых потоках (3+ участника)"
100000005910895100,peripheral,0.3,40,0.0944,"обрыв выгрузки на последнем колене: получил 5 тыс от 1 плательщика, исходящие неизвестны"
100000005911352100,peripheral,0.6,45,0.3427,"выраженных признаков нет: 2 вх./3 исх., оборот 24 тыс; взаимные переводы с 1"
100000005931985100,peripheral,0.9,11,0.1922,"выраженных признаков нет: 1 вх./0 исх., оборот 76 тыс"
100000005932987100,peripheral,0.9,41,0.1991,"выраженных признаков нет: 1 вх./0 исх., оборот 25 тыс"
100000005933757100,distributor,0.555,15,0.6201,"веерная рассылка: 34 получателя, отправил 3.0 млн; видимый вход 1.2 млн, источник вне выгрузки; участвует в круговых потоках (3+ участника); связь с seed-деньгами слабая, возможна легальная активность"
100000005939154100,peripheral,0.9,4,0.1786,"выраженных признаков нет: 1 вх./0 исх., оборот 22 тыс"
100000005940652100,peripheral,0.9,48,0.2072,"выраженных признаков нет: 1 вх./0 исх., оборот 8 тыс; связан с 1 seed"
100000005941908100,peripheral,0.9,15,0.1627,"выраженных признаков нет: 1 вх./0 исх., оборот 10 тыс"
100000005942793100,peripheral,0.6,2,0.2743,"выраженных признаков нет: 4 вх./0 исх., оборот 55 тыс"
100000005958064100,peripheral,0.6,15,0.3359,"выраженных признаков нет: 1 вх./2 исх., оборот 164 тыс; связан с 1 seed"
100000005961971100,peripheral,0.9,1,0.2826,"выраженных признаков нет: 1 вх./0 исх., оборот 47 тыс; связан с 1 seed"
100000005974542100,peripheral,0.9,26,0.2236,"выраженных признаков нет: 1 вх./0 исх., оборот 94 тыс"
100000005979037100,peripheral,0.3,6,0.1047,"обрыв выгрузки на последнем колене: получил 60 тыс от 1 плательщика, исходящие неизвестны"
100000005995391100,peripheral,0.9,1,0.0701,"выраженных признаков нет: 1 вх./0 исх., оборот 17 тыс"
100000005996909100,peripheral,0.9,18,0.1404,"выраженных признаков нет: 1 вх./0 исх., оборот 6 тыс"
100000006008169100,peripheral,0.9,10,0.2987,"выраженных признаков нет: 1 вх./0 исх., оборот 70 тыс; связан с 1 seed"
100000006020215100,peripheral,0.6,12,0.2562,"выраженных признаков нет: 1 вх./2 исх., оборот 34 тыс; связан с 1 seed"
100000006030946100,peripheral,0.9,1,0.3008,"выраженных признаков нет: 1 вх./0 исх., оборот 73 тыс; связан с 1 seed"
100000006048193100,peripheral,0.9,2,0.1634,"выраженных признаков нет: 1 вх./0 исх., оборот 42 тыс"
100000006069103100,peripheral,0.6,65,0.5014,"выраженных признаков нет: 3 вх./3 исх., оборот 270 тыс; связан с 1 seed; взаимные переводы с 1"
100000006100920100,terminal,0.3,2,0.1622,"конечная точка в пределах выгрузки: получил 100 тыс от 1 плательщика, исходящих нет; доля seed-денег ~0%"
100000006111439100,peripheral,0.6,47,0.2711,"выраженных признаков нет: 3 вх./4 исх., оборот 24 тыс; взаимные переводы с 1"
100000006111442100,peripheral,0.9,13,0.1538,"выраженных признаков нет: 1 вх./0 исх., оборот 64 тыс"
100000006122699100,peripheral,0.9,87,0.2813,"выраженных признаков нет: 2 вх./0 исх., оборот 46 тыс"
100000006126743100,peripheral,0.9,5,0.1268,"выраженных признаков нет: 1 вх./0 исх., оборот 55 тыс"
100000006161893100,peripheral,0.9,4,0.1905,"выраженных признаков нет: 1 вх./0 исх., оборот 14 тыс"
100000006165886100,peripheral,0.6,2,0.331,"выраженных признаков нет: 2 вх./1 исх., оборот 184 тыс"
100000006169033100,peripheral,0.6,50,0.3101,"выраженных признаков нет: 1 вх./3 исх., оборот 1.1 млн; взаимные переводы с 1"
100000006171671100,peripheral,0.3,2,0.035,"обрыв выгрузки на последнем колене: получил 10 тыс от 1 плательщика, исходящие неизвестны"
100000006177176100,peripheral,0.9,4,0.2085,"выраженных признаков нет: 1 вх./0 исх., оборот 9 тыс; связан с 1 seed"
100000006209210100,terminal,0.326,9,0.2276,"конечная точка в пределах выгрузки: получил 229 тыс от 1 плательщика, исходящих нет; доля seed-денег ~0%"
100000006225798100,peripheral,0.6,17,0.3949,"выраженных признаков нет: 3 вх./2 исх., оборот 722 тыс"
100000006232642100,peripheral,0.3,50,0.1844,"обрыв выгрузки на последнем колене: получил 456 тыс от 1 плательщика, исходящие неизвестны"
100000006232815100,peripheral,0.6,34,0.3176,"[seed] выраженных признаков нет: 1 вх./5 исх., оборот 296 тыс; взаимные переводы с 1"
100000006240939100,peripheral,0.6,32,0.3532,"выраженных признаков нет: 1 вх./5 исх., оборот 778 тыс"
100000006248077100,peripheral,0.9,4,0.2169,"выраженных признаков нет: 1 вх./0 исх., оборот 50 тыс"
100000006249740100,peripheral,0.6,63,0.1432,"[seed] выраженных признаков нет: 0 вх./3 исх., оборот 93 тыс"
100000006257675100,peripheral,0.3,25,0.1679,"обрыв выгрузки на последнем колене: получил 70 тыс от 1 плательщика, исходящие неизвестны"
100000006274203100,peripheral,0.6,20,0.4547,"выраженных признаков нет: 2 вх./3 исх., оборот 3.4 млн; связан с 1 seed; взаимные переводы с 1"
100000006288612100,peripheral,0.3,10,0.0745,"обрыв выгрузки на последнем колене: получил 31 тыс от 1 плательщика, исходящие неизвестны"
100000006308406100,peripheral,0.3,25,0.201,"обрыв выгрузки на последнем колене: получил 183 тыс от 1 плательщика, исходящие неизвестны"
100000006326645100,peripheral,0.9,1,0.2538,"выраженных признаков нет: 1 вх./0 исх., оборот 25 тыс; связан с 1 seed"
100000006351075100,peripheral,0.3,49,0.0546,"обрыв выгрузки на последнем колене: получил 40 тыс от 1 плательщика, исходящие неизвестны"
100000006369769100,peripheral,0.9,1,0.2738,"выраженных признаков нет: 1 вх./0 исх., оборот 40 тыс; связан с 1 seed"
100000006381453100,peripheral,0.3,7,0.0843,"обрыв выгрузки на последнем колене: получил 45 тыс от 1 плательщика, исходящие неизвестны"
100000006385877100,peripheral,0.9,19,0.3125,"выраженных признаков нет: 1 вх./1 исх., оборот 54 тыс; взаимные переводы с 1"
100000006412162100,peripheral,0.3,21,0.0327,"обрыв выгрузки на последнем колене: получил 15 тыс от 1 плательщика, исходящие неизвестны"
100000006416061100,peripheral,0.3,64,0.1254,"обрыв выгрузки на последнем колене: получил 30 тыс от 1 плательщика, исходящие неизвестны"
100000006424479100,peripheral,0.6,12,0.3832,"выраженных признаков нет: 1 вх./2 исх., оборот 500 тыс"
100000006443391100,peripheral,0.6,19,0.4591,"выраженных признаков нет: 3 вх./2 исх., оборот 87 тыс; связан с 1 seed; взаимные переводы с 2"
100000006444163100,peripheral,0.9,38,0.0966,"выраженных признаков нет: 1 вх./0 исх., оборот 6 тыс"
100000006445501100,peripheral,0.9,16,0.3079,"выраженных признаков нет: 1 вх./0 исх., оборот 91 тыс; связан с 1 seed"
100000006446271100,peripheral,0.9,3,0.3765,"выраженных признаков нет: 2 вх./0 исх., оборот 80 тыс; связан с 1 seed"
100000006471232100,peripheral,0.9,1,0.1049,"выраженных признаков нет: 1 вх./0 исх., оборот 42 тыс"
100000006476758100,peripheral,0.9,16,0.1458,"выраженных признаков нет: 1 вх./0 исх., оборот 5 тыс"
100000006490557100,peripheral,0.9,9,0.1201,"выраженных признаков нет: 1 вх./0 исх., оборот 5 тыс"
100000006490615100,peripheral,0.3,12,0.1087,"обрыв выгрузки на последнем колене: получил 42 тыс от 1 плательщика, исходящие неизвестны"
100000006491272100,peripheral,0.9,1,0.0882,"выраженных признаков нет: 1 вх./0 исх., оборот 26 тыс"
100000006491963100,peripheral,0.3,21,0.0353,"обрыв выгрузки на последнем колене: получил 16 тыс от 1 плательщика, исходящие неизвестны"
100000006492770100,peripheral,0.6,2,0.2431,"выраженных признаков нет: 1 вх./1 исх., оборот 269 тыс"
100000006512787100,peripheral,0.3,2,0.0571,"обрыв выгрузки на последнем колене: получил 20 тыс от 1 плательщика, исходящие неизвестны"
100000006518161100,transit,0.467,4,0.6102,"признаки транзита: получил 594 тыс, отправил 596 тыс; 71% отправлено в течение 2 дней после входа; связан с 1 seed; взаимные переводы с 1; доля seed-денег ~91%"
100000006522972100,peripheral,0.9,5,0.0836,"выраженных признаков нет: 1 вх./0 исх., оборот 10 тыс"
100000006523053100,peripheral,0.9,3,0.1553,"выраженных признаков нет: 1 вх./0 исх., оборот 5 тыс"
100000006527156100,peripheral,0.3,56,0.1206,"обрыв выгрузки на последнем колене: получил 48 тыс от 1 плательщика, исходящие неизвестны"
100000006530134100,terminal,0.309,5,0.2653,"конечная точка в пределах выгрузки: получил 145 тыс от 2 плательщиков, исходящих нет; доля seed-денег ~0%"
100000006532229100,terminal,0.301,13,0.1586,"конечная точка в пределах выгрузки: получил 105 тыс от 1 плательщика, исходящих нет; доля seed-денег ~0%"
100000006534886100,peripheral,0.6,4,0.3285,"выраженных признаков нет: 1 вх./1 исх., оборот 168 тыс; взаимные переводы с 1"
100000006557763100,peripheral,0.9,3,0.178,"выраженных признаков нет: 1 вх./0 исх., оборот 10 тыс"
100000006562026100,peripheral,0.9,63,0.4132,"выраженных признаков нет: 2 вх./0 исх., оборот 75 тыс; связан с 2 seed"
100000006564102100,terminal,0.327,3,0.2997,"конечная точка в пределах выгрузки: получил 233 тыс от 1 плательщика, исходящих нет; доля seed-денег ~15%"
100000006567935100,terminal,0.32,35,0.2124,"конечная точка в пределах выгрузки: получил 200 тыс от 1 плательщика, исходящих нет; доля seed-денег ~0%"
100000006573438100,peripheral,0.9,50,0.0873,"выраженных признаков нет: 1 вх./0 исх., оборот 5 тыс"
100000006579678100,peripheral,0.6,4,0.4994,"выраженных признаков нет: 2 вх./6 исх., оборот 1.7 млн; связан с 1 seed; взаимные переводы с 2"
100000006595426100,peripheral,0.9,36,0.2024,"выраженных признаков нет: 1 вх./0 исх., оборот 85 тыс"
100000006612238100,peripheral,0.6,1,0.2785,"выраженных признаков нет: 1 вх./1 исх., оборот 160 тыс; взаимные переводы с 1"
100000006638021100,peripheral,0.3,57,0.2316,"обрыв выгрузки на последнем колене: получил 388 тыс от 2 плательщиков, исходящие неизвестны"
100000006641671100,peripheral,0.6,6,0.2599,"выраженных признаков нет: 2 вх./1 исх., оборот 25 тыс"
100000006656003100,peripheral,0.9,1,0.3084,"выраженных признаков нет: 1 вх./1 исх., оборот 20 тыс; связан с 1 seed; взаимные переводы с 1"
100000006658598100,peripheral,0.9,4,0.2087,"выраженных признаков нет: 1 вх./0 исх., оборот 9 тыс; связан с 1 seed"
100000006664478100,peripheral,0.6,32,0.2801,"выраженных признаков нет: 1 вх./2 исх., оборот 60 тыс"
100000006679055100,peripheral,0.9,3,0.1821,"выраженных признаков нет: 1 вх./0 исх., оборот 25 тыс"
100000006684930100,peripheral,0.9,12,0.1591,"выраженных признаков нет: 1 вх./0 исх., оборот 10 тыс"
100000006687202100,peripheral,0.9,2,0.285,"выраженных признаков нет: 1 вх./0 исх., оборот 50 тыс; связан с 1 seed"
100000006689603100,peripheral,0.3,6,0.1214,"обрыв выгрузки на последнем колене: получил 400 тыс от 1 плательщика, исходящие неизвестны"
100000006693788100,peripheral,0.3,2,0.0638,"обрыв выгрузки на последнем колене: получил 11 тыс от 1 плательщика, исходящие неизвестны"
100000006701983100,peripheral,0.9,1,0.0896,"выраженных признаков нет: 1 вх./0 исх., оборот 27 тыс"
100000006704530100,transit,0.569,31,0.3788,"признаки транзита: получил 450 тыс, отправил 428 тыс (95%); связь с seed-деньгами слабая, возможна легальная активность"
100000006706519100,peripheral,0.3,2,0.0821,"обрыв выгрузки на последнем колене: получил 36 тыс от 1 плательщика, исходящие неизвестны"
100000006707582100,distributor,0.54,29,0.6115,"веерная рассылка: 14 получателей, отправил 961 тыс; видимый вход 40 тыс, источник вне выгрузки; связан с 1 seed; взаимные переводы с 1"
100000006710485100,peripheral,0.9,1,0.0755,"выраженных признаков нет: 1 вх./0 исх., оборот 20 тыс"
100000006714366100,peripheral,0.9,12,0.1686,"выраженных признаков нет: 1 вх./1 исх., оборот 10 тыс"
100000006734214100,consolidator,0.437,5,0.5225,"признаки консолидации: 5 плательщиков, получил 610 тыс; отдал дальше 6%; связь с seed-деньгами слабая, возможна легальная активность"
100000006734554100,peripheral,0.9,34,0.3105,"выраженных признаков нет: 1 вх./1 исх., оборот 25 тыс; связан с 1 seed"
100000006735545100,peripheral,0.3,6,0.0226,"обрыв выгрузки на последнем колене: получил 5 тыс от 1 плательщика, исходящие неизвестны"
100000006745291100,peripheral,0.9,16,0.3048,"выраженных признаков нет: 1 вх./0 исх., оборот 83 тыс; связан с 1 seed"
100000006746688100,peripheral,0.9,1,0.1043,"выраженных признаков нет: 1 вх./0 исх., оборот 41 тыс"
100000006755850100,terminal,0.672,5,0.3958,"конечная точка в пределах выгрузки: получил 443 тыс от 1 плательщика, исходящих нет; доля seed-денег ~37%"
100000006756956100,peripheral,0.3,2,0.1493,"обрыв выгрузки на последнем колене: получил 121 тыс от 1 плательщика, исходящие неизвестны"
100000006787636100,peripheral,0.9,65,0.1906,"выраженных признаков нет: 1 вх./0 исх., оборот 20 тыс"
100000006788200100,peripheral,0.6,14,0.5026,"выраженных признаков нет: 4 вх./3 исх., оборот 272 тыс; связан с 1 seed"
100000006789108100,peripheral,0.9,16,0.2716,"выраженных признаков нет: 1 вх./0 исх., оборот 38 тыс; связан с 1 seed"
100000006831291100,peripheral,0.9,63,0.0973,"[seed] выраженных признаков нет: 0 вх./1 исх., оборот 15 тыс"
100000006844004100,peripheral,0.9,36,0.1505,"выраженных признаков нет: 1 вх./0 исх., оборот 21 тыс"
100000006844768100,peripheral,0.6,2,0.3464,"выраженных признаков нет: 1 вх./2 исх., оборот 282 тыс; взаимные переводы с 1"
100000006852430100,peripheral,0.9,16,0.2377,"выраженных признаков нет: 1 вх./0 исх., оборот 37 тыс"
100000006866783100,coordinator,0.86,2,0.6953,[seed] признаки координации: 13 плательщиков и 67 получателей; участвует в круговых потоках (3+ участника); доля seed-денег ~100%
100000006866831100,peripheral,0.3,64,0.0957,"обрыв выгрузки на последнем колене: получил 16 тыс от 1 плательщика, исходящие неизвестны"
100000006882208100,peripheral,0.9,4,0.2,"выраженных признаков нет: 1 вх./0 исх., оборот 18 тыс"
100000006888238100,peripheral,0.9,70,0.2496,"выраженных признаков нет: 1 вх./1 исх., оборот 30 тыс"
100000006889963100,peripheral,0.6,5,0.5469,"выраженных признаков нет: 4 вх./1 исх., оборот 1.4 млн; связан с 2 seed"
100000006894637100,peripheral,0.9,2,0.1554,"выраженных признаков нет: 1 вх./0 исх., оборот 53 тыс"
100000006901046100,peripheral,0.9,4,0.332,"выраженных признаков нет: 1 вх./1 исх., оборот 76 тыс; взаимные переводы с 1"
100000006903193100,peripheral,0.3,2,0.0734,"обрыв выгрузки на последнем колене: получил 9 тыс от 1 плательщика, исходящие неизвестны"
100000006912294100,peripheral,0.6,19,0.2599,"выраженных признаков нет: 1 вх./2 исх., оборот 30 тыс; взаимные переводы с 1"
100000006918814100,peripheral,0.3,3,0.0441,"обрыв выгрузки на последнем колене: получил 20 тыс от 1 плательщика, исходящие неизвестны"
100000006919124100,peripheral,0.9,2,0.0882,"выраженных признаков нет: 1 вх./0 исх., оборот 25 тыс"
100000006952718100,peripheral,0.9,4,0.3003,"выраженных признаков нет: 1 вх./0 исх., оборот 71 тыс; связан с 1 seed"
100000006965162100,peripheral,0.9,33,0.0956,"выраженных признаков нет: 1 вх./0 исх., оборот 10 тыс"
100000006967370100,peripheral,0.9,17,0.1959,"выраженных признаков нет: 1 вх./1 исх., оборот 33 тыс"
100000006972210100,terminal,0.83,19,0.6215,"конечная точка в пределах выгрузки: получил 489 тыс от 3 плательщиков, исходящих нет; доля seed-денег ~100%; связан с 3 seed"
100000006977207100,distributor,0.413,23,0.4507,"веерная рассылка: 15 получателей, отправил 4.2 млн; видимый вход 414 тыс, источник вне выгрузки; связь с seed-деньгами слабая, возможна легальная активность"
100000006989106100,peripheral,0.9,9,0.2627,"выраженных признаков нет: 1 вх./0 исх., оборот 64 тыс"
100000006989232100,peripheral,0.9,2,0.1116,"выраженных признаков нет: 1 вх./0 исх., оборот 22 тыс"
100000006994985100,peripheral,0.9,14,0.2938,"выраженных признаков нет: 1 вх./1 исх., оборот 48 тыс"
100000007005380100,peripheral,0.9,5,0.0833,"выраженных признаков нет: 1 вх./0 исх., оборот 9 тыс"
100000007018630100,peripheral,0.6,75,0.1384,"[seed] выраженных признаков нет: 0 вх./1 исх., оборот 200 тыс"
100000007020162100,peripheral,0.9,15,0.1411,"выраженных признаков нет: 1 вх./0 исх., оборот 86 тыс"
100000007022818100,peripheral,0.9,1,0.0701,"выраженных признаков нет: 1 вх./0 исх., оборот 17 тыс"
100000007034089100,peripheral,0.3,7,0.1972,"обрыв выгрузки на последнем колене: получил 198 тыс от 2 плательщиков, исходящие неизвестны"
100000007042175100,peripheral,0.3,2,0.1189,"обрыв выгрузки на последнем колене: получил 60 тыс от 1 плательщика, исходящие неизвестны"
100000007055802100,consolidator,0.66,2,0.701,"признаки консолидации: 6 плательщиков (из них seed: 1), получил 2.0 млн; отдал дальше 30%; до 4 плательщиков в день; связан с 1 seed; взаимные переводы с 1"
100000007071852100,peripheral,0.3,6,0.1645,"обрыв выгрузки на последнем колене: получил 195 тыс от 1 плательщика, исходящие неизвестны"
100000007129492100,peripheral,0.6,16,0.4581,"выраженных признаков нет: 2 вх./1 исх., оборот 51 тыс; связан с 2 seed"
100000007131370100,peripheral,0.9,18,0.2307,"выраженных признаков нет: 1 вх./1 исх., оборот 30 тыс; взаимные переводы с 1"
100000007138613100,peripheral,0.6,2,0.4034,"выраженных признаков нет: 3 вх./2 исх., оборот 1.0 млн"
100000007140834100,peripheral,0.9,14,0.1649,"выраженных признаков нет: 1 вх./0 исх., оборот 10 тыс"
100000007153161100,peripheral,0.3,2,0.0897,"обрыв выгрузки на последнем колене: получил 45 тыс от 1 плательщика, исходящие неизвестны"
100000007170072100,transit,0.634,6,0.3646,"признаки транзита: получил 100 тыс, отправил 100 тыс (100%); 100% отправлено в течение 2 дней после входа; связь с seed-деньгами слабая, возможна легальная активность"
100000007173936100,peripheral,0.9,35,0.0645,"выраженных признаков нет: 1 вх./0 исх., оборот 10 тыс"
100000007175718100,peripheral,0.9,55,0.2392,"выраженных признаков нет: 1 вх./0 исх., оборот 20 тыс; связан с 1 seed"
100000007181706100,terminal,0.725,3,0.5012,"конечная точка в пределах выгрузки: получил 176 тыс от 2 плательщиков, исходящих нет; доля seed-денег ~93%; связан с 1 seed"
100000007197866100,peripheral,0.9,6,0.183,"выраженных признаков нет: 1 вх./1 исх., оборот 20 тыс"
100000007229557100,terminal,0.319,24,0.3588,"конечная точка в пределах выгрузки: получил 878 тыс от 3 плательщиков, исходящих нет; доля seed-денег ~0%; вход в конце периода, мог переслать позже"
100000007242833100,peripheral,0.6,10,0.3345,"выраженных признаков нет: 1 вх./1 исх., оборот 108 тыс"
100000007267915100,peripheral,0.6,17,0.2287,"выраженных признаков нет: 2 вх./1 исх., оборот 21 тыс"
100000007274584100,peripheral,0.9,3,0.2722,"выраженных признаков нет: 1 вх./0 исх., оборот 38 тыс; связан с 1 seed"
100000007281639100,terminal,0.491,4,0.4635,"конечная точка в пределах выгрузки: получил 217 тыс от 2 плательщиков, исходящих нет; доля seed-денег ~69%; вход в конце периода, мог переслать позже; связан с 1 seed"
100000007283257100,terminal,0.511,80,0.3884,"конечная точка в пределах выгрузки: получил 192 тыс от 1 плательщика, исходящих нет; доля seed-денег ~100%; вход в конце периода, мог переслать позже; связан с 1 seed"
100000007289427100,peripheral,0.9,3,0.1868,"выраженных признаков нет: 1 вх./0 исх., оборот 12 тыс"
100000007303047100,peripheral,0.9,1,0.1151,"выраженных признаков нет: 1 вх./0 исх., оборот 52 тыс"
100000007311010100,peripheral,0.6,3,0.4246,"выраженных признаков нет: 2 вх./1 исх., оборот 64 тыс; связан с 1 seed"
100000007322059100,peripheral,0.6,39,0.3252,"выраженных признаков нет: 2 вх./1 исх., оборот 29 тыс; взаимные переводы с 1"
100000007330432100,peripheral,0.3,88,0.1966,"обрыв выгрузки на последнем колене: получил 585 тыс от 1 плательщика, исходящие неизвестны"
100000007333038100,peripheral,0.6,11,0.1714,"выраженных признаков нет: 1 вх./2 исх., оборот 35 тыс"
100000007334196100,terminal,0.717,16,0.4182,"конечная точка в пределах выгрузки: получил 150 тыс от 1 плательщика, исходящих нет; доля seed-денег ~100%; связан с 1 seed"
100000007337374100,peripheral,0.9,1,0.1364,"выраженных признаков нет: 1 вх./0 исх., оборот 20 тыс"
100000007347733100,peripheral,0.9,63,0.2471,"выраженных признаков нет: 1 вх./0 исх., оборот 23 тыс; связан с 1 seed"
100000007357489100,peripheral,0.3,7,0.2,"обрыв выгрузки на последнем колене: получил 164 тыс от 2 плательщиков, исходящие неизвестны"
100000007381662100,peripheral,0.3,2,0.0318,"обрыв выгрузки на последнем колене: получил 11 тыс от 1 плательщика, исходящие неизвестны"
100000007382152100,peripheral,0.9,2,0.1098,"выраженных признаков нет: 1 вх./0 исх., оборот 6 тыс"
100000007382543100,peripheral,0.6,33,0.4164,"выраженных признаков нет: 3 вх./5 исх., оборот 427 тыс; взаимные переводы с 2"
100000007390016100,peripheral,0.6,89,0.2996,"выраженных признаков нет: 1 вх./1 исх., оборот 511 тыс; взаимные переводы с 1"
100000007392365100,peripheral,0.6,49,0.23,"выраженных признаков нет: 1 вх./6 исх., оборот 1.8 млн"
100000007442518100,transit,0.683,35,0.6771,"признаки транзита: получил 510 тыс, отправил 4.4 млн; 90% отправлено в течение 2 дней после входа; связан с 1 seed; участвует в круговых потоках (3+ участника)"
100000007472293100,peripheral,0.6,57,0.2259,"выраженных признаков нет: 1 вх./3 исх., оборот 346 тыс"
100000007484343100,peripheral,0.9,2,0.2022,"выраженных признаков нет: 2 вх./0 исх., оборот 27 тыс"
100000007487729100,peripheral,0.9,52,0.1446,"выраженных признаков нет: 1 вх./0 исх., оборот 25 тыс"
100000007507343100,terminal,0.79,62,0.4534,"конечная точка в пределах выгрузки: получил 370 тыс от 1 плательщика, исходящих нет; доля seed-денег ~100%; связан с 1 seed"
100000007510567100,peripheral,0.3,8,0.1164,"обрыв выгрузки на последнем колене: получил 52 тыс от 1 плательщика, исходящие неизвестны"
100000007510875100,peripheral,0.9,19,0.1279,"выраженных признаков нет: 1 вх./0 исх., оборот 5 тыс"
100000007511163100,peripheral,0.6,4,0.4604,"выраженных признаков нет: 2 вх./3 исх., оборот 82 тыс; связан с 2 seed; взаимные переводы с 1"
100000007511780100,peripheral,0.3,38,0.1506,"обрыв выгрузки на последнем колене: получил 155 тыс от 1 плательщика, исходящие неизвестны"
100000007534354100,peripheral,0.6,29,0.2772,"выраженных признаков нет: 1 вх./3 исх., оборот 148 тыс"
100000007536804100,peripheral,0.6,9,0.3844,"выраженных признаков нет: 1 вх./2 исх., оборот 100 тыс; связан с 1 seed"
100000007539296100,peripheral,0.3,5,0.1088,"обрыв выгрузки на последнем колене: получил 46 тыс от 1 плательщика, исходящие неизвестны"
100000007544358100,peripheral,0.6,4,0.4814,"выраженных признаков нет: 2 вх./1 исх., оборот 350 тыс; связан с 1 seed"
100000007591246100,peripheral,0.6,12,0.2244,"выраженных признаков нет: 1 вх./1 исх., оборот 120 тыс"
100000007593823100,distributor,0.398,2,0.4868,"веерная рассылка: 13 получателей, отправил 163 тыс; видимый вход 25 тыс, источник вне выгрузки; участвует в круговых потоках (3+ участника); связь с seed-деньгами слабая, возможна легальная активность"
100000007594394100,peripheral,0.6,20,0.4193,"выраженных признаков нет: 6 вх./1 исх., оборот 3.4 млн; взаимные переводы с 1"
100000007597382100,peripheral,0.9,5,0.0758,"выраженных признаков нет: 1 вх./0 исх., оборот 16 тыс"
100000007617808100,terminal,0.622,4,0.3817,"конечная точка в пределах выгрузки: получил 450 тыс от 1 плательщика, исходящих нет; доля seed-денег ~22%"
100000007618425100,peripheral,0.9,17,0.1336,"выраженных признаков нет: 1 вх./0 исх., оборот 39 тыс"
100000007629096100,peripheral,0.6,38,0.4378,"выраженных признаков нет: 4 вх./1 исх., оборот 1.1 млн; взаимные переводы с 1"
100000007629121100,peripheral,0.9,3,0.2266,"выраженных признаков нет: 1 вх./0 исх., оборот 29 тыс"
100000007631637100,peripheral,0.9,1,0.2283,"выраженных признаков нет: 1 вх./0 исх., оборот 15 тыс; связан с 1 seed"
100000007639767100,distributor,0.5,38,0.699,"веерная рассылка: 10 получателей, отправил 822 тыс; видимый вход 91 тыс, источник вне выгрузки; связан с 2 seed; участвует в круговых потоках (3+ участника)"
100000007641183100,peripheral,0.9,4,0.2588,"выраженных признаков нет: 1 вх./0 исх., оборот 28 тыс; связан с 1 seed"
100000007641801100,terminal,0.733,9,0.4284,"конечная точка в пределах выгрузки: получил 200 тыс от 1 плательщика, исходящих нет; доля seed-денег ~100%; связан с 1 seed"
100000007647294100,terminal,0.357,42,0.2547,"конечная точка в пределах выгрузки: получил 385 тыс от 1 плательщика, исходящих нет; доля seed-денег ~0%"
100000007648946100,peripheral,0.9,12,0.3143,"выраженных признаков нет: 1 вх./1 исх., оборот 25 тыс; связан с 1 seed"
100000007653003100,terminal,0.3,17,0.1885,"конечная точка в пределах выгрузки: получил 100 тыс от 1 плательщика, исходящих нет; доля seed-денег ~0%"
100000007653094100,peripheral,0.3,12,0.1459,"обрыв выгрузки на последнем колене: получил 16 тыс от 1 плательщика, исходящие неизвестны"
100000007689942100,peripheral,0.6,20,0.1867,"выраженных признаков нет: 1 вх./2 исх., оборот 25 тыс; взаимные переводы с 1"
100000007731977100,peripheral,0.3,2,0.0738,"обрыв выгрузки на последнем колене: получил 50 тыс от 1 плательщика, исходящие неизвестны"
100000007737775100,peripheral,0.9,40,0.1329,"выраженных признаков нет: 1 вх./0 исх., оборот 6 тыс"
100000007745062100,peripheral,0.3,10,0.1983,"обрыв выгрузки на последнем колене: получил 100 тыс от 1 плательщика, исходящие неизвестны"
100000007747786100,distributor,0.71,9,0.3378,"[seed] веерная рассылка: 31 получатель, отправил 4.2 млн; доля seed-денег ~100%"
100000007749092100,peripheral,0.9,4,0.2551,"выраженных признаков нет: 1 вх./1 исх., оборот 70 тыс; взаимные переводы с 1"
100000007749747100,peripheral,0.3,13,0.0956,"обрыв выгрузки на последнем колене: получил 50 тыс от 1 плательщика, исходящие неизвестны"
100000007754369100,peripheral,0.9,2,0.1743,"выраженных признаков нет: 1 вх./0 исх., оборот 82 тыс"
100000007777377100,peripheral,0.6,4,0.3781,"выраженных признаков нет: 1 вх./2 исх., оборот 456 тыс"
100000007793871100,peripheral,0.9,29,0.1434,"выраженных признаков нет: 1 вх./0 исх., оборот 26 тыс"
100000007797290100,peripheral,0.6,2,0.2735,"выраженных признаков нет: 1 вх./1 исх., оборот 100 тыс"
100000007811950100,peripheral,0.3,30,0.1295,"обрыв выгрузки на последнем колене: получил 50 тыс от 1 плательщика, исходящие неизвестны"
100000007841978100,peripheral,0.3,5,0.1896,"обрыв выгрузки на последнем колене: получил 449 тыс от 1 плательщика, исходящие неизвестны"
100000007861311100,peripheral,0.9,9,0.2315,"выраженных признаков нет: 1 вх./0 исх., оборот 45 тыс"
100000007863304100,peripheral,0.9,5,0.0928,"выраженных признаков нет: 1 вх./0 исх., оборот 25 тыс"
100000007864477100,peripheral,0.6,2,0.4038,"выраженных признаков нет: 2 вх./6 исх., оборот 204 тыс; связан с 1 seed"
100000007865484100,peripheral,0.3,49,0.1114,"обрыв выгрузки на последнем колене: получил 585 тыс от 1 плательщика, исходящие неизвестны"
100000007867364100,peripheral,0.3,20,0.1323,"обрыв выгрузки на последнем колене: получил 42 тыс от 1 плательщика, исходящие неизвестны"
100000007898453100,peripheral,0.6,3,0.3393,"выраженных признаков нет: 1 вх./2 исх., оборот 320 тыс; взаимные переводы с 1"
100000007908818100,peripheral,0.6,3,0.5679,"выраженных признаков нет: 4 вх./6 исх., оборот 727 тыс; связан с 2 seed"
100000007930878100,peripheral,0.9,53,0.1595,"выраженных признаков нет: 1 вх./0 исх., оборот 5 тыс"
100000007938486100,peripheral,0.9,1,0.2735,"выраженных признаков нет: 1 вх./0 исх., оборот 40 тыс; связан с 1 seed"
100000007939160100,peripheral,0.6,53,0.4311,"выраженных признаков нет: 1 вх./2 исх., оборот 795 тыс; связан с 1 seed; взаимные переводы с 1"
100000007953156100,peripheral,0.9,15,0.2527,"выраженных признаков нет: 1 вх./1 исх., оборот 18 тыс"
100000007960337100,peripheral,0.3,6,0.0702,"обрыв выгрузки на последнем колене: получил 36 тыс от 1 плательщика, исходящие неизвестны"
100000007982728100,peripheral,0.6,14,0.2107,"[seed] выраженных признаков нет: 0 вх./8 исх., оборот 1.8 млн; связан ещё с 1 seed"
100000007982908100,peripheral,0.9,1,0.1589,"выраженных признаков нет: 1 вх./0 исх., оборот 31 тыс"
100000007988344100,peripheral,0.3,2,0.0795,"обрыв выгрузки на последнем колене: получил 20 тыс от 1 плательщика, исходящие неизвестны"
100000007997939100,peripheral,0.3,7,0.0644,"обрыв выгрузки на последнем колене: получил 13 тыс от 1 плательщика, исходящие неизвестны"
100000007998965100,consolidator,0.429,29,0.502,"признаки консолидации: 5 плательщиков, получил 278 тыс; отдал дальше 9%; связь с seed-деньгами слабая, возможна легальная активность"
100000007999728100,peripheral,0.9,15,0.0891,"выраженных признаков нет: 1 вх./0 исх., оборот 23 тыс"
100000008002020100,peripheral,0.9,10,0.3704,"выраженных признаков нет: 1 вх./1 исх., оборот 74 тыс; связан с 1 seed"
100000008003034100,peripheral,0.6,12,0.356,"выраженных признаков нет: 1 вх./4 исх., оборот 135 тыс; связан с 1 seed"
100000008008463100,peripheral,0.9,14,0.224,"выраженных признаков нет: 1 вх./0 исх., оборот 54 тыс"
100000008011159100,peripheral,0.6,50,0.4221,"выраженных признаков нет: 3 вх./5 исх., оборот 363 тыс; взаимные переводы с 1"
100000008011573100,peripheral,0.9,17,0.0901,"выраженных признаков нет: 1 вх./0 исх., оборот 15 тыс"
100000008027922100,peripheral,0.3,26,0.1716,"обрыв выгрузки на последнем колене: получил 70 тыс от 1 плательщика, исходящие неизвестны"
100000008028628100,peripheral,0.9,1,0.293,"выраженных признаков нет: 1 вх./0 исх., оборот 57 тыс; связан с 1 seed"
100000008029279100,peripheral,0.9,6,0.1066,"выраженных признаков нет: 1 вх./0 исх., оборот 17 тыс"
100000008038077100,terminal,0.38,5,0.2498,"конечная точка в пределах выгрузки: получил 500 тыс от 1 плательщика, исходящих нет; доля seed-денег ~0%"
100000008042075100,peripheral,0.9,27,0.0979,"выраженных признаков нет: 1 вх./0 исх., оборот 5 тыс"
100000008043184100,peripheral,0.9,17,0.1373,"выраженных признаков нет: 1 вх./0 исх., оборот 51 тыс"
100000008050986100,peripheral,0.3,5,0.1126,"обрыв выгрузки на последнем колене: получил 95 тыс от 1 плательщика, исходящие неизвестны"
100000008055972100,peripheral,0.9,1,0.091,"выраженных признаков нет: 1 вх./0 исх., оборот 28 тыс"
100000008060273100,peripheral,0.9,3,0.1678,"выраженных признаков нет: 1 вх./0 исх., оборот 10 тыс"
100000008066326100,peripheral,0.9,2,0.2382,"выраженных признаков нет: 1 вх./0 исх., оборот 19 тыс; связан с 1 seed"
100000008070101100,terminal,0.21,7,0.1538,"конечная точка в пределах выгрузки: получил 100 тыс от 1 плательщика, исходящих нет; доля seed-денег ~0%; вход в конце периода, мог переслать позже"
100000008071620100,peripheral,0.9,2,0.2814,"выраженных признаков нет: 1 вх./0 исх., оборот 47 тыс; связан с 1 seed"
100000008071749100,peripheral,0.3,8,0.0828,"обрыв выгрузки на последнем колене: получил 25 тыс от 1 плательщика, исходящие неизвестны"
100000008074304100,peripheral,0.3,5,0.0287,"обрыв выгрузки на последнем колене: получил 6 тыс от 1 плательщика, исходящие неизвестны"
100000008077552100,terminal,0.323,6,0.2408,"конечная точка в пределах выгрузки: получил 214 тыс от 1 плательщика, исходящих нет; доля seed-денег ~1%"
100000008086440100,transit,0.431,2,0.4404,"признаки транзита: получил 200 тыс, отправил 161 тыс (81%); участвует в круговых потоках (3+ участника); связь с seed-деньгами слабая, возможна легальная активность"
100000008088082100,peripheral,0.9,12,0.2339,"выраженных признаков нет: 1 вх./1 исх., оборот 50 тыс"
100000008094734100,terminal,0.745,2,0.5607,"конечная точка в пределах выгрузки: получил 236 тыс от 4 плательщиков, исходящих нет; доля seed-денег ~84%; связан с 2 seed"
100000008097580100,peripheral,0.9,6,0.2266,"выраженных признаков нет: 2 вх./0 исх., оборот 32 тыс"
100000008104567100,peripheral,0.6,8,0.4656,"выраженных признаков нет: 3 вх./3 исх., оборот 54 тыс; связан с 1 seed; участвует в круговых потоках (3+ участника)"
100000008106997100,peripheral,0.6,36,0.311,"выраженных признаков нет: 2 вх./1 исх., оборот 36 тыс"
100000008111003100,consolidator,0.452,36,0.5818,"признаки консолидации: 6 плательщиков, получил 223 тыс; отдал дальше 16%; участвует в круговых потоках (3+ участника); связь с seed-деньгами слабая, возможна легальная активность"
100000008116374100,peripheral,0.9,4,0.2642,"выраженных признаков нет: 1 вх./0 исх., оборот 31 тыс; связан с 1 seed"
100000008117324100,peripheral,0.2,0,0.006,[seed] нет переводов в выгрузке: роль определить нельзя
100000008121806100,peripheral,0.6,6,0.2977,"выраженных признаков нет: 1 вх./4 исх., оборот 249 тыс; участвует в круговых потоках (3+ участника)"
100000008129393100,peripheral,0.9,63,0.2113,"выраженных признаков нет: 1 вх./0 исх., оборот 10 тыс; связан с 1 seed"
100000008130868100,peripheral,0.3,11,0.0595,"обрыв выгрузки на последнем колене: получил 23 тыс от 1 плательщика, исходящие неизвестны"
100000008136608100,peripheral,0.3,8,0.183,"обрыв выгрузки на последнем колене: получил 170 тыс от 1 плательщика, исходящие неизвестны"
100000008137435100,peripheral,0.6,26,0.5466,"выраженных признаков нет: 2 вх./6 исх., оборот 1.4 млн; связан с 1 seed; участвует в круговых потоках (3+ участника)"
100000008141170100,peripheral,0.9,4,0.1665,"выраженных признаков нет: 1 вх./0 исх., оборот 11 тыс"
100000008144528100,consolidator,0.45,4,0.5005,"признаки консолидации: 5 плательщиков, получил 1.1 млн; отдал дальше 0%; связь с seed-деньгами слабая, возможна легальная активность"
100000008151098100,peripheral,0.3,31,0.0612,"обрыв выгрузки на последнем колене: получил 30 тыс от 1 плательщика, исходящие неизвестны"
100000008165763100,coordinator,0.761,3,0.7849,признаки координации: 15 плательщиков и 17 получателей; связан с 1 seed
100000008168850100,peripheral,0.3,5,0.1525,"обрыв выгрузки на последнем колене: получил 188 тыс от 1 плательщика, исходящие неизвестны"
100000008169544100,peripheral,0.6,4,0.4866,"выраженных признаков нет: 1 вх./4 исх., оборот 137 тыс; связан с 2 seed; участвует в круговых потоках (3+ участника)"
100000008172352100,peripheral,0.6,39,0.4918,"выраженных признаков нет: 3 вх./7 исх., оборот 290 тыс; связан с 1 seed"
100000008172721100,peripheral,0.3,6,0.1449,"обрыв выгрузки на последнем колене: получил 168 тыс от 1 плательщика, исходящие неизвестны"
100000008173359100,peripheral,0.9,4,0.1995,"выраженных признаков нет: 1 вх./0 исх., оборот 6 тыс; связан с 1 seed"
100000008174521100,peripheral,0.9,4,0.2627,"выраженных признаков нет: 1 вх./0 исх., оборот 82 тыс"
100000008175078100,peripheral,0.3,43,0.1598,"обрыв выгрузки на последнем колене: получил 1.8 млн от 1 плательщика, исходящие неизвестны"
100000008183752100,peripheral,0.3,24,0.0884,"обрыв выгрузки на последнем колене: получил 140 тыс от 1 плательщика, исходящие неизвестны"
100000008188026100,peripheral,0.6,18,0.5378,"выраженных признаков нет: 2 вх./4 исх., оборот 338 тыс; связан с 1 seed; участвует в круговых потоках (3+ участника)"
100000008190411100,peripheral,0.3,61,0.1017,"обрыв выгрузки на последнем колене: получил 198 тыс от 1 плательщика, исходящие неизвестны"
100000008190442100,peripheral,0.9,1,0.0613,"выраженных признаков нет: 1 вх./0 исх., оборот 13 тыс"
100000008192264100,transit,0.491,5,0.3314,"признаки транзита: получил 163 тыс, отправил 188 тыс; 87% отправлено в течение 2 дней после входа; связь с seed-деньгами слабая, возможна легальная активность"
100000008193258100,peripheral,0.9,17,0.2235,"выраженных признаков нет: 1 вх./1 исх., оборот 75 тыс"
100000008193577100,peripheral,0.6,51,0.5547,"выраженных признаков нет: 2 вх./5 исх., оборот 480 тыс; связан с 1 seed; участвует в круговых потоках (3+ участника)"
100000008200810100,terminal,0.375,11,0.2169,"конечная точка в пределах выгрузки: получил 475 тыс от 1 плательщика, исходящих нет; доля seed-денег ~0%"
100000008205000100,peripheral,0.2,0,0.006,[seed] нет переводов в выгрузке: роль определить нельзя
100000008205937100,peripheral,0.9,12,0.2081,"выраженных признаков нет: 1 вх./0 исх., оборот 35 тыс"
100000008213966100,transit,0.469,33,0.5259,"признаки транзита: получил 187 тыс, отправил 437 тыс; 85% отправлено в течение 2 дней после входа; взаимные переводы с 1; связь с seed-деньгами слабая, возможна легальная активность"
100000008219168100,peripheral,0.9,9,0.29,"выраженных признаков нет: 1 вх./0 исх., оборот 53 тыс; связан с 1 seed"
100000008221543100,terminal,0.388,17,0.4246,"конечная точка в пределах выгрузки: получил 542 тыс от 2 плательщиков, исходящих нет; доля seed-денег ~4%; связан с 1 seed"
100000008221765100,peripheral,0.3,5,0.1486,"обрыв выгрузки на последнем колене: получил 156 тыс от 1 плательщика, исходящие неизвестны"
100000008223661100,peripheral,0.6,13,0.3871,"выраженных признаков нет: 2 вх./5 исх., оборот 263 тыс; связан с 1 seed"
100000008223756100,terminal,0.346,6,0.3144,"конечная точка в пределах выгрузки: получил 332 тыс от 2 плательщиков, исходящих нет; доля seed-денег ~0%"
100000008229700100,peripheral,0.9,10,0.317,"выраженных признаков нет: 1 вх./1 исх., оборот 24 тыс; связан с 1 seed"
100000008232832100,peripheral,0.6,48,0.403,"выраженных признаков нет: 1 вх./1 исх., оборот 337 тыс; связан с 1 seed"
100000008237827100,peripheral,0.9,3,0.2748,"выраженных признаков нет: 1 вх./0 исх., оборот 40 тыс; связан с 1 seed"
100000008238112100,terminal,0.318,5,0.2019,"конечная точка в пределах выгрузки: получил 190 тыс от 1 плательщика, исходящих нет; доля seed-денег ~0%"
100000008238989100,terminal,0.32,26,0.2594,"конечная точка в пределах выгрузки: получил 200 тыс от 1 плательщика, исходящих нет; доля seed-денег ~3%"
100000008244300100,consolidator,0.6,47,0.5076,"признаки консолидации: 5 плательщиков (из них seed: 1), получил 65 тыс; отдал дальше 0%; связан с 1 seed"
100000008251939100,peripheral,0.3,8,0.1062,"обрыв выгрузки на последнем колене: получил 44 тыс от 1 плательщика, исходящие неизвестны"
100000008254069100,peripheral,0.6,22,0.3817,"выраженных признаков нет: 1 вх./5 исх., оборот 108 тыс; связан с 2 seed; взаимные переводы с 1"
100000008254576100,peripheral,0.9,42,0.1825,"выраженных признаков нет: 1 вх./1 исх., оборот 60 тыс"
100000008255655100,peripheral,0.3,17,0.0534,"обрыв выгрузки на последнем колене: получил 5 тыс от 1 плательщика, исходящие неизвестны"
100000008258083100,peripheral,0.6,35,0.4594,"выраженных признаков нет: 2 вх./2 исх., оборот 3.1 млн; участвует в круговых потоках (3+ участника)"
100000008258458100,peripheral,0.6,79,0.2719,"выраженных признаков нет: 1 вх./2 исх., оборот 1.6 млн"
100000008259451100,peripheral,0.9,15,0.1254,"выраженных признаков нет: 1 вх./0 исх., оборот 55 тыс"
100000008279405100,terminal,0.229,6,0.2273,"конечная точка в пределах выгрузки: получил 235 тыс от 1 плательщика, исходящих нет; доля seed-денег ~1%; вход в конце периода, мог переслать позже"
100000008283183100,peripheral,0.9,1,0.155,"выраженных признаков нет: 1 вх./0 исх., оборот 29 тыс"
100000008289539100,peripheral,0.9,18,0.1339,"выраженных признаков нет: 1 вх./0 исх., оборот 15 тыс"
100000008293431100,peripheral,0.6,2,0.2444,"выраженных признаков нет: 1 вх./5 исх., оборот 297 тыс; взаимные переводы с 1"
100000008295429100,terminal,0.35,5,0.2328,"конечная точка в пределах выгрузки: получил 352 тыс от 1 плательщика, исходящих нет; доля seed-денег ~0%"
100000008297199100,peripheral,0.9,2,0.1639,"выраженных признаков нет: 1 вх./0 исх., оборот 42 тыс"
100000008304115100,peripheral,0.9,10,0.288,"выраженных признаков нет: 1 вх./0 исх., оборот 51 тыс; связан с 1 seed"
100000008304139100,distributor,0.64,3,0.7451,"веерная рассылка: 24 получателя, отправил 1.7 млн; видимый вход 189 тыс, источник вне выгрузки; связан с 2 seed; участвует в круговых потоках (3+ участника)"
100000008306857100,terminal,0.305,11,0.1571,"конечная точка в пределах выгрузки: получил 125 тыс от 1 плательщика, исходящих нет; доля seed-денег ~0%"
100000008308418100,peripheral,0.3,2,0.0951,"обрыв выгрузки на последнем колене: получил 50 тыс от 1 плательщика, исходящие неизвестны"
100000008309514100,peripheral,0.9,1,0.0701,"выраженных признаков нет: 1 вх./0 исх., оборот 17 тыс"
100000008314203100,peripheral,0.6,48,0.4945,"[seed] выраженных признаков нет: 2 вх./2 исх., оборот 382 тыс; связан ещё с 2 seed; участвует в круговых потоках (3+ участника)"
100000008314863100,peripheral,0.9,3,0.1748,"выраженных признаков нет: 1 вх./0 исх., оборот 12 тыс"
100000008321975100,peripheral,0.3,25,0.0567,"обрыв выгрузки на последнем колене: получил 6 тыс от 1 плательщика, исходящие неизвестны"
100000008324800100,transit,0.669,89,0.5327,"признаки транзита: получил 526 тыс, отправил 511 тыс (97%); 100% отправлено в течение 2 дней после входа; взаимные переводы с 1; связь с seed-деньгами слабая, возможна легальная активность"
100000008327791100,peripheral,0.3,17,0.0723,"обрыв выгрузки на последнем колене: получил 11 тыс от 1 плательщика, исходящие неизвестны"
100000008331280100,peripheral,0.3,31,0.0731,"обрыв выгрузки на последнем колене: получил 41 тыс от 1 плательщика, исходящие неизвестны"
100000008332511100,terminal,0.3,73,0.2588,"конечная точка в пределах выгрузки: получил 100 тыс от 1 плательщика, исходящих нет; доля seed-денег ~14%"
100000008333492100,peripheral,0.3,57,0.1106,"обрыв выгрузки на последнем колене: получил 216 тыс от 1 плательщика, исходящие неизвестны"
100000008335401100,terminal,0.31,8,0.256,"конечная точка в пределах выгрузки: получил 150 тыс от 1 плательщика, исходящих нет; доля seed-денег ~5%"
100000008336318100,peripheral,0.3,7,0.0896,"обрыв выгрузки на последнем колене: получил 170 тыс от 1 плательщика, исходящие неизвестны"
100000008337304100,peripheral,0.3,6,0.1253,"обрыв выгрузки на последнем колене: получил 105 тыс от 1 плательщика, исходящие неизвестны"
100000008343415100,peripheral,0.3,23,0.1526,"обрыв выгрузки на последнем колене: получил 100 тыс от 1 плательщика, исходящие неизвестны"
100000008343874100,peripheral,0.6,23,0.3646,"выраженных признаков нет: 2 вх./2 исх., оборот 284 тыс"
100000008346837100,coordinator,0.673,12,0.7563,признаки координации: 9 плательщиков и 25 получателей; связан с 1 seed; участвует в круговых потоках (3+ участника)
100000008349675100,peripheral,0.9,9,0.3502,"выраженных признаков нет: 1 вх./1 исх., оборот 47 тыс; связан с 1 seed"
100000008349740100,peripheral,0.3,43,0.0744,"обрыв выгрузки на последнем колене: получил 70 тыс от 1 плательщика, исходящие неизвестны"
100000008352542100,peripheral,0.9,3,0.2339,"выраженных признаков нет: 1 вх./0 исх., оборот 50 тыс"
100000008356606100,terminal,0.314,12,0.3295,"конечная точка в пределах выгрузки: получил 168 тыс от 2 плательщиков, исходящих нет; доля seed-денег ~3%"
100000008376089100,terminal,0.307,35,0.1924,"конечная точка в пределах выгрузки: получил 135 тыс от 1 плательщика, исходящих нет; доля seed-денег ~0%"
100000008376785100,peripheral,0.3,5,0.1487,"обрыв выгрузки на последнем колене: получил 234 тыс от 1 плательщика, исходящие неизвестны"
100000008379273100,peripheral,0.6,8,0.2971,"выраженных признаков нет: 2 вх./4 исх., оборот 38 тыс"
100000008383405100,peripheral,0.9,27,0.2516,"выраженных признаков нет: 1 вх./0 исх., оборот 25 тыс; связан с 1 seed"
100000008388049100,terminal,0.379,11,0.2192,"конечная точка в пределах выгрузки: получил 496 тыс от 1 плательщика, исходящих нет; доля seed-денег ~0%"
100000008389800100,peripheral,0.6,4,0.4361,"выраженных признаков нет: 3 вх./7 исх., оборот 402 тыс; взаимные переводы с 2"
100000008405209100,peripheral,0.9,17,0.1413,"выраженных признаков нет: 1 вх./0 исх., оборот 54 тыс"
100000008406609100,peripheral,0.9,22,0.2279,"выраженных признаков нет: 1 вх./0 исх., оборот 34 тыс"
100000008413748100,distributor,0.435,17,0.5722,"веерная рассылка: 18 получателей, отправил 1.4 млн; видимый вход 26 тыс, источник вне выгрузки; участвует в круговых потоках (3+ участника); связь с seed-деньгами слабая, возможна легальная активность"
100000008416433100,peripheral,0.9,15,0.0823,"выраженных признаков нет: 1 вх./0 исх., оборот 20 тыс"
100000008417029100,terminal,0.21,7,0.1906,"конечная точка в пределах выгрузки: получил 100 тыс от 1 плательщика, исходящих нет; доля seed-денег ~1%; вход в конце периода, мог переслать позже"
100000008417359100,peripheral,0.6,17,0.2711,"выраженных признаков нет: 1 вх./2 исх., оборот 111 тыс; участвует в круговых потоках (3+ участника)"
100000008418835100,transit,0.631,72,0.5197,"[seed] признаки транзита: получил 1.4 млн, отправил 186 тыс; 85% отправлено в течение 2 дней после входа; связан ещё с 2 seed; доля seed-денег ~100%"
100000008418934100,terminal,0.352,19,0.3162,"конечная точка в пределах выгрузки: получил 360 тыс от 1 плательщика, исходящих нет; доля seed-денег ~11%"
100000008422226100,peripheral,0.9,2,0.1375,"выраженных признаков нет: 1 вх./0 исх., оборот 87 тыс"
100000008427027100,terminal,0.34,3,0.2917,"конечная точка в пределах выгрузки: получил 300 тыс от 1 плательщика, исходящих нет; доля seed-денег ~6%"
100000008430691100,peripheral,0.6,88,0.2916,"выраженных признаков нет: 1 вх./2 исх., оборот 605 тыс; взаимные переводы с 1"
100000008432942100,peripheral,0.9,2,0.1104,"выраженных признаков нет: 1 вх./0 исх., оборот 45 тыс"
100000008436257100,peripheral,0.9,17,0.2215,"выраженных признаков нет: 2 вх./0 исх., оборот 35 тыс"
100000008438656100,peripheral,0.6,3,0.4354,"выраженных признаков нет: 2 вх./1 исх., оборот 80 тыс; связан с 1 seed"
100000008443341100,peripheral,0.6,2,0.4813,"выраженных признаков нет: 2 вх./3 исх., оборот 50 тыс; связан с 1 seed; участвует в круговых потоках (3+ участника)"
100000008454065100,peripheral,0.9,15,0.0912,"выраженных признаков нет: 1 вх./0 исх., оборот 24 тыс"
100000008459449100,peripheral,0.9,2,0.1757,"выраженных признаков нет: 1 вх./0 исх., оборот 54 тыс"
100000008460102100,distributor,0.532,21,0.3662,"веерная рассылка: 31 получатель, отправил 477 тыс; видимый вход 18 тыс, источник вне выгрузки; связь с seed-деньгами слабая, возможна легальная активность"
100000008461217100,peripheral,0.3,60,0.1024,"обрыв выгрузки на последнем колене: получил 18 тыс от 1 плательщика, исходящие неизвестны"
100000008461532100,transit,0.596,31,0.5206,"признаки транзита: получил 565 тыс, отправил 2.5 млн; 100% отправлено в течение 2 дней после входа; взаимные переводы с 1; связь с seed-деньгами слабая, возможна легальная активность"
100000008463968100,peripheral,0.9,1,0.0541,"выраженных признаков нет: 1 вх./0 исх., оборот 10 тыс"
100000008465789100,distributor,0.42,13,0.3882,"веерная рассылка: 16 получателей, отправил 1.9 млн; видимый вход 30 тыс, источник вне выгрузки; участвует в круговых потоках (3+ участника); связь с seed-деньгами слабая, возможна легальная активность"
100000008466579100,distributor,0.428,13,0.5742,"веерная рассылка: 17 получателей, отправил 1.9 млн; видимый вход 37 тыс, источник вне выгрузки; участвует в круговых потоках (3+ участника); связь с seed-деньгами слабая, возможна легальная активность"
100000008468762100,terminal,0.314,24,0.2389,"конечная точка в пределах выгрузки: получил 170 тыс от 2 плательщиков, исходящих нет; доля seed-денег ~0%"
100000008469048100,peripheral,0.3,2,0.1996,"обрыв выгрузки на последнем колене: получил 265 тыс от 1 плательщика, исходящие неизвестны"
100000008470470100,peripheral,0.9,1,0.2664,"выраженных признаков нет: 1 вх./0 исх., оборот 34 тыс; связан с 1 seed"
100000008471634100,peripheral,0.3,30,0.1069,"обрыв выгрузки на последнем колене: получил 20 тыс от 1 плательщика, исходящие неизвестны"
100000008472324100,terminal,0.321,5,0.2065,"конечная точка в пределах выгрузки: получил 205 тыс от 1 плательщика, исходящих нет; доля seed-денег ~0%"
100000008473207100,terminal,0.659,3,0.3781,"конечная точка в пределах выгрузки: получил 202 тыс от 1 плательщика, исходящих нет; доля seed-денег ~58%"
100000008473765100,peripheral,0.9,6,0.1348,"выраженных признаков нет: 1 вх./0 исх., оборот 30 тыс"
100000008474308100,peripheral,0.9,2,0.2504,"выраженных признаков нет: 1 вх./1 исх., оборот 14 тыс; взаимные переводы с 1"
100000008474391100,peripheral,0.9,26,0.1509,"выраженных признаков нет: 1 вх./0 исх., оборот 20 тыс"
100000008477350100,distributor,0.592,2,0.6839,"веерная рассылка: 39 получателей, отправил 3.4 млн; видимый вход 610 тыс, источник вне выгрузки; участвует в круговых потоках (3+ участника)"
100000008478414100,peripheral,0.9,1,0.1061,"выраженных признаков нет: 1 вх./0 исх., оборот 10 тыс"
100000008486520100,peripheral,0.9,4,0.3388,"выраженных признаков нет: 1 вх./1 исх., оборот 36 тыс; связан с 1 seed"
100000008488166100,peripheral,0.9,1,0.0474,"выраженных признаков нет: 1 вх./0 исх., оборот 6 тыс"
100000008489604100,peripheral,0.9,1,0.0578,"выраженных признаков нет: 1 вх./0 исх., оборот 11 тыс"
100000008489922100,distributor,0.57,7,0.6159,"веерная рассылка: 36 получателей, отправил 3.8 млн; видимый вход 262 тыс, источник вне выгрузки; участвует в круговых потоках (3+ участника)"
100000008490127100,peripheral,0.6,5,0.3027,"выраженных признаков нет: 1 вх./6 исх., оборот 923 тыс"
100000008491390100,peripheral,0.9,2,0.103,"выраженных признаков нет: 1 вх./0 исх., оборот 36 тыс"
100000008493007100,peripheral,0.9,1,0.1565,"выраженных признаков нет: 1 вх./1 исх., оборот 26 тыс"
100000008497298100,terminal,0.28,19,0.3202,"конечная точка в пределах выгрузки: получил 600 тыс от 1 плательщика, исходящих нет; доля seed-денег ~11%; вход в конце периода, мог переслать позже"
100000008501413100,peripheral,0.9,40,0.1845,"выраженных признаков нет: 1 вх./1 исх., оборот 5 тыс"
100000008502995100,peripheral,0.9,2,0.2104,"выраженных признаков нет: 1 вх./0 исх., оборот 25 тыс"
100000008503177100,peripheral,0.9,6,0.1411,"выраженных признаков нет: 1 вх./0 исх., оборот 34 тыс"
100000008507703100,peripheral,0.9,1,0.0914,"выраженных признаков нет: 1 вх./0 исх., оборот 28 тыс"
100000008512552100,transit,0.6,17,0.6211,"признаки транзита: получил 394 тыс, отправил 1.3 млн; 100% отправлено в течение 2 дней после входа; участвует в круговых потоках (3+ участника)"
100000008512827100,distributor,0.375,11,0.5217,"веерная рассылка: 10 получателей, отправил 1.9 млн; видимый вход 108 тыс, источник вне выгрузки; связь с seed-деньгами слабая, возможна легальная активность"
100000008513251100,peripheral,0.2,0,0.006,[seed] нет переводов в выгрузке: роль определить нельзя
100000008514970100,peripheral,0.6,23,0.2753,"выраженных признаков нет: 1 вх./1 исх., оборот 380 тыс"
100000008516839100,peripheral,0.6,22,0.3397,"[seed] выраженных признаков нет: 3 вх./0 исх., оборот 155 тыс; связан ещё с 1 seed"
100000008517061100,peripheral,0.3,15,0.1777,"обрыв выгрузки на последнем колене: получил 1.8 млн от 1 плательщика, исходящие неизвестны"
100000008517538100,distributor,0.428,7,0.476,"веерная рассылка: 17 получателей, отправил 1.4 млн; видимый вход 156 тыс, источник вне выгрузки; связь с seed-деньгами слабая, возможна легальная активность"
100000008522127100,peripheral,0.6,78,0.1335,"[seed] выраженных признаков нет: 0 вх./1 исх., оборот 145 тыс"
100000008524903100,peripheral,0.3,2,0.045,"обрыв выгрузки на последнем колене: получил 15 тыс от 1 плательщика, исходящие неизвестны"
100000008525136100,peripheral,0.3,2,0.0573,"обрыв выгрузки на последнем колене: получил 14 тыс от 1 плательщика, исходящие неизвестны"
100000008531133100,peripheral,0.6,4,0.339,"выраженных признаков нет: 1 вх./3 исх., оборот 158 тыс"
100000008531186100,terminal,0.305,3,0.2699,"конечная точка в пределах выгрузки: получил 125 тыс от 1 плательщика, исходящих нет; доля seed-денег ~15%"
100000008532050100,terminal,0.371,5,0.2454,"конечная точка в пределах выгрузки: получил 455 тыс от 1 плательщика, исходящих нет; доля seed-денег ~0%"
100000008536546100,terminal,0.33,24,0.2634,"конечная точка в пределах выгрузки: получил 250 тыс от 2 плательщиков, исходящих нет; доля seed-денег ~0%"
100000008537380100,peripheral,0.9,1,0.0509,"выраженных признаков нет: 1 вх./0 исх., оборот 8 тыс"
100000008545727100,peripheral,0.6,8,0.3246,"выраженных признаков нет: 1 вх./6 исх., оборот 1.9 млн; взаимные переводы с 1"
100000008546855100,consolidator,0.531,20,0.5117,"признаки консолидации: 6 плательщиков, получил 72 тыс; отдал дальше 14%; до 5 плательщиков в день; взаимные переводы с 2; связь с seed-деньгами слабая, возможна легальная активность"
100000008547295100,peripheral,0.9,14,0.1536,"выраженных признаков нет: 1 вх./0 исх., оборот 15 тыс"
100000008547844100,distributor,0.442,13,0.5653,"веерная рассылка: 19 получателей, отправил 2.0 млн; видимый вход 178 тыс, источник вне выгрузки; участвует в круговых потоках (3+ участника)"
100000008547948100,distributor,0.495,7,0.6137,"веерная рассылка: 26 получателей, отправил 5.2 млн; видимый вход 213 тыс, источник вне выгрузки; участвует в круговых потоках (3+ участника)"
100000008548853100,peripheral,0.9,1,0.0627,"выраженных признаков нет: 1 вх./0 исх., оборот 14 тыс"
100000008551752100,peripheral,0.3,49,0.1058,"обрыв выгрузки на последнем колене: получил 406 тыс от 1 плательщика, исходящие неизвестны"
100000008554390100,peripheral,0.3,21,0.0314,"обрыв выгрузки на последнем колене: получил 14 тыс от 1 плательщика, исходящие неизвестны"
100000008555233100,terminal,0.258,24,0.2486,"конечная точка в пределах выгрузки: получил 441 тыс от 1 плательщика, исходящих нет; доля seed-денег ~1%; вход в конце периода, мог переслать позже"
100000008555918100,peripheral,0.6,3,0.3943,"выраженных признаков нет: 1 вх./2 исх., оборот 139 тыс; связан с 1 seed"
100000008556318100,terminal,0.676,3,0.49,"конечная точка в пределах выгрузки: получил 180 тыс от 2 плательщиков, исходящих нет; доля seed-денег ~65%; связан с 1 seed"
100000008557672100,peripheral,0.9,1,0.1769,"выраженных признаков нет: 1 вх./0 исх., оборот 49 тыс"
100000008560263100,peripheral,0.3,5,0.1144,"обрыв выгрузки на последнем колене: получил 100 тыс от 1 плательщика, исходящие неизвестны"
100000008560717100,consolidator,0.686,5,0.6786,"признаки консолидации: 7 плательщиков (из них seed: 1), получил 529 тыс; отдал дальше 5%; связан с 1 seed"
100000008561016100,transit,0.6,7,0.3618,"признаки транзита: получил 180 тыс, отправил 185 тыс; 100% отправлено в течение 2 дней после входа; связь с seed-деньгами слабая, возможна легальная активность"
100000008566737100,terminal,0.63,52,0.4851,"конечная точка в пределах выгрузки: получил 230 тыс от 2 плательщиков, исходящих нет; доля seed-денег ~46%; связан с 1 seed"
100000008568512100,terminal,0.32,5,0.2045,"конечная точка в пределах выгрузки: получил 200 тыс от 1 плательщика, исходящих нет; доля seed-денег ~0%"
100000008571243100,terminal,0.307,8,0.1752,"конечная точка в пределах выгрузки: получил 134 тыс от 1 плательщика, исходящих нет; доля seed-денег ~0%"
100000008571433100,transit,0.499,62,0.5336,"[seed] признаки транзита: получил 350 тыс, отправил 1.4 млн; 74% отправлено в течение 2 дней после входа; участвует в круговых потоках (3+ участника); доля seed-денег ~100%"
100000008571443100,peripheral,0.9,12,0.2658,"выраженных признаков нет: 2 вх./0 исх., оборот 65 тыс"
100000008575624100,peripheral,0.6,58,0.1422,"[seed] выраженных признаков нет: 0 вх./3 исх., оборот 90 тыс"
100000008576243100,peripheral,0.9,2,0.2793,"выраженных признаков нет: 2 вх./0 исх., оборот 83 тыс"
100000008576528100,peripheral,0.9,5,0.0986,"выраженных признаков нет: 1 вх./0 исх., оборот 28 тыс"
100000008579978100,peripheral,0.9,5,0.1945,"выраженных признаков нет: 1 вх./1 исх., оборот 77 тыс"
100000008582730100,peripheral,0.9,20,0.1571,"выраженных признаков нет: 1 вх./1 исх., оборот 5 тыс; взаимные переводы с 1"
100000008583360100,peripheral,0.6,8,0.2627,"выраженных признаков нет: 1 вх./1 исх., оборот 170 тыс"
100000008583971100,peripheral,0.3,2,0.1575,"обрыв выгрузки на последнем колене: получил 51 тыс от 2 плательщиков, исходящие неизвестны"
100000008586731100,peripheral,0.9,10,0.2189,"выраженных признаков нет: 1 вх./0 исх., оборот 12 тыс; связан с 1 seed"
100000008587459100,peripheral,0.6,2,0.458,"выраженных признаков нет: 2 вх./2 исх., оборот 686 тыс; связан с 1 seed; участвует в круговых потоках (3+ участника)"
100000008588665100,peripheral,0.3,2,0.119,"обрыв выгрузки на последнем колене: получил 25 тыс от 1 плательщика, исходящие неизвестны"
100000008595687100,peripheral,0.9,4,0.3325,"выраженных признаков нет: 1 вх./1 исх., оборот 64 тыс; связан с 1 seed; участвует в круговых потоках (3+ участника)"
100000008596924100,terminal,0.21,14,0.22,"конечная точка в пределах выгрузки: получил 100 тыс от 1 плательщика, исходящих нет; доля seed-денег ~4%; вход в конце периода, мог переслать позже"
100000008598972100,terminal,0.304,23,0.1945,"конечная точка в пределах выгрузки: получил 120 тыс от 1 плательщика, исходящих нет; доля seed-денег ~0%"
100000008599354100,peripheral,0.6,2,0.2765,"выраженных признаков нет: 1 вх./1 исх., оборот 177 тыс"
100000008601794100,peripheral,0.6,67,0.4345,"[seed] выраженных признаков нет: 2 вх./1 исх., оборот 871 тыс; участвует в круговых потоках (3+ участника)"
100000008603331100,peripheral,0.6,13,0.4049,"выраженных признаков нет: 2 вх./6 исх., оборот 742 тыс; взаимные переводы с 1"
100000008603629100,distributor,0.75,6,0.7235,"веерная рассылка: 61 получатель, отправил 5.0 млн; видимый вход 1.8 млн, источник вне выгрузки; участвует в круговых потоках (3+ участника); связь с seed-деньгами слабая, возможна легальная активность"
100000008612257100,peripheral,0.9,17,0.0758,"выраженных признаков нет: 1 вх./0 исх., оборот 10 тыс"
100000008619159100,peripheral,0.3,79,0.1413,"обрыв выгрузки на последнем колене: получил 446 тыс от 1 плательщика, исходящие неизвестны"
100000008619857100,peripheral,0.6,2,0.1675,"выраженных признаков нет: 1 вх./2 исх., оборот 29 тыс"
100000008620570100,peripheral,0.6,6,0.3616,"выраженных признаков нет: 2 вх./2 исх., оборот 145 тыс"
100000008624978100,terminal,0.302,23,0.2609,"конечная точка в пределах выгрузки: получил 109 тыс от 1 плательщика, исходящих нет; доля seed-денег ~13%"
100000008625905100,peripheral,0.6,69,0.2942,"выраженных признаков нет: 1 вх./2 исх., оборот 635 тыс"
100000008628231100,peripheral,0.6,81,0.4042,"выраженных признаков нет: 1 вх./2 исх., оборот 628 тыс; связан с 1 seed"
100000008628818100,peripheral,0.3,8,0.1091,"обрыв выгрузки на последнем колене: получил 46 тыс от 1 плательщика, исходящие неизвестны"
100000008629504100,peripheral,0.3,2,0.0443,"обрыв выгрузки на последнем колене: получил 20 тыс от 1 плательщика, исходящие неизвестны"
100000008629581100,peripheral,0.9,3,0.2134,"выраженных признаков нет: 1 вх./0 исх., оборот 54 тыс"
100000008631800100,peripheral,0.3,21,0.0304,"обрыв выгрузки на последнем колене: получил 13 тыс от 1 плательщика, исходящие неизвестны"
100000008632060100,peripheral,0.6,2,0.2966,"выраженных признаков нет: 1 вх./9 исх., оборот 339 тыс; связан с 1 seed; участвует в круговых потоках (3+ участника)"
100000008633099100,peripheral,0.9,9,0.1635,"выраженных признаков нет: 1 вх./1 исх., оборот 19 тыс"
100000008634520100,peripheral,0.9,13,0.1299,"выраженных признаков нет: 1 вх./0 исх., оборот 90 тыс"
100000008636603100,peripheral,0.6,87,0.5555,"выраженных признаков нет: 2 вх./6 исх., оборот 159 тыс; связан с 3 seed; участвует в круговых потоках (3+ участника)"
100000008637537100,transit,0.8,48,0.6714,"[seed] признаки транзита: получил 620 тыс, отправил 2.4 млн; 100% отправлено в течение 2 дней после входа; связан ещё с 2 seed; участвует в круговых потоках (3+ участника); доля seed-денег ~100%"
100000008638859100,peripheral,0.3,20,0.0946,"обрыв выгрузки на последнем колене: получил 34 тыс от 1 плательщика, исходящие неизвестны"
100000008647905100,peripheral,0.6,20,0.3115,"выраженных признаков нет: 1 вх./2 исх., оборот 344 тыс"
100000008648783100,peripheral,0.3,21,0.0192,"обрыв выгрузки на последнем колене: получил 5 тыс от 1 плательщика, исходящие неизвестны"
100000008649416100,peripheral,0.3,17,0.0398,"обрыв выгрузки на последнем колене: получил 5 тыс от 1 плательщика, исходящие неизвестны"
100000008650785100,peripheral,0.6,4,0.4231,"[seed] выраженных признаков нет: 2 вх./2 исх., оборот 120 тыс; связан ещё с 2 seed"
100000008652094100,peripheral,0.9,2,0.1019,"выраженных признаков нет: 1 вх./0 исх., оборот 35 тыс"
100000008653041100,peripheral,0.9,1,0.0905,"выраженных признаков нет: 1 вх./0 исх., оборот 28 тыс"
100000008654653100,peripheral,0.9,4,0.1542,"[seed] выраженных признаков нет: 0 вх./1 исх., оборот 54 тыс; связан ещё с 1 seed"
100000008655035100,peripheral,0.9,9,0.2274,"выраженных признаков нет: 1 вх./0 исх., оборот 30 тыс"
100000008655779100,peripheral,0.6,33,0.2398,"выраженных признаков нет: 1 вх./2 исх., оборот 47 тыс"
100000008656043100,peripheral,0.9,1,0.1511,"выраженных признаков нет: 1 вх./0 исх., оборот 26 тыс"
100000008659445100,peripheral,0.6,51,0.4506,"[seed] выраженных признаков нет: 3 вх./4 исх., оборот 875 тыс; участвует в круговых потоках (3+ участника)"
100000008659950100,terminal,0.329,13,0.1951,"конечная точка в пределах выгрузки: получил 246 тыс от 1 плательщика, исходящих нет; доля seed-денег ~0%"
100000008661550100,peripheral,0.9,1,0.0807,"выраженных признаков нет: 1 вх./0 исх., оборот 23 тыс"
100000008661585100,peripheral,0.9,1,0.2772,"выраженных признаков нет: 1 вх./0 исх., оборот 43 тыс; связан с 1 seed"
100000008662216100,peripheral,0.9,1,0.0882,"выраженных признаков нет: 1 вх./0 исх., оборот 26 тыс"
100000008662805100,peripheral,0.9,1,0.0688,"выраженных признаков нет: 1 вх./0 исх., оборот 16 тыс"
100000008663007100,peripheral,0.9,1,0.2238,"выраженных признаков нет: 1 вх./0 исх., оборот 14 тыс; связан с 1 seed"
100000008663723100,peripheral,0.9,1,0.067,"выраженных признаков нет: 1 вх./0 исх., оборот 16 тыс"
100000008664469100,peripheral,0.9,3,0.2516,"выраженных признаков нет: 1 вх./0 исх., оборот 25 тыс; связан с 1 seed"
100000008664774100,peripheral,0.9,1,0.0684,"выраженных признаков нет: 1 вх./0 исх., оборот 16 тыс"
100000008665380100,peripheral,0.6,2,0.3938,"выраженных признаков нет: 2 вх./1 исх., оборот 69 тыс; связан с 1 seed"
100000008666075100,peripheral,0.9,1,0.2569,"выраженных признаков нет: 1 вх./0 исх., оборот 26 тыс; связан с 1 seed"
100000008667058100,peripheral,0.9,1,0.2342,"выраженных признаков нет: 1 вх./0 исх., оборот 18 тыс; связан с 1 seed"
100000008667795100,peripheral,0.9,1,0.0976,"выраженных признаков нет: 1 вх./0 исх., оборот 34 тыс"
100000008667799100,peripheral,0.9,1,0.0976,"выраженных признаков нет: 1 вх./0 исх., оборот 34 тыс"
100000008668099100,peripheral,0.9,1,0.0674,"выраженных признаков нет: 1 вх./0 исх., оборот 16 тыс"
100000008669037100,peripheral,0.2,0,0.006,[seed] нет переводов в выгрузке: роль определить нельзя
100000008669310100,peripheral,0.9,2,0.1231,"выраженных признаков нет: 1 вх./0 исх., оборот 60 тыс"
100000008670667100,peripheral,0.9,1,0.2286,"выраженных признаков нет: 1 вх./0 исх., оборот 16 тыс; связан с 1 seed"
100000008671026100,peripheral,0.9,1,0.2486,"выраженных признаков нет: 1 вх./0 исх., оборот 24 тыс; связан с 1 seed"
100000008671081100,peripheral,0.9,1,0.1007,"выраженных признаков нет: 1 вх./0 исх., оборот 37 тыс"
100000008671129100,peripheral,0.9,1,0.0882,"выраженных признаков нет: 1 вх./0 исх., оборот 26 тыс"
100000008671929100,peripheral,0.9,3,0.3015,"выраженных признаков нет: 1 вх./0 исх., оборот 75 тыс; связан с 1 seed"
100000008672162100,peripheral,0.9,1,0.2291,"выраженных признаков нет: 1 вх./0 исх., оборот 16 тыс; связан с 1 seed"
100000008672200100,peripheral,0.9,1,0.2077,"выраженных признаков нет: 1 вх./0 исх., оборот 9 тыс; связан с 1 seed"
100000008672480100,peripheral,0.9,1,0.1171,"выраженных признаков нет: 1 вх./0 исх., оборот 13 тыс"
100000008672493100,peripheral,0.9,1,0.0627,"выраженных признаков нет: 1 вх./0 исх., оборот 14 тыс"
100000008672603100,peripheral,0.9,3,0.1753,"выраженных признаков нет: 1 вх./0 исх., оборот 21 тыс"
100000008672762100,peripheral,0.9,1,0.1171,"выраженных признаков нет: 1 вх./0 исх., оборот 13 тыс"
100000008673001100,peripheral,0.9,22,0.2581,"[seed] выраженных признаков нет: 1 вх./0 исх., оборот 80 тыс; связан ещё с 1 seed"
100000008675322100,peripheral,0.3,43,0.1182,"обрыв выгрузки на последнем колене: получил 340 тыс от 1 плательщика, исходящие неизвестны"
100000008676812100,terminal,0.326,20,0.2518,"конечная точка в пределах выгрузки: получил 231 тыс от 1 плательщика, исходящих нет; доля seed-денег ~1%"
100000008677215100,peripheral,0.9,26,0.1362,"выраженных признаков нет: 1 вх./0 исх., оборот 9 тыс"
100000008677368100,peripheral,0.3,9,0.0603,"обрыв выгрузки на последнем колене: получил 14 тыс от 1 плательщика, исходящие неизвестны"
100000008677518100,peripheral,0.9,1,0.1102,"выраженных признаков нет: 1 вх./0 исх., оборот 49 тыс"
100000008679986100,peripheral,0.9,1,0.2373,"выраженных признаков нет: 1 вх./0 исх., оборот 19 тыс; связан с 1 seed"
100000008680061100,peripheral,0.3,47,0.1057,"обрыв выгрузки на последнем колене: получил 41 тыс от 1 плательщика, исходящие неизвестны"
100000008680451100,peripheral,0.9,1,0.2486,"выраженных признаков нет: 1 вх./0 исх., оборот 24 тыс; связан с 1 seed"
100000008680731100,distributor,0.67,10,0.3253,"[seed] веерная рассылка: 27 получателей, отправил 1.5 млн; доля seed-денег ~100%"
100000008680912100,peripheral,0.9,38,0.2458,"выраженных признаков нет: 1 вх./1 исх., оборот 45 тыс; взаимные переводы с 1"
100000008682426100,peripheral,0.9,15,0.0823,"выраженных признаков нет: 1 вх./0 исх., оборот 20 тыс"
100000008683818100,peripheral,0.9,1,0.1305,"выраженных признаков нет: 1 вх./0 исх., оборот 17 тыс"
100000008684452100,peripheral,0.9,1,0.1146,"выраженных признаков нет: 1 вх./0 исх., оборот 52 тыс"
100000008684767100,peripheral,0.9,1,0.0951,"выраженных признаков нет: 1 вх./0 исх., оборот 31 тыс"
100000008684951100,peripheral,0.9,1,0.0701,"выраженных признаков нет: 1 вх./0 исх., оборот 17 тыс"
100000008686214100,peripheral,0.9,6,0.1368,"выраженных признаков нет: 1 вх./0 исх., оборот 25 тыс"
100000008686234100,peripheral,0.9,2,0.2736,"выраженных признаков нет: 1 вх./0 исх., оборот 40 тыс; связан с 1 seed"
100000008686247100,peripheral,0.9,27,0.2234,"выраженных признаков нет: 1 вх./1 исх., оборот 22 тыс; взаимные переводы с 1"
100000008686313100,consolidator,0.598,2,0.7571,"признаки консолидации: 6 плательщиков (из них seed: 1), получил 1.9 млн; отдал дальше 17%; связан с 1 seed; участвует в круговых потоках (3+ участника)"
100000008686494100,peripheral,0.9,1,0.0674,"выраженных признаков нет: 1 вх./0 исх., оборот 16 тыс"
100000008687492100,peripheral,0.9,1,0.123,"выраженных признаков нет: 1 вх./0 исх., оборот 15 тыс"
100000008687617100,peripheral,0.9,1,0.1056,"выраженных признаков нет: 1 вх./0 исх., оборот 43 тыс"
100000008687671100,peripheral,0.9,1,0.2716,"выраженных признаков нет: 1 вх./0 исх., оборот 38 тыс; связан с 1 seed"
100000008687733100,peripheral,0.9,1,0.0642,"выраженных признаков нет: 1 вх./0 исх., оборот 15 тыс"
100000008687990100,peripheral,0.9,1,0.0716,"выраженных признаков нет: 1 вх./0 исх., оборот 18 тыс"
100000008688109100,peripheral,0.9,1,0.0611,"выраженных признаков нет: 1 вх./0 исх., оборот 13 тыс"
100000008688155100,peripheral,0.9,1,0.0818,"выраженных признаков нет: 1 вх./0 исх., оборот 24 тыс"
100000008688476100,peripheral,0.9,1,0.1457,"выраженных признаков нет: 1 вх./0 исх., оборот 24 тыс"
100000008688881100,peripheral,0.9,1,0.172,"выраженных признаков нет: 1 вх./0 исх., оборот 44 тыс"
100000008690762100,peripheral,0.9,1,0.0894,"выраженных признаков нет: 1 вх./0 исх., оборот 27 тыс"
100000008690932100,peripheral,0.9,1,0.2469,"выраженных признаков нет: 1 вх./0 исх., оборот 23 тыс; связан с 1 seed"
100000008691027100,peripheral,0.9,1,0.2342,"выраженных признаков нет: 1 вх./0 исх., оборот 18 тыс; связан с 1 seed"
100000008691168100,peripheral,0.9,1,0.1457,"выраженных признаков нет: 1 вх./0 исх., оборот 24 тыс"
100000008691330100,peripheral,0.9,1,0.2449,"выраженных признаков нет: 1 вх./0 исх., оборот 21 тыс; связан с 1 seed"
100000008691495100,peripheral,0.9,1,0.2576,"выраженных признаков нет: 1 вх./0 исх., оборот 27 тыс; связан с 1 seed"
100000008692291100,transit,0.551,13,0.4653,"признаки транзита: получил 160 тыс, отправил 156 тыс (98%); связь с seed-деньгами слабая, возможна легальная активность"
100000008693069100,peripheral,0.9,1,0.2392,"выраженных признаков нет: 1 вх./0 исх., оборот 20 тыс; связан с 1 seed"
100000008695133100,peripheral,0.9,1,0.1001,"выраженных признаков нет: 1 вх./0 исх., оборот 37 тыс"
100000008695157100,peripheral,0.3,6,0.1527,"обрыв выгрузки на последнем колене: получил 426 тыс от 1 плательщика, исходящие неизвестны"
100000008695495100,peripheral,0.9,1,0.2436,"выраженных признаков нет: 1 вх./0 исх., оборот 21 тыс; связан с 1 seed"
100000008695566100,peripheral,0.9,1,0.0974,"выраженных признаков нет: 1 вх./0 исх., оборот 34 тыс"
100000008695689100,peripheral,0.9,1,0.0882,"выраженных признаков нет: 1 вх./0 исх., оборот 26 тыс"
100000008696692100,peripheral,0.9,1,0.1349,"выраженных признаков нет: 1 вх./0 исх., оборот 19 тыс"
100000008696919100,peripheral,0.9,1,0.2649,"выраженных признаков нет: 1 вх./0 исх., оборот 32 тыс; связан с 1 seed"
100000008697670100,peripheral,0.9,1,0.0861,"выраженных признаков нет: 1 вх./0 исх., оборот 25 тыс"
100000008699083100,peripheral,0.3,11,0.0956,"обрыв выгрузки на последнем колене: получил 238 тыс от 1 плательщика, исходящие неизвестны"
100000008701222100,peripheral,0.2,0,0.006,[seed] нет переводов в выгрузке: роль определить нельзя
100000008701256100,peripheral,0.9,38,0.1932,"выраженных признаков нет: 1 вх./0 исх., оборот 58 тыс"
100000008701944100,peripheral,0.9,72,0.2889,"выраженных признаков нет: 1 вх./0 исх., оборот 52 тыс; связан с 1 seed"
100000008703533100,peripheral,0.3,13,0.0718,"обрыв выгрузки на последнем колене: получил 75 тыс от 1 плательщика, исходящие неизвестны"
100000008706846100,peripheral,0.9,1,0.0634,"выраженных признаков нет: 1 вх./0 исх., оборот 14 тыс"
100000008706947100,peripheral,0.9,1,0.0701,"выраженных признаков нет: 1 вх./0 исх., оборот 17 тыс"
100000008707810100,peripheral,0.9,1,0.0882,"выраженных признаков нет: 1 вх./0 исх., оборот 26 тыс"
100000008708025100,peripheral,0.9,33,0.0956,"выраженных признаков нет: 1 вх./0 исх., оборот 10 тыс"
100000008708061100,peripheral,0.9,1,0.0521,"выраженных признаков нет: 1 вх./0 исх., оборот 9 тыс"
100000008708207100,terminal,0.261,7,0.3175,"конечная точка в пределах выгрузки: получил 465 тыс от 2 плательщиков, исходящих нет; доля seed-денег ~0%; вход в конце периода, мог переслать позже"
100000008708368100,peripheral,0.9,1,0.2491,"выраженных признаков нет: 1 вх./0 исх., оборот 24 тыс; связан с 1 seed"
100000008708595100,peripheral,0.9,1,0.0701,"выраженных признаков нет: 1 вх./0 исх., оборот 17 тыс"
100000008708743100,peripheral,0.9,1,0.0668,"выраженных признаков нет: 1 вх./0 исх., оборот 16 тыс"
100000008710791100,distributor,0.473,7,0.5533,"веерная рассылка: 23 получателя, отправил 5.5 млн; видимый вход 182 тыс, источник вне выгрузки; связь с seed-деньгами слабая, возможна легальная активность"
100000008710843100,distributor,0.398,24,0.5257,"веерная рассылка: 13 получателей, отправил 2.0 млн; видимый вход 34 тыс, источник вне выгрузки; участвует в круговых потоках (3+ участника); связь с seed-деньгами слабая, возможна легальная активность"
100000008710913100,peripheral,0.3,7,0.034,"обрыв выгрузки на последнем колене: получил 14 тыс от 1 плательщика, исходящие неизвестны"
100000008712036100,peripheral,0.9,1,0.0785,"выраженных признаков нет: 1 вх./0 исх., оборот 21 тыс"
100000008712184100,peripheral,0.9,1,0.0728,"выраженных признаков нет: 1 вх./0 исх., оборот 18 тыс"
100000008712827100,peripheral,0.9,1,0.1278,"выраженных признаков нет: 1 вх./0 исх., оборот 76 тыс"
100000008712991100,peripheral,0.9,1,0.1235,"выраженных признаков нет: 1 вх./0 исх., оборот 66 тыс"
100000008713270100,peripheral,0.6,14,0.3158,"выраженных признаков нет: 1 вх./3 исх., оборот 190 тыс"
100000008713685100,peripheral,0.9,1,0.1112,"выраженных признаков нет: 1 вх./0 исх., оборот 50 тыс"
100000008714412100,terminal,0.314,8,0.1874,"конечная точка в пределах выгрузки: получил 169 тыс от 1 плательщика, исходящих нет; доля seed-денег ~0%"
100000008715513100,peripheral,0.3,21,0.0554,"обрыв выгрузки на последнем колене: получил 32 тыс от 1 плательщика, исходящие неизвестны"
100000008715887100,peripheral,0.9,1,0.0728,"выраженных признаков нет: 1 вх./0 исх., оборот 18 тыс"
100000008716072100,peripheral,0.9,1,0.0592,"выраженных признаков нет: 1 вх./0 исх., оборот 12 тыс"
100000008716222100,peripheral,0.9,1,0.2353,"выраженных признаков нет: 1 вх./0 исх., оборот 18 тыс; связан с 1 seed"
100000008716439100,peripheral,0.9,1,0.22,"выраженных признаков нет: 1 вх./0 исх., оборот 12 тыс; связан с 1 seed"
100000008716773100,peripheral,0.9,1,0.2296,"выраженных признаков нет: 1 вх./0 исх., оборот 16 тыс; связан с 1 seed"
100000008717340100,peripheral,0.9,1,0.2761,"выраженных признаков нет: 1 вх./0 исх., оборот 42 тыс; связан с 1 seed"
100000008717341100,peripheral,0.9,1,0.2257,"выраженных признаков нет: 1 вх./0 исх., оборот 15 тыс; связан с 1 seed"
100000008717375100,peripheral,0.9,3,0.188,"выраженных признаков нет: 1 вх./0 исх., оборот 30 тыс"
100000008717802100,peripheral,0.9,1,0.0874,"выраженных признаков нет: 1 вх./0 исх., оборот 26 тыс"
100000008718089100,peripheral,0.9,1,0.2286,"выраженных признаков нет: 1 вх./0 исх., оборот 16 тыс; связан с 1 seed"
100000008718811100,peripheral,0.9,1,0.1264,"выраженных признаков нет: 1 вх./0 исх., оборот 73 тыс"
100000008720668100,peripheral,0.9,1,0.0678,"выраженных признаков нет: 1 вх./0 исх., оборот 16 тыс"
100000008720798100,peripheral,0.9,1,0.2286,"выраженных признаков нет: 1 вх./0 исх., оборот 16 тыс; связан с 1 seed"
100000008720856100,peripheral,0.9,5,0.199,"выраженных признаков нет: 1 вх./1 исх., оборот 46 тыс"
100000008721637100,peripheral,0.6,14,0.2676,"выраженных признаков нет: 1 вх./2 исх., оборот 127 тыс; связан с 1 seed"
100000008722328100,peripheral,0.9,1,0.2491,"выраженных признаков нет: 1 вх./0 исх., оборот 24 тыс; связан с 1 seed"
100000008722417100,peripheral,0.6,5,0.2892,"выраженных признаков нет: 1 вх./3 исх., оборот 720 тыс"
100000008722541100,peripheral,0.3,5,0.1543,"обрыв выгрузки на последнем колене: получил 280 тыс от 1 плательщика, исходящие неизвестны"
100000008723830100,transit,0.9,4,0.6874,"признаки транзита: получил 460 тыс, отправил 455 тыс (99%); 100% отправлено в течение 2 дней после входа; связан с 1 seed; доля seed-денег ~99%"
100000008724279100,peripheral,0.9,4,0.2182,"выраженных признаков нет: 1 вх./0 исх., оборот 12 тыс; связан с 1 seed"
100000008724461100,transit,0.6,7,0.3414,"признаки транзита: получил 100 тыс, отправил 130 тыс; 100% отправлено в течение 2 дней после входа; связь с seed-деньгами слабая, возможна легальная активность"
100000008727982100,peripheral,0.3,32,0.1377,"обрыв выгрузки на последнем колене: получил 30 тыс от 1 плательщика, исходящие неизвестны"
100000008728457100,peripheral,0.9,16,0.2789,"выраженных признаков нет: 1 вх./0 исх., оборот 45 тыс; связан с 1 seed"
100000008729597100,peripheral,0.9,6,0.1819,"выраженных признаков нет: 1 вх./0 исх., оборот 83 тыс"
100000008729801100,peripheral,0.9,1,0.2342,"выраженных признаков нет: 1 вх./0 исх., оборот 18 тыс; связан с 1 seed"
100000008730021100,peripheral,0.9,72,0.302,"выраженных признаков нет: 1 вх./0 исх., оборот 76 тыс; связан с 1 seed"
100000008730238100,peripheral,0.3,13,0.1135,"обрыв выгрузки на последнем колене: получил 113 тыс от 1 плательщика, исходящие неизвестны"
100000008730371100,terminal,0.269,2,0.3326,"конечная точка в пределах выгрузки: получил 520 тыс от 2 плательщиков, исходящих нет; доля seed-денег ~0%; вход в конце периода, мог переслать позже"
100000008730846100,transit,0.6,16,0.5307,"признаки транзита: получил 155 тыс, отправил 363 тыс; 100% отправлено в течение 2 дней после входа; связь с seed-деньгами слабая, возможна легальная активность"
100000008731444100,peripheral,0.6,52,0.445,"выраженных признаков нет: 3 вх./9 исх., оборот 880 тыс"
100000008732098100,peripheral,0.9,1,0.2296,"выраженных признаков нет: 1 вх./0 исх., оборот 16 тыс; связан с 1 seed"
100000008732488100,peripheral,0.6,6,0.2587,"выраженных признаков нет: 1 вх./1 исх., оборот 137 тыс"
100000008733049100,peripheral,0.9,18,0.1175,"выраженных признаков нет: 1 вх./0 исх., оборот 10 тыс"
100000008733194100,peripheral,0.6,12,0.5041,"выраженных признаков нет: 4 вх./8 исх., оборот 251 тыс; связан с 4 seed; взаимные переводы с 1"
100000008734279100,peripheral,0.3,6,0.0617,"обрыв выгрузки на последнем колене: получил 32 тыс от 1 плательщика, исходящие неизвестны"
100000008734364100,peripheral,0.9,1,0.1511,"выраженных признаков нет: 1 вх./0 исх., оборот 26 тыс"
100000008735384100,peripheral,0.9,1,0.2732,"выраженных признаков нет: 1 вх./0 исх., оборот 39 тыс; связан с 1 seed"
100000008735802100,peripheral,0.3,2,0.0946,"обрыв выгрузки на последнем колене: получил 85 тыс от 1 плательщика, исходящие неизвестны"
100000008735832100,peripheral,0.9,1,0.0716,"выраженных признаков нет: 1 вх./0 исх., оборот 18 тыс"
100000008736173100,peripheral,0.9,1,0.2639,"выраженных признаков нет: 1 вх./0 исх., оборот 31 тыс; связан с 1 seed"
100000008736394100,peripheral,0.9,1,0.1265,"выраженных признаков нет: 1 вх./0 исх., оборот 16 тыс"
100000008736760100,peripheral,0.9,1,0.2914,"выраженных признаков нет: 1 вх./0 исх., оборот 55 тыс; связан с 1 seed"
100000008736940100,peripheral,0.6,51,0.5675,"выраженных признаков нет: 3 вх./3 исх., оборот 451 тыс; связан с 1 seed; участвует в круговых потоках (3+ участника)"
100000008737422100,peripheral,0.9,1,0.3028,"выраженных признаков нет: 1 вх./0 исх., оборот 77 тыс; связан с 1 seed"
100000008737514100,peripheral,0.9,18,0.2047,"выраженных признаков нет: 1 вх./0 исх., оборот 85 тыс"
100000008737958100,peripheral,0.9,1,0.3558,"выраженных признаков нет: 2 вх./0 исх., оборот 53 тыс; связан с 1 seed"
100000008738325100,peripheral,0.9,22,0.3261,"[seed] выраженных признаков нет: 1 вх./1 исх., оборот 54 тыс; связан ещё с 2 seed"
100000008738526100,peripheral,0.6,24,0.1681,"выраженных признаков нет: 1 вх./1 исх., оборот 140 тыс"
100000008738658100,peripheral,0.9,1,0.0929,"выраженных признаков нет: 1 вх./0 исх., оборот 30 тыс"
100000008739887100,transit,0.6,6,0.5034,"признаки транзита: получил 214 тыс, отправил 307 тыс; 100% отправлено в течение 2 дней после входа; связь с seed-деньгами слабая, возможна легальная активность"
100000008740295100,peripheral,0.3,7,0.1618,"обрыв выгрузки на последнем колене: получил 300 тыс от 1 плательщика, исходящие неизвестны"
100000008740793100,peripheral,0.9,1,0.0785,"выраженных признаков нет: 1 вх./0 исх., оборот 21 тыс"
100000008741372100,peripheral,0.9,1,0.27,"выраженных признаков нет: 1 вх./0 исх., оборот 36 тыс; связан с 1 seed"
100000008742053100,distributor,0.39,11,0.326,"веерная рассылка: 12 получателей, отправил 2.8 млн; видимый вход 10 тыс, источник вне выгрузки; связь с seed-деньгами слабая, возможна легальная активность"
100000008742266100,peripheral,0.9,1,0.1404,"выраженных признаков нет: 1 вх./0 исх., оборот 21 тыс"
100000008743913100,distributor,0.398,24,0.5348,"веерная рассылка: 13 получателей, отправил 1.9 млн; видимый вход 149 тыс, источник вне выгрузки; связь с seed-деньгами слабая, возможна легальная активность"
100000008744364100,peripheral,0.9,1,0.0825,"выраженных признаков нет: 1 вх./0 исх., оборот 24 тыс"
100000008744799100,peripheral,0.9,1,0.0606,"выраженных признаков нет: 1 вх./0 исх., оборот 13 тыс"
100000008744849100,peripheral,0.9,1,0.2782,"выраженных признаков нет: 1 вх./0 исх., оборот 44 тыс; связан с 1 seed"
100000008745474100,peripheral,0.9,1,0.2753,"выраженных признаков нет: 1 вх./0 исх., оборот 41 тыс; связан с 1 seed"
100000008745489100,peripheral,0.9,1,0.2922,"выраженных признаков нет: 1 вх./0 исх., оборот 56 тыс; связан с 1 seed"
100000008745643100,peripheral,0.9,1,0.2426,"выраженных признаков нет: 1 вх./0 исх., оборот 20 тыс; связан с 1 seed"
100000008745676100,peripheral,0.3,1,0.064,"обрыв выгрузки на последнем колене: получил 35 тыс от 1 плательщика, исходящие неизвестны"
100000008745725100,peripheral,0.9,1,0.2819,"выраженных признаков нет: 1 вх./0 исх., оборот 47 тыс; связан с 1 seed"
100000008745863100,peripheral,0.9,1,0.0809,"выраженных признаков нет: 1 вх./0 исх., оборот 23 тыс"
100000008745884100,peripheral,0.9,1,0.0755,"выраженных признаков нет: 1 вх./0 исх., оборот 20 тыс"
100000008746025100,peripheral,0.9,1,0.2455,"выраженных признаков нет: 1 вх./0 исх., оборот 22 тыс; связан с 1 seed"
100000008746449100,distributor,0.375,7,0.3099,"веерная рассылка: 10 получателей, отправил 1.0 млн; видимый вход 10 тыс, источник вне выгрузки; связь с seed-деньгами слабая, возможна легальная активность"
100000008746673100,peripheral,0.9,1,0.2899,"выраженных признаков нет: 1 вх./0 исх., оборот 53 тыс; связан с 1 seed"
100000008747113100,terminal,0.622,5,0.4787,"конечная точка в пределах выгрузки: получил 198 тыс от 2 плательщиков, исходящих нет; доля seed-денег ~47%; связан с 1 seed"
100000008748408100,distributor,0.61,14,0.5975,"веерная рассылка: 21 получатель, отправил 1.5 млн; видимый вход 360 тыс, источник вне выгрузки; связан с 1 seed"
100000008748795100,peripheral,0.9,2,0.1132,"выраженных признаков нет: 1 вх./0 исх., оборот 47 тыс"
100000008748914100,distributor,0.53,3,0.6775,"веерная рассылка: 13 получателей, отправил 4.5 млн; видимый вход 180 тыс, источник вне выгрузки; связан с 2 seed; взаимные переводы с 1"
100000008749063100,peripheral,0.9,1,0.2373,"выраженных признаков нет: 1 вх./0 исх., оборот 19 тыс; связан с 1 seed"
100000008749405100,peripheral,0.9,1,0.1005,"выраженных признаков нет: 1 вх./0 исх., оборот 37 тыс"
100000008749406100,peripheral,0.9,1,0.2327,"выраженных признаков нет: 1 вх./0 исх., оборот 17 тыс; связан с 1 seed"
100000008749618100,peripheral,0.9,1,0.2825,"выраженных признаков нет: 1 вх./0 исх., оборот 47 тыс; связан с 1 seed"
100000008749900100,peripheral,0.9,1,0.0699,"выраженных признаков нет: 1 вх./0 исх., оборот 17 тыс"
100000008749989100,peripheral,0.9,1,0.1265,"выраженных признаков нет: 1 вх./0 исх., оборот 16 тыс"
100000008750464100,peripheral,0.9,1,0.0518,"выраженных признаков нет: 1 вх./0 исх., оборот 8 тыс"
100000008751349100,peripheral,0.9,31,0.0548,"выраженных признаков нет: 1 вх./0 исх., оборот 12 тыс"
100000008751380100,terminal,0.244,7,0.2985,"конечная точка в пределах выгрузки: получил 346 тыс от 2 плательщиков, исходящих нет; доля seed-денег ~0%; вход в конце периода, мог переслать позже"
100000008751429100,peripheral,0.6,51,0.5441,"выраженных признаков нет: 3 вх./1 исх., оборот 386 тыс; связан с 1 seed; участвует в круговых потоках (3+ участника)"
100000008752616100,peripheral,0.6,7,0.4232,"выраженных признаков нет: 2 вх./7 исх., оборот 1.3 млн"
100000008753061100,peripheral,0.9,1,0.0912,"выраженных признаков нет: 1 вх./0 исх., оборот 28 тыс"
100000008753193100,peripheral,0.9,1,0.269,"выраженных признаков нет: 1 вх./0 исх., оборот 35 тыс; связан с 1 seed"
100000008753897100,peripheral,0.9,1,0.0834,"выраженных признаков нет: 1 вх./0 исх., оборот 24 тыс"
100000008754608100,peripheral,0.9,1,0.0599,"выраженных признаков нет: 1 вх./0 исх., оборот 12 тыс"
100000008754747100,peripheral,0.9,1,0.1075,"выраженных признаков нет: 1 вх./0 исх., оборот 46 тыс"
100000008754997100,peripheral,0.9,1,0.0728,"выраженных признаков нет: 1 вх./0 исх., оборот 18 тыс"
100000008755168100,peripheral,0.9,1,0.0716,"выраженных признаков нет: 1 вх./0 исх., оборот 18 тыс"
100000008755361100,peripheral,0.9,1,0.2257,"выраженных признаков нет: 1 вх./0 исх., оборот 15 тыс; связан с 1 seed"
100000008755580100,peripheral,0.9,1,0.0678,"выраженных признаков нет: 1 вх./0 исх., оборот 16 тыс"
100000008755754100,peripheral,0.9,11,0.0855,"выраженных признаков нет: 1 вх./0 исх., оборот 7 тыс"
100000008757301100,peripheral,0.3,2,0.12,"обрыв выгрузки на последнем колене: получил 58 тыс от 1 плательщика, исходящие неизвестны"
100000008757369100,peripheral,0.9,2,0.2102,"выраженных признаков нет: 1 вх./1 исх., оборот 58 тыс"
100000008758106100,peripheral,0.3,7,0.0327,"обрыв выгрузки на последнем колене: получил 10 тыс от 1 плательщика, исходящие неизвестны"
100000008758168100,peripheral,0.6,24,0.4263,"выраженных признаков нет: 2 вх./5 исх., оборот 1.5 млн"
100000008758607100,peripheral,0.3,7,0.023,"обрыв выгрузки на последнем колене: получил 5 тыс от 1 плательщика, исходящие неизвестны"
100000008759795100,peripheral,0.3,21,0.0364,"обрыв выгрузки на последнем колене: получил 17 тыс от 1 плательщика, исходящие неизвестны"
100000008759857100,peripheral,0.6,24,0.231,"выраженных признаков нет: 1 вх./2 исх., оборот 994 тыс"
100000008760098100,peripheral,0.6,24,0.2124,"выраженных признаков нет: 1 вх./1 исх., оборот 390 тыс"
100000008761132100,peripheral,0.3,7,0.0327,"обрыв выгрузки на последнем колене: получил 10 тыс от 1 плательщика, исходящие неизвестны"
100000008761219100,peripheral,0.6,57,0.325,"выраженных признаков нет: 2 вх./2 исх., оборот 375 тыс"
100000008761220100,peripheral,0.3,7,0.0327,"обрыв выгрузки на последнем колене: получил 10 тыс от 1 плательщика, исходящие неизвестны"
100000008762005100,peripheral,0.3,7,0.017,"обрыв выгрузки на последнем колене: получил 5 тыс от 1 плательщика, исходящие неизвестны"
100000008762728100,peripheral,0.9,4,0.1894,"выраженных признаков нет: 1 вх./0 исх., оборот 17 тыс"
100000008762832100,peripheral,0.6,3,0.2789,"выраженных признаков нет: 1 вх./1 исх., оборот 150 тыс; взаимные переводы с 1"
100000008762843100,peripheral,0.3,7,0.0208,"обрыв выгрузки на последнем колене: получил 7 тыс от 1 плательщика, исходящие неизвестны"
100000008762885100,peripheral,0.3,7,0.0208,"обрыв выгрузки на последнем колене: получил 7 тыс от 1 плательщика, исходящие неизвестны"
100000008763688100,peripheral,0.9,1,0.0785,"выраженных признаков нет: 1 вх./0 исх., оборот 21 тыс"
100000008764436100,peripheral,0.9,1,0.118,"выраженных признаков нет: 1 вх./0 исх., оборот 13 тыс"
100000008764654100,peripheral,0.9,1,0.0874,"выраженных признаков нет: 1 вх./0 исх., оборот 26 тыс"
100000008765494100,peripheral,0.9,1,0.1457,"выраженных признаков нет: 1 вх./0 исх., оборот 24 тыс"
100000008765627100,peripheral,0.9,14,0.2278,"выраженных признаков нет: 1 вх./0 исх., оборот 60 тыс"
100000008766031100,peripheral,0.3,7,0.0199,"обрыв выгрузки на последнем колене: получил 5 тыс от 1 плательщика, исходящие неизвестны"
100000008766764100,peripheral,0.3,7,0.023,"обрыв выгрузки на последнем колене: получил 5 тыс от 1 плательщика, исходящие неизвестны"
100000008767027100,peripheral,0.9,24,0.0654,"выраженных признаков нет: 1 вх./0 исх., оборот 5 тыс"
100000008767065100,peripheral,0.9,24,0.0821,"выраженных признаков нет: 1 вх./0 исх., оборот 10 тыс"
100000008767925100,peripheral,0.9,1,0.2327,"выраженных признаков нет: 1 вх./0 исх., оборот 17 тыс; связан с 1 seed"
100000008767950100,peripheral,0.9,1,0.0711,"выраженных признаков нет: 1 вх./0 исх., оборот 17 тыс"
100000008768896100,peripheral,0.9,1,0.2819,"выраженных признаков нет: 1 вх./0 исх., оборот 47 тыс; связан с 1 seed"
100000008769097100,peripheral,0.9,1,0.0951,"выраженных признаков нет: 1 вх./0 исх., оборот 31 тыс"
100000008769636100,peripheral,0.9,1,0.2473,"выраженных признаков нет: 1 вх./0 исх., оборот 23 тыс; связан с 1 seed"
100000008770483100,peripheral,0.3,57,0.0215,"обрыв выгрузки на последнем колене: получил 5 тыс от 1 плательщика, исходящие неизвестны"
100000008771627100,peripheral,0.9,1,0.1278,"выраженных признаков нет: 1 вх./0 исх., оборот 16 тыс"
100000008771814100,peripheral,0.9,1,0.1448,"выраженных признаков нет: 1 вх./0 исх., оборот 24 тыс"
100000008771819100,peripheral,0.9,1,0.2729,"выраженных признаков нет: 1 вх./0 исх., оборот 39 тыс; связан с 1 seed"
100000008772058100,peripheral,0.9,1,0.1776,"выраженных признаков нет: 1 вх./0 исх., оборот 50 тыс"
100000008772246100,peripheral,0.9,1,0.1061,"выраженных признаков нет: 1 вх./0 исх., оборот 44 тыс"
100000008773876100,peripheral,0.9,1,0.2557,"выраженных признаков нет: 1 вх./0 исх., оборот 26 тыс; связан с 1 seed"
100000008774237100,peripheral,0.9,28,0.2449,"выраженных признаков нет: 1 вх./1 исх., оборот 50 тыс"
100000008775471100,terminal,0.277,24,0.2002,"конечная точка в пределах выгрузки: получил 580 тыс от 1 плательщика, исходящих нет; доля seed-денег ~0%; вход в конце периода, мог переслать позже"
100000008775747100,peripheral,0.3,7,0.023,"обрыв выгрузки на последнем колене: получил 5 тыс от 1 плательщика, исходящие неизвестны"
100000008776298100,peripheral,0.9,1,0.2769,"выраженных признаков нет: 1 вх./0 исх., оборот 43 тыс; связан с 1 seed"
100000008776310100,peripheral,0.9,1,0.0748,"выраженных признаков нет: 1 вх./0 исх., оборот 19 тыс"
100000008776420100,peripheral,0.9,1,0.1246,"выраженных признаков нет: 1 вх./0 исх., оборот 70 тыс"
100000008776576100,peripheral,0.9,1,0.2261,"выраженных признаков нет: 1 вх./0 исх., оборот 15 тыс; связан с 1 seed"
100000008776720100,peripheral,0.9,1,0.0874,"выраженных признаков нет: 1 вх./0 исх., оборот 26 тыс"
100000008777088100,peripheral,0.9,1,0.2353,"выраженных признаков нет: 1 вх./0 исх., оборот 18 тыс; связан с 1 seed"
100000008778010100,peripheral,0.3,1,0.0785,"обрыв выгрузки на последнем колене: получил 77 тыс от 1 плательщика, исходящие неизвестны"
100000008778753100,peripheral,0.3,30,0.0312,"обрыв выгрузки на последнем колене: получил 10 тыс от 1 плательщика, исходящие неизвестны"
100000008779584100,peripheral,0.9,1,0.2643,"выраженных признаков нет: 1 вх./0 исх., оборот 31 тыс; связан с 1 seed"
100000008782056100,peripheral,0.9,1,0.2602,"выраженных признаков нет: 1 вх./0 исх., оборот 29 тыс; связан с 1 seed"
100000008782421100,peripheral,0.9,1,0.2847,"выраженных признаков нет: 1 вх./0 исх., оборот 50 тыс; связан с 1 seed"
100000008782800100,peripheral,0.9,1,0.2774,"выраженных признаков нет: 1 вх./0 исх., оборот 43 тыс; связан с 1 seed"
