gid,role,role_score,priority_score,tier,weak_seed_link,cluster_id,c_role,c_seed_money,c_in_deg,c_out_deg,c_volume,c_seed_links,c_cycle3,evidence,role_stability,depth,is_seed,out_sum,out_tx,out_deg,in_sum,in_tx,in_deg,n_counterparties,volume_dedup,total_volume,net_flow,pass_ratio,n_seed_links,in_from_seed_sum,in_from_seed_deg,flag_out_gt_in,inflow_reliable,flag_truncated,no_edges,component,seed_share,seed_money_in,in_cycle,in_cycle3,n_mutual,fast_share,max_payers_day,late_last_in
100000000011452100,peripheral,0.6,0.4587,B,False,2,0.06,0.9096573208722741,0.9114374721851357,0.6915887850467289,0.621272808188696,0.3333333333333333,0.0,"выраженных признаков нет: 3 вх./1 исх., оборот 110 тыс; связан с 1 seed; взаимные переводы с 1",1.0,1,False,16685.0,2,1,110000.0,7,3,3,110000.0,126685.0,93315.0,0.1516818181818182,1,75000.0,1,False,True,False,False,0,0.6916896554574301,76085.86210031732,True,False,1,1.0,1,False
100000000018102100,peripheral,0.3,0.0649,A,True,64,0.03,0.2398753894080997,0.018691588785046728,0.0,0.045838896306186025,0.0,0.0,"обрыв выгрузки на последнем колене: получил 7 тыс от 1 плательщика, исходящие неизвестны",1.0,4,False,0.0,0,0,7000.0,1,1,1,7000.0,7000.0,7000.0,0.0,0,0.0,0,False,True,True,False,0,0.01067726850094838,74.74087950663866,False,False,0,,1,False
100000000031787100,peripheral,0.6,0.3369,B,False,9,0.06,0.8691588785046729,0.018691588785046728,0.833555852247441,0.5687583444592791,0.0,0.0,"выраженных признаков нет: 1 вх./2 исх., оборот 90 тыс; взаимные переводы с 1",0.6666666666666666,2,False,90000.0,4,2,90000.0,2,1,2,90000.0,180000.0,0.0,1.0,0,0.0,0,False,True,False,False,0,0.5405405405405406,48648.648648648654,True,False,1,0.4444444444444444,1,False
100000000041368100,terminal,0.72,0.4201,B,False,3,0.36,0.9514908767245216,0.018691588785046728,0.0,0.6862483311081442,0.3333333333333333,0.0,"конечная точка в пределах выгрузки: получил 160 тыс от 1 плательщика, исходящих нет; доля seed-денег ~100%; связан с 1 seed",1.0,1,False,0.0,0,0,160000.0,1,1,1,160000.0,160000.0,160000.0,0.0,1,160000.0,1,False,True,False,False,0,1.0,160000.0,False,False,0,,1,False
100000000076451100,peripheral,0.6,0.3744,B,True,18,0.06,0.5651980418335558,0.9114374721851357,0.9274588340008901,0.5647530040053405,0.0,0.0,"выраженных признаков нет: 3 вх./4 исх., оборот 88 тыс; взаимные переводы с 2",1.0,2,False,58000.0,4,4,87707.0,4,3,5,87707.0,145707.0,29707.0,0.661292713238396,0,0.0,0,False,True,False,False,0,0.022460989491465043,1969.9860053279247,True,False,2,0.25862068965517243,2,True
100000000089154100,distributor,0.55,0.5934,B,False,36,0.44000000000000006,0.6880284824210058,0.018691588785046728,0.9813084112149533,0.851357365376057,0.6666666666666666,1.0,"веерная рассылка: 15 получателей, отправил 426 тыс; видимый вход 10 тыс, источник вне выгрузки; связан с 2 seed; участвует в круговых потоках (3+ участника)",1.0,1,False,425500.0,21,15,10000.0,1,1,15,425500.0,435500.0,-415500.0,42.55,2,10000.0,1,True,False,False,False,0,0.023501762632197415,10000.0,True,True,1,0.27379553466509987,1,False
100000000190228100,peripheral,0.9,0.2494,B,True,19,0.09000000000000001,0.5785491766800178,0.018691588785046728,0.6915887850467289,0.3119715175789942,0.0,0.0,"выраженных признаков нет: 1 вх./1 исх., оборот 29 тыс",1.0,2,False,28560.0,1,1,5000.0,1,1,2,28560.0,33560.0,-23560.0,5.712,0,0.0,0,True,False,False,False,0,0.08371303900413762,2390.8443939581707,False,False,0,0.0,1,True
100000000201868100,transit,0.865,0.5381,B,False,65,0.6054999999999999,0.9176680017801513,0.018691588785046728,0.6915887850467289,0.7160658655985759,0.0,0.0,"признаки транзита: получил 190 тыс, отправил 190 тыс (100%); 100% отправлено в течение 2 дней после входа; взаимные переводы с 1; доля seed-денег ~47%",1.0,2,False,190000.0,1,1,190000.0,1,1,1,190000.0,380000.0,0.0,1.0,0,0.0,0,False,True,False,False,0,0.47322170741506375,89912.12442314925,True,False,1,1.0,1,False
100000000254336100,peripheral,0.6,0.2979,B,True,2,0.06,0.3426791277258567,0.8019581664441477,0.6915887850467289,0.5896751223854028,0.0,0.0,"выраженных признаков нет: 2 вх./1 исх., оборот 97 тыс",1.0,3,False,60000.0,1,1,97177.0,2,2,3,97177.0,157177.0,37177.0,0.6174300503205491,0,0.0,0,False,True,False,False,0,0.0019830598735533487,192.70780933229378,False,False,0,1.0,1,False
100000000267734100,peripheral,0.6,0.4997,B,False,9,0.06,0.9506008010680908,0.8019581664441477,0.960836671117045,0.789942145082332,0.3333333333333333,0.0,"выраженных признаков нет: 2 вх./7 исх., оборот 282 тыс; связан с 1 seed; взаимные переводы с 1",1.0,1,False,282000.0,8,7,180000.0,4,2,8,282000.0,462000.0,-102000.0,1.5666666666666667,1,120000.0,1,True,False,False,False,0,0.5405405405405406,152432.43243243243,True,False,1,0.4148936170212766,1,True
100000000274067100,peripheral,0.6,0.5168,B,False,9,0.06,0.9706275033377837,0.8019581664441477,0.894971072541166,0.986648865153538,0.3333333333333333,0.0,"выраженных признаков нет: 2 вх./3 исх., оборот 3.0 млн; связан с 1 seed; взаимные переводы с 1",1.0,1,False,2969000.0,9,3,517704.0,9,2,4,2969000.0,3486704.0,-2451296.0,5.734937338710924,1,217704.0,1,True,False,False,False,0,0.08156762832521543,242174.28849756462,True,False,1,0.6921522398113843,1,True
100000000287768100,peripheral,0.9,0.1352,B,True,2,0.09000000000000001,0.32754784156653316,0.018691588785046728,0.0,0.36315086782376504,0.0,0.0,"выраженных признаков нет: 1 вх./0 исх., оборот 35 тыс",1.0,3,False,0.0,0,0,35168.0,1,1,1,35168.0,35168.0,35168.0,0.0,0,0.0,0,False,True,False,False,0,0.004849960600259524,170.56341438992695,False,False,0,,1,False
100000000288317100,peripheral,0.6,0.3541,B,True,64,0.06,0.520694259012016,0.8019581664441477,0.894971072541166,0.5927903871829105,0.0,0.0,"выраженных признаков нет: 2 вх./3 исх., оборот 100 тыс",1.0,3,False,53500.0,3,3,100000.0,2,2,5,100000.0,153500.0,46500.0,0.535,0,0.0,0,False,True,False,False,0,0.01067726850094838,1067.726850094838,False,False,0,0.308411214953271,1,True
100000000291906100,peripheral,0.6,0.4082,B,True,59,0.06,0.6866933689363596,0.8019581664441477,0.833555852247441,0.8633733867378727,0.0,0.0,"выраженных признаков нет: 2 вх./2 исх., оборот 456 тыс; взаимные переводы с 1",1.0,2,False,455854.0,6,2,388000.0,3,2,3,455854.0,843854.0,-67854.0,1.1748814432989692,0,0.0,0,True,False,False,False,0,0.02155040497550961,9823.838309705958,True,False,1,0.4186735226629579,1,False
100000000291908100,peripheral,0.6,0.3013,B,True,59,0.06,0.6475300400534045,0.018691588785046728,0.6915887850467289,0.7979528259902091,0.0,0.0,"выраженных признаков нет: 1 вх./1 исх., оборот 296 тыс",1.0,3,False,13300.0,1,1,295500.0,5,1,2,295500.0,308800.0,282200.0,0.045008460236886635,0,0.0,0,False,True,False,False,0,0.02155040497550961,6368.144670263089,False,False,0,0.0,1,True
100000000297649100,peripheral,0.9,0.2761,B,True,10,0.09000000000000001,0.6048064085447263,0.018691588785046728,0.6915887850467289,0.5264797507788161,0.0,0.0,"выраженных признаков нет: 1 вх./1 исх., оборот 71 тыс; взаимные переводы с 1",1.0,2,False,70600.0,2,1,40000.0,1,1,1,70600.0,110600.0,-30600.0,1.765,0,0.0,0,True,False,False,False,0,0.04819611633700539,3402.6458133925807,True,False,1,0.0,1,False
100000000299820100,peripheral,0.3,0.0654,A,True,6,0.03,0.23008455718736093,0.018691588785046728,0.0,0.06987093902981753,0.0,0.0,"обрыв выгрузки на последнем колене: получил 10 тыс от 1 плательщика, исходящие неизвестны",1.0,4,False,0.0,0,0,10000.0,1,1,1,10000.0,10000.0,10000.0,0.0,0,0.0,0,False,True,True,False,0,0.006651503710631662,66.51503710631661,False,False,0,,1,False
100000000307908100,peripheral,0.9,0.1429,B,False,51,0.09000000000000001,0.5433911882510013,0.018691588785046728,0.0,0.008455718736092568,0.0,0.0,"выраженных признаков нет: 1 вх./0 исх., оборот 5 тыс",1.0,2,False,0.0,0,0,5000.0,1,1,1,5000.0,5000.0,5000.0,0.0,0,0.0,0,False,True,False,False,4,0.28985277122790126,1449.2638561395063,False,False,0,,1,False
100000000331309100,distributor,0.75,0.719,B,True,5,0.6000000000000001,0.8064085447263017,0.9777481085892301,0.9991099243435692,1.0,0.0,1.0,"веерная рассылка: 99 получателей, отправил 23.0 млн; видимый вход 985 тыс, источник вне выгрузки; участвует в круговых потоках (3+ участника)",1.0,2,False,23001375.0,126,99,984635.0,8,5,104,23001375.0,23986010.0,-22016740.0,23.360306103276848,0,0.0,0,True,False,False,False,0,0.0011953620415003489,27494.970577315085,True,True,0,0.3584307459880116,3,False
100000000332284100,transit,0.6,0.5457,C,True,5,0.42,0.6497552291944815,0.9973297730307076,0.894971072541166,0.7952825990209168,0.0,0.0,"признаки транзита: получил 107 тыс, отправил 290 тыс; 100% отправлено в течение 2 дней после входа; связь с seed-деньгами слабая, возможна легальная активность",0.6666666666666666,2,False,289500.0,3,3,107426.0,12,10,13,289500.0,396926.0,-182074.0,2.69487833485376,0,0.0,0,True,False,False,False,0,0.02258647009700378,6538.783093082595,False,False,0,1.0,3,True
100000000343175100,coordinator,0.677,0.637,B,False,16,0.677,0.9069870939029817,0.9928793947485536,0.9924343569203382,0.9924343569203382,0.3333333333333333,0.0,[seed] признаки координации: 8 плательщиков и 31 получатель; связан ещё с 1 seed; доля seed-денег ~100%,1.0,0,True,4000039.0,33,31,178712.0,14,8,39,4000039.0,4178751.0,-3821327.0,22.382598818210305,1,31500.0,1,False,False,False,False,0,1.0,74168.06365923124,False,False,0,1.0,2,False
100000000369781100,peripheral,0.3,0.0262,A,True,5,0.03,0.06497552291944815,0.018691588785046728,0.0,0.008455718736092568,0.0,0.0,"обрыв выгрузки на последнем колене: получил 5 тыс от 1 плательщика, исходящие неизвестны",1.0,4,False,0.0,0,0,5000.0,1,1,1,5000.0,5000.0,5000.0,0.0,0,0.0,0,False,True,True,False,0,0.0011953620415003489,5.976810207501744,False,False,0,,1,False
100000000375150100,peripheral,0.3,0.2459,A,True,12,0.03,0.7672452158433467,0.018691588785046728,0.0,0.8010680907877169,0.0,0.0,"обрыв выгрузки на последнем колене: получил 300 тыс от 1 плательщика, исходящие неизвестны",1.0,4,False,0.0,0,0,300000.0,1,1,1,300000.0,300000.0,300000.0,0.0,0,0.0,0,False,True,True,False,0,0.06844131349493726,20532.39404848118,False,False,0,,1,False
100000000404740100,peripheral,0.3,0.1241,A,True,30,0.03,0.4250111259457054,0.018691588785046728,0.0,0.2674677347574544,0.0,0.0,"обрыв выгрузки на последнем колене: получил 25 тыс от 1 плательщика, исходящие неизвестны",1.0,4,False,0.0,0,0,25000.0,1,1,1,25000.0,25000.0,25000.0,0.0,0,0.0,0,False,True,True,False,0,0.015305918525351767,382.6479631337942,False,False,0,,1,False
100000000408846100,peripheral,0.9,0.0939,B,True,31,0.09000000000000001,0.10769915442812639,0.018691588785046728,0.0,0.38985313751668893,0.0,0.0,"выраженных признаков нет: 1 вх./0 исх., оборот 40 тыс",1.0,3,False,0.0,0,0,40500.0,1,1,1,40500.0,40500.0,40500.0,0.0,0,0.0,0,False,True,False,False,0,0.0003227185896603177,13.070102881242867,False,False,0,,1,False
100000000413678100,peripheral,0.6,0.3479,B,True,6,0.06,0.3431241655540721,0.8019581664441477,0.894971072541166,0.8856252781486427,0.0,0.0,"выраженных признаков нет: 2 вх./3 исх., оборот 528 тыс",1.0,3,False,528198.0,18,3,306500.0,2,2,5,528198.0,834698.0,-221698.0,1.723321370309951,0,0.0,0,True,False,False,False,0,0.00036632830054888224,193.4938756933185,False,False,0,0.14767000253692744,2,False
100000000424935100,peripheral,0.3,0.0646,A,True,33,0.03,0.19181130396083668,0.018691588785046728,0.0,0.13840676457498888,0.0,0.0,"обрыв выгрузки на последнем колене: получил 15 тыс от 1 плательщика, исходящие неизвестны",1.0,4,False,0.0,0,0,15000.0,1,1,1,15000.0,15000.0,15000.0,0.0,0,0.0,0,False,True,True,False,0,0.0027633408312919207,41.45011246937881,False,False,0,,1,False
100000000425407100,peripheral,0.9,0.1809,B,False,3,0.09000000000000001,0.6355140186915887,0.018691588785046728,0.0,0.20382732532265244,0.0,0.0,"выраженных признаков нет: 1 вх./0 исх., оборот 20 тыс",1.0,2,False,0.0,0,0,20000.0,1,1,1,20000.0,20000.0,20000.0,0.0,0,0.0,0,False,True,False,False,0,0.280436949022614,5608.73898045228,False,False,0,,1,False
100000000437046100,distributor,0.615,0.6884,B,True,2,0.492,0.8362260792167334,0.9951045838896306,0.9964396973742768,0.9977748108589231,0.0,1.0,"веерная рассылка: 42 получателя, отправил 7.6 млн; видимый вход 1.1 млн, источник вне выгрузки; участвует в круговых потоках (3+ участника); связь с seed-деньгами слабая, возможна легальная активность",1.0,2,False,7606224.0,73,42,1107200.0,20,9,48,7606224.0,8713424.0,-6499024.0,6.86978323699422,0,0.0,0,True,False,False,False,0,0.004849960600259524,36889.8867167484,True,True,3,0.8674551262229458,3,True
100000000440392100,terminal,0.702,0.4059,B,False,4,0.351,0.9314641744548287,0.018691588785046728,0.0,0.6159323542501113,0.3333333333333333,0.0,"конечная точка в пределах выгрузки: получил 106 тыс от 1 плательщика, исходящих нет; доля seed-денег ~100%; связан с 1 seed",0.6666666666666666,1,False,0.0,0,0,105705.0,4,1,1,105705.0,105705.0,105705.0,0.0,1,105705.0,1,False,True,False,False,0,1.0,105705.0,False,False,0,,1,False
100000000456947100,peripheral,0.2,0.006,A,False,0,0.020000000000000004,0.0,0.0,0.0,0.0,0.0,0.0,[seed] нет переводов в выгрузке: роль определить нельзя,1.0,0,True,0.0,0,0,0.0,0,0,0,0.0,0.0,0.0,,0,0.0,0,False,False,False,True,16,1.0,0.0,False,False,0,,0,False
100000000470237100,peripheral,0.3,0.1641,A,True,33,0.03,0.5852247441032488,0.018691588785046728,0.0,0.3471295060080107,0.0,0.0,"обрыв выгрузки на последнем колене: получил 32 тыс от 1 плательщика, исходящие неизвестны",1.0,4,False,0.0,0,0,32500.0,1,1,1,32500.0,32500.0,32500.0,0.0,0,0.0,0,False,True,True,False,0,0.07950566451832446,2583.934096845545,False,False,0,,1,True
100000000481716100,peripheral,0.9,0.1441,B,False,8,0.09000000000000001,0.5269247886070316,0.018691588785046728,0.0,0.0529595015576324,0.0,0.0,"выраженных признаков нет: 1 вх./0 исх., оборот 8 тыс",1.0,3,False,0.0,0,0,8000.0,1,1,1,8000.0,8000.0,8000.0,0.0,0,0.0,0,False,True,False,False,0,0.14422012498285483,1153.7609998628386,False,False,0,,1,False
100000000489417100,peripheral,0.6,0.3919,B,False,12,0.06,0.7801513128615932,0.9114374721851357,0.6915887850467289,0.5460614152202937,0.0,0.0,"выраженных признаков нет: 3 вх./1 исх., оборот 80 тыс",1.0,2,False,80000.0,1,1,73504.0,3,3,4,80000.0,153504.0,-6496.0,1.0883761427949499,0,0.0,0,True,False,False,False,0,0.29367749547507854,23494.199638006285,False,False,0,1.0,2,False
100000000490383100,peripheral,0.6,0.4279,B,True,4,0.06,0.6626613262127281,0.9114374721851357,0.9657320872274143,0.8660436137071651,0.0,0.0,"выраженных признаков нет: 3 вх./8 исх., оборот 461 тыс",0.6666666666666666,2,False,461375.0,9,8,62600.0,3,3,11,461375.0,523975.0,-398775.0,7.37020766773163,0,0.0,0,True,False,False,False,0,0.016071882480365948,7415.164779378839,False,False,0,0.01083717149823896,1,False
100000000500040100,peripheral,0.3,0.0437,A,True,2,0.03,0.05473965287049399,0.018691588785046728,0.0,0.20382732532265244,0.0,0.0,"обрыв выгрузки на последнем колене: получил 20 тыс от 1 плательщика, исходящие неизвестны",1.0,4,False,0.0,0,0,20000.0,1,1,1,20000.0,20000.0,20000.0,0.0,0,0.0,0,False,True,True,False,0,0.00020279353504882862,4.055870700976572,False,False,0,,1,True
100000000507799100,peripheral,0.9,0.2668,B,False,45,0.09000000000000001,0.6283934134401424,0.018691588785046728,0.6915887850467289,0.0529595015576324,0.3333333333333333,0.0,"выраженных признаков нет: 1 вх./1 исх., оборот 8 тыс; связан с 1 seed",1.0,1,False,8000.0,1,1,5132.0,1,1,2,8000.0,13132.0,-2868.0,1.558846453624318,1,5132.0,1,True,False,False,False,0,0.6415,5132.0,False,False,0,0.0,1,False
100000000533217100,peripheral,0.9,0.2567,B,False,2,0.09000000000000001,0.8807298620382733,0.018691588785046728,0.0,0.4717400979083222,0.0,0.0,"выраженных признаков нет: 1 вх./0 исх., оборот 54 тыс",1.0,2,False,0.0,0,0,53587.0,1,1,1,53587.0,53587.0,53587.0,0.0,0,0.0,0,False,True,False,False,0,0.9891080984918347,53003.33567388194,False,False,0,,1,False
100000000534581100,peripheral,0.6,0.305,B,True,6,0.06,0.43124165554072097,0.8019581664441477,0.6915887850467289,0.4842011570983534,0.0,0.0,"выраженных признаков нет: 2 вх./1 исх., оборот 56 тыс",1.0,3,False,40000.0,1,1,55960.0,2,2,3,55960.0,95960.0,15960.0,0.7147962830593281,0,0.0,0,False,True,False,False,0,0.007318756005801477,409.55758608465067,False,False,0,0.0,1,False
100000000542087100,peripheral,0.3,0.0236,A,True,43,0.03,0.0262572318647085,0.018691588785046728,0.0,0.059635068980863376,0.0,0.0,"обрыв выгрузки на последнем колене: получил 9 тыс от 1 плательщика, исходящие неизвестны",1.0,4,False,0.0,0,0,8506.91,1,1,1,8506.91,8506.91,8506.91,0.0,0,0.0,0,False,True,True,False,0,4.832834906982415e-05,0.4111249159855777,False,False,0,,1,False
100000000552584100,peripheral,0.6,0.4078,B,True,27,0.06,0.8375611927013796,0.018691588785046728,0.6915887850467289,0.9826435246995995,0.0,1.0,"выраженных признаков нет: 1 вх./1 исх., оборот 2.5 млн; участвует в круговых потоках (3+ участника)",1.0,3,False,57500.0,1,1,2500000.0,3,1,2,2500000.0,2557500.0,2442500.0,0.023,0,0.0,0,False,True,False,False,0,0.014945004549930929,37362.51137482732,True,True,0,0.0,1,False
100000000555721100,terminal,0.704,0.4842,B,False,2,0.352,0.9230084557187361,0.8019581664441477,0.0,0.6283934134401424,0.3333333333333333,0.0,"конечная точка в пределах выгрузки: получил 113 тыс от 2 плательщиков, исходящих нет; доля seed-денег ~84%; связан с 1 seed",0.6666666666666666,1,False,0.0,0,0,113000.0,3,2,2,113000.0,113000.0,113000.0,0.0,1,95000.0,1,False,True,False,False,0,0.8426402436108581,95218.34752802696,False,False,0,,2,False
100000000557536100,peripheral,0.3,0.0947,A,True,43,0.03,0.07165109034267912,0.018691588785046728,0.0,0.6795727636849133,0.0,0.0,"обрыв выгрузки на последнем колене: получил 153 тыс от 1 плательщика, исходящие неизвестны",1.0,4,False,0.0,0,0,153000.0,7,1,1,153000.0,153000.0,153000.0,0.0,0,0.0,0,False,True,True,False,0,4.832834906982415e-05,7.394237407683095,False,False,0,,1,False
100000000560751100,peripheral,0.9,0.1538,B,True,12,0.09000000000000001,0.46862483311081443,0.018691588785046728,0.0,0.2674677347574544,0.0,0.0,"выраженных признаков нет: 1 вх./0 исх., оборот 25 тыс",1.0,3,False,0.0,0,0,25000.0,1,1,1,25000.0,25000.0,25000.0,0.0,0,0.0,0,False,True,False,False,0,0.023843177502615154,596.0794375653788,False,False,0,,1,False
100000000561160100,peripheral,0.3,0.1778,A,True,3,0.03,0.4472630173564753,0.018691588785046728,0.0,0.7601246105919003,0.0,0.0,"обрыв выгрузки на последнем колене: получил 240 тыс от 1 плательщика, исходящие неизвестны",1.0,4,False,0.0,0,0,240000.0,1,1,1,240000.0,240000.0,240000.0,0.0,0,0.0,0,False,True,True,False,0,0.0019773077304167824,474.55385530002775,False,False,0,,1,True
100000000569479100,terminal,0.241,0.2501,B,True,52,0.1205,0.6234979973297731,0.018691588785046728,0.0,0.8130841121495327,0.0,0.0,"конечная точка в пределах выгрузки: получил 320 тыс от 1 плательщика, исходящих нет; доля seed-денег ~1%; вход в конце периода, мог переслать позже",1.0,3,False,0.0,0,0,320000.0,1,1,1,320000.0,320000.0,320000.0,0.0,0,0.0,0,False,True,False,False,0,0.014703033291265101,4704.970653204832,False,False,0,,1,True
100000000572276100,peripheral,0.9,0.1542,B,True,1,0.09000000000000001,0.0801068090787717,0.018691588785046728,0.6915887850467289,0.35647530040053405,0.0,0.0,"выраженных признаков нет: 1 вх./1 исх., оборот 35 тыс",1.0,3,False,34547.0,1,1,13075.0,1,1,2,34547.0,47622.0,-21472.0,2.6422179732313578,0,0.0,0,True,False,False,False,1,0.00025149616293305564,8.688437940848273,False,False,0,0.0,1,False
100000000580561100,peripheral,0.6,0.3713,B,False,53,0.06,0.7503337783711616,0.8019581664441477,0.894971072541166,0.960836671117045,0.0,0.0,"[seed] выраженных признаков нет: 2 вх./3 исх., оборот 1.5 млн; взаимные переводы с 2",1.0,0,True,1488077.0,13,3,27980.0,3,2,3,1488077.0,1516057.0,-1460097.0,53.183595425303785,0,0.0,0,False,False,False,False,5,1.0,18188.876905041034,True,False,2,0.5712070007130008,1,False
100000000581662100,peripheral,0.3,0.0496,A,True,11,0.03,0.06898086337338674,0.018691588785046728,0.0,0.2345349354695149,0.0,0.0,"обрыв выгрузки на последнем колене: получил 21 тыс от 1 плательщика, исходящие неизвестны",1.0,4,False,0.0,0,0,21160.0,1,1,1,21160.0,21160.0,21160.0,0.0,0,0.0,0,False,True,True,False,0,0.0003207443319761952,6.786950064616291,False,False,0,,1,False
100000000581682100,peripheral,0.3,0.0351,A,True,33,0.03,0.10947930574098798,0.018691588785046728,0.0,0.008455718736092568,0.0,0.0,"обрыв выгрузки на последнем колене: получил 5 тыс от 1 плательщика, исходящие неизвестны",1.0,4,False,0.0,0,0,5000.0,1,1,1,5000.0,5000.0,5000.0,0.0,0,0.0,0,False,True,True,False,0,0.0027633408312919207,13.816704156459604,False,False,0,,1,False
100000000583220100,peripheral,0.6,0.2215,B,True,83,0.06,0.1878059635068981,0.018691588785046728,0.6915887850467289,0.9190031152647975,0.0,0.0,"выраженных признаков нет: 1 вх./1 исх., оборот 761 тыс",1.0,3,False,761255.0,4,1,5000.0,1,1,2,761255.0,766255.0,-756255.0,152.251,0,0.0,0,True,False,False,False,0,5.248755387465537e-05,39.95641282485077,False,False,0,0.052544810871521366,1,False
100000000594783100,peripheral,0.6,0.4233,B,True,27,0.06,0.8433466844681798,0.018691588785046728,0.833555852247441,0.9844236760124611,0.0,1.0,"выраженных признаков нет: 1 вх./2 исх., оборот 2.6 млн; участвует в круговых потоках (3+ участника)",1.0,3,False,152500.0,2,2,2635000.0,10,1,2,2635000.0,2787500.0,2482500.0,0.05787476280834915,0,0.0,0,False,True,False,False,0,0.014945004549930929,39380.086989068,True,True,1,1.0,1,False
100000000596954100,peripheral,0.6,0.3544,B,False,3,0.06,0.9234534935469515,0.018691588785046728,0.833555852247441,0.6350689808633734,0.0,0.0,"выраженных признаков нет: 1 вх./2 исх., оборот 120 тыс",1.0,2,False,48100.0,2,2,120000.0,1,1,3,120000.0,168100.0,71900.0,0.4008333333333333,0,0.0,0,False,True,False,False,0,0.7943751227495909,95325.01472995091,False,False,0,1.0,1,False
100000000600707100,peripheral,0.3,0.1971,A,True,44,0.03,0.6404094348019582,0.018691588785046728,0.0,0.5669781931464174,0.0,0.0,"обрыв выгрузки на последнем колене: получил 89 тыс от 1 плательщика, исходящие неизвестны",1.0,4,False,0.0,0,0,89000.0,2,1,1,89000.0,89000.0,89000.0,0.0,0,0.0,0,False,True,True,False,0,0.06647398843930637,5916.184971098267,False,False,0,,1,True
100000000607731100,peripheral,0.9,0.3394,B,False,34,0.09000000000000001,0.7605696484201158,0.018691588785046728,0.6915887850467289,0.5144637294170005,0.3333333333333333,0.0,"выраженных признаков нет: 1 вх./1 исх., оборот 67 тыс; связан с 1 seed",1.0,1,False,66666.0,1,1,20000.0,1,1,2,66666.0,86666.0,-46666.0,3.3333,1,20000.0,1,True,False,False,False,3,0.3000030000300003,20000.0,False,False,0,0.0,1,False
100000000607941100,peripheral,0.6,0.3524,B,True,4,0.06,0.6506453048509123,0.8019581664441477,0.6915887850467289,0.5189141076991545,0.0,0.0,"выраженных признаков нет: 2 вх./1 исх., оборот 70 тыс; взаимные переводы с 1",1.0,2,False,70000.0,4,1,50000.0,3,2,2,70000.0,120000.0,-20000.0,1.4,0,0.0,0,True,False,False,False,0,0.09566527962342505,6696.569573639754,True,False,1,0.2857142857142857,1,False
100000000608031100,peripheral,0.3,0.0919,A,True,17,0.03,0.23809523809523808,0.018691588785046728,0.0,0.3186470850022252,0.0,0.0,"обрыв выгрузки на последнем колене: получил 30 тыс от 1 плательщика, исходящие неизвестны",1.0,4,False,0.0,0,0,30000.0,1,1,1,30000.0,30000.0,30000.0,0.0,0,0.0,0,False,True,True,False,0,0.002458826925841859,73.76480777525576,False,False,0,,1,False
100000000611474100,peripheral,0.9,0.1702,B,True,26,0.09000000000000001,0.5122385402759234,0.018691588785046728,0.0,0.3440142412105029,0.0,0.0,"выраженных признаков нет: 1 вх./0 исх., оборот 32 тыс",1.0,3,False,0.0,0,0,32000.0,1,1,1,32000.0,32000.0,32000.0,0.0,0,0.0,0,False,True,False,False,0,0.03095382274234458,990.5223277550266,False,False,0,,1,False
100000000625169100,peripheral,0.9,0.1061,B,True,1,0.09000000000000001,0.32888295505117937,0.018691588785046728,0.0,0.06987093902981753,0.0,0.0,"выраженных признаков нет: 1 вх./0 исх., оборот 10 тыс",1.0,2,False,0.0,0,0,10000.0,1,1,1,10000.0,10000.0,10000.0,0.0,0,0.0,0,False,True,False,False,1,0.017185010363675823,171.85010363675823,False,False,0,,1,True
100000000627521100,peripheral,0.3,0.023,A,True,46,0.03,0.03204272363150868,0.018691588785046728,0.0,0.04183355585224744,0.0,0.0,"обрыв выгрузки на последнем колене: получил 6 тыс от 1 плательщика, исходящие неизвестны",1.0,4,False,0.0,0,0,6500.0,1,1,1,6500.0,6500.0,6500.0,0.0,0,0.0,0,False,True,True,False,0,0.00010877522639587186,0.7070389715731671,False,False,0,,1,False
100000000629812100,peripheral,0.9,0.2505,B,False,66,0.09000000000000001,0.5749888740542947,0.8019581664441477,0.0,0.23809523809523808,0.0,0.0,"выраженных признаков нет: 2 вх./0 исх., оборот 22 тыс",1.0,2,False,0.0,0,0,22000.0,2,2,2,22000.0,22000.0,22000.0,0.0,0,0.0,0,False,True,False,False,0,0.10522650770301355,2314.983169466298,False,False,0,,1,True
100000000634341100,peripheral,0.3,0.0949,A,True,2,0.03,0.2834890965732087,0.018691588785046728,0.0,0.2585669781931464,0.0,0.0,"обрыв выгрузки на последнем колене: получил 24 тыс от 1 плательщика, исходящие неизвестны",1.0,4,False,0.0,0,0,24000.0,2,1,1,24000.0,24000.0,24000.0,0.0,0,0.0,0,False,True,True,False,0,0.004849960600259524,116.39905440622857,False,False,0,,1,False
100000000640800100,peripheral,0.6,0.2642,B,True,6,0.06,0.3008455718736093,0.018691588785046728,0.9274588340008901,0.8838451268357811,0.0,0.0,"выраженных признаков нет: 1 вх./4 исх., оборот 518 тыс",1.0,3,False,518135.0,6,4,80000.0,1,1,5,518135.0,598135.0,-438135.0,6.4766875,0,0.0,0,True,False,False,False,0,0.00025803726716068477,133.6981394203014,False,False,0,0.031096142897121405,1,False
100000000646541100,peripheral,0.6,0.2475,B,True,2,0.06,0.5349354695149088,0.9114374721851357,0.0,0.2839341344014241,0.0,0.0,"выраженных признаков нет: 3 вх./0 исх., оборот 25 тыс",1.0,2,False,0.0,0,0,25300.0,4,3,3,25300.0,25300.0,25300.0,0.0,0,0.0,0,False,True,False,False,0,0.05021171356645236,1270.3563532312448,False,False,0,,1,True
100000000655469100,peripheral,0.3,0.0988,A,True,25,0.03,0.3302180685358255,0.018691588785046728,0.0,0.20382732532265244,0.0,0.0,"обрыв выгрузки на последнем колене: получил 20 тыс от 1 плательщика, исходящие неизвестны",1.0,4,False,0.0,0,0,20000.0,2,1,1,20000.0,20000.0,20000.0,0.0,0,0.0,0,False,True,True,False,0,0.00860890474374513,172.1780948749026,False,False,0,,1,False
100000000656682100,peripheral,0.6,0.2047,B,True,2,0.06,0.21940364931019138,0.018691588785046728,0.833555852247441,0.5460614152202937,0.0,0.0,"выраженных признаков нет: 1 вх./2 исх., оборот 80 тыс",1.0,3,False,80000.0,3,2,71000.0,1,1,3,80000.0,151000.0,-9000.0,1.1267605633802817,0,0.0,0,True,False,False,False,0,0.0007512177907026174,60.09742325620939,False,False,0,0.0,1,False
100000000661131100,peripheral,0.9,0.067,B,True,1,0.09000000000000001,0.08945260347129506,0.018691588785046728,0.0,0.1570983533600356,0.0,0.0,"выраженных признаков нет: 1 вх./0 исх., оборот 16 тыс",1.0,3,False,0.0,0,0,15600.0,1,1,1,15600.0,15600.0,15600.0,0.0,0,0.0,0,False,True,False,False,1,0.0006645076819004414,10.366319837646886,False,False,0,,1,False
100000000661912100,transit,0.51,0.5929,C,False,74,0.357,0.840231419670672,0.9777481085892301,0.833555852247441,0.8540275923453493,0.3333333333333333,0.0,"признаки транзита: получил 393 тыс, отправил 431 тыс; 75% отправлено в течение 2 дней после входа; связан с 1 seed; взаимные переводы с 1",1.0,1,False,430700.0,8,2,393036.0,9,5,6,430700.0,823736.0,-37664.0,1.0958283719557496,1,25311.0,1,True,False,False,False,0,0.08828434162210512,38024.065936640676,True,False,1,0.75156721615974,2,True
100000000667713100,peripheral,0.6,0.5633,B,False,4,0.06,0.9336893635959056,0.8019581664441477,0.9528259902091678,0.634623943035158,0.6666666666666666,1.0,"выраженных признаков нет: 2 вх./6 исх., оборот 119 тыс; связан с 2 seed; участвует в круговых потоках (3+ участника)",1.0,1,False,79236.0,7,6,119495.0,10,2,7,119495.0,198731.0,40259.0,0.663090505878907,2,106745.0,1,False,True,False,False,0,0.9010037752189451,107665.44611978786,True,True,1,0.4726386995809985,1,False
100000000673868100,peripheral,0.6,0.3855,B,True,35,0.06,0.6039163328882955,0.018691588785046728,0.9421450823319982,0.9759679572763685,0.0,1.0,"выраженных признаков нет: 1 вх./5 исх., оборот 2.0 млн; участвует в круговых потоках (3+ участника)",1.0,3,False,383000.0,19,5,2030650.0,5,1,5,2030650.0,2413650.0,1647650.0,0.18860955851574618,0,0.0,0,False,True,False,False,0,0.0016500185893891888,3350.610248543156,True,True,1,0.762402088772846,1,False
100000000673915100,peripheral,0.3,0.0426,A,True,43,0.03,0.037828215398308856,0.018691588785046728,0.0,0.22696929238985314,0.0,0.0,"обрыв выгрузки на последнем колене: получил 20 тыс от 1 плательщика, исходящие неизвестны",1.0,4,False,0.0,0,0,20200.0,1,1,1,20200.0,20200.0,20200.0,0.0,0,0.0,0,False,True,True,False,0,4.832834906982415e-05,0.9762326512104478,False,False,0,,1,False
100000000703894100,peripheral,0.6,0.3765,B,False,34,0.06,0.9381397418780596,0.018691588785046728,0.6915887850467289,0.6350689808633734,0.3333333333333333,0.0,"выраженных признаков нет: 1 вх./1 исх., оборот 120 тыс; связан с 1 seed",1.0,1,False,35000.0,1,1,120000.0,1,1,2,120000.0,155000.0,85000.0,0.2916666666666667,1,120000.0,1,False,True,False,False,3,1.0,120000.0,False,False,0,0.0,1,False
100000000703902100,peripheral,0.9,0.2544,B,False,1,0.09000000000000001,0.7957276368491322,0.018691588785046728,0.0,0.2857142857142857,0.3333333333333333,0.0,"выраженных признаков нет: 1 вх./0 исх., оборот 25 тыс; связан с 1 seed",1.0,1,False,0.0,0,0,25499.0,1,1,1,25499.0,25499.0,25499.0,0.0,1,25499.0,1,False,True,False,False,1,1.0,25499.0,False,False,0,,1,False
100000000704700100,peripheral,0.3,0.0488,A,True,28,0.03,0.14730752113929685,0.018691588785046728,0.0,0.06987093902981753,0.0,0.0,"обрыв выгрузки на последнем колене: получил 10 тыс от 1 плательщика, исходящие неизвестны",1.0,4,False,0.0,0,0,10000.0,1,1,1,10000.0,10000.0,10000.0,0.0,0,0.0,0,False,True,True,False,2,0.002357054273266704,23.57054273266704,False,False,0,,1,False
100000000706545100,peripheral,0.6,0.5078,B,False,4,0.06,0.9951045838896306,0.9114374721851357,0.6915887850467289,0.9412550066755674,0.3333333333333333,0.0,"выраженных признаков нет: 3 вх./1 исх., оборот 1.1 млн; связан с 1 seed; взаимные переводы с 1",1.0,1,False,75800.0,3,1,1070300.0,8,3,3,1070300.0,1146100.0,994500.0,0.07082126506586939,1,721300.0,1,False,True,False,False,0,0.6825889290308093,730574.9307416752,True,False,1,0.0,1,True
100000000718427100,peripheral,0.9,0.0902,B,True,1,0.09000000000000001,0.2661326212728082,0.018691588785046728,0.0,0.035603026257231864,0.0,0.0,"выраженных признаков нет: 1 вх./0 исх., оборот 6 тыс",1.0,2,False,0.0,0,0,6000.0,1,1,1,6000.0,6000.0,6000.0,0.0,0,0.0,0,False,True,False,False,1,0.017185010363675823,103.11006218205493,False,False,0,,1,False
100000000723383100,peripheral,0.6,0.2885,B,True,25,0.06,0.6448598130841121,0.018691588785046728,0.833555852247441,0.5331553182020472,0.0,0.0,"выраженных признаков нет: 1 вх./2 исх., оборот 75 тыс",1.0,2,False,75000.0,2,2,6800.0,1,1,3,75000.0,81800.0,-68200.0,11.029411764705882,0,0.0,0,True,False,False,False,0,0.0827448554141281,6205.864156059608,False,False,0,0.0,1,False
100000000724540100,peripheral,0.6,0.2806,B,True,23,0.06,0.6466399643969737,0.018691588785046728,0.6915887850467289,0.5927903871829105,0.0,0.0,"выраженных признаков нет: 1 вх./1 исх., оборот 100 тыс",1.0,2,False,100000.0,1,1,50000.0,1,1,2,100000.0,150000.0,-50000.0,2.0,0,0.0,0,True,False,False,False,0,0.06362441091622753,6362.441091622753,False,False,0,0.0,1,True
100000000733373100,peripheral,0.9,0.1726,B,False,4,0.09000000000000001,0.6461949265687583,0.018691588785046728,0.0,0.10013351134846461,0.0,0.0,"выраженных признаков нет: 1 вх./0 исх., оборот 11 тыс",1.0,2,False,0.0,0,0,10710.0,1,1,1,10710.0,10710.0,10710.0,0.0,0,0.0,0,False,True,False,False,0,0.59396914875992,6361.409583218743,False,False,0,,1,False
100000000733451100,peripheral,0.6,0.3256,B,True,12,0.06,0.7672452158433467,0.018691588785046728,0.6915887850467289,0.8010680907877169,0.0,0.0,"выраженных признаков нет: 1 вх./1 исх., оборот 300 тыс",1.0,3,False,300000.0,1,1,70000.0,2,1,2,300000.0,370000.0,-230000.0,4.285714285714286,0,0.0,0,True,False,False,False,0,0.06844131349493726,20532.39404848118,False,False,0,0.0,1,False
100000000733940100,peripheral,0.3,0.1802,A,True,37,0.03,0.38006230529595014,0.018691588785046728,0.0,0.9185580774365821,0.0,0.0,"обрыв выгрузки на последнем колене: получил 752 тыс от 1 плательщика, исходящие неизвестны",1.0,4,False,0.0,0,0,752000.0,2,1,1,752000.0,752000.0,752000.0,0.0,0,0.0,0,False,True,True,False,0,0.0003442700072480274,258.89104545051663,False,False,0,,1,True
100000000737152100,peripheral,0.3,0.0964,A,True,2,0.03,0.24076546506453048,0.018691588785046728,0.0,0.3591455273698264,0.0,0.0,"обрыв выгрузки на последнем колене: получил 35 тыс от 1 плательщика, исходящие неизвестны",1.0,4,False,0.0,0,0,35000.0,1,1,1,35000.0,35000.0,35000.0,0.0,0,0.0,0,False,True,True,False,0,0.00214407989108974,75.0427961881409,False,False,0,,1,False
100000000749118100,peripheral,0.9,0.1355,B,True,2,0.09000000000000001,0.08099688473520249,0.018691588785046728,0.6915887850467289,0.16822429906542055,0.0,0.0,"выраженных признаков нет: 1 вх./1 исх., оборот 16 тыс",1.0,3,False,16500.0,1,1,10330.0,1,1,2,16500.0,26830.0,-6170.0,1.5972894482090998,0,0.0,0,True,False,False,False,0,0.0005299243553022987,8.74375186248793,False,False,0,0.0,1,False
100000000764836100,peripheral,0.6,0.2943,B,True,6,0.06,0.5545171339563862,0.018691588785046728,0.833555852247441,0.7716955941255007,0.0,0.0,"выраженных признаков нет: 1 вх./2 исх., оборот 252 тыс",1.0,3,False,50000.0,2,2,251716.0,1,1,3,251716.0,301716.0,201716.0,0.1986365586613485,0,0.0,0,False,True,False,False,0,0.006651503710631661,1674.2899080253592,False,False,0,0.5,1,False
100000000765628100,peripheral,0.9,0.1595,B,False,4,0.09000000000000001,0.6266132621272809,0.018691588785046728,0.0,0.008455718736092568,0.0,0.0,"выраженных признаков нет: 1 вх./0 исх., оборот 5 тыс",1.0,2,False,0.0,0,0,5000.0,1,1,1,5000.0,5000.0,5000.0,0.0,0,0.0,0,False,True,False,False,0,1.0,5000.0,False,False,0,,1,False
100000000769919100,terminal,0.75,0.4019,B,False,75,0.375,0.960836671117045,0.018691588785046728,0.0,0.7663551401869159,0.0,0.0,"конечная точка в пределах выгрузки: получил 250 тыс от 1 плательщика, исходящих нет; доля seed-денег ~80%",1.0,2,False,0.0,0,0,250000.0,1,1,1,250000.0,250000.0,250000.0,0.0,0,0.0,0,False,True,False,False,12,0.8,200000.0,False,False,0,,1,False
100000000782285100,peripheral,0.9,0.0971,B,True,38,0.09000000000000001,0.29817534490431685,0.018691588785046728,0.0,0.040943480195816645,0.0,0.0,"выраженных признаков нет: 1 вх./0 исх., оборот 6 тыс",1.0,3,False,0.0,0,0,6151.0,1,1,1,6151.0,6151.0,6151.0,0.0,0,0.0,0,False,True,False,False,0,0.02139948966479214,131.62826092813646,False,False,0,,1,False
100000000783406100,peripheral,0.9,0.0647,B,True,42,0.09000000000000001,0.13662661326212727,0.018691588785046728,0.0,0.03960836671117045,0.0,0.0,"выраженных признаков нет: 1 вх./0 исх., оборот 6 тыс",1.0,3,False,0.0,0,0,6066.0,1,1,1,6066.0,6066.0,6066.0,0.0,0,0.0,0,False,True,False,False,0,0.0032062230141422393,19.448948803786823,False,False,0,,1,False
100000000785800100,peripheral,0.9,0.3564,B,False,67,0.09000000000000001,0.7534490431686693,0.018691588785046728,0.6915887850467289,0.19893190921228304,0.3333333333333333,1.0,"выраженных признаков нет: 1 вх./1 исх., оборот 19 тыс; связан с 1 seed; участвует в круговых потоках (3+ участника)",1.0,2,False,19000.0,1,1,19000.0,1,1,2,19000.0,38000.0,0.0,1.0,1,0.0,0,False,True,False,False,10,1.0,19000.0,True,True,0,1.0,1,True
100000000790311100,peripheral,0.9,0.1823,B,True,18,0.09000000000000001,0.5358255451713395,0.018691588785046728,0.0,0.4174454828660436,0.0,0.0,"выраженных признаков нет: 1 вх./0 исх., оборот 46 тыс",1.0,2,False,0.0,0,0,46300.0,1,1,1,46300.0,46300.0,46300.0,0.0,0,0.0,0,False,True,False,False,0,0.02772031220002923,1283.4504548613534,False,False,0,,1,False
100000000791285100,peripheral,0.6,0.291,B,True,31,0.06,0.4205607476635514,0.018691588785046728,0.894971072541166,0.9448153093012907,0.0,0.0,"выраженных признаков нет: 1 вх./3 исх., оборот 1.1 млн; взаимные переводы с 1",1.0,3,False,650000.0,3,3,1120000.0,2,1,3,1120000.0,1770000.0,470000.0,0.5803571428571429,0,0.0,0,False,True,False,False,0,0.0003227185896603177,361.4448204195558,True,False,1,0.9538461538461539,1,True
100000000795033100,peripheral,0.9,0.1702,B,False,2,0.09000000000000001,0.5861148197596796,0.018691588785046728,0.0,0.19581664441477525,0.0,0.0,"выраженных признаков нет: 1 вх./0 исх., оборот 18 тыс",1.0,2,False,0.0,0,0,18200.0,1,1,1,18200.0,18200.0,18200.0,0.0,0,0.0,0,False,True,False,False,0,0.1454417475621047,2647.0398056303056,False,False,0,,1,False
100000000795129100,terminal,0.242,0.2624,B,True,18,0.121,0.682688028482421,0.018691588785046728,0.0,0.8166444147752558,0.0,0.0,"конечная точка в пределах выгрузки: получил 332 тыс от 1 плательщика, исходящих нет; доля seed-денег ~3%; вход в конце периода, мог переслать позже",1.0,2,False,0.0,0,0,332000.0,1,1,1,332000.0,332000.0,332000.0,0.0,0,0.0,0,False,True,False,False,0,0.02772031220002923,9203.143650409704,False,False,0,,1,True
100000000795374100,peripheral,0.9,0.1593,B,True,6,0.09000000000000001,0.40943480195816645,0.018691588785046728,0.0,0.4401424121050289,0.0,0.0,"выраженных признаков нет: 1 вх./0 исх., оборот 50 тыс",1.0,3,False,0.0,0,0,50000.0,1,1,1,50000.0,50000.0,50000.0,0.0,0,0.0,0,False,True,False,False,0,0.006651503710631661,332.57518553158303,False,False,0,,1,False
100000000802149100,terminal,0.301,0.2067,B,True,2,0.1505,0.4539385847797063,0.018691588785046728,0.0,0.6132621272808189,0.0,0.0,"конечная точка в пределах выгрузки: получил 104 тыс от 1 плательщика, исходящих нет; доля seed-денег ~0%",0.6666666666666666,3,False,0.0,0,0,104128.0,1,1,1,104128.0,104128.0,104128.0,0.0,0,0.0,0,False,True,False,False,0,0.004849960600259524,505.0166973838237,False,False,0,,1,False
100000000803368100,peripheral,0.3,0.1413,A,True,15,0.03,0.31553182020471743,0.018691588785046728,0.0,0.6577659101023587,0.0,0.0,"обрыв выгрузки на последнем колене: получил 140 тыс от 1 плательщика, исходящие неизвестны",1.0,4,False,0.0,0,0,139503.0,1,1,1,139503.0,139503.0,139503.0,0.0,0,0.0,0,False,True,True,False,0,0.0011056727811859502,154.24466999378362,False,False,0,,1,False
100000000806727100,peripheral,0.9,0.3027,B,False,3,0.09000000000000001,0.7979528259902091,0.018691588785046728,0.6915887850467289,0.4054294615042279,0.0,0.0,"выраженных признаков нет: 1 вх./1 исх., оборот 45 тыс",1.0,2,False,5000.0,1,1,45000.0,1,1,2,45000.0,50000.0,40000.0,0.1111111111111111,0,0.0,0,False,True,False,False,0,0.5755274462803369,25898.73508261516,False,False,0,0.0,1,False
100000000810551100,peripheral,0.6,0.3702,B,False,3,0.06,0.9279038718291055,0.018691588785046728,0.6915887850467289,0.5927903871829105,0.3333333333333333,0.0,"выраженных признаков нет: 1 вх./1 исх., оборот 100 тыс; связан с 1 seed",1.0,1,False,7100.0,1,1,100000.0,1,1,2,100000.0,107100.0,92900.0,0.071,1,100000.0,1,False,True,False,False,0,1.0,100000.0,False,False,0,0.0,1,False
100000000817146100,peripheral,0.9,0.2995,B,False,4,0.09000000000000001,0.901646639964397,0.018691588785046728,0.0,0.5246995994659546,0.3333333333333333,0.0,"выраженных признаков нет: 1 вх./0 исх., оборот 70 тыс; связан с 1 seed",1.0,1,False,0.0,0,0,70020.0,1,1,1,70020.0,70020.0,70020.0,0.0,1,70020.0,1,False,True,False,False,0,1.0,70020.0,False,False,0,,1,False
100000000821507100,terminal,0.36,0.2449,B,True,35,0.18,0.4779706275033378,0.018691588785046728,0.0,0.8442367601246106,0.0,0.0,"конечная точка в пределах выгрузки: получил 400 тыс от 1 плательщика, исходящих нет; доля seed-денег ~0%",1.0,2,False,0.0,0,0,400000.0,1,1,1,400000.0,400000.0,400000.0,0.0,0,0.0,0,False,True,False,False,0,0.0016500185893891888,660.0074357556755,False,False,0,,1,False
100000000831684100,peripheral,0.9,0.2892,B,False,10,0.09000000000000001,0.7133956386292835,0.018691588785046728,0.6915887850467289,0.4401424121050289,0.0,0.0,"выраженных признаков нет: 1 вх./1 исх., оборот 50 тыс; взаимные переводы с 1",1.0,2,False,50000.0,3,1,15000.0,2,1,1,50000.0,65000.0,-35000.0,3.3333333333333335,0,0.0,0,True,False,False,False,0,0.25339650695723576,12669.825347861788,True,False,1,0.9,1,False
100000000838385100,peripheral,0.6,0.357,B,True,33,0.06,0.8259902091677792,0.018691588785046728,0.833555852247441,0.8553627058299955,0.0,0.0,"выраженных признаков нет: 1 вх./2 исх., оборот 437 тыс; взаимные переводы с 1",1.0,3,False,177500.0,6,2,436900.0,8,1,2,436900.0,614400.0,259400.0,0.40627145799954223,0,0.0,0,False,True,False,False,0,0.07950566451832446,34736.02482805595,True,False,1,0.6901408450704225,1,True
100000000850297100,peripheral,0.9,0.2068,B,True,29,0.09000000000000001,0.4303515798842902,0.018691588785046728,0.6915887850467289,0.18157543391188252,0.0,0.0,"выраженных признаков нет: 1 вх./1 исх., оборот 18 тыс; взаимные переводы с 1",1.0,2,False,17520.0,1,1,17520.0,1,1,1,17520.0,35040.0,0.0,1.0,0,0.0,0,False,True,False,False,0,0.0233145192228211,408.47037678382566,True,False,1,1.0,1,False
100000000860514100,peripheral,0.9,0.2197,B,True,30,0.09000000000000001,0.3658210947930574,0.018691588785046728,0.6915887850467289,0.4401424121050289,0.0,0.0,"выраженных признаков нет: 1 вх./1 исх., оборот 50 тыс",1.0,3,False,50000.0,1,1,12000.0,1,1,2,50000.0,62000.0,-38000.0,4.166666666666667,0,0.0,0,True,False,False,False,0,0.00459177555760553,229.5887778802765,False,False,0,0.0,1,False
100000000861294100,terminal,0.371,0.3006,B,False,14,0.1855,0.833555852247441,0.018691588785046728,0.0,0.6711170449488206,0.0,0.0,"конечная точка в пределах выгрузки: получил 150 тыс от 1 плательщика, исходящих нет; доля seed-денег ~24%; вход в конце периода, мог переслать позже",1.0,2,False,0.0,0,0,150000.0,1,1,1,150000.0,150000.0,150000.0,0.0,0,0.0,0,False,True,False,False,0,0.2400064001706712,36000.96002560068,False,False,0,,1,True
100000000870121100,peripheral,0.9,0.0958,B,True,12,0.09000000000000001,0.258121940364931,0.018691588785046728,0.0,0.1081441922563418,0.0,0.0,"выраженных признаков нет: 1 вх./0 исх., оборот 12 тыс",1.0,3,False,0.0,0,0,12000.0,1,1,1,12000.0,12000.0,12000.0,0.0,0,0.0,0,False,True,False,False,0,0.007991282564970155,95.89539077964186,False,False,0,,1,False
100000000878006100,peripheral,0.9,0.1186,B,True,5,0.09000000000000001,0.2140631953716066,0.018691588785046728,0.0,0.4241210502892746,0.0,0.0,"выраженных признаков нет: 1 вх./0 исх., оборот 47 тыс",1.0,3,False,0.0,0,0,47003.0,1,1,1,47003.0,47003.0,47003.0,0.0,0,0.0,0,False,True,False,False,0,0.0011953620415003489,56.1856020366409,False,False,0,,1,False
100000000896111100,terminal,0.337,0.2758,B,True,27,0.1685,0.6773475745438362,0.018691588785046728,0.0,0.794392523364486,0.0,0.0,"конечная точка в пределах выгрузки: получил 287 тыс от 1 плательщика, исходящих нет; доля seed-денег ~3%",1.0,3,False,0.0,0,0,287100.0,1,1,1,287100.0,287100.0,287100.0,0.0,0,0.0,0,False,True,False,False,0,0.030380546082895164,8722.254780399202,False,False,0,,1,False
100000000907277100,peripheral,0.9,0.2342,B,False,1,0.09000000000000001,0.7463284379172229,0.018691588785046728,0.0,0.18202047174009792,0.3333333333333333,0.0,"выраженных признаков нет: 1 вх./0 исх., оборот 18 тыс; связан с 1 seed",1.0,1,False,0.0,0,0,17534.0,1,1,1,17534.0,17534.0,17534.0,0.0,1,17534.0,1,False,True,False,False,1,1.0,17534.0,False,False,0,,1,False
100000000910216100,peripheral,0.9,0.2735,B,True,36,0.09000000000000001,0.591010235870049,0.018691588785046728,0.6915887850467289,0.5278148642634624,0.0,0.0,"выраженных признаков нет: 1 вх./1 исх., оборот 71 тыс",1.0,2,False,52010.0,1,1,71000.0,3,1,2,71000.0,123010.0,18990.0,0.7325352112676057,0,0.0,0,False,True,False,False,0,0.03896690143363326,2766.6500017879616,False,False,0,0.0,1,False
100000000912487100,peripheral,0.9,0.1494,B,False,3,0.09000000000000001,0.5451713395638629,0.018691588785046728,0.0,0.06987093902981753,0.0,0.0,"выраженных признаков нет: 1 вх./0 исх., оборот 10 тыс",1.0,2,False,0.0,0,0,10000.0,1,1,1,10000.0,10000.0,10000.0,0.0,0,0.0,0,False,True,False,False,0,0.14897743662497684,1489.7743662497685,False,False,0,,1,False
100000000913911100,peripheral,0.6,0.3971,B,True,3,0.06,0.684913217623498,0.8019581664441477,0.6915887850467289,0.8980863373386738,0.0,0.0,"выраженных признаков нет: 2 вх./1 исх., оборот 600 тыс",1.0,2,False,600000.0,1,1,467000.0,2,2,3,600000.0,1067000.0,-133000.0,1.284796573875803,0,0.0,0,True,False,False,False,0,0.016204419651339695,9722.651790803817,False,False,0,0.0,2,False
100000000917179100,peripheral,0.9,0.2119,B,True,15,0.09000000000000001,0.6021361815754339,0.018691588785046728,0.0,0.5812194036493102,0.0,0.0,"выраженных признаков нет: 1 вх./0 исх., оборот 94 тыс",0.6666666666666666,2,False,0.0,0,0,94465.0,2,1,1,94465.0,94465.0,94465.0,0.0,0,0.0,0,False,True,False,False,0,0.03503939706381317,3309.996643633111,False,False,0,,1,True
100000000922570100,peripheral,0.9,0.3527,B,False,10,0.09000000000000001,0.8642634623943035,0.018691588785046728,0.6915887850467289,0.4401424121050289,0.3333333333333333,0.0,"выраженных признаков нет: 1 вх./1 исх., оборот 50 тыс; связан с 1 seed",1.0,1,False,50000.0,1,1,47101.0,1,1,2,50000.0,97101.0,-2899.0,1.0615485870788306,1,47101.0,1,True,False,False,False,0,0.94202,47101.0,False,False,0,0.0,1,False
100000000926078100,peripheral,0.3,0.1979,A,True,6,0.03,0.5447263017356475,0.018691588785046728,0.0,0.7663551401869159,0.0,0.0,"обрыв выгрузки на последнем колене: получил 250 тыс от 1 плательщика, исходящие неизвестны",1.0,4,False,0.0,0,0,250000.0,1,1,1,250000.0,250000.0,250000.0,0.0,0,0.0,0,False,True,True,False,0,0.005939356851891307,1484.8392129728268,False,False,0,,1,True
100000000926766100,peripheral,0.9,0.2063,B,True,30,0.09000000000000001,0.4196706720071206,0.018691588785046728,0.6915887850467289,0.19804183355585225,0.0,0.0,"выраженных признаков нет: 1 вх./1 исх., оборот 19 тыс; взаимные переводы с 1",1.0,3,False,6000.0,1,1,18750.0,1,1,1,18750.0,24750.0,12750.0,0.32,0,0.0,0,False,True,False,False,0,0.019132398156689708,358.73246543793204,True,False,1,1.0,1,True
100000000933075100,peripheral,0.6,0.2555,B,True,10,0.06,0.507343124165554,0.018691588785046728,0.833555852247441,0.4779706275033378,0.0,0.0,"выраженных признаков нет: 1 вх./2 исх., оборот 55 тыс; взаимные переводы с 1",1.0,3,False,55000.0,2,2,40000.0,1,1,2,55000.0,95000.0,-15000.0,1.375,0,0.0,0,True,False,False,False,0,0.017120230507635625,941.6126779199594,True,False,1,0.7272727272727273,1,False
100000000941942100,terminal,0.71,0.4123,B,False,3,0.355,0.9412550066755674,0.018691588785046728,0.0,0.645749888740543,0.3333333333333333,0.0,"конечная точка в пределах выгрузки: получил 130 тыс от 1 плательщика, исходящих нет; доля seed-денег ~100%; связан с 1 seed",0.6666666666666666,1,False,0.0,0,0,130000.0,1,1,1,130000.0,130000.0,130000.0,0.0,1,130000.0,1,False,True,False,False,0,1.0,130000.0,False,False,0,,1,False
100000000942301100,peripheral,0.9,0.1793,B,True,2,0.09000000000000001,0.48509123275478416,0.018691588785046728,0.0,0.4886515353805073,0.0,0.0,"выраженных признаков нет: 1 вх./0 исх., оборот 58 тыс",1.0,3,False,0.0,0,0,57580.0,2,1,1,57580.0,57580.0,57580.0,0.0,0,0.0,0,False,True,False,False,0,0.012130418223720098,698.4694813218033,False,False,0,,1,False
100000000943371100,peripheral,0.9,0.1729,B,False,12,0.09000000000000001,0.6208277703604806,0.018691588785046728,0.0,0.15353805073431243,0.0,0.0,"выраженных признаков нет: 1 вх./0 исх., оборот 16 тыс",1.0,2,False,0.0,0,0,15500.0,1,1,1,15500.0,15500.0,15500.0,0.0,0,0.0,0,False,True,False,False,0,0.29331991497830256,4546.458682163689,False,False,0,,1,False
100000000945428100,peripheral,0.9,0.307,B,False,2,0.09000000000000001,0.9172229639519359,0.018691588785046728,0.0,0.5683133066310636,0.3333333333333333,0.0,"выраженных признаков нет: 1 вх./0 исх., оборот 90 тыс; связан с 1 seed",0.6666666666666666,1,False,0.0,0,0,89629.0,1,1,1,89629.0,89629.0,89629.0,0.0,1,89629.0,1,False,True,False,False,0,1.0,89629.0,False,False,0,,1,False
100000000954884100,peripheral,0.9,0.1234,B,True,42,0.09000000000000001,0.27369826435246997,0.018691588785046728,0.0,0.35246995994659547,0.0,0.0,"выраженных признаков нет: 1 вх./0 исх., оборот 34 тыс",1.0,3,False,0.0,0,0,34000.0,1,1,1,34000.0,34000.0,34000.0,0.0,0,0.0,0,False,True,False,False,0,0.0032062230141422393,109.01158248083614,False,False,0,,1,True
100000000955444100,peripheral,0.9,0.158,B,False,53,0.09000000000000001,0.6003560302625723,0.018691588785046728,0.0,0.04539385847797063,0.0,0.0,"выраженных признаков нет: 1 вх./0 исх., оборот 7 тыс",1.0,2,False,0.0,0,0,6910.0,1,1,1,6910.0,6910.0,6910.0,0.0,0,0.0,0,False,True,False,False,5,0.47584994138335285,3288.123094958968,False,False,0,,1,False
100000000955529100,peripheral,0.9,0.2235,B,True,3,0.09000000000000001,0.35246995994659547,0.018691588785046728,0.6915887850467289,0.5046728971962616,0.0,0.0,"выраженных признаков нет: 1 вх./1 исх., оборот 64 тыс",1.0,3,False,63500.0,1,1,27000.0,1,1,2,63500.0,90500.0,-36500.0,2.3518518518518516,0,0.0,0,True,False,False,False,0,0.0032808713289285015,208.33532938695984,False,False,0,0.0,1,False
100000000957746100,peripheral,0.3,0.0324,A,True,17,0.03,0.08678237650200267,0.018691588785046728,0.0,0.027147307521139297,0.0,0.0,"обрыв выгрузки на последнем колене: получил 5 тыс от 1 плательщика, исходящие неизвестны",1.0,4,False,0.0,0,0,5300.0,1,1,1,5300.0,5300.0,5300.0,0.0,0,0.0,0,False,True,True,False,0,0.0018750453329112505,9.937740264429628,False,False,0,,1,False
100000000961900100,peripheral,0.9,0.3426,B,False,2,0.09000000000000001,0.8046283934134402,0.8019581664441477,0.0,0.3667111704494882,0.3333333333333333,0.0,"выраженных признаков нет: 2 вх./0 исх., оборот 36 тыс; связан с 1 seed",1.0,1,False,0.0,0,0,36000.0,3,2,2,36000.0,36000.0,36000.0,0.0,1,27000.0,1,False,True,False,False,0,0.750195710736533,27007.04558651519,False,False,0,,1,False
100000000967918100,peripheral,0.9,0.1725,B,False,2,0.09000000000000001,0.5781041388518025,0.018691588785046728,0.0,0.2349799732977303,0.0,0.0,"выраженных признаков нет: 1 вх./0 исх., оборот 21 тыс",1.0,2,False,0.0,0,0,21200.0,3,1,1,21200.0,21200.0,21200.0,0.0,0,0.0,0,False,True,False,False,0,0.11151733516156032,2364.1675054250786,False,False,0,,1,True
100000000968253100,peripheral,0.9,0.2263,B,False,1,0.09000000000000001,0.7289719626168224,0.018691588785046728,0.0,0.13840676457498888,0.3333333333333333,0.0,"выраженных признаков нет: 1 вх./0 исх., оборот 15 тыс; связан с 1 seed",1.0,1,False,0.0,0,0,15000.0,1,1,1,15000.0,15000.0,15000.0,0.0,1,15000.0,1,False,True,False,False,1,1.0,15000.0,False,False,0,,1,False
100000000971908100,peripheral,0.9,0.2445,B,False,14,0.09000000000000001,0.7721406319537161,0.018691588785046728,0.0,0.5669781931464174,0.0,0.0,"выраженных признаков нет: 1 вх./0 исх., оборот 89 тыс",0.6666666666666666,2,False,0.0,0,0,89000.0,1,1,1,89000.0,89000.0,89000.0,0.0,0,0.0,0,False,True,False,False,0,0.24000640017067124,21360.56961518974,False,False,0,,1,False
100000000976943100,peripheral,0.9,0.2416,B,True,16,0.09000000000000001,0.4165554072096128,0.018691588785046728,0.6915887850467289,0.5571873609256787,0.0,0.0,"выраженных признаков нет: 1 вх./1 исх., оборот 84 тыс",1.0,3,False,84000.0,3,1,70000.0,1,1,2,84000.0,154000.0,-14000.0,1.2,0,0.0,0,True,False,False,False,0,0.004201771891660442,352.9488388994771,False,False,0,0.13095238095238096,1,False
100000000978041100,peripheral,0.9,0.2782,B,False,1,0.09000000000000001,0.8562527814864264,0.018691588785046728,0.0,0.4023141967067201,0.3333333333333333,0.0,"выраженных признаков нет: 1 вх./0 исх., оборот 44 тыс; связан с 1 seed",1.0,1,False,0.0,0,0,44445.0,1,1,1,44445.0,44445.0,44445.0,0.0,1,44445.0,1,False,True,False,False,1,1.0,44445.0,False,False,0,,1,False
100000000979567100,peripheral,0.9,0.178,B,False,1,0.09000000000000001,0.6880284824210058,0.018691588785046728,0.0,0.06987093902981753,0.0,0.0,"выраженных признаков нет: 1 вх./0 исх., оборот 10 тыс",1.0,2,False,0.0,0,0,10000.0,1,1,1,10000.0,10000.0,10000.0,0.0,0,0.0,0,False,True,False,False,1,1.0,10000.0,False,False,0,,1,False
100000000979923100,peripheral,0.9,0.311,B,False,16,0.09000000000000001,0.9265687583444593,0.018691588785046728,0.0,0.5901201602136181,0.3333333333333333,0.0,"выраженных признаков нет: 1 вх./0 исх., оборот 98 тыс; связан с 1 seed",0.6666666666666666,1,False,0.0,0,0,97900.0,1,1,1,97900.0,97900.0,97900.0,0.0,1,97900.0,1,False,True,False,False,0,1.0,97900.0,False,False,0,,1,False
100000000981693100,peripheral,0.3,0.0454,A,True,2,0.03,0.08099688473520249,0.018691588785046728,0.0,0.16822429906542055,0.0,0.0,"обрыв выгрузки на последнем колене: получил 16 тыс от 1 плательщика, исходящие неизвестны",1.0,4,False,0.0,0,0,16500.0,1,1,1,16500.0,16500.0,16500.0,0.0,0,0.0,0,False,True,True,False,0,0.0005299243553022987,8.74375186248793,False,False,0,,1,False
100000000993112100,terminal,0.308,0.2758,B,False,39,0.154,0.7690253671562083,0.018691588785046728,0.0,0.6626613262127281,0.0,0.0,"конечная точка в пределах выгрузки: получил 141 тыс от 1 плательщика, исходящих нет; доля seed-денег ~15%",0.6666666666666666,2,False,0.0,0,0,141000.0,1,1,1,141000.0,141000.0,141000.0,0.0,0,0.0,0,False,True,False,False,0,0.14890359597307162,20995.4070322031,False,False,0,,1,False
100000000998559100,terminal,0.7,0.4026,B,False,3,0.35,0.9279038718291055,0.018691588785046728,0.0,0.5927903871829105,0.3333333333333333,0.0,"конечная точка в пределах выгрузки: получил 100 тыс от 1 плательщика, исходящих нет; доля seed-денег ~100%; связан с 1 seed",0.6666666666666666,1,False,0.0,0,0,100000.0,1,1,1,100000.0,100000.0,100000.0,0.0,1,100000.0,1,False,True,False,False,0,1.0,100000.0,False,False,0,,1,False
100000001009583100,terminal,0.251,0.2194,B,True,5,0.1255,0.4468179795282599,0.018691588785046728,0.0,0.842456608811749,0.0,0.0,"конечная точка в пределах выгрузки: получил 394 тыс от 1 плательщика, исходящих нет; доля seed-денег ~0%; вход в конце периода, мог переслать позже",1.0,3,False,0.0,0,0,393740.0,1,1,1,393740.0,393740.0,393740.0,0.0,0,0.0,0,False,True,False,False,0,0.0011953620415003489,470.6618502203474,False,False,0,,1,True
100000001046057100,peripheral,0.9,0.1668,B,True,13,0.09000000000000001,0.38896306186025814,0.018691588785046728,0.0,0.5562972852692479,0.0,0.0,"выраженных признаков нет: 1 вх./0 исх., оборот 83 тыс",0.6666666666666666,3,False,0.0,0,0,83420.0,1,1,1,83420.0,83420.0,83420.0,0.0,0,0.0,0,False,True,False,False,0,0.0034122760384609437,284.65206712841194,False,False,0,,1,False
100000001046626100,terminal,0.31,0.19,B,True,5,0.155,0.33377837116154874,0.018691588785046728,0.0,0.6711170449488206,0.0,0.0,"конечная точка в пределах выгрузки: получил 150 тыс от 1 плательщика, исходящих нет; доля seed-денег ~0%",1.0,3,False,0.0,0,0,150000.0,1,1,1,150000.0,150000.0,150000.0,0.0,0,0.0,0,False,True,False,False,0,0.0011953620415003489,179.30430622505233,False,False,0,,1,False
100000001049200100,peripheral,0.6,0.4611,B,False,20,0.06,0.6493101913662661,0.8019581664441477,0.9274588340008901,0.5398308856252781,0.3333333333333333,1.0,"выраженных признаков нет: 2 вх./4 исх., оборот 77 тыс; связан с 1 seed; участвует в круговых потоках (3+ участника)",1.0,1,False,36000.0,5,4,76624.0,2,2,5,76624.0,112624.0,40624.0,0.46982668615577367,1,6014.0,1,False,True,False,False,0,0.08532310269986905,6537.797421274766,True,True,1,0.0,1,False
100000001052789100,peripheral,0.9,0.1776,B,True,20,0.09000000000000001,0.4574988874054295,0.018691588785046728,0.0,0.527369826435247,0.0,0.0,"выраженных признаков нет: 1 вх./0 исх., оборот 71 тыс",1.0,3,False,0.0,0,0,70975.0,1,1,1,70975.0,70975.0,70975.0,0.0,0,0.0,0,False,True,False,False,0,0.007418176197065082,526.5050555866942,False,False,0,,1,False
100000001052945100,peripheral,0.6,0.2538,B,True,68,0.06,0.22474410324877614,0.018691588785046728,0.894971072541166,0.9648420115709835,0.0,0.0,"выраженных признаков нет: 1 вх./3 исх., оборот 1.6 млн",1.0,3,False,1595700.0,6,3,56520.0,1,1,4,1595700.0,1652220.0,-1539180.0,28.23248407643312,0,0.0,0,True,False,False,False,0,3.916314193935571e-05,62.492625592629906,False,False,0,0.0,1,False
100000001053894100,peripheral,0.3,0.1813,A,True,46,0.03,0.35692033822874947,0.018691588785046728,0.0,0.9750778816199377,0.0,0.0,"обрыв выгрузки на последнем колене: получил 2.0 млн от 1 плательщика, исходящие неизвестны",1.0,4,False,0.0,0,0,2000000.0,7,1,1,2000000.0,2000000.0,2000000.0,0.0,0,0.0,0,False,True,True,False,0,0.00010877522639587186,217.5504527917437,False,False,0,,1,True
100000001056414100,terminal,0.33,0.1854,B,True,11,0.165,0.24566088117489987,0.018691588785046728,0.0,0.7663551401869159,0.0,0.0,"конечная точка в пределах выгрузки: получил 250 тыс от 1 плательщика, исходящих нет; доля seed-денег ~0%",1.0,3,False,0.0,0,0,250000.0,1,1,1,250000.0,250000.0,250000.0,0.0,0,0.0,0,False,True,False,False,0,0.0003207443319761952,80.1860829940488,False,False,0,,1,False
100000001063678100,peripheral,0.6,0.2743,B,True,26,0.06,0.5558522474410325,0.018691588785046728,0.833555852247441,0.5687583444592791,0.0,0.0,"выраженных признаков нет: 1 вх./2 исх., оборот 90 тыс",1.0,3,False,90000.0,2,2,35000.0,1,1,3,90000.0,125000.0,-55000.0,2.5714285714285716,0,0.0,0,True,False,False,False,0,0.018851020578037624,1696.5918520233863,False,False,0,0.2222222222222222,1,False
100000001065234100,peripheral,0.3,0.1813,A,True,69,0.03,0.42990654205607476,0.018691588785046728,0.0,0.829105473965287,0.0,0.0,"обрыв выгрузки на последнем колене: получил 360 тыс от 1 плательщика, исходящие неизвестны",1.0,4,False,0.0,0,0,360000.0,1,1,1,360000.0,360000.0,360000.0,0.0,0,0.0,0,False,True,True,False,0,0.0011342368998429665,408.3252839434679,False,False,0,,1,False
100000001065481100,peripheral,0.3,0.0738,A,True,12,0.03,0.22607921673342235,0.018691588785046728,0.0,0.16199376947040497,0.0,0.0,"обрыв выгрузки на последнем колене: получил 16 тыс от 1 плательщика, исходящие неизвестны",1.0,4,False,0.0,0,0,16000.0,2,1,1,16000.0,16000.0,16000.0,0.0,0,0.0,0,False,True,True,False,0,0.003995641282485077,63.930260519761234,False,False,0,,1,False
100000001066017100,peripheral,0.6,0.3524,B,True,2,0.06,0.46550956831330664,0.8019581664441477,0.9274588340008901,0.6537605696484201,0.0,0.0,"выраженных признаков нет: 2 вх./4 исх., оборот 136 тыс",1.0,3,False,82500.0,4,4,136123.0,3,2,6,136123.0,218623.0,53623.0,0.6060695106631503,0,0.0,0,False,True,False,False,0,0.004089560783487863,556.6832825307184,False,False,0,0.18787878787878787,1,False
100000001072022100,terminal,0.617,0.5282,B,False,3,0.3085,0.995549621717846,0.9114374721851357,0.0,0.9661771250556297,0.3333333333333333,0.0,"конечная точка в пределах выгрузки: получил 1.7 млн от 3 плательщиков, исходящих нет; доля seed-денег ~44%; вход в конце периода, мог переслать позже; связан с 1 seed",1.0,1,False,0.0,0,0,1684000.0,6,3,3,1684000.0,1684000.0,1684000.0,0.0,1,740000.0,1,False,True,False,False,0,0.44398795262409224,747675.7122189713,False,False,0,,2,True
100000001073568100,peripheral,0.6,0.2963,B,True,15,0.06,0.4948820649755229,0.018691588785046728,0.833555852247441,0.9114374721851357,0.0,0.0,"выраженных признаков нет: 1 вх./2 исх., оборот 707 тыс",1.0,3,False,219503.0,3,2,707465.0,4,1,3,707465.0,926968.0,487962.0,0.31026693900051594,0,0.0,0,False,True,False,False,0,0.0011056727811859502,782.2247941417182,False,False,0,1.0,1,False
100000001074553100,peripheral,0.9,0.3714,B,False,19,0.09000000000000001,0.8086337338673787,0.8019581664441477,0.0,0.31330663106364043,0.6666666666666666,0.0,"выраженных признаков нет: 2 вх./0 исх., оборот 29 тыс; связан с 2 seed",1.0,1,False,0.0,0,0,28971.0,2,2,2,28971.0,28971.0,28971.0,0.0,2,28971.0,2,False,True,False,False,0,1.0,28971.0,False,False,0,,1,False
100000001083990100,peripheral,0.9,0.2493,B,False,10,0.09000000000000001,0.8598130841121495,0.018691588785046728,0.0,0.43969737427681355,0.0,0.0,"выраженных признаков нет: 1 вх./0 исх., оборот 50 тыс",1.0,2,False,0.0,0,0,49900.0,2,1,1,49900.0,49900.0,49900.0,0.0,0,0.0,0,False,True,False,False,0,0.9155795796850393,45687.42102628346,False,False,0,,1,False
100000001089055100,peripheral,0.3,0.0762,A,True,17,0.03,0.2590120160213618,0.018691588785046728,0.0,0.12016021361815754,0.0,0.0,"обрыв выгрузки на последнем колене: получил 13 тыс от 1 плательщика, исходящие неизвестны",1.0,4,False,0.0,0,0,13000.0,1,1,1,13000.0,13000.0,13000.0,0.0,0,0.0,0,False,True,True,False,0,0.007474326178004121,97.16624031405357,False,False,0,,1,False
100000001102676100,peripheral,0.9,0.3104,B,False,3,0.09000000000000001,0.6524254561637739,0.018691588785046728,0.6915887850467289,0.4401424121050289,0.3333333333333333,0.0,"выраженных признаков нет: 1 вх./1 исх., оборот 50 тыс; связан с 1 seed",1.0,2,False,50000.0,1,1,50000.0,1,1,2,50000.0,100000.0,0.0,1.0,1,0.0,0,False,True,False,False,0,0.13578708805921993,6789.354402960997,False,False,0,1.0,1,False
100000001103905100,peripheral,0.9,0.2353,B,False,1,0.09000000000000001,0.7489986648865153,0.018691588785046728,0.0,0.1882510013351135,0.3333333333333333,0.0,"выраженных признаков нет: 1 вх./0 исх., оборот 18 тыс; связан с 1 seed",1.0,1,False,0.0,0,0,18000.0,1,1,1,18000.0,18000.0,18000.0,0.0,1,18000.0,1,False,True,False,False,1,1.0,18000.0,False,False,0,,1,False
100000001110358100,peripheral,0.9,0.2258,B,True,2,0.09000000000000001,0.3987538940809969,0.8019581664441477,0.0,0.3440142412105029,0.0,0.0,"выраженных признаков нет: 2 вх./0 исх., оборот 32 тыс",1.0,3,False,0.0,0,0,32000.0,2,2,2,32000.0,32000.0,32000.0,0.0,0,0.0,0,False,True,False,False,0,0.009410283171191844,301.129061478139,False,False,0,,2,False
100000001111763100,peripheral,0.9,0.2327,B,False,1,0.09000000000000001,0.7427681352914998,0.018691588785046728,0.0,0.17445482866043613,0.3333333333333333,0.0,"выраженных признаков нет: 1 вх./0 исх., оборот 17 тыс; связан с 1 seed",1.0,1,False,0.0,0,0,17144.0,1,1,1,17144.0,17144.0,17144.0,0.0,1,17144.0,1,False,True,False,False,1,1.0,17144.0,False,False,0,,1,False
100000001114385100,peripheral,0.9,0.152,B,True,3,0.09000000000000001,0.43435692033822876,0.018691588785046728,0.0,0.317311971517579,0.0,0.0,"выраженных признаков нет: 1 вх./0 исх., оборот 30 тыс",1.0,2,False,0.0,0,0,29500.0,1,1,1,29500.0,29500.0,29500.0,0.0,0,0.0,0,False,True,False,False,0,0.014137174964605436,417.0466614558604,False,False,0,,1,False
100000001126374100,peripheral,0.6,0.458,B,False,2,0.06,0.7663551401869159,0.960836671117045,0.833555852247441,0.7098353360035603,0.3333333333333333,0.0,"выраженных признаков нет: 4 вх./2 исх., оборот 182 тыс; связан с 1 seed",0.6666666666666666,1,False,29200.0,4,2,182500.0,7,4,6,182500.0,211700.0,153300.0,0.16,1,20000.0,1,False,True,False,False,0,0.11151733516156032,20351.913666984758,False,False,0,0.7534246575342466,1,True
100000001130176100,peripheral,0.9,0.1728,B,True,2,0.09000000000000001,0.5634178905206942,0.018691588785046728,0.0,0.2674677347574544,0.0,0.0,"выраженных признаков нет: 1 вх./0 исх., оборот 25 тыс",1.0,3,False,0.0,0,0,25000.0,2,1,1,25000.0,25000.0,25000.0,0.0,0,0.0,0,False,True,False,False,0,0.07794908685580883,1948.7271713952207,False,False,0,,1,False
100000001130553100,peripheral,0.3,0.0684,A,True,5,0.03,0.1860258121940365,0.018691588785046728,0.0,0.1882510013351135,0.0,0.0,"обрыв выгрузки на последнем колене: получил 18 тыс от 1 плательщика, исходящие неизвестны",1.0,4,False,0.0,0,0,18000.0,2,1,1,18000.0,18000.0,18000.0,0.0,0,0.0,0,False,True,True,False,0,0.0021707553498128344,39.07359629663102,False,False,0,,1,False
100000001131403100,peripheral,0.3,0.1536,A,True,68,0.03,0.22385402759234535,0.018691588785046728,0.0,0.9643969737427681,0.0,0.0,"обрыв выгрузки на последнем колене: получил 1.6 млн от 1 плательщика, исходящие неизвестны",1.0,4,False,0.0,0,0,1570000.0,3,1,1,1570000.0,1570000.0,1570000.0,0.0,0,0.0,0,False,True,True,False,0,3.916314193935571e-05,61.48613284478847,False,False,0,,1,False
100000001138283100,peripheral,0.6,0.2538,B,True,6,0.06,0.46194926568758343,0.018691588785046728,0.833555852247441,0.5522919448153093,0.0,0.0,"выраженных признаков нет: 1 вх./2 исх., оборот 82 тыс; взаимные переводы с 1",1.0,3,False,50000.0,2,2,81805.0,1,1,2,81805.0,131805.0,31805.0,0.6112095837662734,0,0.0,0,False,True,False,False,0,0.006651503710631661,544.126261048223,True,False,1,0.8,1,False
100000001138376100,peripheral,0.9,0.1363,B,True,18,0.09000000000000001,0.43836226079216734,0.018691588785046728,0.0,0.1526479750778816,0.0,0.0,"выраженных признаков нет: 1 вх./0 исх., оборот 15 тыс",1.0,2,False,0.0,0,0,15300.0,1,1,1,15300.0,15300.0,15300.0,0.0,0,0.0,0,False,True,False,False,0,0.02772031220002923,424.12077666044723,False,False,0,,1,True
100000001140785100,terminal,0.323,0.2552,B,True,13,0.1615,0.22207387627948375,0.8019581664441477,0.0,0.7405429461504228,0.0,0.0,"конечная точка в пределах выгрузки: получил 215 тыс от 2 плательщиков, исходящих нет; доля seed-денег ~0%",1.0,3,False,0.0,0,0,215000.0,2,2,2,215000.0,215000.0,215000.0,0.0,0,0.0,0,False,True,False,False,0,0.000283086326918021,60.86356028737452,False,False,0,,2,False
100000001141268100,peripheral,0.6,0.3743,B,True,24,0.06,0.5847797062750334,0.8019581664441477,0.6915887850467289,0.8696039163328882,0.0,0.0,"выраженных признаков нет: 2 вх./1 исх., оборот 480 тыс",1.0,3,False,10000.0,1,1,480000.0,2,2,3,480000.0,490000.0,470000.0,0.020833333333333332,0,0.0,0,False,True,False,False,0,0.005354174753602755,2570.003881729322,False,False,0,1.0,2,True
100000001145749100,peripheral,0.9,0.1676,B,False,3,0.09000000000000001,0.6364040943480196,0.018691588785046728,0.0,0.06987093902981753,0.0,0.0,"выраженных признаков нет: 1 вх./0 исх., оборот 10 тыс",1.0,3,False,0.0,0,0,10000.0,1,1,1,10000.0,10000.0,10000.0,0.0,0,0.0,0,False,True,False,False,0,0.5737704918032787,5737.704918032787,False,False,0,,1,False
100000001149815100,peripheral,0.9,0.0587,B,True,1,0.09000000000000001,0.07254116599910992,0.018691588785046728,0.0,0.1081441922563418,0.0,0.0,"выраженных признаков нет: 1 вх./0 исх., оборот 12 тыс",1.0,3,False,0.0,0,0,12000.0,1,1,1,12000.0,12000.0,12000.0,0.0,0,0.0,0,False,True,False,False,1,0.0006645076819004414,7.974092182805297,False,False,0,,1,False
100000001155773100,peripheral,0.9,0.0794,B,True,1,0.09000000000000001,0.11170449488206498,0.018691588785046728,0.0,0.2367601246105919,0.0,0.0,"выраженных признаков нет: 1 вх./0 исх., оборот 22 тыс",1.0,3,False,0.0,0,0,21500.0,1,1,1,21500.0,21500.0,21500.0,0.0,0,0.0,0,False,True,False,False,1,0.0006645076819004414,14.286915160859492,False,False,0,,1,False
100000001160401100,peripheral,0.9,0.1123,B,True,2,0.09000000000000001,0.18157543391188252,0.018691588785046728,0.0,0.4259012016021362,0.0,0.0,"выраженных признаков нет: 1 вх./0 исх., оборот 47 тыс",1.0,3,False,0.0,0,0,47190.0,2,1,1,47190.0,47190.0,47190.0,0.0,0,0.0,0,False,True,False,False,0,0.0007828429461319701,36.94235862796767,False,False,0,,1,False
100000001162560100,distributor,0.52,0.5729,B,False,19,0.41600000000000004,0.9790832220738763,0.018691588785046728,0.9768580329327993,0.9862038273253226,0.3333333333333333,0.0,"веерная рассылка: 12 получателей, отправил 2.9 млн; видимый вход 331 тыс, источник вне выгрузки; связан с 1 seed",1.0,1,False,2904398.0,14,12,331300.0,2,1,13,2904398.0,3235698.0,-2573098.0,8.76667069121642,1,331300.0,1,True,False,False,False,0,0.11406838869879403,331300.0,False,False,0,0.1497315450568414,1,False
100000001164648100,peripheral,0.9,0.2873,B,False,21,0.09000000000000001,0.6479750778816199,0.8019581664441477,0.0,0.12639074321317312,0.3333333333333333,0.0,"выраженных признаков нет: 2 вх./0 исх., оборот 14 тыс; связан с 1 seed",1.0,1,False,0.0,0,0,13660.0,2,2,2,13660.0,13660.0,13660.0,0.0,1,6400.0,1,False,True,False,False,0,0.46854694543745423,6400.351274675625,False,False,0,,1,True
100000001166289100,peripheral,0.6,0.3867,B,True,1,0.06,0.6243880729862038,0.8019581664441477,0.6915887850467289,0.9145527369826435,0.0,0.0,"выраженных признаков нет: 2 вх./1 исх., оборот 721 тыс; взаимные переводы с 1",1.0,2,False,25000.0,1,1,721039.0,10,2,2,721039.0,746039.0,696039.0,0.0346721883282319,0,0.0,0,False,True,False,False,1,0.006590453076597643,4751.973695896888,True,False,1,1.0,1,True
100000001169666100,peripheral,0.6,0.233,B,True,8,0.06,0.33288829550511795,0.018691588785046728,0.6915887850467289,0.744103248776146,0.0,0.0,"выраженных признаков нет: 1 вх./1 исх., оборот 220 тыс",1.0,3,False,24000.0,1,1,220000.0,2,1,2,220000.0,244000.0,196000.0,0.10909090909090909,0,0.0,0,False,True,False,False,0,0.0008058550873075274,177.28811920765602,False,False,0,0.0,1,False
100000001184915100,terminal,0.224,0.2414,B,True,18,0.112,0.634623943035158,0.018691588785046728,0.0,0.7343124165554072,0.0,0.0,"конечная точка в пределах выгрузки: получил 201 тыс от 1 плательщика, исходящих нет; доля seed-денег ~3%; вход в конце периода, мог переслать позже",1.0,2,False,0.0,0,0,201000.0,2,1,1,201000.0,201000.0,201000.0,0.0,0,0.0,0,False,True,False,False,0,0.02772031220002923,5571.782752205875,False,False,0,,1,True
100000001194266100,peripheral,0.9,0.285,B,False,3,0.09000000000000001,0.8713840676457499,0.018691588785046728,0.0,0.4401424121050289,0.3333333333333333,0.0,"выраженных признаков нет: 1 вх./0 исх., оборот 50 тыс; связан с 1 seed",1.0,1,False,0.0,0,0,50000.0,1,1,1,50000.0,50000.0,50000.0,0.0,1,50000.0,1,False,True,False,False,0,1.0,50000.0,False,False,0,,1,False
100000001202637100,peripheral,0.3,0.0342,A,True,8,0.03,0.07432131731197152,0.018691588785046728,0.0,0.06987093902981753,0.0,0.0,"обрыв выгрузки на последнем колене: получил 10 тыс от 1 плательщика, исходящие неизвестны",1.0,4,False,0.0,0,0,10000.0,1,1,1,10000.0,10000.0,10000.0,0.0,0,0.0,0,False,True,True,False,0,0.0008058550873075275,8.058550873075275,False,False,0,,1,False
100000001202787100,peripheral,0.3,0.1376,A,True,2,0.03,0.16599910992434358,0.8019581664441477,0.0,0.1375166889185581,0.0,0.0,"обрыв выгрузки на последнем колене: получил 15 тыс от 2 плательщиков, исходящие неизвестны",1.0,4,False,0.0,0,0,14850.0,2,2,2,14850.0,14850.0,14850.0,0.0,0,0.0,0,False,True,True,False,0,0.002096514657972411,31.133242670890304,False,False,0,,1,False
100000001220124100,peripheral,0.3,0.1291,A,True,6,0.03,0.3925233644859813,0.018691588785046728,0.0,0.3818424566088118,0.0,0.0,"обрыв выгрузки на последнем колене: получил 40 тыс от 1 плательщика, исходящие неизвестны",1.0,4,False,0.0,0,0,40000.0,1,1,1,40000.0,40000.0,40000.0,0.0,0,0.0,0,False,True,True,False,0,0.0073187560058014765,292.75024023205907,False,False,0,,1,False
100000001222245100,peripheral,0.3,0.1878,A,True,5,0.03,0.4521584334668447,0.018691588785046728,0.0,0.8495772140631954,0.0,0.0,"обрыв выгрузки на последнем колене: получил 420 тыс от 1 плательщика, исходящие неизвестны",1.0,4,False,0.0,0,0,420000.0,5,1,1,420000.0,420000.0,420000.0,0.0,0,0.0,0,False,True,True,False,0,0.0011953620415003489,502.05205743014653,False,False,0,,1,True
100000001222263100,peripheral,0.6,0.2846,B,True,5,0.06,0.5037828215398309,0.018691588785046728,0.6915887850467289,0.9176680017801513,0.0,0.0,"выраженных признаков нет: 1 вх./1 исх., оборот 746 тыс",1.0,3,False,420000.0,5,1,745570.0,1,1,2,745570.0,1165570.0,325570.0,0.5633273870998028,0,0.0,0,False,True,False,False,0,0.0011953620415003489,891.2260772814151,False,False,0,0.7142857142857143,1,True
100000001223977100,peripheral,0.9,0.1926,B,True,60,0.09000000000000001,0.3560302625723186,0.018691588785046728,0.6915887850467289,0.1882510013351135,0.0,0.0,"выраженных признаков нет: 1 вх./1 исх., оборот 18 тыс",1.0,3,False,18000.0,1,1,5000.0,1,1,2,18000.0,23000.0,-13000.0,3.6,0,0.0,0,True,False,False,False,0,0.012077294685990338,217.3913043478261,False,False,0,0.0,1,False
100000001227106100,terminal,0.313,0.1947,B,True,5,0.1565,0.3449043168669337,0.018691588785046728,0.0,0.6911437472185136,0.0,0.0,"конечная точка в пределах выгрузки: получил 165 тыс от 1 плательщика, исходящих нет; доля seed-денег ~0%",1.0,3,False,0.0,0,0,164765.0,1,1,1,164765.0,164765.0,164765.0,0.0,0,0.0,0,False,True,False,False,0,0.0011953620415003489,196.953826767805,False,False,0,,1,False
100000001229743100,peripheral,0.9,0.121,B,True,2,0.09000000000000001,0.06141522029372497,0.018691588785046728,0.6915887850467289,0.06186025812194036,0.0,0.0,"выраженных признаков нет: 1 вх./1 исх., оборот 9 тыс",1.0,3,False,9000.0,1,1,7000.0,1,1,2,9000.0,16000.0,-2000.0,1.2857142857142858,0,0.0,0,True,False,False,False,0,0.0006088778469915324,5.479900622923791,False,False,0,0.0,1,False
100000001232297100,peripheral,0.6,0.3055,B,True,12,0.06,0.5438362260792168,0.018691588785046728,0.833555852247441,0.4054294615042279,0.0,1.0,"выраженных признаков нет: 1 вх./2 исх., оборот 45 тыс; участвует в круговых потоках (3+ участника)",1.0,2,False,45000.0,2,2,5000.0,1,1,2,45000.0,50000.0,-40000.0,9.0,0,0.0,0,True,False,False,False,0,0.03259110166425584,1466.599574891513,True,True,1,0.0,1,False
100000001236706100,peripheral,0.6,0.4194,B,False,12,0.06,0.7863818424566088,0.9114374721851357,0.833555852247441,0.6657765910102359,0.0,0.0,"выраженных признаков нет: 3 вх./2 исх., оборот 143 тыс",1.0,3,False,36000.0,2,2,142700.0,3,3,5,142700.0,178700.0,106700.0,0.25227750525578135,0,0.0,0,False,True,False,False,0,0.16697737550679517,23827.67148481967,False,False,0,0.0,2,False
100000001241318100,peripheral,0.9,0.2247,B,False,2,0.09000000000000001,0.7231864708500223,0.018691588785046728,0.0,0.4672897196261682,0.0,0.0,"выраженных признаков нет: 1 вх./0 исх., оборот 53 тыс",1.0,2,False,0.0,0,0,53000.0,1,1,1,53000.0,53000.0,53000.0,0.0,0,0.0,0,False,True,False,False,0,0.2659433962264151,14095.0,False,False,0,,1,False
100000001246806100,peripheral,0.3,0.1358,A,True,7,0.03,0.2941700044503783,0.018691588785046728,0.0,0.645749888740543,0.0,0.0,"обрыв выгрузки на последнем колене: получил 130 тыс от 1 плательщика, исходящие неизвестны",1.0,4,False,0.0,0,0,130000.0,1,1,1,130000.0,130000.0,130000.0,0.0,0,0.0,0,False,True,True,False,0,0.000970877776214087,126.21411090783131,False,False,0,,1,False
100000001248999100,peripheral,0.9,0.1018,B,True,17,0.09000000000000001,0.21717846016911438,0.018691588785046728,0.0,0.25011125945705387,0.0,0.0,"выраженных признаков нет: 1 вх./0 исх., оборот 23 тыс",1.0,3,False,0.0,0,0,23425.0,1,1,1,23425.0,23425.0,23425.0,0.0,0,0.0,0,False,True,False,False,0,0.002458826925841859,57.598020737845545,False,False,0,,1,False
100000001249054100,peripheral,0.3,0.0684,A,True,8,0.03,0.19003115264797507,0.018691588785046728,0.0,0.17979528259902092,0.0,0.0,"обрыв выгрузки на последнем колене: получил 17 тыс от 1 плательщика, исходящие неизвестны",1.0,4,False,0.0,0,0,17375.0,1,1,1,17375.0,17375.0,17375.0,0.0,0,0.0,0,False,True,True,False,0,0.00236057430792627,41.01497860021894,False,False,0,,1,False
100000001250022100,peripheral,0.9,0.219,B,False,14,0.09000000000000001,0.7080551846906987,0.018691588785046728,0.0,0.4401424121050289,0.0,0.0,"выраженных признаков нет: 1 вх./0 исх., оборот 50 тыс",1.0,2,False,0.0,0,0,50000.0,1,1,1,50000.0,50000.0,50000.0,0.0,0,0.0,0,False,True,False,False,0,0.24000640017067124,12000.320008533561,False,False,0,,1,True
100000001251686100,peripheral,0.9,0.1697,B,False,3,0.09000000000000001,0.5874499332443258,0.018691588785046728,0.0,0.1882510013351135,0.0,0.0,"выраженных признаков нет: 1 вх./0 исх., оборот 18 тыс",1.0,2,False,0.0,0,0,18000.0,1,1,1,18000.0,18000.0,18000.0,0.0,0,0.0,0,False,True,False,False,0,0.14897743662497684,2681.593859249583,False,False,0,,1,False
100000001252290100,peripheral,0.6,0.2237,B,True,5,0.06,0.32665776591010237,0.018691588785046728,0.6915887850467289,0.6635514018691588,0.0,0.0,"выраженных признаков нет: 1 вх./1 исх., оборот 141 тыс",1.0,3,False,5000.0,1,1,141005.0,1,1,2,141005.0,146005.0,136005.0,0.03545973547037339,0,0.0,0,False,True,False,False,0,0.0011953620415003489,168.5520246617567,False,False,0,0.0,1,False
100000001253557100,consolidator,0.6,0.5585,B,False,13,0.54,0.8228749443702714,0.9777481085892301,0.0,0.7383177570093458,0.3333333333333333,0.0,"признаки консолидации: 5 плательщиков (из них seed: 1), получил 210 тыс; отдал дальше 0%; связан с 1 seed",0.6666666666666666,1,False,0.0,0,0,210200.0,5,5,5,210200.0,210200.0,210200.0,0.0,1,30000.0,1,False,True,False,False,0,0.15920442975195034,33464.77113385996,False,False,0,,1,True
100000001256409100,peripheral,0.3,0.0424,A,True,23,0.03,0.12372051624388072,0.018691588785046728,0.0,0.0529595015576324,0.0,0.0,"обрыв выгрузки на последнем колене: получил 8 тыс от 1 плательщика, исходящие неизвестны",1.0,4,False,0.0,0,0,8000.0,1,1,1,8000.0,8000.0,8000.0,0.0,0,0.0,0,False,True,True,False,0,0.002156699082657562,17.253592661260495,False,False,0,,1,False
100000001262647100,peripheral,0.9,0.1825,B,False,18,0.09000000000000001,0.6186025812194037,0.018691588785046728,0.0,0.253671562082777,0.0,0.0,"выраженных признаков нет: 1 вх./0 исх., оборот 24 тыс",1.0,2,False,0.0,0,0,23650.0,1,1,1,23650.0,23650.0,23650.0,0.0,0,0.0,0,False,True,False,False,0,0.18817235498826923,4450.276195472567,False,False,0,,1,True
100000001270349100,terminal,0.32,0.2521,B,True,32,0.16,0.6074766355140186,0.018691588785046728,0.0,0.7271918113039608,0.0,0.0,"конечная точка в пределах выгрузки: получил 200 тыс от 1 плательщика, исходящих нет; доля seed-денег ~2%",1.0,3,False,0.0,0,0,200000.0,1,1,1,200000.0,200000.0,200000.0,0.0,0,0.0,0,False,True,False,False,0,0.01755562114530678,3511.1242290613563,False,False,0,,1,False
100000001270470100,peripheral,0.3,0.0952,A,True,2,0.03,0.25945705384957723,0.018691588785046728,0.0,0.30930129060970185,0.0,0.0,"обрыв выгрузки на последнем колене: получил 28 тыс от 1 плательщика, исходящие неизвестны",1.0,4,False,0.0,0,0,28300.0,2,1,1,28300.0,28300.0,28300.0,0.0,0,0.0,0,False,True,True,False,0,0.0034407190406825125,97.37234885131511,False,False,0,,1,False
100000001273783100,peripheral,0.9,0.1502,B,True,29,0.09000000000000001,0.45972407654650643,0.018691588785046728,0.0,0.24877614597240766,0.0,0.0,"выраженных признаков нет: 1 вх./0 исх., оборот 23 тыс",1.0,2,False,0.0,0,0,23200.0,1,1,1,23200.0,23200.0,23200.0,0.0,0,0.0,0,False,True,False,False,0,0.023314519222821097,540.8968459694495,False,False,0,,1,False
100000001275557100,peripheral,0.3,0.1176,A,True,26,0.03,0.4241210502892746,0.018691588785046728,0.0,0.20382732532265244,0.0,0.0,"обрыв выгрузки на последнем колене: получил 20 тыс от 1 плательщика, исходящие неизвестны",1.0,4,False,0.0,0,0,20000.0,1,1,1,20000.0,20000.0,20000.0,0.0,0,0.0,0,False,True,True,False,0,0.018851020578037624,377.0204115607525,False,False,0,,1,False
100000001275752100,terminal,0.217,0.1758,B,True,7,0.1085,0.3404539385847797,0.018691588785046728,0.0,0.678237650200267,0.0,0.0,"конечная точка в пределах выгрузки: получил 152 тыс от 1 плательщика, исходящих нет; доля seed-денег ~0%; вход в конце периода, мог переслать позже",1.0,3,False,0.0,0,0,151500.0,1,1,1,151500.0,151500.0,151500.0,0.0,0,0.0,0,False,True,False,False,0,0.0012607416858070673,191.0023653997707,False,False,0,,1,True
100000001276409100,peripheral,0.3,0.1426,A,True,8,0.03,0.35959056519804183,0.018691588785046728,0.0,0.5834445927903872,0.0,0.0,"обрыв выгрузки на последнем колене: получил 95 тыс от 1 плательщика, исходящие неизвестны",1.0,4,False,0.0,0,0,94760.0,1,1,1,94760.0,94760.0,94760.0,0.0,0,0.0,0,False,True,True,False,0,0.00236057430792627,223.68802141909333,False,False,0,,1,False
100000001279272100,peripheral,0.6,0.3389,B,True,2,0.06,0.5300400534045394,0.018691588785046728,0.833555852247441,0.7663551401869159,0.0,1.0,"выраженных признаков нет: 1 вх./2 исх., оборот 250 тыс; участвует в круговых потоках (3+ участника)",1.0,3,False,136758.0,2,2,250000.0,1,1,3,250000.0,386758.0,113242.0,0.547032,0,0.0,0,False,True,False,False,0,0.004849960600259524,1212.490150064881,True,True,0,0.9505842437005514,1,False
100000001279875100,peripheral,0.9,0.1746,B,True,11,0.09000000000000001,0.48731642189586116,0.018691588785046728,0.0,0.43747218513573655,0.0,0.0,"выраженных признаков нет: 1 вх./0 исх., оборот 49 тыс",1.0,2,False,0.0,0,0,49235.0,1,1,1,49235.0,49235.0,49235.0,0.0,0,0.0,0,False,True,False,False,0,0.014564327988666305,717.0746885219855,False,False,0,,1,True
100000001280798100,peripheral,0.9,0.1266,B,True,8,0.09000000000000001,0.3373386737872719,0.018691588785046728,0.0,0.258121940364931,0.0,0.0,"выраженных признаков нет: 1 вх./0 исх., оборот 24 тыс",1.0,3,False,0.0,0,0,23785.0,1,1,1,23785.0,23785.0,23785.0,0.0,0,0.0,0,False,True,False,False,0,0.007716123310628142,183.52799294329037,False,False,0,,1,False
100000001282143100,consolidator,0.525,0.46,B,True,11,0.47250000000000003,0.5006675567423231,0.9777481085892301,0.0,0.9670672007120605,0.0,0.0,"признаки консолидации: 5 плательщиков, получил 1.7 млн; отдал дальше 0%; до 4 плательщиков в день; связь с seed-деньгами слабая, возможна легальная активность",0.6666666666666666,3,False,0.0,0,0,1700000.0,6,5,5,1700000.0,1700000.0,1700000.0,0.0,0,0.0,0,False,True,False,False,0,0.0005046039265096975,857.8266750664858,False,False,0,,4,True
100000001285440100,terminal,0.23,0.3006,B,True,24,0.115,0.5193591455273698,0.8019581664441477,0.0,0.7627948375611927,0.0,0.0,"конечная точка в пределах выгрузки: получил 243 тыс от 2 плательщиков, исходящих нет; доля seed-денег ~0%; вход в конце периода, мог переслать позже",1.0,3,False,0.0,0,0,243000.0,2,2,2,243000.0,243000.0,243000.0,0.0,0,0.0,0,False,True,False,False,0,0.004315970490053251,1048.78082908294,False,False,0,,2,True
100000001286703100,peripheral,0.3,0.0444,A,True,46,0.03,0.045838896306186025,0.018691588785046728,0.0,0.22874944370271474,0.0,0.0,"обрыв выгрузки на последнем колене: получил 20 тыс от 1 плательщика, исходящие неизвестны",1.0,4,False,0.0,0,0,20500.0,1,1,1,20500.0,20500.0,20500.0,0.0,0,0.0,0,False,True,True,False,0,0.00010877522639587186,2.229892141115373,False,False,0,,1,False
100000001287955100,peripheral,0.6,0.2828,B,True,11,0.06,0.4303515798842902,0.018691588785046728,0.9274588340008901,0.8108589230084557,0.0,0.0,"выраженных признаков нет: 1 вх./4 исх., оборот 310 тыс",1.0,2,False,310000.0,5,4,17520.0,1,1,5,310000.0,327520.0,-292480.0,17.69406392694064,0,0.0,0,True,False,False,False,0,0.0013176463767220182,408.47037678382566,False,False,0,0.7409677419354839,1,False
100000001290243100,peripheral,0.9,0.1763,B,False,4,0.09000000000000001,0.6795727636849133,0.018691588785046728,0.0,0.06987093902981753,0.0,0.0,"выраженных признаков нет: 1 вх./0 исх., оборот 10 тыс",1.0,2,False,0.0,0,0,10000.0,1,1,1,10000.0,10000.0,10000.0,0.0,0,0.0,0,False,True,False,False,0,0.9010037752189451,9010.037752189452,False,False,0,,1,False
100000001297206100,peripheral,0.3,0.0506,A,True,2,0.03,0.16911437472185137,0.018691588785046728,0.0,0.04450378282153983,0.0,0.0,"обрыв выгрузки на последнем колене: получил 7 тыс от 1 плательщика, исходящие неизвестны",1.0,4,False,0.0,0,0,6758.0,1,1,1,6758.0,6758.0,6758.0,0.0,0,0.0,0,False,True,True,False,0,0.004849960600259524,32.77603373655386,False,False,0,,1,False
100000001298099100,peripheral,0.9,0.1153,B,True,8,0.09000000000000001,0.31019136626613264,0.018691588785046728,0.0,0.19893190921228304,0.0,0.0,"выраженных признаков нет: 1 вх./0 исх., оборот 19 тыс",1.0,3,False,0.0,0,0,19000.0,1,1,1,19000.0,19000.0,19000.0,0.0,0,0.0,0,False,True,False,False,0,0.007716123310628142,146.6063429019347,False,False,0,,1,False
100000001299323100,peripheral,0.3,0.1215,A,True,7,0.03,0.2358700489541611,0.018691588785046728,0.0,0.6199376947040498,0.0,0.0,"обрыв выгрузки на последнем колене: получил 109 тыс от 1 плательщика, исходящие неизвестны",1.0,4,False,0.0,0,0,109000.0,1,1,1,109000.0,109000.0,109000.0,0.0,0,0.0,0,False,True,True,False,0,0.0006623694689706609,72.19827211780203,False,False,0,,1,True
100000001299443100,peripheral,0.3,0.0228,A,True,21,0.03,0.0258121940364931,0.018691588785046728,0.0,0.0529595015576324,0.0,0.0,"обрыв выгрузки на последнем колене: получил 8 тыс от 1 плательщика, исходящие неизвестны",1.0,4,False,0.0,0,0,8000.0,1,1,1,8000.0,8000.0,8000.0,0.0,0,0.0,0,False,True,True,False,0,4.838494154612191e-05,0.38707953236897524,False,False,0,,1,False
100000001299828100,peripheral,0.3,0.1615,A,True,2,0.03,0.4490431686693369,0.018691588785046728,0.0,0.5927903871829105,0.0,0.0,"обрыв выгрузки на последнем колене: получил 100 тыс от 1 плательщика, исходящие неизвестны",1.0,4,False,0.0,0,0,100000.0,1,1,1,100000.0,100000.0,100000.0,0.0,0,0.0,0,False,True,True,False,0,0.004849960600259525,484.9960600259525,False,False,0,,1,False
100000001303311100,consolidator,0.525,0.4819,B,True,24,0.47250000000000003,0.616822429906542,0.9777481085892301,0.0,0.954161103693814,0.0,0.0,"признаки консолидации: 5 плательщиков, получил 1.3 млн; отдал дальше 0%; до 4 плательщиков в день; связь с seed-деньгами слабая, возможна легальная активность",0.6666666666666666,3,False,0.0,0,0,1324000.0,5,5,5,1324000.0,1324000.0,1324000.0,0.0,0,0.0,0,False,True,False,False,0,0.003242962641063667,4293.682536768295,False,False,0,,4,True
100000001307612100,peripheral,0.9,0.2727,B,False,1,0.09000000000000001,0.8415665331553182,0.018691588785046728,0.0,0.37694704049844235,0.3333333333333333,0.0,"выраженных признаков нет: 1 вх./0 исх., оборот 38 тыс; связан с 1 seed",1.0,1,False,0.0,0,0,38483.0,1,1,1,38483.0,38483.0,38483.0,0.0,1,38483.0,1,False,True,False,False,1,1.0,38483.0,False,False,0,,1,False
100000001308856100,peripheral,0.9,0.1524,B,True,1,0.09000000000000001,0.44503782821539833,0.018691588785046728,0.0,0.30040053404539385,0.0,0.0,"выраженных признаков нет: 1 вх./0 исх., оборот 27 тыс",1.0,2,False,0.0,0,0,27000.0,1,1,1,27000.0,27000.0,27000.0,0.0,0,0.0,0,False,True,False,False,1,0.017185010363675823,463.99527981924723,False,False,0,,1,False
100000001311175100,peripheral,0.3,0.1442,A,True,11,0.03,0.2585669781931464,0.018691588785046728,0.0,0.8010680907877169,0.0,0.0,"обрыв выгрузки на последнем колене: получил 300 тыс от 1 плательщика, исходящие неизвестны",1.0,4,False,0.0,0,0,300000.0,1,1,1,300000.0,300000.0,300000.0,0.0,0,0.0,0,False,True,True,False,0,0.0003207443319761952,96.22329959285857,False,False,0,,1,False
100000001317336100,peripheral,0.6,0.2971,B,True,37,0.06,0.4699599465954606,0.018691588785046728,0.833555852247441,0.9684023141967067,0.0,0.0,"выраженных признаков нет: 1 вх./2 исх., оборот 1.8 млн",1.0,3,False,1752000.0,3,2,131196.0,1,1,3,1752000.0,1883196.0,-1620804.0,13.354065672733924,0,0.0,0,True,False,False,False,0,0.0003442700072480274,603.161052698544,False,False,0,0.0,1,False
100000001325618100,peripheral,0.3,0.0245,A,True,21,0.03,0.027592345349354695,0.018691588785046728,0.0,0.06586559857587895,0.0,0.0,"обрыв выгрузки на последнем колене: получил 9 тыс от 1 плательщика, исходящие неизвестны",1.0,4,False,0.0,0,0,9300.0,1,1,1,9300.0,9300.0,9300.0,0.0,0,0.0,0,False,True,True,False,0,4.838494154612191e-05,0.44997995637893373,False,False,0,,1,True
100000001329153100,terminal,0.31,0.1829,B,True,2,0.155,0.29506008010680906,0.018691588785046728,0.0,0.6773475745438362,0.0,0.0,"конечная точка в пределах выгрузки: получил 151 тыс от 1 плательщика, исходящих нет; доля seed-денег ~0%",1.0,3,False,0.0,0,0,150687.0,1,1,1,150687.0,150687.0,150687.0,0.0,0,0.0,0,False,True,False,False,0,0.0008464425810733717,127.54789321420316,False,False,0,,1,False
100000001330595100,peripheral,0.6,0.3474,B,True,28,0.06,0.48998664886515353,0.9114374721851357,0.6915887850467289,0.6813529149977748,0.0,0.0,"выраженных признаков нет: 3 вх./1 исх., оборот 154 тыс",1.0,2,False,154000.0,1,1,87000.0,6,3,4,154000.0,241000.0,-67000.0,1.7701149425287357,0,0.0,0,True,False,False,False,2,0.004831614085760319,744.068569207089,False,False,0,0.0,2,False
100000001330685100,peripheral,0.6,0.5014,B,False,5,0.06,0.943035157988429,0.9114374721851357,0.6915887850467289,0.9817534490431686,0.3333333333333333,0.0,"выраженных признаков нет: 3 вх./1 исх., оборот 2.4 млн; связан с 1 seed",1.0,1,False,100500.0,1,1,2435923.0,7,3,4,2435923.0,2536423.0,2335423.0,0.04125746175063826,1,130425.0,1,False,True,False,False,0,0.0557239937472558,135739.3580207966,False,False,0,0.0,2,True
100000001339466100,peripheral,0.9,0.1891,B,False,3,0.09000000000000001,0.6194926568758344,0.018691588785046728,0.0,0.3186470850022252,0.0,0.0,"выраженных признаков нет: 1 вх./0 исх., оборот 30 тыс",1.0,2,False,0.0,0,0,30000.0,1,1,1,30000.0,30000.0,30000.0,0.0,0,0.0,0,False,True,False,False,0,0.14897743662497684,4469.323098749305,False,False,0,,1,False
100000001346560100,peripheral,0.6,0.3219,B,False,3,0.06,0.6372941700044504,0.8019581664441477,0.6915887850467289,0.24076546506453048,0.0,0.0,"выраженных признаков нет: 2 вх./1 исх., оборот 22 тыс",1.0,2,False,22200.0,1,1,10000.0,2,2,3,22200.0,32200.0,-12200.0,2.22,0,0.0,0,True,False,False,False,0,0.2592465974235752,5755.274462803369,False,False,0,1.0,1,True
100000001362940100,peripheral,0.9,0.3041,B,False,3,0.09000000000000001,0.9123275478415666,0.018691588785046728,0.0,0.5496217178460169,0.3333333333333333,0.0,"выраженных признаков нет: 1 вх./0 исх., оборот 81 тыс; связан с 1 seed",0.6666666666666666,1,False,0.0,0,0,81000.0,1,1,1,81000.0,81000.0,81000.0,0.0,1,81000.0,1,False,True,False,False,0,1.0,81000.0,False,False,0,,1,False
100000001363952100,peripheral,0.6,0.4558,B,False,6,0.06,0.89942145082332,0.8019581664441477,0.6915887850467289,0.7222963951935915,0.3333333333333333,0.0,"выраженных признаков нет: 2 вх./1 исх., оборот 197 тыс; связан с 1 seed",1.0,1,False,91000.0,2,1,196655.0,2,2,3,196655.0,287655.0,105655.0,0.4627393150441128,1,69155.0,1,False,True,False,False,0,0.35168420207352336,69160.45675876873,False,False,0,0.10989010989010989,1,False
100000001373265100,peripheral,0.6,0.2602,B,True,6,0.06,0.5082331998219849,0.018691588785046728,0.6915887850467289,0.6653315531820204,0.0,0.0,"выраженных признаков нет: 1 вх./1 исх., оборот 142 тыс",1.0,3,False,5000.0,1,1,142482.0,1,1,2,142482.0,147482.0,137482.0,0.0350921519911287,0,0.0,0,False,True,False,False,0,0.006651503710631661,947.7195516982202,False,False,0,0.0,1,False
100000001378288100,peripheral,0.3,0.1575,A,True,6,0.03,0.3355585224744103,0.018691588785046728,0.0,0.7805963506898086,0.0,0.0,"обрыв выгрузки на последнем колене: получил 268 тыс от 1 плательщика, исходящие неизвестны",1.0,4,False,0.0,0,0,268000.0,3,1,1,268000.0,268000.0,268000.0,0.0,0,0.0,0,False,True,True,False,0,0.0006724326693717296,180.21195539162355,False,False,0,,1,False
100000001379511100,peripheral,0.9,0.1491,B,True,13,0.09000000000000001,0.3395638629283489,0.018691588785046728,0.0,0.4779706275033378,0.0,0.0,"выраженных признаков нет: 1 вх./0 исх., оборот 55 тыс",1.0,3,False,0.0,0,0,55000.0,1,1,1,55000.0,55000.0,55000.0,0.0,0,0.0,0,False,True,False,False,0,0.0034122760384609437,187.6751821153519,False,False,0,,1,False
100000001380054100,peripheral,0.6,0.4947,B,False,34,0.06,0.9390298175344904,0.8019581664441477,0.894971072541166,0.829105473965287,0.3333333333333333,0.0,"выраженных признаков нет: 2 вх./3 исх., оборот 360 тыс; связан с 1 seed; взаимные переводы с 2",1.0,1,False,360000.0,4,3,127050.0,2,2,3,360000.0,487050.0,-232950.0,2.833530106257379,1,120000.0,1,True,False,False,False,3,0.3399915002124947,122396.94007649808,True,False,2,0.5555555555555556,1,False
100000001380107100,peripheral,0.9,0.0862,B,True,66,0.09000000000000001,0.24655095683133066,0.018691588785046728,0.0,0.035603026257231864,0.0,0.0,"выраженных признаков нет: 1 вх./0 исх., оборот 6 тыс",1.0,3,False,0.0,0,0,6000.0,1,1,1,6000.0,6000.0,6000.0,0.0,0,0.0,0,False,True,False,False,0,0.013706563706563707,82.23938223938224,False,False,0,,1,False
100000001380986100,peripheral,0.9,0.2199,B,False,19,0.09000000000000001,0.6697819314641744,0.018691588785046728,0.0,0.5255896751223854,0.0,0.0,"выраженных признаков нет: 1 вх./0 исх., оборот 70 тыс",1.0,2,False,0.0,0,0,70170.0,1,1,1,70170.0,70170.0,70170.0,0.0,0,0.0,0,False,True,False,False,0,0.11406838869879403,8004.178834994377,False,False,0,,1,False
100000001382002100,peripheral,0.9,0.3279,B,False,2,0.09000000000000001,0.8838451268357811,0.018691588785046728,0.6915887850467289,0.48553627058299953,0.0,0.0,"выраженных признаков нет: 1 вх./1 исх., оборот 56 тыс; взаимные переводы с 1",1.0,2,False,56500.0,3,1,55000.0,2,1,1,56500.0,111500.0,-1500.0,1.0272727272727273,0,0.0,0,True,False,False,False,0,0.9628485914522285,54400.945417050905,True,False,1,0.0,1,False
100000001384826100,peripheral,0.6,0.2631,B,True,5,0.06,0.43969737427681355,0.018691588785046728,0.6915887850467289,0.8317757009345794,0.0,0.0,"выраженных признаков нет: 1 вх./1 исх., оборот 364 тыс",1.0,3,False,10000.0,1,1,364260.0,1,1,2,364260.0,374260.0,354260.0,0.027452918245209467,0,0.0,0,False,True,False,False,0,0.0011953620415003489,435.4225772369171,False,False,0,0.0,1,False
100000001386612100,peripheral,0.9,0.2388,B,False,22,0.09000000000000001,0.7752558967512239,0.018691588785046728,0.0,0.5033377837116155,0.0,0.0,"выраженных признаков нет: 1 вх./0 исх., оборот 62 тыс",1.0,2,False,0.0,0,0,62264.0,1,1,1,62264.0,62264.0,62264.0,0.0,0,0.0,0,False,True,False,False,0,0.3534306740979031,22006.007492031837,False,False,0,,1,False
100000001389255100,peripheral,0.9,0.2308,B,False,1,0.09000000000000001,0.737427681352915,0.018691588785046728,0.0,0.16599910992434358,0.3333333333333333,0.0,"выраженных признаков нет: 1 вх./0 исх., оборот 16 тыс; связан с 1 seed",1.0,1,False,0.0,0,0,16136.0,1,1,1,16136.0,16136.0,16136.0,0.0,1,16136.0,1,False,True,False,False,1,1.0,16136.0,False,False,0,,1,False
100000001411870100,terminal,0.967,0.5751,B,False,14,0.4835,0.9959946595460614,0.8019581664441477,0.0,0.931909212283044,0.3333333333333333,0.0,"конечная точка в пределах выгрузки: получил 900 тыс от 2 плательщиков, исходящих нет; доля seed-денег ~87%; связан с 1 seed",1.0,1,False,0.0,0,0,900000.0,4,2,2,900000.0,900000.0,900000.0,0.0,1,700000.0,1,False,True,False,False,0,0.8706172839506172,783555.5555555555,False,False,0,,1,False
100000001415126100,peripheral,0.9,0.1589,B,False,22,0.09000000000000001,0.6177125055629729,0.018691588785046728,0.0,0.30040053404539385,0.0,0.0,"[seed] выраженных признаков нет: 1 вх./0 исх., оборот 27 тыс",1.0,0,True,0.0,0,0,27000.0,1,1,1,27000.0,27000.0,27000.0,0.0,0,0.0,0,False,False,False,False,0,1.0,4329.031393003198,False,False,0,,1,False
100000001418900100,peripheral,0.9,0.1691,B,True,1,0.09000000000000001,0.4842011570983534,0.018691588785046728,0.0,0.3885180240320427,0.0,0.0,"выраженных признаков нет: 1 вх./0 исх., оборот 40 тыс",1.0,2,False,0.0,0,0,40140.0,2,1,1,40140.0,40140.0,40140.0,0.0,0,0.0,0,False,True,False,False,1,0.017185010363675823,689.8063159979475,False,False,0,,1,True
100000001420847100,peripheral,0.9,0.1645,B,True,20,0.09000000000000001,0.5536270582999555,0.018691588785046728,0.0,0.20382732532265244,0.0,0.0,"выраженных признаков нет: 1 вх./0 исх., оборот 20 тыс",1.0,2,False,0.0,0,0,20000.0,2,1,1,20000.0,20000.0,20000.0,0.0,0,0.0,0,False,True,False,False,0,0.08205594405594406,1641.1188811188813,False,False,0,,1,True
100000001427082100,peripheral,0.6,0.2854,B,True,25,0.06,0.5215843346684468,0.018691588785046728,0.9421450823319982,0.6404094348019582,0.0,0.0,"выраженных признаков нет: 1 вх./5 исх., оборот 125 тыс",1.0,3,False,124900.0,6,5,5000.0,1,1,6,124900.0,129900.0,-119900.0,24.98,0,0.0,0,True,False,False,False,0,0.00860890474374513,1075.2522024937668,False,False,0,0.0,1,False
100000001429930100,peripheral,0.9,0.1126,B,False,12,0.09000000000000001,0.35202492211838005,0.018691588785046728,0.0,0.2870493991989319,0.0,0.0,"[seed] выраженных признаков нет: 1 вх./0 исх., оборот 26 тыс",1.0,0,True,0.0,0,0,26000.0,1,1,1,26000.0,26000.0,26000.0,0.0,0,0.0,0,False,False,False,False,0,1.0,207.773346689224,False,False,0,,1,False
100000001439416100,peripheral,0.6,0.2462,B,True,38,0.06,0.35425011125945705,0.018691588785046728,0.833555852247441,0.6915887850467289,0.0,0.0,"выраженных признаков нет: 1 вх./2 исх., оборот 165 тыс; взаимные переводы с 1",1.0,3,False,165000.0,3,2,10000.0,1,1,2,165000.0,175000.0,-155000.0,16.5,0,0.0,0,True,False,False,False,0,0.00129693876756316,213.9948966479214,True,False,1,0.0,1,False
100000001445848100,peripheral,0.6,0.2923,B,True,42,0.06,0.5567423230974633,0.018691588785046728,0.6915887850467289,0.8891855807743658,0.0,0.0,"выраженных признаков нет: 1 вх./1 исх., оборот 546 тыс; взаимные переводы с 1",1.0,3,False,351850.0,14,1,546000.0,13,1,1,546000.0,897850.0,194150.0,0.6444139194139195,0,0.0,0,False,True,False,False,0,0.0032062230141422393,1750.5977657216627,True,False,1,0.6863720335370186,1,True
100000001463701100,terminal,0.74,0.5275,B,False,16,0.37,0.9710725411659991,0.8019581664441477,0.0,0.9029817534490432,0.3333333333333333,0.0,"конечная точка в пределах выгрузки: получил 621 тыс от 2 плательщиков, исходящих нет; доля seed-денег ~40%; связан с 1 seed",1.0,1,False,0.0,0,0,621000.0,2,2,2,621000.0,621000.0,621000.0,0.0,1,248000.0,1,False,True,False,False,0,0.39940038940342937,248027.64181952964,False,False,0,,2,False
100000001471706100,peripheral,0.3,0.1832,A,True,22,0.03,0.43658210947930576,0.018691588785046728,0.0,0.8353360035603026,0.0,0.0,"обрыв выгрузки на последнем колене: получил 377 тыс от 1 плательщика, исходящие неизвестны",1.0,4,False,0.0,0,0,377000.0,8,1,1,377000.0,377000.0,377000.0,0.0,0,0.0,0,False,True,True,False,0,0.0011196309188546043,422.10085640818585,False,False,0,,1,False
100000001477796100,terminal,0.509,0.3867,B,False,3,0.2545,0.9572763684913218,0.018691588785046728,0.0,0.7093902981753449,0.3333333333333333,0.0,"конечная точка в пределах выгрузки: получил 182 тыс от 1 плательщика, исходящих нет; доля seed-денег ~100%; вход в конце периода, мог переслать позже; связан с 1 seed",1.0,1,False,0.0,0,0,182000.0,1,1,1,182000.0,182000.0,182000.0,0.0,1,182000.0,1,False,True,False,False,0,1.0,182000.0,False,False,0,,1,True
100000001484381100,peripheral,0.9,0.2538,B,True,8,0.09000000000000001,0.4174454828660436,0.8019581664441477,0.0,0.586559857587895,0.0,0.0,"выраженных признаков нет: 2 вх./0 исх., оборот 96 тыс",0.6666666666666666,3,False,0.0,0,0,95585.0,4,2,2,95585.0,95585.0,95585.0,0.0,0,0.0,0,False,True,False,False,0,0.003693228312521803,353.01722825239654,False,False,0,,1,False
100000001490461100,peripheral,0.9,0.2259,B,True,8,0.09000000000000001,0.5149087672452158,0.018691588785046728,0.6915887850467289,0.20382732532265244,0.0,0.0,"выраженных признаков нет: 1 вх./1 исх., оборот 20 тыс",1.0,2,False,5000.0,1,1,20000.0,1,1,2,20000.0,25000.0,15000.0,0.25,0,0.0,0,False,True,False,False,0,0.05013761734864999,1002.7523469729998,False,False,0,0.0,1,False
100000001498732100,peripheral,0.3,0.0199,A,True,61,0.03,0.022696929238985315,0.018691588785046728,0.0,0.030262572318647086,0.0,0.0,"обрыв выгрузки на последнем колене: получил 6 тыс от 1 плательщика, исходящие неизвестны",1.0,4,False,0.0,0,0,5500.0,1,1,1,5500.0,5500.0,5500.0,0.0,0,0.0,0,False,True,True,False,0,4.8684206569566896e-05,0.26776313613261793,False,False,0,,1,False
100000001524952100,terminal,0.701,0.4053,B,False,2,0.3505,0.9305740987983978,0.018691588785046728,0.0,0.6128170894526035,0.3333333333333333,0.0,"конечная точка в пределах выгрузки: получил 104 тыс от 1 плательщика, исходящих нет; доля seed-денег ~100%; связан с 1 seed",0.6666666666666666,1,False,0.0,0,0,103807.0,1,1,1,103807.0,103807.0,103807.0,0.0,1,103807.0,1,False,True,False,False,0,1.0,103807.0,False,False,0,,1,False
100000001526235100,peripheral,0.6,0.4286,B,True,30,0.06,0.6720071206052515,0.9114374721851357,0.9657320872274143,0.8549176680017802,0.0,0.0,"выраженных признаков нет: 3 вх./8 исх., оборот 433 тыс; взаимные переводы с 3",0.6666666666666666,2,False,432750.0,9,8,82000.0,4,3,8,432750.0,514750.0,-350750.0,5.277439024390244,0,0.0,0,True,False,False,False,0,0.019132398156689708,8279.545302307472,True,False,3,0.1346042749855575,1,True
100000001527186100,terminal,0.893,0.4808,B,False,3,0.4465,0.9933244325767691,0.018691588785046728,0.0,0.9065420560747663,0.3333333333333333,0.0,"конечная точка в пределах выгрузки: получил 678 тыс от 1 плательщика, исходящих нет; доля seed-денег ~100%; связан с 1 seed",1.0,1,False,0.0,0,0,678000.0,2,1,1,678000.0,678000.0,678000.0,0.0,1,678000.0,1,False,True,False,False,0,1.0,678000.0,False,False,0,,1,False
100000001530709100,peripheral,0.9,0.1201,B,True,2,0.09000000000000001,0.19670672007120604,0.018691588785046728,0.0,0.4735202492211838,0.0,0.0,"выраженных признаков нет: 1 вх./0 исх., оборот 54 тыс",1.0,3,False,0.0,0,0,53961.0,1,1,1,53961.0,53961.0,53961.0,0.0,0,0.0,0,False,True,False,False,0,0.0008464425810733718,45.67488811730021,False,False,0,,1,False
100000001530740100,peripheral,0.9,0.1909,B,False,4,0.09000000000000001,0.7182910547396528,0.018691588785046728,0.0,0.13840676457498888,0.0,0.0,"выраженных признаков нет: 1 вх./0 исх., оборот 15 тыс",1.0,2,False,0.0,0,0,15000.0,1,1,1,15000.0,15000.0,15000.0,0.0,0,0.0,0,False,True,False,False,0,0.899,13485.0,False,False,0,,1,False
100000001530983100,distributor,0.51,0.6968,B,False,4,0.40800000000000003,0.9839786381842457,0.960836671117045,0.9746328437917223,0.969737427681353,0.6666666666666666,0.0,"веерная рассылка: 11 получателей, отправил 1.8 млн; видимый вход 564 тыс, источник вне выгрузки; связан с 2 seed",0.4444444444444444,1,False,1829538.0,17,11,564158.0,4,4,15,1829538.0,2393696.0,-1265380.0,3.24295321523403,2,392614.0,2,True,False,False,False,0,0.21505044049875338,393442.95280920825,False,False,0,0.15648212827500713,1,False
100000001533161100,peripheral,0.3,0.0941,A,True,54,0.03,0.11214953271028037,0.018691588785046728,0.0,0.5927903871829105,0.0,0.0,"обрыв выгрузки на последнем колене: получил 100 тыс от 1 плательщика, исходящие неизвестны",1.0,4,False,0.0,0,0,100000.0,1,1,1,100000.0,100000.0,100000.0,0.0,0,0.0,0,False,True,True,False,0,0.00014696804744293533,14.696804744293534,False,False,0,,1,False
100000001534244100,peripheral,0.6,0.3245,B,True,7,0.06,0.35469514908767247,0.8019581664441477,0.6915887850467289,0.8322207387627948,0.0,0.0,"выраженных признаков нет: 2 вх./1 исх., оборот 366 тыс",1.0,3,False,45000.0,1,1,366000.0,2,2,3,366000.0,411000.0,321000.0,0.12295081967213115,0,0.0,0,False,True,False,False,0,0.0005861204561496211,214.5200869507613,False,False,0,0.0,2,True
100000001537524100,peripheral,0.3,0.0854,A,True,11,0.03,0.029817534490431688,0.018691588785046728,0.0,0.6711170449488206,0.0,0.0,"обрыв выгрузки на последнем колене: получил 150 тыс от 1 плательщика, исходящие неизвестны",1.0,4,False,0.0,0,0,150000.0,1,1,1,150000.0,150000.0,150000.0,0.0,0,0.0,0,False,True,True,False,0,4.031056998801331e-06,0.6046585498201996,False,False,0,,1,True
100000001538095100,terminal,0.235,0.2956,B,True,11,0.1175,0.4775255896751224,0.8019581664441477,0.0,0.787716955941255,0.0,0.0,"конечная точка в пределах выгрузки: получил 280 тыс от 2 плательщиков, исходящих нет; доля seed-денег ~0%; вход в конце периода, мог переслать позже",1.0,3,False,0.0,0,0,280000.0,2,2,2,280000.0,280000.0,280000.0,0.0,0,0.0,0,False,True,False,False,0,0.002349901657016469,657.9724639646114,False,False,0,,2,True
100000001541418100,peripheral,0.9,0.2982,B,True,19,0.09000000000000001,0.6386292834890965,0.8019581664441477,0.0,0.5878949710725412,0.0,0.0,"выраженных признаков нет: 2 вх./0 исх., оборот 97 тыс",0.6666666666666666,2,False,0.0,0,0,96900.0,2,2,2,96900.0,96900.0,96900.0,0.0,0,0.0,0,False,True,False,False,0,0.05939396788831086,5755.275488377322,False,False,0,,1,False
100000001549194100,peripheral,0.9,0.1163,B,True,15,0.09000000000000001,0.20516243880729862,0.018691588785046728,0.0,0.4187805963506898,0.0,0.0,"выраженных признаков нет: 1 вх./0 исх., оборот 46 тыс",1.0,3,False,0.0,0,0,46500.0,1,1,1,46500.0,46500.0,46500.0,0.0,0,0.0,0,False,True,False,False,0,0.0011056727811859502,51.41378432514668,False,False,0,,1,False
100000001550388100,peripheral,0.9,0.285,B,False,2,0.09000000000000001,0.8713840676457499,0.018691588785046728,0.0,0.4401424121050289,0.3333333333333333,0.0,"выраженных признаков нет: 1 вх./0 исх., оборот 50 тыс; связан с 1 seed",1.0,1,False,0.0,0,0,50000.0,1,1,1,50000.0,50000.0,50000.0,0.0,1,50000.0,1,False,True,False,False,0,1.0,50000.0,False,False,0,,1,False
100000001550419100,peripheral,0.9,0.0883,B,True,15,0.09000000000000001,0.15175789942145082,0.018691588785046728,0.0,0.24566088117489987,0.0,0.0,"выраженных признаков нет: 1 вх./0 исх., оборот 23 тыс",1.0,3,False,0.0,0,0,23000.0,1,1,1,23000.0,23000.0,23000.0,0.0,0,0.0,0,False,True,False,False,0,0.0011056727811859502,25.430473967276853,False,False,0,,1,False
100000001554432100,peripheral,0.9,0.2905,B,False,3,0.09000000000000001,0.8825100133511349,0.018691588785046728,0.0,0.4730752113929684,0.3333333333333333,0.0,"выраженных признаков нет: 1 вх./0 исх., оборот 54 тыс; связан с 1 seed",1.0,1,False,0.0,0,0,53920.0,1,1,1,53920.0,53920.0,53920.0,0.0,1,53920.0,1,False,True,False,False,0,1.0,53920.0,False,False,0,,1,False
100000001557930100,peripheral,0.9,0.2036,B,False,14,0.09000000000000001,0.6724521584334668,0.018691588785046728,0.0,0.35736537605696483,0.0,0.0,"выраженных признаков нет: 1 вх./0 исх., оборот 35 тыс",1.0,2,False,0.0,0,0,34610.0,1,1,1,34610.0,34610.0,34610.0,0.0,0,0.0,0,False,True,False,False,0,0.2400064001706712,8306.62150990693,False,False,0,,1,True
100000001567366100,terminal,0.941,0.492,B,False,4,0.4705,0.9973297730307076,0.018691588785046728,0.0,0.9261237205162439,0.3333333333333333,0.0,"конечная точка в пределах выгрузки: получил 824 тыс от 1 плательщика, исходящих нет; доля seed-денег ~100%; связан с 1 seed",1.0,1,False,0.0,0,0,824070.0,4,1,1,824070.0,824070.0,824070.0,0.0,1,824070.0,1,False,True,False,False,0,1.0,824070.0,False,False,0,,1,False
100000001578517100,peripheral,0.9,0.1949,B,False,4,0.09000000000000001,0.6484201157098354,0.018691588785046728,0.0,0.3186470850022252,0.0,0.0,"выраженных признаков нет: 1 вх./0 исх., оборот 30 тыс",1.0,2,False,0.0,0,0,30000.0,1,1,1,30000.0,30000.0,30000.0,0.0,0,0.0,0,False,True,False,False,0,0.21505044049875338,6451.5132149626015,False,False,0,,1,False
100000001584286100,terminal,0.428,0.3313,B,True,11,0.214,0.4227859368046284,0.8019581664441477,0.0,0.9163328882955051,0.0,0.0,"конечная точка в пределах выгрузки: получил 739 тыс от 2 плательщиков, исходящих нет; доля seed-денег ~0%",1.0,2,False,0.0,0,0,738699.0,3,2,2,738699.0,738699.0,738699.0,0.0,0,0.0,0,False,True,False,False,0,0.0005006905569840021,369.85961375352537,False,False,0,,1,False
100000001590795100,peripheral,0.3,0.019,A,True,21,0.03,0.02091677792612372,0.018691588785046728,0.0,0.02403204272363151,0.0,0.0,"обрыв выгрузки на последнем колене: получил 5 тыс от 1 плательщика, исходящие неизвестны",1.0,4,False,0.0,0,0,5060.0,1,1,1,5060.0,5060.0,5060.0,0.0,0,0.0,0,False,True,True,False,0,4.838494154612191e-05,0.24482780422337685,False,False,0,,1,False
100000001597424100,peripheral,0.9,0.1183,B,True,15,0.09000000000000001,0.210057854917668,0.018691588785046728,0.0,0.4294615042278594,0.0,0.0,"выраженных признаков нет: 1 вх./0 исх., оборот 48 тыс",1.0,3,False,0.0,0,0,48100.0,1,1,1,48100.0,48100.0,48100.0,0.0,0,0.0,0,False,True,False,False,0,0.0011056727811859502,53.182860775044205,False,False,0,,1,False
100000001597505100,peripheral,0.9,0.255,B,False,39,0.09000000000000001,0.6132621272808189,0.018691588785046728,0.6915887850467289,0.29817534490431685,0.0,0.0,"выраженных признаков нет: 1 вх./1 исх., оборот 26 тыс",1.0,2,False,12920.0,1,1,26460.0,1,1,2,26460.0,39380.0,13540.0,0.48828420256991684,0,0.0,0,False,True,False,False,0,0.14890359597307162,3939.989149447475,False,False,0,0.0,1,True
100000001598625100,peripheral,0.3,0.1037,A,True,6,0.03,0.32309746328437916,0.018691588785046728,0.0,0.2674677347574544,0.0,0.0,"обрыв выгрузки на последнем колене: получил 25 тыс от 1 плательщика, исходящие неизвестны",1.0,4,False,0.0,0,0,25000.0,1,1,1,25000.0,25000.0,25000.0,0.0,0,0.0,0,False,True,True,False,0,0.006651503710631661,166.28759276579152,False,False,0,,1,False
100000001600934100,peripheral,0.6,0.3032,B,True,6,0.06,0.7018246550956831,0.018691588785046728,0.6915887850467289,0.7080551846906987,0.0,0.0,"выраженных признаков нет: 1 вх./1 исх., оборот 180 тыс; взаимные переводы с 1",1.0,3,False,11000.0,1,1,180300.0,2,1,1,180300.0,191300.0,169300.0,0.06100942872989462,0,0.0,0,False,True,False,False,0,0.0635221350736463,11453.040953778429,True,False,1,0.0,1,False
100000001601320100,peripheral,0.6,0.366,B,False,9,0.06,0.7703604806408545,0.8019581664441477,0.6915887850467289,0.4161103693813974,0.0,0.0,"выраженных признаков нет: 2 вх./1 исх., оборот 46 тыс",1.0,2,False,46200.0,1,1,43500.0,2,2,3,46200.0,89700.0,-2700.0,1.0620689655172413,0,0.0,0,True,False,False,False,0,0.45630045630045635,21081.081081081084,False,False,0,0.0,1,False
100000001609499100,peripheral,0.6,0.5407,B,False,2,0.06,0.9212283044058746,0.9114374721851357,0.833555852247441,0.7761459724076547,0.3333333333333333,1.0,"выраженных признаков нет: 3 вх./2 исх., оборот 263 тыс; связан с 1 seed; участвует в круговых потоках (3+ участника)",1.0,1,False,21000.0,2,2,263113.0,3,3,4,263113.0,284113.0,242113.0,0.07981361620292422,1,93937.0,1,False,True,False,False,0,0.35879369036240083,94403.28425232237,True,True,1,0.47619047619047616,1,False
100000001611488100,terminal,0.305,0.3561,B,True,5,0.1525,0.6519804183355585,0.8019581664441477,0.0,0.9212283044058746,0.0,0.0,"конечная точка в пределах выгрузки: получил 779 тыс от 2 плательщиков, исходящих нет; доля seed-денег ~1%; вход в конце периода, мог переслать позже",1.0,3,False,0.0,0,0,779300.0,3,2,2,779300.0,779300.0,779300.0,0.0,0,0.0,0,False,True,False,False,0,0.008688974898105554,6771.3181380936585,False,False,0,,1,True
100000001616816100,peripheral,0.6,0.3884,B,False,14,0.06,0.8891855807743658,0.9777481085892301,0.894971072541166,0.7085002225189141,0.0,0.0,"[seed] выраженных признаков нет: 5 вх./3 исх., оборот 181 тыс; взаимные переводы с 2",1.0,0,True,181326.0,10,3,176195.0,12,5,6,181326.0,357521.0,-5131.0,1.0291211441868384,0,0.0,0,False,False,False,False,0,1.0,57745.80943654578,True,False,2,0.6939214453525694,1,False
100000001632325100,peripheral,0.9,0.1328,B,True,1,0.09000000000000001,0.2162883845126836,0.018691588785046728,0.0,0.5616377392078327,0.0,0.0,"выраженных признаков нет: 1 вх./0 исх., оборот 86 тыс",0.6666666666666666,3,False,0.0,0,0,85600.0,3,1,1,85600.0,85600.0,85600.0,0.0,0,0.0,0,False,True,False,False,1,0.0006645076819004414,56.88185757067779,False,False,0,,1,False
100000001633685100,peripheral,0.6,0.2574,B,True,2,0.06,0.5238095238095238,0.9114374721851357,0.0,0.4054294615042279,0.0,0.0,"выраженных признаков нет: 3 вх./0 исх., оборот 45 тыс",1.0,2,False,0.0,0,0,45000.0,3,3,3,45000.0,45000.0,45000.0,0.0,0,0.0,0,False,True,False,False,0,0.024388732520626455,1097.4929634281905,False,False,0,,1,False
100000001637376100,peripheral,0.6,0.2284,B,True,5,0.06,0.3052959501557632,0.018691588785046728,0.6915887850467289,0.753004005340454,0.0,0.0,"выраженных признаков нет: 1 вх./1 исх., оборот 234 тыс",1.0,3,False,234250.0,2,1,116700.0,1,1,2,234250.0,350950.0,-117550.0,2.0072836332476434,0,0.0,0,True,False,False,False,0,0.0005955122742501204,139.4987502430907,False,False,0,0.4951974386339381,1,True
100000001639766100,peripheral,0.9,0.1788,B,False,14,0.09000000000000001,0.6252781486426346,0.018691588785046728,0.0,0.20382732532265244,0.0,0.0,"выраженных признаков нет: 1 вх./0 исх., оборот 20 тыс",1.0,3,False,0.0,0,0,20000.0,1,1,1,20000.0,20000.0,20000.0,0.0,0,0.0,0,False,True,False,False,0,0.2400064001706697,4800.128003413394,False,False,0,,1,False
100000001641789100,peripheral,0.9,0.2351,B,False,14,0.09000000000000001,0.7485536270583,0.018691588785046728,0.0,0.18691588785046728,0.3333333333333333,0.0,"выраженных признаков нет: 1 вх./0 исх., оборот 18 тыс; связан с 1 seed",1.0,1,False,0.0,0,0,17826.0,1,1,1,17826.0,17826.0,17826.0,0.0,1,17826.0,1,False,True,False,False,0,1.0,17826.0,False,False,0,,1,False
100000001641951100,peripheral,0.9,0.2051,B,False,3,0.09000000000000001,0.7249666221628839,0.018691588785046728,0.0,0.2674677347574544,0.0,0.0,"выраженных признаков нет: 1 вх./0 исх., оборот 25 тыс",1.0,2,False,0.0,0,0,25000.0,4,1,1,25000.0,25000.0,25000.0,0.0,0,0.0,0,False,True,False,False,0,0.5755274462803369,14388.186157008424,False,False,0,,1,True
100000001648936100,peripheral,0.9,0.2463,B,False,14,0.09000000000000001,0.7757009345794392,0.018691588785046728,0.0,0.577659101023587,0.0,0.0,"выраженных признаков нет: 1 вх./0 исх., оборот 93 тыс",0.6666666666666666,2,False,0.0,0,0,92740.0,1,1,1,92740.0,92740.0,92740.0,0.0,0,0.0,0,False,True,False,False,0,0.2400064001706712,22258.193551828048,False,False,0,,1,True
100000001650895100,peripheral,0.6,0.2182,B,True,8,0.06,0.2906097018246551,0.018691588785046728,0.6915887850467289,0.6809078771695594,0.0,0.0,"выраженных признаков нет: 1 вх./1 исх., оборот 154 тыс",1.0,3,False,10000.0,1,1,153500.0,1,1,2,153500.0,163500.0,143500.0,0.06514657980456026,0,0.0,0,False,True,False,False,0,0.0008058550873075274,123.69875590170545,False,False,0,0.0,1,False
100000001660397100,peripheral,0.6,0.469,B,False,2,0.06,0.757454383622608,0.8019581664441477,0.894971072541166,0.43435692033822876,0.3333333333333333,1.0,"выраженных признаков нет: 2 вх./3 исх., оборот 49 тыс; связан с 1 seed; участвует в круговых потоках (3+ участника)",1.0,1,False,49000.0,4,3,48600.0,2,2,4,49000.0,97600.0,-400.0,1.008230452674897,1,19300.0,1,True,False,False,False,0,0.3978548787494185,19494.889058721506,True,True,1,0.7551020408163265,1,False
100000001669260100,peripheral,0.3,0.2044,A,True,23,0.03,0.5220293724966623,0.018691588785046728,0.0,0.8758344459279038,0.0,0.0,"обрыв выгрузки на последнем колене: получил 500 тыс от 1 плательщика, исходящие неизвестны",1.0,4,False,0.0,0,0,500000.0,1,1,1,500000.0,500000.0,500000.0,0.0,0,0.0,0,False,True,True,False,0,0.002156699082657562,1078.349541328781,False,False,0,,1,False
100000001674850100,terminal,0.327,0.2554,B,True,13,0.1635,0.2118380062305296,0.8019581664441477,0.0,0.7565643079661771,0.0,0.0,"конечная точка в пределах выгрузки: получил 237 тыс от 2 плательщиков, исходящих нет; доля seed-денег ~0%",1.0,3,False,0.0,0,0,237000.0,2,2,2,237000.0,237000.0,237000.0,0.0,0,0.0,0,False,True,False,False,0,0.0002297324253354186,54.44658480449421,False,False,0,,2,False
100000001677389100,peripheral,0.9,0.1625,B,True,17,0.09000000000000001,0.24877614597240766,0.018691588785046728,0.6915887850467289,0.10191366266132622,0.0,0.0,"выраженных признаков нет: 1 вх./1 исх., оборот 11 тыс",1.0,3,False,5400.0,1,1,11000.0,1,1,2,11000.0,16400.0,5600.0,0.4909090909090909,0,0.0,0,False,True,False,False,0,0.007631054267027446,83.94159693730191,False,False,0,0.0,1,False
100000001677929100,peripheral,0.6,0.4534,B,False,9,0.06,0.892745883400089,0.9114374721851357,0.833555852247441,0.7935024477080552,0.0,0.0,"выраженных признаков нет: 3 вх./2 исх., оборот 286 тыс; взаимные переводы с 2",1.0,2,False,286098.0,4,2,126777.0,3,3,3,286098.0,412875.0,-159321.0,2.2567027142147236,0,0.0,0,True,False,False,False,0,0.220241678535246,63010.703745576815,True,False,2,0.27052967864158434,1,False
100000001680944100,terminal,0.251,0.2435,B,True,24,0.1255,0.5678682688028482,0.018691588785046728,0.0,0.8415665331553182,0.0,0.0,"конечная точка в пределах выгрузки: получил 393 тыс от 1 плательщика, исходящих нет; доля seed-денег ~1%; вход в конце периода, мог переслать позже",1.0,3,False,0.0,0,0,393000.0,1,1,1,393000.0,393000.0,393000.0,0.0,0,0.0,0,False,True,False,False,0,0.005269969127294801,2071.097867026857,False,False,0,,1,True
100000001684867100,peripheral,0.9,0.2634,B,False,4,0.09000000000000001,0.8157543391188251,0.018691588785046728,0.0,0.3355585224744103,0.3333333333333333,0.0,"выраженных признаков нет: 1 вх./0 исх., оборот 31 тыс; связан с 1 seed",1.0,1,False,0.0,0,0,30550.0,1,1,1,30550.0,30550.0,30550.0,0.0,1,30550.0,1,False,True,False,False,0,1.0,30550.0,False,False,0,,1,False
100000001686328100,terminal,0.216,0.2041,B,True,7,0.108,0.4931019136626613,0.018691588785046728,0.0,0.6582109479305741,0.0,0.0,"конечная точка в пределах выгрузки: получил 140 тыс от 1 плательщика, исходящих нет; доля seed-денег ~1%; вход в конце периода, мог переслать позже",0.6666666666666666,3,False,0.0,0,0,140000.0,1,1,1,140000.0,140000.0,140000.0,0.0,0,0.0,0,False,True,False,False,0,0.005485107596519671,767.9150635127539,False,False,0,,1,True
100000001688676100,terminal,0.307,0.2232,B,True,20,0.1535,0.5126835781041389,0.018691588785046728,0.0,0.6506453048509123,0.0,0.0,"конечная точка в пределах выгрузки: получил 134 тыс от 1 плательщика, исходящих нет; доля seed-денег ~1%",0.6666666666666666,3,False,0.0,0,0,133700.0,1,1,1,133700.0,133700.0,133700.0,0.0,0,0.0,0,False,True,False,False,0,0.007418176197065082,991.8101575476015,False,False,0,,1,False
100000001689968100,terminal,0.349,0.3293,B,True,5,0.1745,0.4739652870493992,0.9114374721851357,0.0,0.8228749443702714,0.0,0.0,"конечная точка в пределах выгрузки: получил 344 тыс от 3 плательщиков, исходящих нет; доля seed-денег ~0%",1.0,3,False,0.0,0,0,344333.75,3,3,3,344333.75,344333.75,344333.75,0.0,0,0.0,0,False,True,False,False,0,0.0018450233011499343,635.3037921223362,False,False,0,,1,False
100000001690439100,peripheral,0.9,0.0977,B,True,47,0.09000000000000001,0.25500667556742324,0.018691588785046728,0.0,0.1330663106364041,0.0,0.0,"выраженных признаков нет: 1 вх./0 исх., оборот 14 тыс",1.0,3,False,0.0,0,0,14200.0,1,1,1,14200.0,14200.0,14200.0,0.0,0,0.0,0,False,True,False,False,0,0.0065560338538526155,93.09568072470714,False,False,0,,1,False
100000001690558100,terminal,0.428,0.295,B,True,20,0.214,0.6328437917222964,0.018691588785046728,0.0,0.9167779261237206,0.0,0.0,"конечная точка в пределах выгрузки: получил 740 тыс от 1 плательщика, исходящих нет; доля seed-денег ~1%",1.0,3,False,0.0,0,0,740000.0,1,1,1,740000.0,740000.0,740000.0,0.0,0,0.0,0,False,True,False,False,0,0.007418176197065083,5489.450385828161,False,False,0,,1,False
100000001696818100,peripheral,0.9,0.2902,B,False,3,0.09000000000000001,0.8820649755229194,0.018691588785046728,0.0,0.47085002225189143,0.3333333333333333,0.0,"выраженных признаков нет: 1 вх./0 исх., оборот 54 тыс; связан с 1 seed",1.0,1,False,0.0,0,0,53550.0,1,1,1,53550.0,53550.0,53550.0,0.0,1,53550.0,1,False,True,False,False,0,1.0,53550.0,False,False,0,,1,False
100000001697501100,distributor,0.78,0.6975,B,False,1,0.6240000000000001,0.7952825990209168,0.9114374721851357,0.995549621717846,0.9603916332888296,0.3333333333333333,0.0,"веерная рассылка: 38 получателей, отправил 1.5 млн; видимый вход 124 тыс, источник вне выгрузки; связан с 1 seed; взаимные переводы с 3",1.0,1,False,1482606.0,55,38,123700.0,3,3,38,1482606.0,1606306.0,-1358906.0,11.98549717057397,1,25000.0,1,True,False,False,False,1,0.017185010363675823,25478.599475247956,True,False,3,0.4582471674875186,1,True
100000001703168100,peripheral,0.9,0.2543,B,True,3,0.09000000000000001,0.4744103248776146,0.018691588785046728,0.6915887850467289,0.5687583444592791,0.0,0.0,"выраженных признаков нет: 1 вх./1 исх., оборот 90 тыс",1.0,2,False,90000.0,1,1,45000.0,1,1,2,90000.0,135000.0,-45000.0,2.0,0,0.0,0,True,False,False,False,0,0.007068587482302718,636.1728734072447,False,False,0,1.0,1,False
100000001714173100,terminal,0.408,0.31,B,True,24,0.204,0.7316421895861148,0.018691588785046728,0.0,0.9043168669336894,0.0,0.0,"конечная точка в пределах выгрузки: получил 639 тыс от 1 плательщика, исходящих нет; доля seed-денег ~2%",1.0,3,False,0.0,0,0,638905.0,6,1,1,638905.0,638905.0,638905.0,0.0,0,0.0,0,False,True,False,False,0,0.0242280448521585,15479.418996268327,False,False,0,,1,False
100000001714413100,terminal,0.33,0.2159,B,True,5,0.165,0.3960836671117045,0.018691588785046728,0.0,0.7708055184690699,0.0,0.0,"конечная точка в пределах выгрузки: получил 250 тыс от 1 плательщика, исходящих нет; доля seed-денег ~0%",1.0,3,False,0.0,0,0,250172.0,1,1,1,250172.0,250172.0,250172.0,0.0,0,0.0,0,False,True,False,False,0,0.001195362041500349,299.0461126462253,False,False,0,,1,False
100000001714883100,peripheral,0.3,0.0218,A,True,21,0.03,0.024922118380062305,0.018691588785046728,0.0,0.04494882064975523,0.0,0.0,"обрыв выгрузки на последнем колене: получил 7 тыс от 1 плательщика, исходящие неизвестны",1.0,4,False,0.0,0,0,6900.0,1,1,1,6900.0,6900.0,6900.0,0.0,0,0.0,0,False,True,True,False,0,4.838494154612191e-05,0.3338560966682412,False,False,0,,1,True
100000001716579100,peripheral,0.9,0.2237,B,False,1,0.09000000000000001,0.7214063195371606,0.018691588785046728,0.0,0.1272808188696039,0.3333333333333333,0.0,"выраженных признаков нет: 1 вх./0 исх., оборот 14 тыс; связан с 1 seed",1.0,1,False,0.0,0,0,13916.0,1,1,1,13916.0,13916.0,13916.0,0.0,1,13916.0,1,False,True,False,False,1,1.0,13916.0,False,False,0,,1,False
100000001724740100,peripheral,0.3,0.1561,A,True,7,0.03,0.36315086782376504,0.018691588785046728,0.0,0.7111704494882065,0.0,0.0,"обрыв выгрузки на последнем колене: получил 185 тыс от 1 плательщика, исходящие неизвестны",1.0,4,False,0.0,0,0,185000.0,4,1,1,185000.0,185000.0,185000.0,0.0,0,0.0,0,False,True,True,False,0,0.0012266675861906601,226.93350344527212,False,False,0,,1,False
100000001726614100,terminal,0.308,0.2176,B,True,2,0.154,0.48064085447263016,0.018691588785046728,0.0,0.6568758344459279,0.0,0.0,"конечная точка в пределах выгрузки: получил 139 тыс от 1 плательщика, исходящих нет; доля seed-денег ~0%",0.6666666666666666,3,False,0.0,0,0,138717.0,1,1,1,138717.0,138717.0,138717.0,0.0,0,0.0,0,False,True,False,False,0,0.004849960600259524,672.7719845862003,False,False,0,,1,False
100000001732159100,transit,0.7,0.6453,C,False,48,0.48999999999999994,1.0,0.8019581664441477,0.9274588340008901,0.9808633733867379,0.6666666666666666,1.0,"[seed] признаки транзита: получил 2.4 млн, отправил 1.5 млн; 91% отправлено в течение 2 дней после входа; связан ещё с 2 seed; участвует в круговых потоках (3+ участника); доля seed-денег ~100%",1.0,0,True,1505966.0,23,4,2378100.0,30,2,4,2378100.0,3884066.0,872134.0,0.633264370716118,2,2378100.0,2,False,False,False,False,0,1.0,2378100.0,True,True,2,0.9144735007297642,2,False
100000001733216100,peripheral,0.3,0.0792,A,True,76,0.03,0.08767245215843347,0.018691588785046728,0.0,0.4931019136626613,0.0,0.0,"обрыв выгрузки на последнем колене: получил 60 тыс от 1 плательщика, исходящие неизвестны",1.0,4,False,0.0,0,0,60000.0,2,1,1,60000.0,60000.0,60000.0,0.0,0,0.0,0,False,True,True,False,0,0.00016928851621467433,10.15731097288046,False,False,0,,1,False
100000001733687100,terminal,0.238,0.2058,B,True,7,0.119,0.41076991544281266,0.018691588785046728,0.0,0.8010680907877169,0.0,0.0,"конечная точка в пределах выгрузки: получил 300 тыс от 1 плательщика, исходящих нет; доля seed-денег ~0%; вход в конце периода, мог переслать позже",1.0,3,False,0.0,0,0,300000.0,1,1,1,300000.0,300000.0,300000.0,0.0,0,0.0,0,False,True,False,False,0,0.0011242617969656912,337.27853908970735,False,False,0,,1,True
100000001737722100,peripheral,0.9,0.2176,B,False,3,0.09000000000000001,0.6711170449488206,0.018691588785046728,0.0,0.4997774810858923,0.0,0.0,"выраженных признаков нет: 1 вх./0 исх., оборот 60 тыс",1.0,2,False,0.0,0,0,60460.0,1,1,1,60460.0,60460.0,60460.0,0.0,0,0.0,0,False,True,False,False,0,0.13578708805921993,8209.687344060438,False,False,0,,1,False
100000001740277100,peripheral,0.9,0.2211,B,False,9,0.09000000000000001,0.5625278148642635,0.018691588785046728,0.6915887850467289,0.060970182465509566,0.0,0.0,"выраженных признаков нет: 1 вх./1 исх., оборот 9 тыс; взаимные переводы с 1",1.0,3,False,5000.0,1,1,8700.0,1,1,1,8700.0,13700.0,3700.0,0.5747126436781609,0,0.0,0,False,True,False,False,0,0.220241678535246,1916.1026032566404,True,False,1,1.0,1,False
100000001745217100,peripheral,0.9,0.1518,B,True,2,0.09000000000000001,0.372051624388073,0.018691588785046728,0.0,0.4401424121050289,0.0,0.0,"выраженных признаков нет: 1 вх./0 исх., оборот 50 тыс",1.0,3,False,0.0,0,0,50000.0,1,1,1,50000.0,50000.0,50000.0,0.0,0,0.0,0,False,True,False,False,0,0.004849960600259524,242.4980300129762,False,False,0,,1,False
100000001746925100,peripheral,0.9,0.3661,B,False,3,0.09000000000000001,0.8954161103693814,0.018691588785046728,0.6915887850467289,0.5113484646194927,0.3333333333333333,0.0,"выраженных признаков нет: 1 вх./1 исх., оборот 65 тыс; связан с 1 seed",1.0,1,False,5000.0,1,1,65250.0,1,1,2,65250.0,70250.0,60250.0,0.07662835249042145,1,65250.0,1,False,True,False,False,0,1.0,65250.0,False,False,0,0.0,1,False
100000001782980100,peripheral,0.6,0.33,B,True,34,0.06,0.7414330218068536,0.018691588785046728,0.6915887850467289,0.897196261682243,0.0,0.0,"выраженных признаков нет: 1 вх./1 исх., оборот 596 тыс",1.0,2,False,596200.0,3,1,50000.0,1,1,2,596200.0,646200.0,-546200.0,11.924,0,0.0,0,True,False,False,False,3,0.028513208672634578,16999.575010624736,False,False,0,0.0,1,False
100000001784279100,peripheral,0.9,0.136,B,True,2,0.09000000000000001,0.33066310636404095,0.018691588785046728,0.0,0.365376056964842,0.0,0.0,"выраженных признаков нет: 1 вх./0 исх., оборот 36 тыс",1.0,3,False,0.0,0,0,35674.0,1,1,1,35674.0,35674.0,35674.0,0.0,0,0.0,0,False,True,False,False,0,0.004849960600259524,173.01749445365826,False,False,0,,1,False
100000001785161100,peripheral,0.9,0.1837,B,True,35,0.09000000000000001,0.20071206052514465,0.8019581664441477,0.0,0.3186470850022252,0.0,0.0,"выраженных признаков нет: 2 вх./0 исх., оборот 30 тыс",1.0,3,False,0.0,0,0,30000.0,2,2,2,30000.0,30000.0,30000.0,0.0,0,0.0,0,False,True,False,False,0,0.0016500185893891888,49.500557681675666,False,False,0,,1,True
100000001788284100,peripheral,0.6,0.26,B,True,30,0.06,0.3146417445482866,0.018691588785046728,0.9421450823319982,0.7997329773030708,0.0,0.0,"выраженных признаков нет: 1 вх./5 исх., оборот 297 тыс; взаимные переводы с 1",1.0,3,False,296700.0,8,5,8000.0,1,1,5,296700.0,304700.0,-288700.0,37.0875,0,0.0,0,True,False,False,False,0,0.0005158718748012054,153.05918525351765,True,False,1,0.6501516683518705,1,False
100000001805543100,peripheral,0.9,0.2939,B,False,4,0.09000000000000001,0.8900756564307967,0.018691588785046728,0.0,0.49221183800623053,0.3333333333333333,0.0,"выраженных признаков нет: 1 вх./0 исх., оборот 59 тыс; связан с 1 seed",1.0,1,False,0.0,0,0,59000.0,1,1,1,59000.0,59000.0,59000.0,0.0,1,59000.0,1,False,True,False,False,0,1.0,59000.0,False,False,0,,1,False
100000001808684100,peripheral,0.9,0.2862,B,False,14,0.09000000000000001,0.7031597685803294,0.018691588785046728,0.6915887850467289,0.43079661771250555,0.0,0.0,"выраженных признаков нет: 1 вх./1 исх., оборот 48 тыс; взаимные переводы с 1",1.0,3,False,37700.0,2,1,48400.0,3,1,1,48400.0,86100.0,10700.0,0.7789256198347108,0,0.0,0,False,True,False,False,0,0.24000640017066974,11616.309768260415,True,False,1,0.7957559681697612,1,True
100000001816678100,peripheral,0.3,0.0854,A,True,3,0.03,0.11882510013351134,0.018691588785046728,0.0,0.4931019136626613,0.0,0.0,"обрыв выгрузки на последнем колене: получил 60 тыс от 1 плательщика, исходящие неизвестны",1.0,4,False,0.0,0,0,60000.0,1,1,1,60000.0,60000.0,60000.0,0.0,0,0.0,0,False,True,True,False,0,0.0002721149362765022,16.326896176590132,False,False,0,,1,False
100000001818442100,peripheral,0.9,0.1545,B,True,8,0.09000000000000001,0.4076546506453049,0.018691588785046728,0.0,0.3956386292834891,0.0,0.0,"выраженных признаков нет: 1 вх./0 исх., оборот 42 тыс",1.0,3,False,0.0,0,0,42215.0,1,1,1,42215.0,42215.0,42215.0,0.0,0,0.0,0,False,True,False,False,0,0.007716123310628142,325.73614555816704,False,False,0,,1,False
100000001819396100,terminal,0.313,0.1683,B,True,31,0.1565,0.2109479305740988,0.018691588785046728,0.0,0.6951490876724522,0.0,0.0,"конечная точка в пределах выгрузки: получил 166 тыс от 1 плательщика, исходящих нет; доля seed-денег ~0%",1.0,3,False,0.0,0,0,166080.0,1,1,1,166080.0,166080.0,166080.0,0.0,0,0.0,0,False,True,False,False,0,0.0003227185896603177,53.59710337078556,False,False,0,,1,False
100000001822623100,terminal,0.32,0.2604,B,True,26,0.16,0.6453048509123276,0.018691588785046728,0.0,0.7347574543836226,0.0,0.0,"конечная точка в пределах выгрузки: получил 201 тыс от 1 плательщика, исходящих нет; доля seed-денег ~3%",1.0,2,False,0.0,0,0,201300.0,1,1,1,201300.0,201300.0,201300.0,0.0,0,0.0,0,False,True,False,False,0,0.03095382274234458,6231.004518033964,False,False,0,,1,False
100000001822650100,peripheral,0.3,0.0989,A,True,7,0.03,0.11971517578994215,0.018691588785046728,0.0,0.6261682242990654,0.0,0.0,"обрыв выгрузки на последнем колене: получил 112 тыс от 1 плательщика, исходящие неизвестны",1.0,4,False,0.0,0,0,112000.0,1,1,1,112000.0,112000.0,112000.0,0.0,0,0.0,0,False,True,True,False,0,0.00014710760545645645,16.476051811123124,False,False,0,,1,True
100000001825934100,peripheral,0.9,0.2998,B,False,44,0.09000000000000001,0.6920338228749444,0.018691588785046728,0.6915887850467289,0.5883400089007566,0.0,0.0,"выраженных признаков нет: 1 вх./1 исх., оборот 97 тыс",1.0,3,False,97000.0,1,1,40000.0,1,1,2,97000.0,137000.0,-57000.0,2.425,0,0.0,0,True,False,False,False,0,0.10416542518324297,10104.046242774568,False,False,0,0.0,1,False
100000001831496100,peripheral,0.6,0.2073,B,True,16,0.06,0.159768580329328,0.018691588785046728,0.6915887850467289,0.833555852247441,0.0,0.0,"выраженных признаков нет: 1 вх./1 исх., оборот 373 тыс",1.0,3,False,373000.0,1,1,25000.0,1,1,2,373000.0,398000.0,-348000.0,14.92,0,0.0,0,True,False,False,False,0,7.410675477117628e-05,27.641819529648753,False,False,0,0.0,1,False
100000001835625100,peripheral,0.9,0.1374,B,True,5,0.09000000000000001,0.2523364485981308,0.018691588785046728,0.0,0.5358255451713395,0.0,0.0,"выраженных признаков нет: 1 вх./0 исх., оборот 75 тыс",0.6666666666666666,3,False,0.0,0,0,75130.0,1,1,1,75130.0,75130.0,75130.0,0.0,0,0.0,0,False,True,False,False,0,0.0011953620415003489,89.80755017792121,False,False,0,,1,False
100000001837130100,terminal,0.315,0.227,B,True,2,0.1575,0.4984423676012461,0.018691588785046728,0.0,0.7036048064085447,0.0,0.0,"конечная точка в пределах выгрузки: получил 173 тыс от 1 плательщика, исходящих нет; доля seed-денег ~0%",1.0,3,False,0.0,0,0,172900.0,1,1,1,172900.0,172900.0,172900.0,0.0,0,0.0,0,False,True,False,False,0,0.004849960600259524,838.5581877848717,False,False,0,,1,False
100000001845505100,peripheral,0.3,0.0994,A,True,6,0.03,0.3333333333333333,0.018691588785046728,0.0,0.20382732532265244,0.0,0.0,"обрыв выгрузки на последнем колене: получил 20 тыс от 1 плательщика, исходящие неизвестны",1.0,4,False,0.0,0,0,20000.0,1,1,1,20000.0,20000.0,20000.0,0.0,0,0.0,0,False,True,True,False,0,0.008915327810665306,178.30655621330612,False,False,0,,1,False
100000001848426100,peripheral,0.9,0.2475,B,False,14,0.09000000000000001,0.7774810858923008,0.018691588785046728,0.0,0.5861148197596796,0.0,0.0,"выраженных признаков нет: 1 вх./0 исх., оборот 96 тыс",0.6666666666666666,2,False,0.0,0,0,95530.0,1,1,1,95530.0,95530.0,95530.0,0.0,0,0.0,0,False,True,False,False,0,0.2400064001706712,22927.81140830422,False,False,0,,1,True
100000001851289100,terminal,0.703,0.4072,B,False,4,0.3515,0.9345794392523364,0.018691588785046728,0.0,0.6208277703604806,0.3333333333333333,0.0,"конечная точка в пределах выгрузки: получил 110 тыс от 1 плательщика, исходящих нет; доля seed-денег ~100%; связан с 1 seed",0.6666666666666666,1,False,0.0,0,0,109510.0,3,1,1,109510.0,109510.0,109510.0,0.0,1,109510.0,1,False,True,False,False,0,1.0,109510.0,False,False,0,,1,False
100000001852140100,peripheral,0.9,0.1804,B,True,70,0.09000000000000001,0.5758789497107254,0.018691588785046728,0.0,0.3186470850022252,0.0,0.0,"выраженных признаков нет: 1 вх./0 исх., оборот 30 тыс",1.0,3,False,0.0,0,0,30000.0,1,1,1,30000.0,30000.0,30000.0,0.0,0,0.0,0,False,True,False,False,11,0.07811059907834102,2343.3179723502303,False,False,0,,1,False
100000001853812100,peripheral,0.9,0.1744,B,True,6,0.09000000000000001,0.4459279038718291,0.018691588785046728,0.0,0.5189141076991545,0.0,0.0,"выраженных признаков нет: 1 вх./0 исх., оборот 70 тыс",1.0,3,False,0.0,0,0,70000.0,1,1,1,70000.0,70000.0,70000.0,0.0,0,0.0,0,False,True,False,False,0,0.006651503710631661,465.60525974421626,False,False,0,,1,False
100000001857829100,distributor,0.42,0.5853,B,True,6,0.336,0.6137071651090342,0.9853137516688919,0.9830885625278148,0.9813084112149533,0.0,1.0,"веерная рассылка: 16 получателей, отправил 2.4 млн; видимый вход 889 тыс, источник вне выгрузки; участвует в круговых потоках (3+ участника)",1.0,2,False,2390993.0,16,16,888535.0,9,6,20,2390993.0,3279528.0,-1502458.0,2.690938454872346,0,0.0,0,True,False,False,False,0,0.0016712267427537674,3995.8914433370587,True,True,2,0.8154867036415414,3,True
100000001860090100,peripheral,0.9,0.1206,B,True,14,0.09000000000000001,0.43168669336893634,0.018691588785046728,0.0,0.008455718736092568,0.0,0.0,"выраженных признаков нет: 1 вх./0 исх., оборот 5 тыс",1.0,3,False,0.0,0,0,5000.0,1,1,1,5000.0,5000.0,5000.0,0.0,0,0.0,0,False,True,False,False,0,0.0820735125156179,410.36756257808946,False,False,0,,1,True
100000001870116100,peripheral,0.9,0.2501,B,False,1,0.09000000000000001,0.787716955941255,0.018691588785046728,0.0,0.2585669781931464,0.3333333333333333,0.0,"выраженных признаков нет: 1 вх./0 исх., оборот 24 тыс; связан с 1 seed",1.0,1,False,0.0,0,0,24000.0,1,1,1,24000.0,24000.0,24000.0,0.0,1,24000.0,1,False,True,False,False,1,1.0,24000.0,False,False,0,,1,False
100000001872484100,peripheral,0.6,0.4883,B,False,67,0.06,0.9986648865153538,0.018691588785046728,0.894971072541166,0.9283489096573209,0.3333333333333333,1.0,"выраженных признаков нет: 1 вх./3 исх., оборот 871 тыс; связан с 1 seed; участвует в круговых потоках (3+ участника)",1.0,1,False,514580.0,9,3,871400.0,13,1,3,871400.0,1385980.0,356820.0,0.5905210006885472,1,871400.0,1,False,True,False,False,10,1.0,871400.0,True,True,1,0.5464262116677678,1,False
100000001875167100,terminal,0.48,0.2852,B,True,5,0.24,0.5282599020916778,0.018691588785046728,0.0,0.9368046283934134,0.0,0.0,"конечная точка в пределах выгрузки: получил 1.0 млн от 1 плательщика, исходящих нет; доля seed-денег ~0%",1.0,3,False,0.0,0,0,1000000.0,2,1,1,1000000.0,1000000.0,1000000.0,0.0,0,0.0,0,False,True,False,False,0,0.0011953620415003489,1195.3620415003488,False,False,0,,1,False
100000001875239100,terminal,0.422,0.3556,B,True,7,0.211,0.49666221628838453,0.9114374721851357,0.0,0.9123275478415666,0.0,0.0,"конечная точка в пределах выгрузки: получил 712 тыс от 3 плательщиков, исходящих нет; доля seed-денег ~0%",1.0,3,False,0.0,0,0,712000.0,3,3,3,712000.0,712000.0,712000.0,0.0,0,0.0,0,False,True,False,False,0,0.0011317280678593226,805.7903843158376,False,False,0,,3,False
100000001884825100,terminal,0.379,0.3303,B,True,7,0.1895,0.42679127725856697,0.9114374721851357,0.0,0.8744993324432577,0.0,0.0,"конечная точка в пределах выгрузки: получил 495 тыс от 3 плательщиков, исходящих нет; доля seed-денег ~0%",1.0,3,False,0.0,0,0,495000.0,3,3,3,495000.0,495000.0,495000.0,0.0,0,0.0,0,False,True,False,False,0,0.0007967597820310814,394.39609210538526,False,False,0,,2,False
100000001887715100,peripheral,0.6,0.3328,B,True,24,0.06,0.27992879394748554,0.9114374721851357,0.6915887850467289,0.9550511793502447,0.0,0.0,"выраженных признаков нет: 3 вх./1 исх., оборот 1.3 млн",1.0,3,False,750000.0,1,1,1331500.0,4,3,4,1331500.0,2081500.0,581500.0,0.5632745024408562,0,0.0,0,False,True,False,False,0,8.448234411808789e-05,112.48824119323402,False,False,0,1.0,3,True
100000001893287100,peripheral,0.6,0.2688,B,True,14,0.06,0.5442812639074321,0.018691588785046728,0.6915887850467289,0.6791277258566978,0.0,0.0,"выраженных признаков нет: 1 вх./1 исх., оборот 153 тыс; взаимные переводы с 1",1.0,3,False,152700.0,14,1,18000.0,3,1,1,152700.0,170700.0,-134700.0,8.483333333333333,0,0.0,0,True,False,False,False,0,0.009674677310288947,1477.3232252811222,True,False,1,0.37786509495743287,1,False
100000001899164100,peripheral,0.6,0.4776,B,False,10,0.06,0.789942145082332,0.960836671117045,0.894971072541166,0.796617712505563,0.3333333333333333,0.0,"выраженных признаков нет: 4 вх./3 исх., оборот 292 тыс; связан с 1 seed; взаимные переводы с 2",0.6666666666666666,1,False,76500.0,3,3,291675.0,5,4,5,291675.0,368175.0,215175.0,0.2622782206222679,1,21050.0,1,False,True,False,False,0,0.08506614533481452,24811.667940532025,True,False,2,0.0,2,True
100000001904863100,terminal,0.266,0.2801,B,True,15,0.133,0.7205162438807299,0.018691588785046728,0.0,0.8758344459279038,0.0,0.0,"конечная точка в пределах выгрузки: получил 500 тыс от 1 плательщика, исходящих нет; доля seed-денег ~3%; вход в конце периода, мог переслать позже",1.0,2,False,0.0,0,0,500000.0,1,1,1,500000.0,500000.0,500000.0,0.0,0,0.0,0,False,True,False,False,0,0.027418520434557683,13709.260217278841,False,False,0,,1,True
100000001924185100,terminal,0.717,0.5301,B,False,16,0.3585,0.94971072541166,0.8019581664441477,0.0,0.6777926123720516,0.6666666666666666,0.0,"конечная точка в пределах выгрузки: получил 151 тыс от 2 плательщиков, исходящих нет; доля seed-денег ~100%; связан с 2 seed",1.0,1,False,0.0,0,0,151000.0,2,2,2,151000.0,151000.0,151000.0,0.0,2,151000.0,2,False,True,False,False,0,1.0,151000.0,False,False,0,,1,False
100000001927599100,terminal,0.318,0.3002,B,True,8,0.159,0.46461949265687585,0.8019581664441477,0.0,0.7147307521139297,0.0,0.0,"конечная точка в пределах выгрузки: получил 188 тыс от 2 плательщиков, исходящих нет; доля seed-денег ~0%",1.0,3,False,0.0,0,0,188000.0,2,2,2,188000.0,188000.0,188000.0,0.0,0,0.0,0,False,True,False,False,0,0.0029377463476936744,552.2963133664108,False,False,0,,2,False
100000001929088100,terminal,0.559,0.5259,B,False,9,0.2795,0.9844236760124611,0.8019581664441477,0.0,0.8433466844681798,0.6666666666666666,0.0,"конечная точка в пределах выгрузки: получил 396 тыс от 2 плательщиков, исходящих нет; доля seed-денег ~100%; вход в конце периода, мог переслать позже; связан с 2 seed",1.0,1,False,0.0,0,0,396010.0,2,2,2,396010.0,396010.0,396010.0,0.0,2,396010.0,2,False,True,False,False,0,1.0,396010.0,False,False,0,,1,True
100000001934935100,terminal,0.304,0.171,B,True,2,0.152,0.262572318647085,0.018691588785046728,0.0,0.6341789052069426,0.0,0.0,"конечная точка в пределах выгрузки: получил 119 тыс от 1 плательщика, исходящих нет; доля seed-денег ~0%",0.6666666666666666,3,False,0.0,0,0,118935.0,1,1,1,118935.0,118935.0,118935.0,0.0,0,0.0,0,False,True,False,False,0,0.0008464425810733717,100.67164837996147,False,False,0,,1,False
100000001937767100,peripheral,0.6,0.4222,B,False,15,0.06,0.8798397863818425,0.018691588785046728,0.9274588340008901,0.9728526924788607,0.3333333333333333,0.0,"выраженных признаков нет: 1 вх./4 исх., оборот 1.9 млн; связан с 1 seed; взаимные переводы с 1",1.0,1,False,1933000.0,6,4,53000.0,1,1,4,1933000.0,1986000.0,-1880000.0,36.471698113207545,1,53000.0,1,True,False,False,False,0,0.027418520434557683,53000.0,True,False,1,0.027418520434557683,1,False
100000001952325100,peripheral,0.9,0.3032,B,False,1,0.09000000000000001,0.910547396528705,0.018691588785046728,0.0,0.5438362260792168,0.3333333333333333,0.0,"выраженных признаков нет: 1 вх./0 исх., оборот 78 тыс; связан с 1 seed",0.6666666666666666,1,False,0.0,0,0,77888.0,2,1,1,77888.0,77888.0,77888.0,0.0,1,77888.0,1,False,True,False,False,1,1.0,77888.0,False,False,0,,1,False
100000001953577100,peripheral,0.9,0.2293,B,False,1,0.09000000000000001,0.7343124165554072,0.018691588785046728,0.0,0.1570983533600356,0.3333333333333333,0.0,"выраженных признаков нет: 1 вх./0 исх., оборот 16 тыс; связан с 1 seed",1.0,1,False,0.0,0,0,15600.0,1,1,1,15600.0,15600.0,15600.0,0.0,1,15600.0,1,False,True,False,False,1,1.0,15600.0,False,False,0,,1,False
100000001954534100,peripheral,0.9,0.2476,B,True,2,0.09000000000000001,0.5344904316866934,0.018691588785046728,0.6915887850467289,0.3818424566088118,0.0,0.0,"выраженных признаков нет: 1 вх./1 исх., оборот 40 тыс",1.0,3,False,40000.0,1,1,13000.0,1,1,2,40000.0,53000.0,-27000.0,3.076923076923077,0,0.0,0,True,False,False,False,0,0.03141166508656047,1256.466603462419,False,False,0,0.0,1,False
100000001954903100,peripheral,0.9,0.1586,B,True,29,0.09000000000000001,0.4735202492211838,0.018691588785046728,0.0,0.3052959501557632,0.0,0.0,"выраженных признаков нет: 1 вх./0 исх., оборот 27 тыс",1.0,2,False,0.0,0,0,27118.0,1,1,1,27118.0,27118.0,27118.0,0.0,0,0.0,0,False,True,False,False,0,0.0233145192228211,632.2431322844626,False,False,0,,1,False
100000001957974100,peripheral,0.3,0.1412,A,True,15,0.03,0.2060525144637294,0.018691588785046728,0.0,0.8758344459279038,0.0,0.0,"обрыв выгрузки на последнем колене: получил 500 тыс от 1 плательщика, исходящие неизвестны",1.0,4,False,0.0,0,0,500000.0,1,1,1,500000.0,500000.0,500000.0,0.0,0,0.0,0,False,True,True,False,0,0.00010380909422899321,51.90454711449661,False,False,0,,1,False
100000001960517100,terminal,0.733,0.4284,B,False,14,0.3665,0.960836671117045,0.018691588785046728,0.0,0.7271918113039608,0.3333333333333333,0.0,"конечная точка в пределах выгрузки: получил 200 тыс от 1 плательщика, исходящих нет; доля seed-денег ~100%; связан с 1 seed",1.0,1,False,0.0,0,0,200000.0,1,1,1,200000.0,200000.0,200000.0,0.0,1,200000.0,1,False,True,False,False,0,1.0,200000.0,False,False,0,,1,False
100000001961048100,terminal,0.31,0.1983,B,True,35,0.155,0.3751668891855808,0.018691588785046728,0.0,0.6711170449488206,0.0,0.0,"конечная точка в пределах выгрузки: получил 150 тыс от 1 плательщика, исходящих нет; доля seed-денег ~0%",1.0,2,False,0.0,0,0,150000.0,1,1,1,150000.0,150000.0,150000.0,0.0,0,0.0,0,False,True,False,False,0,0.0016500185893891888,247.5027884083783,False,False,0,,1,False
100000001965374100,peripheral,0.6,0.4736,B,True,27,0.06,0.9207832665776591,0.8019581664441477,0.894971072541166,0.9879839786381842,0.0,0.0,"выраженных признаков нет: 2 вх./3 исх., оборот 3.1 млн; взаимные переводы с 1",1.0,2,False,3082100.0,5,3,1759720.0,8,2,4,3082100.0,4841820.0,-1322380.0,1.7514718250630783,0,0.0,0,True,False,False,False,0,0.030380546082895164,93635.88108209119,True,False,1,0.2615100094091691,2,False
100000001969496100,peripheral,0.9,0.088,B,True,15,0.09000000000000001,0.15131286159323543,0.018691588785046728,0.0,0.24388072986203826,0.0,0.0,"выраженных признаков нет: 1 вх./0 исх., оборот 23 тыс",1.0,3,False,0.0,0,0,22740.0,1,1,1,22740.0,22740.0,22740.0,0.0,0,0.0,0,False,True,False,False,0,0.0011056727811859502,25.142999044168505,False,False,0,,1,False
100000001985793100,terminal,0.364,0.3171,B,True,32,0.182,0.8326657765910103,0.018691588785046728,0.0,0.8495772140631954,0.0,0.0,"конечная точка в пределах выгрузки: получил 420 тыс от 1 плательщика, исходящих нет; доля seed-денег ~9%",1.0,2,False,0.0,0,0,420000.0,1,1,1,420000.0,420000.0,420000.0,0.0,0,0.0,0,False,True,False,False,0,0.08536585365853659,35853.65853658537,False,False,0,,1,False
100000001987030100,peripheral,0.6,0.3709,B,False,18,0.06,0.6680017801513128,0.8019581664441477,0.6915887850467289,0.3364485981308411,0.3333333333333333,0.0,"выраженных признаков нет: 2 вх./1 исх., оборот 31 тыс; связан с 1 seed",1.0,1,False,19000.0,1,1,30864.0,2,2,3,30864.0,49864.0,11864.0,0.6156039398652151,1,7196.0,1,False,True,False,False,0,0.2544091611311007,7852.084349150292,False,False,0,0.0,1,False
100000001991973100,peripheral,0.3,0.043,A,True,21,0.03,0.03827325322652426,0.018691588785046728,0.0,0.22963951935914553,0.0,0.0,"обрыв выгрузки на последнем колене: получил 21 тыс от 1 плательщика, исходящие неизвестны",1.0,4,False,0.0,0,0,20800.0,1,1,1,20800.0,20800.0,20800.0,0.0,0,0.0,0,False,True,True,False,0,4.83849415461219e-05,1.0064067841593356,False,False,0,,1,False
100000002015633100,peripheral,0.9,0.148,B,True,5,0.09000000000000001,0.28126390743213175,0.018691588785046728,0.0,0.5838896306186026,0.0,0.0,"выраженных признаков нет: 1 вх./0 исх., оборот 95 тыс",0.6666666666666666,3,False,0.0,0,0,94970.0,1,1,1,94970.0,94970.0,94970.0,0.0,0,0.0,0,False,True,False,False,0,0.0011953620415003489,113.52353308128814,False,False,0,,1,False
100000002028158100,peripheral,0.9,0.1711,B,True,18,0.09000000000000001,0.5095683133066311,0.018691588785046728,0.0,0.3582554517133956,0.0,0.0,"выраженных признаков нет: 1 вх./0 исх., оборот 35 тыс",1.0,2,False,0.0,0,0,34800.0,1,1,1,34800.0,34800.0,34800.0,0.0,0,0.0,0,False,True,False,False,0,0.02772031220002923,964.6668645610172,False,False,0,,1,True
100000002032323100,peripheral,0.6,0.2894,B,True,13,0.06,0.5171339563862928,0.018691588785046728,0.6915887850467289,0.9399198931909212,0.0,0.0,"выраженных признаков нет: 1 вх./1 исх., оборот 1.1 млн",1.0,3,False,1050000.0,2,1,300000.0,1,1,2,1050000.0,1350000.0,-750000.0,3.5,0,0.0,0,True,False,False,False,0,0.000974936010988841,1023.6828115382831,False,False,0,0.2857142857142857,1,False
100000002087788100,terminal,0.3,0.2422,B,True,5,0.15,0.6350689808633734,0.018691588785046728,0.0,0.6083667111704495,0.0,0.0,"конечная точка в пределах выгрузки: получил 100 тыс от 1 плательщика, исходящих нет; доля seed-денег ~6%",0.6666666666666666,2,False,0.0,0,0,100500.0,1,1,1,100500.0,100500.0,100500.0,0.0,0,0.0,0,False,True,False,False,0,0.0557239937472558,5600.261371599207,False,False,0,,1,False
100000002095257100,peripheral,0.9,0.109,B,True,10,0.09000000000000001,0.34890965732087226,0.018691588785046728,0.0,0.05829995549621718,0.0,0.0,"выраженных признаков нет: 1 вх./0 исх., оборот 8 тыс",1.0,3,False,0.0,0,0,8500.0,1,1,1,8500.0,8500.0,8500.0,0.0,0,0.0,0,False,True,False,False,0,0.023540316947998987,200.0926940579914,False,False,0,,1,False
100000002103448100,peripheral,0.9,0.0896,B,True,1,0.09000000000000001,0.1308411214953271,0.018691588785046728,0.0,0.30040053404539385,0.0,0.0,"выраженных признаков нет: 1 вх./0 исх., оборот 27 тыс",1.0,3,False,0.0,0,0,27000.0,1,1,1,27000.0,27000.0,27000.0,0.0,0,0.0,0,False,True,False,False,1,0.0006645076819004415,17.94170741131192,False,False,0,,1,False
100000002109656100,terminal,0.38,0.2198,B,True,11,0.19,0.3190921228304406,0.018691588785046728,0.0,0.8758344459279038,0.0,0.0,"конечная точка в пределах выгрузки: получил 500 тыс от 1 плательщика, исходящих нет; доля seed-денег ~0%",1.0,3,False,0.0,0,0,500000.0,1,1,1,500000.0,500000.0,500000.0,0.0,0,0.0,0,False,True,False,False,0,0.0003207443319761952,160.3721659880976,False,False,0,,1,False
100000002116705100,peripheral,0.9,0.0716,B,True,1,0.09000000000000001,0.09924343569203382,0.018691588785046728,0.0,0.1838006230529595,0.0,0.0,"выраженных признаков нет: 1 вх./0 исх., оборот 18 тыс",1.0,3,False,0.0,0,0,17600.0,1,1,1,17600.0,17600.0,17600.0,0.0,0,0.0,0,False,True,False,False,1,0.0006645076819004414,11.695335201447769,False,False,0,,1,False
100000002119762100,peripheral,0.3,0.1044,A,True,5,0.03,0.18914107699154428,0.018691588785046728,0.0,0.5416110369381397,0.0,0.0,"обрыв выгрузки на последнем колене: получил 77 тыс от 1 плательщика, исходящие неизвестны",1.0,4,False,0.0,0,0,77000.0,6,1,1,77000.0,77000.0,77000.0,0.0,0,0.0,0,False,True,True,False,0,0.0005278222001430113,40.642309411011865,False,False,0,,1,False
100000002121357100,peripheral,0.6,0.2987,B,True,13,0.06,0.2554517133956386,0.8019581664441477,0.6915887850467289,0.7721406319537161,0.0,0.0,"выраженных признаков нет: 2 вх./1 исх., оборот 255 тыс",1.0,3,False,113000.0,1,1,255300.0,2,2,3,255300.0,368300.0,142300.0,0.4426165295730513,0,0.0,0,False,True,False,False,0,0.0003648172028683769,93.13783189229663,False,False,0,0.0,1,False
100000002126791100,peripheral,0.3,0.2123,A,True,7,0.03,0.522919448153093,0.018691588785046728,0.0,0.9532710280373832,0.0,0.0,"обрыв выгрузки на последнем колене: получил 1.3 млн от 1 плательщика, исходящие неизвестны",1.0,4,False,0.0,0,0,1313000.0,3,1,1,1313000.0,1313000.0,1313000.0,0.0,0,0.0,0,False,True,True,False,0,0.000832583068843956,1093.1815693921142,False,False,0,,1,True
100000002130400100,peripheral,0.3,0.1151,A,True,44,0.03,0.4788607031597686,0.018691588785046728,0.0,0.06987093902981753,0.0,0.0,"обрыв выгрузки на последнем колене: получил 10 тыс от 1 плательщика, исходящие неизвестны",1.0,4,False,0.0,0,0,10000.0,1,1,1,10000.0,10000.0,10000.0,0.0,0,0.0,0,False,True,True,False,0,0.06647398843930637,664.7398843930637,False,False,0,,1,True
100000002132479100,peripheral,0.9,0.2755,B,False,15,0.09000000000000001,0.7053849577214063,0.018691588785046728,0.6915887850467289,0.3186470850022252,0.0,0.0,"выраженных признаков нет: 1 вх./1 исх., оборот 30 тыс; взаимные переводы с 1",1.0,2,False,20000.0,1,1,30000.0,2,1,1,30000.0,50000.0,10000.0,0.6666666666666666,0,0.0,0,False,True,False,False,0,0.3937260793678754,11811.782381036262,True,False,1,0.0,1,False
100000002152857100,peripheral,0.6,0.4315,B,False,32,0.06,0.9310191366266133,0.018691588785046728,0.9421450823319982,0.9488206497552292,0.3333333333333333,0.0,"выраженных признаков нет: 1 вх./5 исх., оборот 1.2 млн; связан с 1 seed",1.0,1,False,1230000.0,6,5,105000.0,1,1,6,1230000.0,1335000.0,-1125000.0,11.714285714285714,1,105000.0,1,True,False,False,False,0,0.08536585365853659,105000.0,False,False,0,0.5853658536585366,1,False
100000002156381100,peripheral,0.6,0.3376,B,True,40,0.06,0.5856697819314641,0.8019581664441477,0.6915887850467289,0.5006675567423231,0.0,0.0,"выраженных признаков нет: 2 вх./1 исх., оборот 61 тыс; взаимные переводы с 1",1.0,2,False,21800.0,3,1,61000.0,7,2,2,61000.0,82800.0,39200.0,0.35737704918032787,0,0.0,0,False,True,False,False,0,0.04282725667943854,2612.462657445751,True,False,1,0.22935779816513763,2,True
100000002158488100,peripheral,0.9,0.2647,B,False,1,0.09000000000000001,0.8184245660881175,0.018691588785046728,0.0,0.3431241655540721,0.3333333333333333,0.0,"выраженных признаков нет: 1 вх./0 исх., оборот 32 тыс; связан с 1 seed",1.0,1,False,0.0,0,0,31723.0,1,1,1,31723.0,31723.0,31723.0,0.0,1,31723.0,1,False,True,False,False,1,1.0,31723.0,False,False,0,,1,False
100000002170580100,terminal,0.31,0.2445,B,True,29,0.155,0.6065865598575879,0.018691588785046728,0.0,0.6711170449488206,0.0,0.0,"конечная точка в пределах выгрузки: получил 150 тыс от 1 плательщика, исходящих нет; доля seed-денег ~2%",1.0,2,False,0.0,0,0,150000.0,1,1,1,150000.0,150000.0,150000.0,0.0,0,0.0,0,False,True,False,False,0,0.0233145192228211,3497.177883423165,False,False,0,,1,False
100000002173070100,peripheral,0.9,0.1949,B,False,4,0.09000000000000001,0.6484201157098354,0.018691588785046728,0.0,0.3186470850022252,0.0,0.0,"выраженных признаков нет: 1 вх./0 исх., оборот 30 тыс",1.0,2,False,0.0,0,0,30000.0,1,1,1,30000.0,30000.0,30000.0,0.0,0,0.0,0,False,True,False,False,0,0.21505044049875338,6451.5132149626015,False,False,0,,1,False
100000002173161100,terminal,0.937,0.5839,B,False,4,0.4685,0.9982198486871384,0.9114374721851357,0.0,0.9577214063195372,0.3333333333333333,0.0,"конечная точка в пределах выгрузки: получил 1.4 млн от 3 плательщиков, исходящих нет; доля seed-денег ~61%; связан с 1 seed",1.0,1,False,0.0,0,0,1427500.0,5,3,3,1427500.0,1427500.0,1427500.0,0.0,1,869500.0,1,False,True,False,False,0,0.6100695235373217,870874.2448495268,False,False,0,,2,False
100000002175422100,peripheral,0.6,0.4367,B,True,37,0.06,0.6635514018691588,0.9114374721851357,0.9528259902091678,0.965287049399199,0.0,0.0,"выраженных признаков нет: 3 вх./6 исх., оборот 1.6 млн; взаимные переводы с 3",1.0,2,False,1621188.0,14,6,68500.0,5,3,6,1621188.0,1689688.0,-1552688.0,23.66697810218978,0,0.0,0,True,False,False,False,0,0.004597404285942743,7453.256659518944,True,False,3,0.497282239937626,2,False
100000002182176100,peripheral,0.9,0.2766,B,False,2,0.09000000000000001,0.851357365376057,0.018691588785046728,0.0,0.3965287049399199,0.3333333333333333,0.0,"выраженных признаков нет: 1 вх./0 исх., оборот 42 тыс; связан с 1 seed",1.0,1,False,0.0,0,0,42465.0,1,1,1,42465.0,42465.0,42465.0,0.0,1,42465.0,1,False,True,False,False,0,1.0,42465.0,False,False,0,,1,False
100000002184107100,peripheral,0.9,0.0647,B,True,42,0.09000000000000001,0.13662661326212727,0.018691588785046728,0.0,0.03960836671117045,0.0,0.0,"выраженных признаков нет: 1 вх./0 исх., оборот 6 тыс",1.0,3,False,0.0,0,0,6066.0,1,1,1,6066.0,6066.0,6066.0,0.0,0,0.0,0,False,True,False,False,0,0.0032062230141422393,19.448948803786823,False,False,0,,1,False
100000002185328100,peripheral,0.6,0.27,B,True,25,0.06,0.5327102803738317,0.018691588785046728,0.9274588340008901,0.4779706275033378,0.0,0.0,"выраженных признаков нет: 1 вх./4 исх., оборот 55 тыс",1.0,3,False,55000.0,4,4,15000.0,1,1,5,55000.0,70000.0,-40000.0,3.6666666666666665,0,0.0,0,True,False,False,False,0,0.022566778749307664,1241.1728312119214,False,False,0,0.0,1,False
100000002188586100,peripheral,0.3,0.1006,A,True,8,0.03,0.25278148642634624,0.018691588785046728,0.0,0.376502002670227,0.0,0.0,"обрыв выгрузки на последнем колене: получил 38 тыс от 1 плательщика, исходящие неизвестны",1.0,4,False,0.0,0,0,38310.0,1,1,1,38310.0,38310.0,38310.0,0.0,0,0.0,0,False,True,True,False,0,0.00236057430792627,90.43360173665539,False,False,0,,1,True
100000002188829100,terminal,0.8,0.4567,B,False,3,0.4,0.9853137516688919,0.018691588785046728,0.0,0.8442367601246106,0.3333333333333333,0.0,"конечная точка в пределах выгрузки: получил 400 тыс от 1 плательщика, исходящих нет; доля seed-денег ~100%; связан с 1 seed",1.0,1,False,0.0,0,0,400000.0,1,1,1,400000.0,400000.0,400000.0,0.0,1,400000.0,1,False,True,False,False,0,1.0,400000.0,False,False,0,,1,False
100000002193259100,peripheral,0.6,0.3476,B,True,10,0.06,0.5398308856252781,0.8019581664441477,0.894971072541166,0.48909657320872274,0.0,0.0,"выраженных признаков нет: 2 вх./3 исх., оборот 58 тыс; взаимные переводы с 2",1.0,2,False,58000.0,3,3,48000.0,2,2,3,58000.0,106000.0,-10000.0,1.2083333333333333,0,0.0,0,True,False,False,False,0,0.023540316947998987,1365.3383829839413,True,False,2,0.6896551724137931,1,False
100000002194320100,peripheral,0.3,0.1714,A,True,69,0.03,0.40275923453493545,0.018691588785046728,0.0,0.7846016911437472,0.0,0.0,"обрыв выгрузки на последнем колене: получил 275 тыс от 1 плательщика, исходящие неизвестны",1.0,4,False,0.0,0,0,275000.0,1,1,1,275000.0,275000.0,275000.0,0.0,0,0.0,0,False,True,True,False,0,0.0011342368998429665,311.91514745681576,False,False,0,,1,False
100000002194329100,peripheral,0.9,0.0899,B,True,2,0.09000000000000001,0.14107699154428127,0.018691588785046728,0.0,0.28304405874499333,0.0,0.0,"выраженных признаков нет: 1 вх./0 исх., оборот 25 тыс",1.0,3,False,0.0,0,0,25170.0,1,1,1,25170.0,25170.0,25170.0,0.0,0,0.0,0,False,True,False,False,0,0.0008464425810733717,21.304959765616765,False,False,0,,1,False
100000002199091100,peripheral,0.9,0.1892,B,True,1,0.09000000000000001,0.5255896751223854,0.018691588785046728,0.0,0.507343124165554,0.0,0.0,"выраженных признаков нет: 1 вх./0 исх., оборот 65 тыс",1.0,2,False,0.0,0,0,65000.0,1,1,1,65000.0,65000.0,65000.0,0.0,0,0.0,0,False,True,False,False,1,0.017185010363675823,1117.0256736389285,False,False,0,,1,False
100000002205022100,peripheral,0.6,0.3322,B,True,66,0.06,0.6573208722741433,0.018691588785046728,0.894971072541166,0.8834000890075656,0.0,0.0,"выраженных признаков нет: 1 вх./3 исх., оборот 518 тыс",1.0,2,False,518000.0,3,3,7100.0,1,1,4,518000.0,525100.0,-510900.0,72.95774647887323,0,0.0,0,True,False,False,False,0,0.013706563706563707,7100.0,False,False,0,0.011583011583011582,1,False
100000002208836100,peripheral,0.3,0.1226,A,True,5,0.03,0.2665776591010236,0.018691588785046728,0.0,0.5687583444592791,0.0,0.0,"обрыв выгрузки на последнем колене: получил 90 тыс от 1 плательщика, исходящие неизвестны",1.0,4,False,0.0,0,0,90000.0,1,1,1,90000.0,90000.0,90000.0,0.0,0,0.0,0,False,True,True,False,0,0.0011506389422899607,103.55750480609646,False,False,0,,1,True
100000002211413100,peripheral,0.9,0.2711,B,False,1,0.09000000000000001,0.8366711170449488,0.018691588785046728,0.0,0.3702714730752114,0.3333333333333333,0.0,"выраженных признаков нет: 1 вх./0 исх., оборот 37 тыс; связан с 1 seed",1.0,1,False,0.0,0,0,37000.0,1,1,1,37000.0,37000.0,37000.0,0.0,1,37000.0,1,False,True,False,False,1,1.0,37000.0,False,False,0,,1,True
100000002212494100,terminal,0.312,0.223,B,True,37,0.156,0.48954161103693816,0.018691588785046728,0.0,0.6862483311081442,0.0,0.0,"конечная точка в пределах выгрузки: получил 160 тыс от 1 плательщика, исходящих нет; доля seed-денег ~0%",1.0,3,False,0.0,0,0,160000.0,1,1,1,160000.0,160000.0,160000.0,0.0,0,0.0,0,False,True,False,False,0,0.004597404285942743,735.5846857508388,False,False,0,,1,False
100000002214207100,peripheral,0.3,0.2096,A,False,44,0.03,0.6920338228749444,0.018691588785046728,0.0,0.5883400089007566,0.0,0.0,"обрыв выгрузки на последнем колене: получил 97 тыс от 1 плательщика, исходящие неизвестны",1.0,4,False,0.0,0,0,97000.0,1,1,1,97000.0,97000.0,97000.0,0.0,0,0.0,0,False,True,True,False,0,0.10416542518324297,10104.046242774568,False,False,0,,1,False
100000002214301100,peripheral,0.9,0.314,B,False,2,0.09000000000000001,0.7725856697819314,0.018691588785046728,0.6915887850467289,0.2358700489541611,0.3333333333333333,0.0,"выраженных признаков нет: 1 вх./1 исх., оборот 21 тыс; связан с 1 seed",1.0,1,False,8000.0,1,1,21438.0,1,1,2,21438.0,29438.0,13438.0,0.373169138912212,1,21438.0,1,False,True,False,False,0,1.0,21438.0,False,False,0,0.0,1,False
100000002214383100,peripheral,0.3,0.1053,A,True,1,0.03,0.09523809523809523,0.018691588785046728,0.0,0.7392078326657766,0.0,0.0,"обрыв выгрузки на последнем колене: получил 213 тыс от 1 плательщика, исходящие неизвестны",1.0,4,False,0.0,0,0,213000.0,1,1,1,213000.0,213000.0,213000.0,0.0,0,0.0,0,False,True,True,False,1,5.365977525205442e-05,11.429532128687592,False,False,0,,1,False
100000002214570100,peripheral,0.9,0.2572,B,False,1,0.09000000000000001,0.803293279928794,0.018691588785046728,0.0,0.2986203827325323,0.3333333333333333,0.0,"выраженных признаков нет: 1 вх./0 исх., оборот 26 тыс; связан с 1 seed",1.0,1,False,0.0,0,0,26471.0,1,1,1,26471.0,26471.0,26471.0,0.0,1,26471.0,1,False,True,False,False,1,1.0,26471.0,False,False,0,,1,False
100000002214664100,peripheral,0.9,0.1686,B,True,1,0.09000000000000001,0.06008010680907877,0.018691588785046728,0.6915887850467289,0.540720961281709,0.0,0.0,"выраженных признаков нет: 1 вх./1 исх., оборот 77 тыс",1.0,3,False,76950.0,2,1,7950.0,1,1,2,76950.0,84900.0,-69000.0,9.679245283018869,0,0.0,0,True,False,False,False,1,6.865284043026003e-05,5.28283607110851,False,False,0,1.0,1,True
100000002216999100,peripheral,0.9,0.0823,B,True,1,0.09000000000000001,0.11704494882064975,0.018691588785046728,0.0,0.25500667556742324,0.0,0.0,"выраженных признаков нет: 1 вх./0 исх., оборот 24 тыс",1.0,3,False,0.0,0,0,23677.0,1,1,1,23677.0,23677.0,23677.0,0.0,0,0.0,0,False,True,False,False,1,0.0006645076819004414,15.733548384356752,False,False,0,,1,False
100000002217161100,transit,0.556,0.5258,C,True,42,0.3892,0.5981308411214953,0.8019581664441477,0.960836671117045,0.936359590565198,0.0,0.0,"признаки транзита: получил 405 тыс, отправил 995 тыс; 95% отправлено в течение 2 дней после входа; взаимные переводы с 1; связь с seed-деньгами слабая, возможна легальная активность",1.0,2,False,995132.0,19,7,404750.0,15,2,8,995132.0,1399882.0,-590382.0,2.4586337245213095,0,0.0,0,True,False,False,False,0,0.0032062230141422393,3190.6151205093947,True,False,1,0.9497554093326313,1,True
100000002217806100,peripheral,0.3,0.1584,A,True,45,0.03,0.49132176234979974,0.018691588785046728,0.0,0.4779706275033378,0.0,0.0,"обрыв выгрузки на последнем колене: получил 55 тыс от 1 плательщика, исходящие неизвестны",1.0,4,False,0.0,0,0,55000.0,2,1,1,55000.0,55000.0,55000.0,0.0,0,0.0,0,False,True,True,False,0,0.013737667304015296,755.5717017208412,False,False,0,,1,False
100000002224132100,transit,0.361,0.6203,C,True,27,0.2527,0.9568313306631063,0.9777481085892301,0.9274588340008901,0.9995549621717846,0.0,1.0,"признаки транзита: получил 4.0 млн, отправил 12.1 млн; 73% отправлено в течение 2 дней после входа; участвует в круговых потоках (3+ участника)",1.0,2,False,12115000.0,25,4,3951020.0,10,5,6,12115000.0,16066020.0,-8163980.0,3.0662968043695047,0,0.0,0,True,False,False,False,0,0.014945004549930929,181058.7301224132,True,True,3,0.7267849773008667,2,True
100000002227960100,peripheral,0.3,0.0815,A,True,25,0.03,0.310636404094348,0.018691588785046728,0.0,0.06987093902981753,0.0,0.0,"обрыв выгрузки на последнем колене: получил 10 тыс от 1 плательщика, исходящие неизвестны",1.0,4,False,0.0,0,0,10000.0,1,1,1,10000.0,10000.0,10000.0,0.0,0,0.0,0,False,True,True,False,0,0.01468843587233043,146.8843587233043,False,False,0,,1,False
100000002227989100,peripheral,0.3,0.1214,A,True,25,0.03,0.4432576769025367,0.018691588785046728,0.0,0.20382732532265244,0.0,0.0,"обрыв выгрузки на последнем колене: получил 20 тыс от 1 плательщика, исходящие неизвестны",1.0,4,False,0.0,0,0,20000.0,1,1,1,20000.0,20000.0,20000.0,0.0,0,0.0,0,False,True,True,False,0,0.022566778749307664,451.3355749861533,False,False,0,,1,False
100000002229615100,peripheral,0.3,0.1467,A,True,25,0.03,0.5380507343124166,0.018691588785046728,0.0,0.2674677347574544,0.0,0.0,"обрыв выгрузки на последнем колене: получил 25 тыс от 1 плательщика, исходящие неизвестны",1.0,4,False,0.0,0,0,25000.0,1,1,1,25000.0,25000.0,25000.0,0.0,0,0.0,0,False,True,True,False,0,0.05375858054822276,1343.964513705569,False,False,0,,1,False
100000002231144100,peripheral,0.3,0.1085,A,True,25,0.03,0.411214953271028,0.018691588785046728,0.0,0.13840676457498888,0.0,0.0,"обрыв выгрузки на последнем колене: получил 15 тыс от 1 плательщика, исходящие неизвестны",1.0,4,False,0.0,0,0,15000.0,1,1,1,15000.0,15000.0,15000.0,0.0,0,0.0,0,False,True,True,False,0,0.022566778749307667,338.501681239615,False,False,0,,1,True
100000002232266100,peripheral,0.9,0.1534,B,True,6,0.09000000000000001,0.39741878059635066,0.018691588785046728,0.0,0.4054294615042279,0.0,0.0,"выраженных признаков нет: 1 вх./0 исх., оборот 45 тыс",1.0,3,False,0.0,0,0,45000.0,1,1,1,45000.0,45000.0,45000.0,0.0,0,0.0,0,False,True,False,False,0,0.00665150371063166,299.3176669784247,False,False,0,,1,False
100000002236528100,peripheral,0.9,0.1505,B,True,9,0.09000000000000001,0.32977303070761016,0.018691588785046728,0.0,0.5122385402759234,0.0,0.0,"выраженных признаков нет: 1 вх./0 исх., оборот 66 тыс",1.0,3,False,0.0,0,0,66000.0,1,1,1,66000.0,66000.0,66000.0,0.0,0,0.0,0,False,True,False,False,0,0.002606720696540984,172.04356597170494,False,False,0,,1,False
100000002241986100,peripheral,0.6,0.299,B,True,46,0.06,0.41032487761459724,0.018691588785046728,0.9528259902091678,0.9875389408099688,0.0,0.0,"выраженных признаков нет: 1 вх./6 исх., оборот 3.1 млн",1.0,3,False,3077000.0,12,6,280000.0,1,1,7,3077000.0,3357000.0,-2797000.0,10.989285714285714,0,0.0,0,True,False,False,False,0,0.00010877522639587186,334.7013716200977,False,False,0,0.0,1,True
100000002242066100,peripheral,0.3,0.0923,A,True,42,0.03,0.15309301290609703,0.018691588785046728,0.0,0.4931019136626613,0.0,0.0,"обрыв выгрузки на последнем колене: получил 60 тыс от 1 плательщика, исходящие неизвестны",1.0,4,False,0.0,0,0,60000.0,1,1,1,60000.0,60000.0,60000.0,0.0,0,0.0,0,False,True,True,False,0,0.0004274964018856319,25.649784113137915,False,False,0,,1,False
100000002242455100,peripheral,0.3,0.134,A,True,5,0.03,0.2977303070761015,0.018691588785046728,0.0,0.621272808188696,0.0,0.0,"обрыв выгрузки на последнем колене: получил 110 тыс от 1 плательщика, исходящие неизвестны",1.0,4,False,0.0,0,0,110000.0,1,1,1,110000.0,110000.0,110000.0,0.0,0,0.0,0,False,True,True,False,0,0.0011953620415003489,131.4898245650384,False,False,0,,1,False
100000002243354100,peripheral,0.9,0.2433,B,False,1,0.09000000000000001,0.7681352914997774,0.018691588785046728,0.0,0.23008455718736093,0.3333333333333333,0.0,"выраженных признаков нет: 1 вх./0 исх., оборот 21 тыс; связан с 1 seed",1.0,1,False,0.0,0,0,20879.0,1,1,1,20879.0,20879.0,20879.0,0.0,1,20879.0,1,False,True,False,False,1,1.0,20879.0,False,False,0,,1,False
100000002255058100,terminal,0.378,0.279,B,True,3,0.189,0.6181575433911882,0.018691588785046728,0.0,0.8736092567868269,0.0,0.0,"конечная точка в пределах выгрузки: получил 492 тыс от 1 плательщика, исходящих нет; доля seed-денег ~1%",1.0,3,False,0.0,0,0,491500.0,2,1,1,491500.0,491500.0,491500.0,0.0,0,0.0,0,False,True,False,False,0,0.008864757237276772,4357.028182121533,False,False,0,,1,False
100000002257794100,terminal,0.311,0.2225,B,True,28,0.1555,0.49043168669336895,0.018691588785046728,0.0,0.6813529149977748,0.0,0.0,"конечная точка в пределах выгрузки: получил 154 тыс от 1 плательщика, исходящих нет; доля seed-денег ~0%",1.0,3,False,0.0,0,0,154000.0,1,1,1,154000.0,154000.0,154000.0,0.0,0,0.0,0,False,True,False,False,2,0.004831614085760319,744.0685692070891,False,False,0,,1,False
100000002258492100,peripheral,0.3,0.1056,A,True,22,0.03,0.43524699599465955,0.018691588785046728,0.0,0.06186025812194036,0.0,0.0,"обрыв выгрузки на последнем колене: получил 9 тыс от 1 плательщика, исходящие неизвестны",1.0,4,False,0.0,0,0,9000.0,1,1,1,9000.0,9000.0,9000.0,0.0,0,0.0,0,False,True,True,False,0,0.04690009515646509,422.1008564081858,False,False,0,,1,False
100000002267998100,transit,0.368,0.5809,C,True,26,0.2576,0.8829550511793502,0.8019581664441477,0.894971072541166,0.9443702714730752,0.0,1.0,"признаки транзита: получил 420 тыс, отправил 1.1 млн; 74% отправлено в течение 2 дней после входа; участвует в круговых потоках (3+ участника)",1.0,2,False,1115000.0,12,3,420000.0,4,2,3,1115000.0,1535000.0,-695000.0,2.6547619047619047,0,0.0,0,True,False,False,False,0,0.048474052914953894,54048.56900017359,True,True,2,0.7354260089686099,1,False
100000002284426100,peripheral,0.9,0.1444,B,True,5,0.09000000000000001,0.2705829995549622,0.018691588785046728,0.0,0.5687583444592791,0.0,0.0,"выраженных признаков нет: 1 вх./0 исх., оборот 90 тыс",0.6666666666666666,3,False,0.0,0,0,90000.0,2,1,1,90000.0,90000.0,90000.0,0.0,0,0.0,0,False,True,False,False,0,0.0011953620415003489,107.5825837350314,False,False,0,,1,False
100000002289937100,peripheral,0.9,0.2392,B,False,1,0.09000000000000001,0.7605696484201158,0.018691588785046728,0.0,0.20382732532265244,0.3333333333333333,0.0,"выраженных признаков нет: 1 вх./0 исх., оборот 20 тыс; связан с 1 seed",1.0,1,False,0.0,0,0,20000.0,1,1,1,20000.0,20000.0,20000.0,0.0,1,20000.0,1,False,True,False,False,1,1.0,20000.0,False,False,0,,1,False
100000002293421100,peripheral,0.6,0.4422,B,False,2,0.06,0.8273253226524254,0.8019581664441477,0.833555852247441,0.4218958611481976,0.0,1.0,"выраженных признаков нет: 2 вх./2 исх., оборот 47 тыс; участвует в круговых потоках (3+ участника)",1.0,2,False,47000.0,5,2,41000.0,6,2,3,47000.0,88000.0,-6000.0,1.146341463414634,0,0.0,0,True,False,False,False,0,0.7431644128174693,34928.72740242106,True,True,1,0.3191489361702128,1,True
100000002299948100,peripheral,0.9,0.1408,B,False,39,0.09000000000000001,0.5153538050734312,0.018691588785046728,0.0,0.04361370716510903,0.0,0.0,"выраженных признаков нет: 1 вх./0 исх., оборот 7 тыс",1.0,2,False,0.0,0,0,6750.0,1,1,1,6750.0,6750.0,6750.0,0.0,0,0.0,0,False,True,False,False,0,0.14890359597307162,1005.0992728182334,False,False,0,,1,False
100000002301828100,peripheral,0.9,0.1319,B,True,17,0.09000000000000001,0.28215398308856254,0.018691588785046728,0.0,0.4214508233199822,0.0,0.0,"выраженных признаков нет: 1 вх./0 исх., оборот 47 тыс",1.0,3,False,0.0,0,0,46977.0,1,1,1,46977.0,46977.0,46977.0,0.0,0,0.0,0,False,True,False,False,0,0.002458826925841859,115.508312495273,False,False,0,,1,False
100000002304943100,peripheral,0.3,0.0977,A,True,25,0.03,0.35736537605696483,0.018691588785046728,0.0,0.13840676457498888,0.0,0.0,"обрыв выгрузки на последнем колене: получил 15 тыс от 1 плательщика, исходящие неизвестны",1.0,4,False,0.0,0,0,15000.0,1,1,1,15000.0,15000.0,15000.0,0.0,0,0.0,0,False,True,True,False,0,0.014688435872330432,220.32653808495647,False,False,0,,1,False
100000002305007100,peripheral,0.9,0.1182,B,True,1,0.09000000000000001,0.18202047174009792,0.018691588785046728,0.0,0.48464619492656874,0.0,0.0,"выраженных признаков нет: 1 вх./0 исх., оборот 56 тыс",1.0,3,False,0.0,0,0,56000.0,1,1,1,56000.0,56000.0,56000.0,0.0,0,0.0,0,False,True,False,False,1,0.0006645076819004414,37.21243018642472,False,False,0,,1,False
100000002305477100,peripheral,0.3,0.1115,A,True,25,0.03,0.3938584779706275,0.018691588785046728,0.0,0.20382732532265244,0.0,0.0,"обрыв выгрузки на последнем колене: получил 20 тыс от 1 плательщика, исходящие неизвестны",1.0,4,False,0.0,0,0,20000.0,1,1,1,20000.0,20000.0,20000.0,0.0,0,0.0,0,False,True,True,False,0,0.01468843587233043,293.7687174466086,False,False,0,,1,False
100000002306369100,peripheral,0.6,0.4599,B,False,3,0.06,0.9047619047619048,0.018691588785046728,0.9528259902091678,0.7748108589230085,0.3333333333333333,1.0,"выраженных признаков нет: 1 вх./6 исх., оборот 261 тыс; связан с 1 seed; участвует в круговых потоках (3+ участника)",1.0,1,False,260900.0,9,6,73166.0,1,1,7,260900.0,334066.0,-187734.0,3.5658639258672062,1,73166.0,1,True,False,False,False,0,0.280436949022614,73166.0,True,True,0,0.0,1,False
100000002308091100,terminal,0.317,0.2416,B,True,11,0.1585,0.5647530040053405,0.018691588785046728,0.0,0.7129506008010681,0.0,0.0,"конечная точка в пределах выгрузки: получил 187 тыс от 1 плательщика, исходящих нет; доля seed-денег ~1%",1.0,3,False,0.0,0,0,186720.0,1,1,1,186720.0,186720.0,186720.0,0.0,0,0.0,0,False,True,False,False,0,0.010525531274072283,1965.3271994947768,False,False,0,,1,False
100000002320495100,peripheral,0.3,0.0658,A,True,17,0.03,0.20427236315086783,0.018691588785046728,0.0,0.12594570538495772,0.0,0.0,"обрыв выгрузки на последнем колене: получил 14 тыс от 1 плательщика, исходящие неизвестны",1.0,4,False,0.0,0,0,13526.27,1,1,1,13526.27,13526.27,13526.27,0.0,0,0.0,0,False,True,True,False,0,0.003759829013807918,50.85646239459963,False,False,0,,1,False
100000002324543100,peripheral,0.9,0.263,B,False,19,0.09000000000000001,0.8144192256341789,0.018691588785046728,0.0,0.3342234089897641,0.3333333333333333,0.0,"выраженных признаков нет: 1 вх./0 исх., оборот 30 тыс; связан с 1 seed",1.0,1,False,0.0,0,0,30202.0,1,1,1,30202.0,30202.0,30202.0,0.0,1,30202.0,1,False,True,False,False,0,1.0,30202.0,False,False,0,,1,False
100000002335358100,terminal,0.713,0.3816,B,False,4,0.3565,0.9457053849577214,0.018691588785046728,0.0,0.6582109479305741,0.0,0.0,"конечная точка в пределах выгрузки: получил 140 тыс от 1 плательщика, исходящих нет; доля seed-денег ~100%",0.6666666666666666,2,False,0.0,0,0,140000.0,2,1,1,140000.0,140000.0,140000.0,0.0,0,0.0,0,False,True,False,False,0,0.9999080025509864,139987.1203571381,False,False,0,,1,False
100000002340562100,peripheral,0.9,0.2375,B,False,9,0.09000000000000001,0.835781041388518,0.018691588785046728,0.0,0.3693813974187806,0.0,0.0,"выраженных признаков нет: 1 вх./0 исх., оборот 37 тыс",1.0,2,False,0.0,0,0,36650.0,2,1,1,36650.0,36650.0,36650.0,0.0,0,0.0,0,False,True,False,False,0,1.0,36650.0,False,False,0,,1,False
100000002343825100,peripheral,0.6,0.359,B,True,13,0.06,0.40498442367601245,0.9114374721851357,0.833555852247441,0.8251001335113485,0.0,0.0,"выраженных признаков нет: 3 вх./2 исх., оборот 350 тыс",1.0,3,False,89800.0,2,2,350000.0,4,3,5,350000.0,439800.0,260200.0,0.25657142857142856,0,0.0,0,False,True,False,False,0,0.0009123696551145648,319.3293792900977,False,False,0,0.5567928730512249,2,False
100000002346166100,peripheral,0.9,0.0478,B,True,1,0.09000000000000001,0.054294615042278595,0.018691588785046728,0.0,0.035603026257231864,0.0,0.0,"выраженных признаков нет: 1 вх./0 исх., оборот 6 тыс",1.0,3,False,0.0,0,0,6000.0,1,1,1,6000.0,6000.0,6000.0,0.0,0,0.0,0,False,True,False,False,1,0.0006645076819004414,3.9870460914026484,False,False,0,,1,False
100000002356167100,peripheral,0.6,0.2701,B,True,5,0.06,0.4187805963506898,0.018691588785046728,0.833555852247441,0.8010680907877169,0.0,0.0,"выраженных признаков нет: 1 вх./2 исх., оборот 300 тыс",1.0,3,False,29500.0,3,2,300000.0,1,1,3,300000.0,329500.0,270500.0,0.09833333333333333,0,0.0,0,False,True,False,False,0,0.0011953620415003489,358.60861245010466,False,False,0,0.1864406779661017,1,False
100000002369443100,peripheral,0.9,0.1114,B,True,1,0.09000000000000001,0.17000445037828216,0.018691588785046728,0.0,0.4401424121050289,0.0,0.0,"выраженных признаков нет: 1 вх./0 исх., оборот 50 тыс",1.0,3,False,0.0,0,0,50000.0,1,1,1,50000.0,50000.0,50000.0,0.0,0,0.0,0,False,True,False,False,1,0.0006645076819004414,33.22538409502207,False,False,0,,1,False
100000002369454100,peripheral,0.3,0.1037,A,True,6,0.03,0.32309746328437916,0.018691588785046728,0.0,0.2674677347574544,0.0,0.0,"обрыв выгрузки на последнем колене: получил 25 тыс от 1 плательщика, исходящие неизвестны",1.0,4,False,0.0,0,0,25000.0,1,1,1,25000.0,25000.0,25000.0,0.0,0,0.0,0,False,True,True,False,0,0.006651503710631661,166.28759276579152,False,False,0,,1,False
100000002369510100,peripheral,0.9,0.1005,B,True,1,0.09000000000000001,0.14997774810858924,0.018691588785046728,0.0,0.3711615487316422,0.0,0.0,"выраженных признаков нет: 1 вх./0 исх., оборот 37 тыс",1.0,3,False,0.0,0,0,37150.0,1,1,1,37150.0,37150.0,37150.0,0.0,0,0.0,0,False,True,False,False,1,0.0006645076819004414,24.6864603826014,False,False,0,,1,True
100000002369874100,terminal,0.28,0.3381,B,True,7,0.14,0.516243880729862,0.960836671117045,0.0,0.8980863373386738,0.0,0.0,"конечная точка в пределах выгрузки: получил 600 тыс от 4 плательщиков, исходящих нет; доля seed-денег ~0%; вход в конце периода, мог переслать позже",0.6666666666666666,3,False,0.0,0,0,600000.0,4,4,4,600000.0,600000.0,600000.0,0.0,0,0.0,0,False,True,False,False,0,0.0016990697644318508,1019.4418586591105,False,False,0,,4,True
100000002371751100,transit,0.8,0.5692,C,False,75,0.5599999999999999,0.960836671117045,0.018691588785046728,0.6915887850467289,0.7663551401869159,0.3333333333333333,0.0,"признаки транзита: получил 200 тыс, отправил 250 тыс; 100% отправлено в течение 2 дней после входа; связан с 1 seed; доля seed-денег ~80%",1.0,1,False,250000.0,1,1,200000.0,5,1,2,250000.0,450000.0,-50000.0,1.25,1,200000.0,1,True,False,False,False,12,0.8,200000.0,False,False,0,1.0,1,False
100000002371892100,peripheral,0.3,0.0972,A,True,77,0.03,0.22429906542056074,0.018691588785046728,0.0,0.4000890075656431,0.0,0.0,"обрыв выгрузки на последнем колене: получил 44 тыс от 1 плательщика, исходящие неизвестны",1.0,4,False,0.0,0,0,43830.0,1,1,1,43830.0,43830.0,43830.0,0.0,0,0.0,0,False,True,True,False,0,0.00141653746259605,62.086836985584874,False,False,0,,1,False
100000002373144100,peripheral,0.9,0.2167,B,True,2,0.09000000000000001,0.36181575433911883,0.018691588785046728,0.6915887850467289,0.4183355585224744,0.0,0.0,"выраженных признаков нет: 1 вх./1 исх., оборот 46 тыс",1.0,3,False,10764.0,1,1,46468.0,1,1,2,46468.0,57232.0,35704.0,0.2316432813979513,0,0.0,0,False,True,False,False,0,0.004849960600259524,225.36796917285955,False,False,0,0.0,1,False
100000002373386100,peripheral,0.9,0.0828,B,True,1,0.09000000000000001,0.11793502447708056,0.018691588785046728,0.0,0.2585669781931464,0.0,0.0,"выраженных признаков нет: 1 вх./0 исх., оборот 24 тыс",1.0,3,False,0.0,0,0,24000.0,1,1,1,24000.0,24000.0,24000.0,0.0,0,0.0,0,False,True,False,False,1,0.0006645076819004414,15.948184365610594,False,False,0,,1,True
100000002380341100,peripheral,0.9,0.1212,B,True,2,0.09000000000000001,0.19537160658655986,0.018691588785046728,0.0,0.48776145972407653,0.0,0.0,"выраженных признаков нет: 1 вх./0 исх., оборот 58 тыс",1.0,3,False,0.0,0,0,57566.4,1,1,1,57566.4,57566.4,57566.4,0.0,0,0.0,0,False,True,False,False,0,0.0007828429461319701,45.06545017421145,False,False,0,,1,False
100000002391278100,peripheral,0.9,0.262,B,True,32,0.09000000000000001,0.5643079661771251,0.018691588785046728,0.6915887850467289,0.465954606141522,0.0,0.0,"выраженных признаков нет: 1 вх./1 исх., оборот 53 тыс; взаимные переводы с 1",1.0,3,False,52700.0,2,1,30000.0,5,1,1,52700.0,82700.0,-22700.0,1.7566666666666666,0,0.0,0,True,False,False,False,0,0.03715788210192011,1958.2203867714447,True,False,1,1.0,1,False
100000002394199100,peripheral,0.6,0.3489,B,False,9,0.06,0.8909657320872274,0.018691588785046728,0.6915887850467289,0.7863818424566088,0.0,0.0,"выраженных признаков нет: 1 вх./1 исх., оборот 277 тыс; взаимные переводы с 1",1.0,3,False,76777.0,1,1,277398.0,3,1,1,277398.0,354175.0,200621.0,0.2767756076107254,0,0.0,0,False,True,False,False,0,0.220241678535246,61094.60114232017,True,False,1,1.0,1,False
100000002398779100,consolidator,0.694,0.6449,B,True,2,0.6245999999999999,0.8148642634623943,0.9982198486871384,0.6915887850467289,0.943035157988429,0.0,0.0,"признаки консолидации: 13 плательщиков, получил 1.1 млн; отдал дальше 6%; до 7 плательщиков в день; связь с seed-деньгами слабая, возможна легальная активность",1.0,2,False,66000.0,3,1,1095690.0,28,13,14,1095690.0,1161690.0,1029690.0,0.06023601566136407,0,0.0,0,False,True,False,False,0,0.027755447639992208,30411.36642466306,False,False,0,1.0,7,False
100000002404112100,peripheral,0.3,0.0889,A,True,31,0.03,0.13618157543391188,0.018691588785046728,0.0,0.4931019136626613,0.0,0.0,"обрыв выгрузки на последнем колене: получил 60 тыс от 1 плательщика, исходящие неизвестны",1.0,4,False,0.0,0,0,60000.0,1,1,1,60000.0,60000.0,60000.0,0.0,0,0.0,0,False,True,True,False,0,0.0003227185896603177,19.36311537961906,False,False,0,,1,True
100000002432143100,peripheral,0.9,0.2301,B,False,3,0.09000000000000001,0.7085002225189141,0.018691588785046728,0.0,0.5505117935024477,0.0,0.0,"выраженных признаков нет: 1 вх./0 исх., оборот 81 тыс",0.6666666666666666,2,False,0.0,0,0,81310.0,1,1,1,81310.0,81310.0,81310.0,0.0,0,0.0,0,False,True,False,False,0,0.14897743662497684,12113.355371976866,False,False,0,,1,False
100000002433697100,transit,0.526,0.3278,B,True,5,0.36819999999999997,0.3168669336893636,0.018691588785046728,0.6915887850467289,0.645749888740543,0.0,0.0,"признаки транзита: получил 130 тыс, отправил 110 тыс (85%); 100% отправлено в течение 2 дней после входа; связь с seed-деньгами слабая, возможна легальная активность",0.6666666666666666,3,False,110000.0,1,1,130000.0,1,1,2,130000.0,240000.0,20000.0,0.8461538461538461,0,0.0,0,False,True,False,False,0,0.0011953620415003489,155.39706539504536,False,False,0,1.0,1,False
100000002435265100,terminal,0.307,0.1762,B,True,2,0.1535,0.27859368046283933,0.018691588785046728,0.0,0.6493101913662661,0.0,0.0,"конечная точка в пределах выгрузки: получил 133 тыс от 1 плательщика, исходящих нет; доля seed-денег ~0%",0.6666666666666666,3,False,0.0,0,0,132628.0,3,1,1,132628.0,132628.0,132628.0,0.0,0,0.0,0,False,True,False,False,0,0.0008464425810733717,112.26198664259914,False,False,0,,1,False
100000002443664100,terminal,0.391,0.3844,B,True,11,0.1955,0.6777926123720516,0.9114374721851357,0.0,0.892745883400089,0.0,0.0,"конечная точка в пределах выгрузки: получил 557 тыс от 3 плательщиков, исходящих нет; доля seed-денег ~2%",1.0,2,False,0.0,0,0,556880.0,3,3,3,556880.0,556880.0,556880.0,0.0,0,0.0,0,False,True,False,False,0,0.01592779786596299,8869.87207559747,False,False,0,,3,False
100000002445750100,peripheral,0.9,0.3269,B,False,2,0.09000000000000001,0.8624833110814419,0.018691588785046728,0.6915887850467289,0.5189141076991545,0.0,0.0,"выраженных признаков нет: 1 вх./1 исх., оборот 70 тыс",1.0,2,False,10000.0,1,1,70000.0,1,1,2,70000.0,80000.0,60000.0,0.14285714285714285,0,0.0,0,False,True,False,False,0,0.6706265473269859,46943.85831288901,False,False,0,0.0,1,False
100000002448088100,peripheral,0.6,0.3157,B,True,25,0.06,0.5380507343124166,0.9114374721851357,0.6915887850467289,0.2674677347574544,0.0,0.0,"выраженных признаков нет: 3 вх./1 исх., оборот 25 тыс",1.0,3,False,25000.0,1,1,20000.0,3,3,4,25000.0,45000.0,-5000.0,1.25,0,0.0,0,True,False,False,False,0,0.05375858054822276,1343.964513705569,False,False,0,1.0,2,False
100000002454724100,terminal,0.305,0.1896,B,True,35,0.1525,0.3515798842901647,0.018691588785046728,0.0,0.6408544726301736,0.0,0.0,"конечная точка в пределах выгрузки: получил 125 тыс от 1 плательщика, исходящих нет; доля seed-денег ~0%",0.6666666666666666,2,False,0.0,0,0,125000.0,3,1,1,125000.0,125000.0,125000.0,0.0,0,0.0,0,False,True,False,False,0,0.0016500185893891888,206.2523236736486,False,False,0,,1,False
100000002457464100,peripheral,0.9,0.2209,B,False,3,0.09000000000000001,0.680462839341344,0.018691588785046728,0.0,0.514018691588785,0.0,0.0,"выраженных признаков нет: 1 вх./0 исх., оборот 67 тыс",1.0,2,False,0.0,0,0,66647.0,1,1,1,66647.0,66647.0,66647.0,0.0,0,0.0,0,False,True,False,False,0,0.13578708805921993,9049.802057882831,False,False,0,,1,False
100000002459093100,peripheral,0.6,0.35,B,True,32,0.06,0.8518024032042724,0.018691588785046728,0.6915887850467289,0.8758344459279038,0.0,0.0,"выраженных признаков нет: 1 вх./1 исх., оборот 500 тыс",1.0,2,False,55000.0,3,1,500000.0,2,1,2,500000.0,555000.0,445000.0,0.11,0,0.0,0,False,True,False,False,0,0.08536585365853659,42682.9268292683,False,False,0,0.0,1,False
100000002459163100,peripheral,0.9,0.2089,B,False,67,0.09000000000000001,0.7645749888740543,0.018691588785046728,0.0,0.22652425456163774,0.0,0.0,"выраженных признаков нет: 1 вх./0 исх., оборот 20 тыс",1.0,2,False,0.0,0,0,20180.0,1,1,1,20180.0,20180.0,20180.0,0.0,0,0.0,0,False,True,False,False,10,1.0,20180.0,False,False,0,,1,False
100000002459164100,peripheral,0.9,0.1526,B,True,2,0.09000000000000001,0.49443702714730753,0.018691588785046728,0.0,0.20382732532265244,0.0,0.0,"выраженных признаков нет: 1 вх./0 исх., оборот 20 тыс",1.0,3,False,0.0,0,0,20000.0,1,1,1,20000.0,20000.0,20000.0,0.0,0,0.0,0,False,True,False,False,0,0.03898876281632227,779.7752563264454,False,False,0,,1,True
100000002459240100,terminal,0.31,0.19,B,True,5,0.155,0.33377837116154874,0.018691588785046728,0.0,0.6711170449488206,0.0,0.0,"конечная точка в пределах выгрузки: получил 150 тыс от 1 плательщика, исходящих нет; доля seed-денег ~0%",1.0,3,False,0.0,0,0,150000.0,1,1,1,150000.0,150000.0,150000.0,0.0,0,0.0,0,False,True,False,False,0,0.0011953620415003489,179.30430622505233,False,False,0,,1,False
100000002459832100,terminal,0.456,0.3645,B,True,23,0.228,0.5571873609256787,0.8019581664441477,0.0,0.9310191366266133,0.0,0.0,"конечная точка в пределах выгрузки: получил 881 тыс от 2 плательщиков, исходящих нет; доля seed-денег ~0%",1.0,3,False,0.0,0,0,880606.0,2,2,2,880606.0,880606.0,880606.0,0.0,0,0.0,0,False,True,False,False,0,0.001991311040819171,1753.5604504116068,False,False,0,,1,False
100000002462183100,terminal,0.702,0.4064,B,False,55,0.351,0.9332443257676902,0.018691588785046728,0.0,0.6172674677347575,0.3333333333333333,0.0,"конечная точка в пределах выгрузки: получил 108 тыс от 1 плательщика, исходящих нет; доля seed-денег ~100%; связан с 1 seed",0.6666666666666666,1,False,0.0,0,0,107500.0,3,1,1,107500.0,107500.0,107500.0,0.0,1,107500.0,1,False,True,False,False,6,1.0,107500.0,False,False,0,,1,False
100000002469065100,terminal,0.538,0.3393,B,False,4,0.269,0.8526924788607032,0.018691588785046728,0.0,0.7271918113039608,0.0,0.0,"конечная точка в пределах выгрузки: получил 200 тыс от 1 плательщика, исходящих нет; доля seed-денег ~22%",1.0,2,False,0.0,0,0,200000.0,1,1,1,200000.0,200000.0,200000.0,0.0,0,0.0,0,False,True,False,False,0,0.21505044049875338,43010.088099750676,False,False,0,,1,False
100000002472632100,peripheral,0.6,0.3867,B,True,30,0.06,0.6417445482866043,0.8019581664441477,0.6915887850467289,0.8798397863818425,0.0,0.0,"выраженных признаков нет: 2 вх./1 исх., оборот 502 тыс",1.0,3,False,20000.0,1,1,502400.0,3,2,3,502400.0,522400.0,482400.0,0.03980891719745223,0,0.0,0,False,True,False,False,0,0.011984452456498044,6020.988914144617,False,False,0,0.0,1,False
100000002474570100,peripheral,0.3,0.0216,A,True,21,0.03,0.024477080551846907,0.018691588785046728,0.0,0.04361370716510903,0.0,0.0,"обрыв выгрузки на последнем колене: получил 7 тыс от 1 плательщика, исходящие неизвестны",1.0,4,False,0.0,0,0,6750.0,1,1,1,6750.0,6750.0,6750.0,0.0,0,0.0,0,False,True,True,False,0,4.838494154612191e-05,0.3265983554363229,False,False,0,,1,False
100000002475601100,terminal,0.326,0.2244,B,True,23,0.163,0.4517133956386293,0.018691588785046728,0.0,0.7516688918558078,0.0,0.0,"конечная точка в пределах выгрузки: получил 232 тыс от 1 плательщика, исходящих нет; доля seed-денег ~0%",1.0,3,False,0.0,0,0,232301.0,1,1,1,232301.0,232301.0,232301.0,0.0,0,0.0,0,False,True,False,False,0,0.002156699082657562,501.0033536004343,False,False,0,,1,False
100000002478829100,peripheral,0.3,0.126,A,True,25,0.03,0.39207832665776593,0.018691588785046728,0.0,0.35246995994659547,0.0,0.0,"обрыв выгрузки на последнем колене: получил 34 тыс от 1 плательщика, исходящие неизвестны",1.0,4,False,0.0,0,0,34000.0,1,1,1,34000.0,34000.0,34000.0,0.0,0,0.0,0,False,True,True,False,0,0.00860890474374513,292.70276128733445,False,False,0,,1,False
100000002479804100,peripheral,0.6,0.3531,B,False,3,0.06,0.8607031597685804,0.018691588785046728,0.833555852247441,0.4143302180685358,0.3333333333333333,0.0,"выраженных признаков нет: 1 вх./2 исх., оборот 46 тыс; связан с 1 seed",1.0,1,False,35300.0,2,2,46000.0,1,1,3,46000.0,81300.0,10700.0,0.7673913043478261,1,46000.0,1,False,True,False,False,0,1.0,46000.0,False,False,0,0.6515580736543909,1,False
100000002480800100,terminal,0.725,0.5232,B,False,3,0.3625,0.9670672007120605,0.8019581664441477,0.0,0.8936359590565198,0.3333333333333333,0.0,"конечная точка в пределах выгрузки: получил 569 тыс от 2 плательщиков, исходящих нет; доля seed-денег ~41%; связан с 1 seed",1.0,1,False,0.0,0,0,569251.0,2,2,2,569251.0,569251.0,569251.0,0.0,1,230000.0,1,False,True,False,False,0,0.4069925625360791,231680.92321622558,False,False,0,,2,False
100000002481735100,peripheral,0.9,0.2106,B,False,4,0.09000000000000001,0.7650200267022697,0.018691588785046728,0.0,0.24254561637739208,0.0,0.0,"выраженных признаков нет: 1 вх./0 исх., оборот 22 тыс",1.0,2,False,0.0,0,0,22436.0,2,1,1,22436.0,22436.0,22436.0,0.0,0,0.0,0,False,True,False,False,0,0.9010037752189451,20214.920700812254,False,False,0,,1,True
100000002481974100,peripheral,0.6,0.3366,B,True,6,0.06,0.3538050734312417,0.8019581664441477,0.833555852247441,0.8126390743213173,0.0,0.0,"выраженных признаков нет: 2 вх./2 исх., оборот 318 тыс",1.0,3,False,318000.0,4,2,89447.0,2,2,4,318000.0,407447.0,-228553.0,3.5551779265934016,0,0.0,0,True,False,False,False,0,0.0006724326693717296,213.83358886021003,False,False,0,0.18553459119496854,1,False
100000002487222100,peripheral,0.3,0.1097,A,True,5,0.03,0.20204717400979083,0.018691588785046728,0.0,0.5687583444592791,0.0,0.0,"обрыв выгрузки на последнем колене: получил 90 тыс от 1 плательщика, исходящие неизвестны",1.0,4,False,0.0,0,0,90000.0,2,1,1,90000.0,90000.0,90000.0,0.0,0,0.0,0,False,True,True,False,0,0.0005591587629772298,50.32428866795068,False,False,0,,1,False
100000002488629100,peripheral,0.9,0.2355,B,False,14,0.09000000000000001,0.7458834000890076,0.018691588785046728,0.0,0.5300400534045394,0.0,0.0,"выраженных признаков нет: 1 вх./0 исх., оборот 73 тыс",1.0,2,False,0.0,0,0,73050.0,1,1,1,73050.0,73050.0,73050.0,0.0,0,0.0,0,False,True,False,False,0,0.24000640017067118,17532.46753246753,False,False,0,,1,True
100000002489253100,peripheral,0.9,0.1878,B,True,4,0.09000000000000001,0.5425011125945706,0.018691588785046728,0.0,0.45883400089007564,0.0,0.0,"выраженных признаков нет: 1 вх./0 исх., оборот 51 тыс",1.0,2,False,0.0,0,0,51000.0,1,1,1,51000.0,51000.0,51000.0,0.0,0,0.0,0,False,True,False,False,0,0.028265736107453254,1441.552541480116,False,False,0,,1,False
100000002492277100,terminal,0.215,0.2179,B,True,3,0.1075,0.5638629283489096,0.018691588785046728,0.0,0.6564307966177125,0.0,0.0,"конечная точка в пределах выгрузки: получил 138 тыс от 1 плательщика, исходящих нет; доля seed-денег ~1%; вход в конце периода, мог переслать позже",0.6666666666666666,2,False,0.0,0,0,138500.0,1,1,1,138500.0,138500.0,138500.0,0.0,0,0.0,0,False,True,False,False,0,0.014137174964605436,1957.998732597853,False,False,0,,1,True
100000002505277100,peripheral,0.3,0.0792,A,True,76,0.03,0.08767245215843347,0.018691588785046728,0.0,0.4931019136626613,0.0,0.0,"обрыв выгрузки на последнем колене: получил 60 тыс от 1 плательщика, исходящие неизвестны",1.0,4,False,0.0,0,0,60000.0,1,1,1,60000.0,60000.0,60000.0,0.0,0,0.0,0,False,True,True,False,0,0.00016928851621467433,10.15731097288046,False,False,0,,1,False
100000002506987100,peripheral,0.3,0.0895,A,True,8,0.03,0.2314196706720071,0.018691588785046728,0.0,0.308411214953271,0.0,0.0,"обрыв выгрузки на последнем колене: получил 28 тыс от 1 плательщика, исходящие неизвестны",1.0,4,False,0.0,0,0,28200.0,1,1,1,28200.0,28200.0,28200.0,0.0,0,0.0,0,False,True,True,False,0,0.00236057430792627,66.56819548352081,False,False,0,,1,False
100000002508637100,peripheral,0.6,0.2687,B,True,23,0.06,0.47841566533155316,0.018691588785046728,0.6915887850467289,0.8095238095238095,0.0,0.0,"выраженных признаков нет: 1 вх./1 исх., оборот 306 тыс",1.0,3,False,8000.0,1,1,306410.0,1,1,2,306410.0,314410.0,298410.0,0.02610880845925394,0,0.0,0,False,True,False,False,0,0.002156699082657562,660.8341659171035,False,False,0,0.0,1,False
100000002509598100,terminal,0.341,0.1944,B,True,11,0.1705,0.2599020916777926,0.018691588785046728,0.0,0.8086337338673787,0.0,0.0,"конечная точка в пределах выгрузки: получил 306 тыс от 1 плательщика, исходящих нет; доля seed-денег ~0%",1.0,3,False,0.0,0,0,305550.0,1,1,1,305550.0,305550.0,305550.0,0.0,0,0.0,0,False,True,False,False,0,0.0003207443319761952,98.00343063532645,False,False,0,,1,False
100000002511581100,peripheral,0.9,0.0716,B,True,1,0.09000000000000001,0.09924343569203382,0.018691588785046728,0.0,0.1838006230529595,0.0,0.0,"выраженных признаков нет: 1 вх./0 исх., оборот 18 тыс",1.0,3,False,0.0,0,0,17600.0,1,1,1,17600.0,17600.0,17600.0,0.0,0,0.0,0,False,True,False,False,1,0.0006645076819004414,11.695335201447769,False,False,0,,1,False
100000002511825100,peripheral,0.9,0.2964,B,False,2,0.09000000000000001,0.894971072541166,0.018691588785046728,0.0,0.507343124165554,0.3333333333333333,0.0,"выраженных признаков нет: 1 вх./0 исх., оборот 65 тыс; связан с 1 seed",1.0,1,False,0.0,0,0,65000.0,1,1,1,65000.0,65000.0,65000.0,0.0,1,65000.0,1,False,True,False,False,0,1.0,65000.0,False,False,0,,1,False
100000002512742100,peripheral,0.3,0.0206,A,True,21,0.03,0.02358700489541611,0.018691588785046728,0.0,0.035603026257231864,0.0,0.0,"обрыв выгрузки на последнем колене: получил 6 тыс от 1 плательщика, исходящие неизвестны",1.0,4,False,0.0,0,0,6000.0,1,1,1,6000.0,6000.0,6000.0,0.0,0,0.0,0,False,True,True,False,0,4.8384941546121915e-05,0.2903096492767315,False,False,0,,1,False
100000002513028100,peripheral,0.6,0.2652,B,True,71,0.06,0.35558522474410326,0.018691588785046728,0.894971072541166,0.8170894526034713,0.0,0.0,"выраженных признаков нет: 1 вх./3 исх., оборот 333 тыс",1.0,3,False,332709.0,24,3,9500.0,1,1,4,332709.0,342209.0,-323209.0,35.022,0,0.0,0,True,False,False,False,0,0.0006449223373023751,214.57146592153592,False,False,0,0.0,1,True
100000002514975100,peripheral,0.3,0.0416,A,True,31,0.03,0.052514463729417,0.018691588785046728,0.0,0.18736092567868268,0.0,0.0,"обрыв выгрузки на последнем колене: получил 18 тыс от 1 плательщика, исходящие неизвестны",1.0,4,False,0.0,0,0,17920.0,1,1,1,17920.0,17920.0,17920.0,0.0,0,0.0,0,False,True,True,False,0,0.00020710177349852978,3.7112637810936535,False,False,0,,1,False
100000002516862100,peripheral,0.3,0.1092,A,True,71,0.03,0.2082777036048064,0.018691588785046728,0.0,0.5518469069870939,0.0,0.0,"обрыв выгрузки на последнем колене: получил 82 тыс от 1 плательщика, исходящие неизвестны",1.0,4,False,0.0,0,0,81710.0,5,1,1,81710.0,81710.0,81710.0,0.0,0,0.0,0,False,True,True,False,0,0.0006449223373023751,52.69660418097707,False,False,0,,1,True
100000002521039100,terminal,0.35,0.2244,B,True,2,0.175,0.3943035157988429,0.018691588785046728,0.0,0.8246550956831331,0.0,0.0,"конечная точка в пределах выгрузки: получил 349 тыс от 1 плательщика, исходящих нет; доля seed-денег ~0%",1.0,3,False,0.0,0,0,349370.0,1,1,1,349370.0,349370.0,349370.0,0.0,0,0.0,0,False,True,False,False,0,0.0008464425810733717,295.72164454960387,False,False,0,,1,False
100000002527114100,distributor,1.0,0.6286,B,False,1,0.8,0.8473520249221184,0.9114374721851357,0.9995549621717846,0.9893190921228304,0.0,0.0,"[seed] веерная рассылка: 111 получателей, отправил 3.3 млн; взаимные переводы с 3; доля seed-денег ~100%",1.0,0,True,3289249.0,113,111,129000.0,4,3,111,3289249.0,3418249.0,-3160249.0,25.49805426356589,0,0.0,0,False,False,False,False,1,1.0,40546.65093273082,True,False,3,0.4463742331456208,1,False
100000002528544100,terminal,0.319,0.2165,B,True,23,0.1595,0.43391188251001334,0.018691588785046728,0.0,0.7200712060525145,0.0,0.0,"конечная точка в пределах выгрузки: получил 193 тыс от 1 плательщика, исходящих нет; доля seed-денег ~0%",1.0,3,False,0.0,0,0,192912.0,1,1,1,192912.0,192912.0,192912.0,0.0,0,0.0,0,False,True,False,False,0,0.002156699082657562,416.0531334336356,False,False,0,,1,False
100000002528978100,peripheral,0.3,0.065,A,True,8,0.03,0.1824655095683133,0.018691588785046728,0.0,0.16110369381397419,0.0,0.0,"обрыв выгрузки на последнем колене: получил 16 тыс от 1 плательщика, исходящие неизвестны",1.0,4,False,0.0,0,0,15900.0,1,1,1,15900.0,15900.0,15900.0,0.0,0,0.0,0,False,True,True,False,0,0.00236057430792627,37.53313149602769,False,False,0,,1,False
100000002529877100,peripheral,0.3,0.0949,A,True,11,0.03,0.03693813974187806,0.018691588785046728,0.0,0.7512238540275924,0.0,0.0,"обрыв выгрузки на последнем колене: получил 232 тыс от 1 плательщика, исходящие неизвестны",1.0,4,False,0.0,0,0,232000.0,1,1,1,232000.0,232000.0,232000.0,0.0,0,0.0,0,False,True,True,False,0,4.031056998801331e-06,0.9352052237219087,False,False,0,,1,False
100000002529880100,terminal,0.309,0.287,B,True,13,0.1545,0.42857142857142855,0.8019581664441477,0.0,0.6697819314641744,0.0,0.0,"конечная точка в пределах выгрузки: получил 147 тыс от 2 плательщиков, исходящих нет; доля seed-денег ~0%",0.6666666666666666,3,False,0.0,0,0,147000.0,2,2,2,147000.0,147000.0,147000.0,0.0,0,0.0,0,False,True,False,False,0,0.002767205414193805,406.77919588648933,False,False,0,,2,False
100000002530224100,terminal,0.303,0.1793,B,True,7,0.1515,0.30796617712505564,0.018691588785046728,0.0,0.6283934134401424,0.0,0.0,"конечная точка в пределах выгрузки: получил 113 тыс от 1 плательщика, исходящих нет; доля seed-денег ~0%",0.6666666666666666,3,False,0.0,0,0,113000.0,1,1,1,113000.0,113000.0,113000.0,0.0,0,0.0,0,False,True,False,False,0,0.001260741685807067,142.4638104961986,False,False,0,,1,False
100000002531406100,transit,0.586,0.4082,B,True,23,0.41019999999999995,0.5260347129506008,0.018691588785046728,0.6915887850467289,0.8842901646639965,0.0,0.0,"признаки транзита: получил 520 тыс, отправил 500 тыс (96%); связь с seed-деньгами слабая, возможна легальная активность",1.0,3,False,500000.0,1,1,520000.0,1,1,2,520000.0,1020000.0,20000.0,0.9615384615384616,0,0.0,0,False,True,False,False,0,0.002156699082657562,1121.4835229819323,False,False,0,0.0,1,False
100000002534091100,peripheral,0.9,0.1318,B,True,6,0.09000000000000001,0.37160658655985757,0.018691588785046728,0.0,0.24076546506453048,0.0,0.0,"выраженных признаков нет: 1 вх./0 исх., оборот 22 тыс",1.0,3,False,0.0,0,0,22200.0,1,1,1,22200.0,22200.0,22200.0,0.0,0,0.0,0,False,True,False,False,0,0.010867716805584623,241.26331308397863,False,False,0,,1,False
100000002537811100,peripheral,0.9,0.3022,B,False,16,0.09000000000000001,0.7668001780151313,0.018691588785046728,0.6915887850467289,0.4628393413440142,0.0,0.0,"выраженных признаков нет: 1 вх./1 исх., оборот 52 тыс",1.0,3,False,15000.0,1,1,52000.0,1,1,2,52000.0,67000.0,37000.0,0.28846153846153844,0,0.0,0,False,True,False,False,0,0.39325783483589166,20449.407411466367,False,False,0,0.0,1,False
100000002539625100,peripheral,0.9,0.2198,B,True,13,0.09000000000000001,0.6408544726301736,0.018691588785046728,0.0,0.5825545171339563,0.0,0.0,"выраженных признаков нет: 1 вх./0 исх., оборот 95 тыс",0.6666666666666666,2,False,0.0,0,0,94700.0,1,1,1,94700.0,94700.0,94700.0,0.0,0,0.0,0,False,True,False,False,0,0.06248367240942954,5917.203777172977,False,False,0,,1,False
100000002540033100,peripheral,0.3,0.0615,A,True,24,0.03,0.2105028927458834,0.018691588785046728,0.0,0.06987093902981753,0.0,0.0,"обрыв выгрузки на последнем колене: получил 10 тыс от 1 плательщика, исходящие неизвестны",1.0,4,False,0.0,0,0,10000.0,1,1,1,10000.0,10000.0,10000.0,0.0,0,0.0,0,False,True,True,False,0,0.005354174753602755,53.54174753602754,False,False,0,,1,True
100000002540623100,terminal,0.3,0.2287,B,True,29,0.15,0.57543391188251,0.018691588785046728,0.0,0.5927903871829105,0.0,0.0,"конечная точка в пределах выгрузки: получил 100 тыс от 1 плательщика, исходящих нет; доля seed-денег ~2%",0.6666666666666666,2,False,0.0,0,0,100000.0,1,1,1,100000.0,100000.0,100000.0,0.0,0,0.0,0,False,True,False,False,0,0.0233145192228211,2331.45192228211,False,False,0,,1,False
100000002546921100,peripheral,0.9,0.0823,B,True,15,0.09000000000000001,0.14285714285714285,0.018691588785046728,0.0,0.20382732532265244,0.0,0.0,"выраженных признаков нет: 1 вх./0 исх., оборот 20 тыс",1.0,3,False,0.0,0,0,20000.0,1,1,1,20000.0,20000.0,20000.0,0.0,0,0.0,0,False,True,False,False,0,0.0011056727811859502,22.113455623719002,False,False,0,,1,False
100000002547110100,consolidator,0.562,0.4872,B,True,13,0.5058,0.5767690253671562,0.9853137516688919,0.0,0.9626168224299065,0.0,0.0,"признаки консолидации: 6 плательщиков, получил 1.5 млн; отдал дальше 0%; до 5 плательщиков в день; связь с seed-деньгами слабая, возможна легальная активность",1.0,3,False,0.0,0,0,1500000.0,10,6,6,1500000.0,1500000.0,1500000.0,0.0,0,0.0,0,False,True,False,False,0,0.0015675825395097328,2351.373809264599,False,False,0,,5,False
100000002548759100,terminal,0.248,0.2953,B,True,7,0.124,0.4414775255896751,0.8019581664441477,0.0,0.8344459279038718,0.0,0.0,"конечная точка в пределах выгрузки: получил 375 тыс от 2 плательщиков, исходящих нет; доля seed-денег ~0%; вход в конце периода, мог переслать позже",1.0,3,False,0.0,0,0,375000.0,2,2,2,375000.0,375000.0,375000.0,0.0,0,0.0,0,False,True,False,False,0,0.0011897721436095517,446.1645538535819,False,False,0,,2,True
100000002550141100,terminal,0.3,0.1804,B,True,6,0.15,0.3257676902536716,0.018691588785046728,0.0,0.6088117489986649,0.0,0.0,"конечная точка в пределах выгрузки: получил 101 тыс от 1 плательщика, исходящих нет; доля seed-денег ~0%",0.6666666666666666,3,False,0.0,0,0,100586.0,1,1,1,100586.0,100586.0,100586.0,0.0,0,0.0,0,False,True,False,False,0,0.0016712267427537674,168.10201314663044,False,False,0,,1,False
100000002554175100,peripheral,0.9,0.128,B,True,8,0.09000000000000001,0.3400089007565643,0.018691588785046728,0.0,0.2661326212728082,0.0,0.0,"выраженных признаков нет: 1 вх./0 исх., оборот 25 тыс",1.0,3,False,0.0,0,0,24621.0,1,1,1,24621.0,24621.0,24621.0,0.0,0,0.0,0,False,True,False,False,0,0.007716123310628143,189.9786720309755,False,False,0,,1,False
100000002556775100,terminal,0.34,0.2252,B,True,5,0.17,0.4187805963506898,0.018691588785046728,0.0,0.8010680907877169,0.0,0.0,"конечная точка в пределах выгрузки: получил 300 тыс от 1 плательщика, исходящих нет; доля seed-денег ~0%",1.0,3,False,0.0,0,0,300000.0,1,1,1,300000.0,300000.0,300000.0,0.0,0,0.0,0,False,True,False,False,0,0.0011953620415003489,358.60861245010466,False,False,0,,1,False
100000002558173100,peripheral,0.9,0.148,B,False,39,0.09000000000000001,0.5402759234534935,0.018691588785046728,0.0,0.06586559857587895,0.0,0.0,"выраженных признаков нет: 1 вх./0 исх., оборот 9 тыс",1.0,2,False,0.0,0,0,9300.0,1,1,1,9300.0,9300.0,9300.0,0.0,0,0.0,0,False,True,False,False,0,0.14890359597307162,1384.8034425495662,False,False,0,,1,False
100000002559089100,terminal,0.296,0.3407,B,True,11,0.148,0.5870048954161103,0.8019581664441477,0.0,0.9127725856697819,0.0,0.0,"конечная точка в пределах выгрузки: получил 715 тыс от 2 плательщиков, исходящих нет; доля seed-денег ~0%; вход в конце периода, мог переслать позже",1.0,3,False,0.0,0,0,715000.0,2,2,2,715000.0,715000.0,715000.0,0.0,0,0.0,0,False,True,False,False,0,0.0037425822937145205,2675.946340005882,False,False,0,,2,True
100000002565277100,terminal,0.828,0.465,B,False,3,0.414,0.9888740542946151,0.018691588785046728,0.0,0.8709390298175345,0.3333333333333333,0.0,"конечная точка в пределах выгрузки: получил 483 тыс от 1 плательщика, исходящих нет; доля seed-денег ~100%; связан с 1 seed",1.0,1,False,0.0,0,0,483319.0,1,1,1,483319.0,483319.0,483319.0,0.0,1,483319.0,1,False,True,False,False,0,1.0,483319.0,False,False,0,,1,False
100000002566204100,peripheral,0.9,0.2005,B,True,29,0.09000000000000001,0.5611927013796173,0.018691588785046728,0.0,0.5491766800178015,0.0,0.0,"выраженных признаков нет: 1 вх./0 исх., оборот 81 тыс",0.6666666666666666,2,False,0.0,0,0,80805.0,1,1,1,80805.0,80805.0,80805.0,0.0,0,0.0,0,False,True,False,False,0,0.0233145192228211,1883.929725800059,False,False,0,,1,False
100000002567887100,peripheral,0.9,0.1235,B,True,5,0.09000000000000001,0.22162883845126835,0.018691588785046728,0.0,0.45794392523364486,0.0,0.0,"выраженных признаков нет: 1 вх./0 исх., оборот 51 тыс",1.0,3,False,0.0,0,0,50915.0,1,1,1,50915.0,50915.0,50915.0,0.0,0,0.0,0,False,True,False,False,0,0.0011953620415003489,60.86185834299027,False,False,0,,1,False
100000002570206100,terminal,0.313,0.3182,B,True,17,0.1565,0.5683133066310636,0.8019581664441477,0.0,0.6960391633288829,0.0,0.0,"конечная точка в пределах выгрузки: получил 167 тыс от 2 плательщиков, исходящих нет; доля seed-денег ~1%",1.0,2,False,0.0,0,0,166959.6,2,2,2,166959.6,166959.6,166959.6,0.0,0,0.0,0,False,True,False,False,0,0.012457692184060303,2079.9313039738345,False,False,0,,1,False
100000002575080100,peripheral,0.9,0.1928,B,True,18,0.09000000000000001,0.39118825100133514,0.018691588785046728,0.6915887850467289,0.12016021361815754,0.0,0.0,"выраженных признаков нет: 1 вх./1 исх., оборот 13 тыс",1.0,3,False,12500.0,1,1,13000.0,1,1,2,13000.0,25500.0,500.0,0.9615384615384616,0,0.0,0,False,True,False,False,0,0.022460989491465043,291.99286338904557,False,False,0,1.0,1,False
100000002578405100,distributor,0.75,0.6025,B,True,1,0.6000000000000001,0.5674232309746329,0.8019581664441477,1.0,0.9884290164663997,0.0,0.0,"веерная рассылка: 116 получателей, отправил 3.1 млн; видимый вход 1.2 млн, источник вне выгрузки; взаимные переводы с 2; связь с seed-деньгами слабая, возможна легальная активность",1.0,2,False,3108352.0,120,116,1200351.0,7,2,116,3108352.0,4308703.0,-1908001.0,2.589535894084314,0,0.0,0,True,False,False,False,1,0.0006645076819004414,2065.523782050601,True,False,2,0.6693176963226816,1,True
100000002578653100,peripheral,0.9,0.1505,B,True,56,0.09000000000000001,0.48375611927013795,0.018691588785046728,0.0,0.20382732532265244,0.0,0.0,"выраженных признаков нет: 1 вх./0 исх., оборот 20 тыс",1.0,3,False,0.0,0,0,20000.0,1,1,1,20000.0,20000.0,20000.0,0.0,0,0.0,0,False,True,False,False,0,0.0344080712640919,688.161425281838,False,False,0,,1,False
100000002580377100,peripheral,0.9,0.3412,B,False,4,0.09000000000000001,0.8393413440142412,0.018691588785046728,0.6915887850467289,0.37472185135736535,0.3333333333333333,0.0,"выраженных признаков нет: 1 вх./1 исх., оборот 38 тыс; связан с 1 seed",1.0,1,False,5000.0,1,1,37750.0,2,1,2,37750.0,42750.0,32750.0,0.13245033112582782,1,37750.0,1,False,True,False,False,0,1.0,37750.0,False,False,0,0.0,1,False
100000002581346100,terminal,0.313,0.1956,B,True,5,0.1565,0.3471295060080107,0.018691588785046728,0.0,0.6955941255006676,0.0,0.0,"конечная точка в пределах выгрузки: получил 166 тыс от 1 плательщика, исходящих нет; доля seed-денег ~0%",1.0,3,False,0.0,0,0,166400.0,1,1,1,166400.0,166400.0,166400.0,0.0,0,0.0,0,False,True,False,False,0,0.0011953620415003489,198.90824370565807,False,False,0,,1,False
100000002589019100,peripheral,0.9,0.2676,B,False,10,0.09000000000000001,0.8255451713395638,0.018691588785046728,0.0,0.35781041388518026,0.3333333333333333,0.0,"выраженных признаков нет: 1 вх./0 исх., оборот 35 тыс; связан с 1 seed",1.0,1,False,0.0,0,0,34710.0,1,1,1,34710.0,34710.0,34710.0,0.0,1,34710.0,1,False,True,False,False,0,1.0,34710.0,False,False,0,,1,False
100000002591469100,terminal,0.745,0.4347,B,False,9,0.3725,0.9679572763684913,0.018691588785046728,0.0,0.7552291944815309,0.3333333333333333,0.0,"конечная точка в пределах выгрузки: получил 236 тыс от 1 плательщика, исходящих нет; доля seed-денег ~100%; связан с 1 seed",1.0,1,False,0.0,0,0,235670.0,1,1,1,235670.0,235670.0,235670.0,0.0,1,235670.0,1,False,True,False,False,0,1.0,235670.0,False,False,0,,1,False
100000002592567100,peripheral,0.6,0.3424,B,False,4,0.06,0.6310636404094349,0.018691588785046728,0.833555852247441,0.4325767690253672,0.6666666666666666,0.0,"выраженных признаков нет: 1 вх./2 исх., оборот 49 тыс; связан с 2 seed",1.0,1,False,48600.0,2,2,5297.0,1,1,3,48600.0,53897.0,-43303.0,9.175004719652634,2,5297.0,1,True,False,False,False,0,0.1089917695473251,5297.0,False,False,0,0.0,1,False
100000002593038100,peripheral,0.9,0.1806,B,True,10,0.09000000000000001,0.5807743658210948,0.018691588785046728,0.0,0.31108144192256343,0.0,0.0,"выраженных признаков нет: 1 вх./0 исх., оборот 28 тыс",1.0,2,False,0.0,0,0,28500.0,1,1,1,28500.0,28500.0,28500.0,0.0,0,0.0,0,False,True,False,False,0,0.08506614533481452,2424.385142042214,False,False,0,,1,False
100000002593344100,terminal,0.256,0.3208,B,True,7,0.128,0.5518469069870939,0.8019581664441477,0.0,0.8544726301735648,0.0,0.0,"конечная точка в пределах выгрузки: получил 431 тыс от 2 плательщиков, исходящих нет; доля seed-денег ~0%; вход в конце периода, мог переслать позже",1.0,3,False,0.0,0,0,431000.0,2,2,2,431000.0,431000.0,431000.0,0.0,0,0.0,0,False,True,False,False,0,0.003691994389855071,1591.2495820275356,False,False,0,,2,True
100000002594214100,peripheral,0.3,0.1607,A,True,46,0.03,0.27325322652425454,0.018691588785046728,0.0,0.9368046283934134,0.0,0.0,"обрыв выгрузки на последнем колене: получил 1.0 млн от 1 плательщика, исходящие неизвестны",1.0,4,False,0.0,0,0,1000000.0,1,1,1,1000000.0,1000000.0,1000000.0,0.0,0,0.0,0,False,True,True,False,0,0.00010877522639587186,108.77522639587185,False,False,0,,1,False
100000002596035100,terminal,0.744,0.4338,B,False,16,0.372,0.9666221628838452,0.018691588785046728,0.0,0.7507788161993769,0.3333333333333333,0.0,"конечная точка в пределах выгрузки: получил 232 тыс от 1 плательщика, исходящих нет; доля seed-денег ~100%; связан с 1 seed",1.0,1,False,0.0,0,0,231570.0,1,1,1,231570.0,231570.0,231570.0,0.0,1,231570.0,1,False,True,False,False,0,1.0,231570.0,False,False,0,,1,False
100000002596039100,peripheral,0.3,0.112,A,True,6,0.03,0.1041388518024032,0.018691588785046728,0.0,0.787716955941255,0.0,0.0,"обрыв выгрузки на последнем колене: получил 280 тыс от 1 плательщика, исходящие неизвестны",1.0,4,False,0.0,0,0,280000.0,1,1,1,280000.0,280000.0,280000.0,0.0,0,0.0,0,False,True,True,False,0,4.279810799009266e-05,11.983470237225944,False,False,0,,1,False
100000002597003100,peripheral,0.9,0.3041,B,False,2,0.09000000000000001,0.7481085892300846,0.018691588785046728,0.6915887850467289,0.1860258121940365,0.3333333333333333,0.0,"выраженных признаков нет: 1 вх./1 исх., оборот 18 тыс; связан с 1 seed",1.0,1,False,11000.0,1,1,17700.0,1,1,2,17700.0,28700.0,6700.0,0.6214689265536724,1,17700.0,1,False,True,False,False,0,1.0,17700.0,False,False,0,0.0,1,False
100000002597074100,peripheral,0.3,0.0513,A,True,2,0.03,0.16822429906542055,0.018691588785046728,0.0,0.0529595015576324,0.0,0.0,"обрыв выгрузки на последнем колене: получил 8 тыс от 1 плательщика, исходящие неизвестны",1.0,4,False,0.0,0,0,8000.0,1,1,1,8000.0,8000.0,8000.0,0.0,0,0.0,0,False,True,True,False,0,0.004089560783487863,32.7164862679029,False,False,0,,1,False
100000002597623100,peripheral,0.9,0.0721,B,True,2,0.09000000000000001,0.10992434356920339,0.018691588785046728,0.0,0.16777926123720516,0.0,0.0,"выраженных признаков нет: 1 вх./0 исх., оборот 16 тыс",1.0,3,False,0.0,0,0,16418.0,1,1,1,16418.0,16418.0,16418.0,0.0,0,0.0,0,False,True,False,False,0,0.0008464425810733717,13.896894296062616,False,False,0,,1,False
100000002599729100,peripheral,0.3,0.1031,A,True,2,0.03,0.19982198486871383,0.018691588785046728,0.0,0.507343124165554,0.0,0.0,"обрыв выгрузки на последнем колене: получил 65 тыс от 1 плательщика, исходящие неизвестны",1.0,4,False,0.0,0,0,65000.0,2,1,1,65000.0,65000.0,65000.0,0.0,0,0.0,0,False,True,True,False,0,0.0007512177907026174,48.82915639567013,False,False,0,,1,True
100000002600345100,peripheral,0.9,0.3651,B,False,4,0.09000000000000001,0.8673787271918113,0.8019581664441477,0.0,0.46550956831330664,0.3333333333333333,0.0,"выраженных признаков нет: 2 вх./0 исх., оборот 52 тыс; связан с 1 seed",1.0,1,False,0.0,0,0,52400.0,2,2,2,52400.0,52400.0,52400.0,0.0,1,47400.0,1,False,True,False,False,0,0.9061137292443097,47480.35941240183,False,False,0,,1,False
100000002603371100,peripheral,0.9,0.0541,B,True,2,0.09000000000000001,0.07076101468624833,0.018691588785046728,0.0,0.06586559857587895,0.0,0.0,"выраженных признаков нет: 1 вх./0 исх., оборот 9 тыс",1.0,3,False,0.0,0,0,9300.0,1,1,1,9300.0,9300.0,9300.0,0.0,0,0.0,0,False,True,False,False,0,0.0007828429461319701,7.280439399027323,False,False,0,,1,False
100000002603478100,peripheral,0.9,0.2479,B,False,10,0.09000000000000001,0.7805963506898086,0.018691588785046728,0.0,0.25055629728526924,0.3333333333333333,0.0,"выраженных признаков нет: 1 вх./0 исх., оборот 24 тыс; связан с 1 seed",1.0,1,False,0.0,0,0,23500.0,1,1,1,23500.0,23500.0,23500.0,0.0,1,23500.0,1,False,True,False,False,0,1.0,23500.0,False,False,0,,1,False
100000002603769100,terminal,0.48,0.4941,B,False,2,0.24,0.954161103693814,0.9114374721851357,0.0,0.947485536270583,0.3333333333333333,0.0,"конечная точка в пределах выгрузки: получил 1.2 млн от 3 плательщиков, исходящих нет; доля seed-денег ~14%; связан с 1 seed",1.0,1,False,0.0,0,0,1185368.0,3,3,3,1185368.0,1185368.0,1185368.0,0.0,1,149968.0,1,False,True,False,False,0,0.1431839355283287,169725.65528934394,False,False,0,,1,False
100000002605184100,terminal,0.216,0.2661,B,False,18,0.108,0.8028482421005786,0.018691588785046728,0.0,0.6582109479305741,0.0,0.0,"конечная точка в пределах выгрузки: получил 140 тыс от 1 плательщика, исходящих нет; доля seed-денег ~19%; вход в конце периода, мог переслать позже",0.6666666666666666,2,False,0.0,0,0,140000.0,1,1,1,140000.0,140000.0,140000.0,0.0,0,0.0,0,False,True,False,False,0,0.18817235498826923,26344.129698357694,False,False,0,,1,True
100000002605308100,terminal,0.336,0.4109,B,True,15,0.168,0.8126390743213173,0.9114374721851357,0.0,0.9839786381842457,0.0,0.0,"конечная точка в пределах выгрузки: получил 2.6 млн от 3 плательщиков, исходящих нет; доля seed-денег ~1%; вход в конце периода, мог переслать позже",1.0,2,False,0.0,0,0,2569521.84,7,3,3,2569521.84,2569521.84,2569521.84,0.0,0,0.0,0,False,True,False,False,0,0.011679308175200433,30010.23743226806,False,False,0,,1,True
100000002605548100,terminal,0.706,0.4847,B,False,16,0.353,0.9225634178905207,0.8019581664441477,0.0,0.6315086782376502,0.3333333333333333,0.0,"конечная точка в пределах выгрузки: получил 117 тыс от 2 плательщиков, исходящих нет; доля seed-денег ~81%; связан с 1 seed",0.6666666666666666,1,False,0.0,0,0,116695.0,2,2,2,116695.0,116695.0,116695.0,0.0,1,93480.0,1,False,True,False,False,0,0.8134929384719559,94930.5584549849,False,False,0,,1,False
100000002606567100,peripheral,0.9,0.3272,B,False,2,0.09000000000000001,0.7231864708500223,0.018691588785046728,0.6915887850467289,0.4672897196261682,0.3333333333333333,0.0,"выраженных признаков нет: 1 вх./1 исх., оборот 53 тыс; связан с 1 seed",1.0,1,False,53000.0,1,1,14095.0,1,1,2,53000.0,67095.0,-38905.0,3.7601986520042567,1,14095.0,1,True,False,False,False,0,0.2659433962264151,14095.0,False,False,0,0.0,1,False
100000002609774100,peripheral,0.9,0.2998,B,False,8,0.09000000000000001,0.6666666666666666,0.018691588785046728,0.6915887850467289,0.30574098798397864,0.3333333333333333,0.0,"выраженных признаков нет: 1 вх./1 исх., оборот 28 тыс; связан с 1 seed",1.0,1,False,27500.0,1,1,7700.0,1,1,2,27500.0,35200.0,-19800.0,3.5714285714285716,1,7700.0,1,True,False,False,False,0,0.28,7700.0,False,False,0,0.0,1,False
100000002611334100,peripheral,0.9,0.1822,B,True,2,0.09000000000000001,0.1833555852247441,0.018691588785046728,0.6915887850467289,0.42990654205607476,0.0,0.0,"выраженных признаков нет: 1 вх./1 исх., оборот 48 тыс",1.0,3,False,15500.0,1,1,48288.0,1,1,2,48288.0,63788.0,32788.0,0.3209907223326706,0,0.0,0,False,True,False,False,0,0.0007828429461319701,37.801920182820574,False,False,0,0.0,1,False
100000002612809100,peripheral,0.6,0.3083,B,True,44,0.06,0.6644414775255897,0.018691588785046728,0.894971072541166,0.630173564753004,0.0,0.0,"выраженных признаков нет: 1 вх./3 исх., оборот 114 тыс; взаимные переводы с 1",1.0,3,False,114000.0,4,3,30000.0,2,1,3,114000.0,144000.0,-84000.0,3.8,0,0.0,0,True,False,False,False,0,0.06647398843930637,7578.034682080925,True,False,1,0.13157894736842105,1,False
100000002613776100,peripheral,0.9,0.1707,B,True,36,0.09000000000000001,0.527369826435247,0.018691588785046728,0.0,0.3186470850022252,0.0,0.0,"выраженных признаков нет: 1 вх./0 исх., оборот 30 тыс",1.0,2,False,0.0,0,0,30000.0,2,1,1,30000.0,30000.0,30000.0,0.0,0,0.0,0,False,True,False,False,0,0.03896690143363326,1169.0070430089977,False,False,0,,1,False
100000002613929100,peripheral,0.9,0.1803,B,True,19,0.09000000000000001,0.5785491766800178,0.018691588785046728,0.0,0.3119715175789942,0.0,0.0,"выраженных признаков нет: 1 вх./0 исх., оборот 29 тыс",1.0,3,False,0.0,0,0,28560.0,1,1,1,28560.0,28560.0,28560.0,0.0,0,0.0,0,False,True,False,False,0,0.08371303900413762,2390.8443939581707,False,False,0,,1,False
100000002614095100,peripheral,0.9,0.0465,B,True,1,0.09000000000000001,0.0520694259012016,0.018691588785046728,0.0,0.027147307521139297,0.0,0.0,"выраженных признаков нет: 1 вх./0 исх., оборот 5 тыс",1.0,3,False,0.0,0,0,5300.0,1,1,1,5300.0,5300.0,5300.0,0.0,0,0.0,0,False,True,False,False,1,0.0006645076819004414,3.5218907140723394,False,False,0,,1,False
100000002615479100,terminal,0.74,0.4323,B,False,19,0.37,0.9657320872274143,0.018691588785046728,0.0,0.744103248776146,0.3333333333333333,0.0,"конечная точка в пределах выгрузки: получил 220 тыс от 1 плательщика, исходящих нет; доля seed-денег ~100%; связан с 1 seed",1.0,1,False,0.0,0,0,220000.0,1,1,1,220000.0,220000.0,220000.0,0.0,1,220000.0,1,False,True,False,False,0,1.0,220000.0,False,False,0,,1,False
100000002618492100,terminal,0.702,0.5075,B,False,16,0.351,0.956386292834891,0.8019581664441477,0.0,0.79884290164664,0.3333333333333333,0.0,"конечная точка в пределах выгрузки: получил 296 тыс от 2 плательщиков, исходящих нет; доля seed-денег ~61%; связан с 1 seed",1.0,1,False,0.0,0,0,296500.0,2,2,2,296500.0,296500.0,296500.0,0.0,1,178000.0,1,False,True,False,False,0,0.609655212573033,180762.7705279043,False,False,0,,1,False
100000002621434100,peripheral,0.9,0.1411,B,True,7,0.09000000000000001,0.2639074321317312,0.018691588785046728,0.0,0.5496217178460169,0.0,0.0,"выраженных признаков нет: 1 вх./0 исх., оборот 81 тыс",0.6666666666666666,3,False,0.0,0,0,81000.0,1,1,1,81000.0,81000.0,81000.0,0.0,0,0.0,0,False,True,False,False,0,0.0012607416858070673,102.12007655037245,False,False,0,,1,False
100000002621915100,peripheral,0.9,0.1595,B,False,4,0.09000000000000001,0.6266132621272809,0.018691588785046728,0.0,0.008455718736092568,0.0,0.0,"выраженных признаков нет: 1 вх./0 исх., оборот 5 тыс",1.0,2,False,0.0,0,0,5000.0,1,1,1,5000.0,5000.0,5000.0,0.0,0,0.0,0,False,True,False,False,0,1.0,5000.0,False,False,0,,1,False
100000002621949100,terminal,0.722,0.4211,B,False,3,0.361,0.9523809523809523,0.018691588785046728,0.0,0.6906987093902982,0.3333333333333333,0.0,"конечная точка в пределах выгрузки: получил 165 тыс от 1 плательщика, исходящих нет; доля seed-денег ~100%; связан с 1 seed",1.0,1,False,0.0,0,0,164612.0,1,1,1,164612.0,164612.0,164612.0,0.0,1,164612.0,1,False,True,False,False,0,1.0,164612.0,False,False,0,,1,False
100000002622822100,peripheral,0.3,0.1493,A,True,24,0.03,0.22563417890520696,0.018691588785046728,0.0,0.9181130396083668,0.0,0.0,"обрыв выгрузки на последнем колене: получил 750 тыс от 1 плательщика, исходящие неизвестны",1.0,4,False,0.0,0,0,750000.0,1,1,1,750000.0,750000.0,750000.0,0.0,0,0.0,0,False,True,True,False,0,8.448234411808789e-05,63.361758088565914,False,False,0,,1,True
100000002628146100,peripheral,0.9,0.191,B,False,39,0.09000000000000001,0.6203827325322653,0.018691588785046728,0.0,0.33511348464619495,0.0,0.0,"выраженных признаков нет: 1 вх./0 исх., оборот 30 тыс",1.0,2,False,0.0,0,0,30500.0,2,1,1,30500.0,30500.0,30500.0,0.0,0,0.0,0,False,True,False,False,0,0.1489035959730716,4541.559677178684,False,False,0,,1,True
100000002628576100,peripheral,0.6,0.3757,B,True,5,0.06,0.4979973297730307,0.8019581664441477,0.833555852247441,0.9158878504672897,0.0,0.0,"выраженных признаков нет: 2 вх./2 исх., оборот 728 тыс",1.0,3,False,539000.0,2,2,727882.0,3,2,4,727882.0,1266882.0,188882.0,0.7405046422359668,0,0.0,0,False,True,False,False,0,0.0011506389422899607,837.5293745919012,False,False,0,1.0,1,True
100000002632742100,terminal,0.229,0.2469,B,True,13,0.1145,0.255896751223854,0.8019581664441477,0.0,0.7547841566533156,0.0,0.0,"конечная точка в пределах выгрузки: получил 236 тыс от 2 плательщиков, исходящих нет; доля seed-денег ~0%; вход в конце периода, мог переслать позже",1.0,3,False,0.0,0,0,235500.0,2,2,2,235500.0,235500.0,235500.0,0.0,0,0.0,0,False,True,False,False,0,0.0003991310072801957,93.99535221448609,False,False,0,,1,True
100000002633108100,terminal,0.344,0.227,B,True,15,0.172,0.417890520694259,0.018691588785046728,0.0,0.8130841121495327,0.0,0.0,"конечная точка в пределах выгрузки: получил 320 тыс от 1 плательщика, исходящих нет; доля seed-денег ~0%",1.0,3,False,0.0,0,0,320000.0,3,1,1,320000.0,320000.0,320000.0,0.0,0,0.0,0,False,True,False,False,0,0.0011056727811859502,353.81528997950403,False,False,0,,1,False
100000002633701100,terminal,0.233,0.2837,B,False,19,0.1165,0.8153093012906097,0.018691588785046728,0.0,0.7797062750333779,0.0,0.0,"конечная точка в пределах выгрузки: получил 267 тыс от 1 плательщика, исходящих нет; доля seed-денег ~11%; вход в конце периода, мог переслать позже",1.0,2,False,0.0,0,0,266850.0,1,1,1,266850.0,266850.0,266850.0,0.0,0,0.0,0,False,True,False,False,0,0.11406838869879403,30439.149524273187,False,False,0,,1,True
100000002635746100,peripheral,0.3,0.0194,A,True,21,0.03,0.021806853582554516,0.018691588785046728,0.0,0.027147307521139297,0.0,0.0,"обрыв выгрузки на последнем колене: получил 5 тыс от 1 плательщика, исходящие неизвестны",1.0,4,False,0.0,0,0,5300.0,1,1,1,5300.0,5300.0,5300.0,0.0,0,0.0,0,False,True,True,False,0,4.8384941546121915e-05,0.25644019019444614,False,False,0,,1,True
100000002635780100,terminal,0.627,0.3635,B,False,9,0.3135,0.914997774810859,0.018691588785046728,0.0,0.689363595905652,0.0,0.0,"конечная точка в пределах выгрузки: получил 163 тыс от 1 плательщика, исходящих нет; доля seed-денег ~52%",1.0,2,False,0.0,0,0,163000.02,1,1,1,163000.02,163000.02,163000.02,0.0,0,0.0,0,False,True,False,False,0,0.5180709059865155,84445.56803722015,False,False,0,,1,False
100000002644285100,terminal,0.38,0.2198,B,True,11,0.19,0.3190921228304406,0.018691588785046728,0.0,0.8758344459279038,0.0,0.0,"конечная точка в пределах выгрузки: получил 500 тыс от 1 плательщика, исходящих нет; доля seed-денег ~0%",1.0,3,False,0.0,0,0,500000.0,1,1,1,500000.0,500000.0,500000.0,0.0,0,0.0,0,False,True,False,False,0,0.0003207443319761952,160.3721659880976,False,False,0,,1,False
100000002645046100,peripheral,0.3,0.0289,A,True,21,0.03,0.02848242100578549,0.018691588785046728,0.0,0.1081441922563418,0.0,0.0,"обрыв выгрузки на последнем колене: получил 12 тыс от 1 плательщика, исходящие неизвестны",1.0,4,False,0.0,0,0,12000.0,1,1,1,12000.0,12000.0,12000.0,0.0,0,0.0,0,False,True,True,False,0,4.8384941546121915e-05,0.580619298553463,False,False,0,,1,True
100000002645609100,terminal,0.389,0.4598,B,False,2,0.1945,0.8669336893635959,0.960836671117045,0.0,0.8896306186025812,0.3333333333333333,0.0,"конечная точка в пределах выгрузки: получил 547 тыс от 4 плательщиков, исходящих нет; доля seed-денег ~9%; связан с 1 seed",0.6666666666666666,1,False,0.0,0,0,546820.6799999999,5,4,4,546820.6799999999,546820.6799999999,546820.6799999999,0.0,1,46987.0,1,False,True,False,False,0,0.0868296864116156,47480.2681677864,False,False,0,,1,False
100000002645993100,peripheral,0.6,0.3399,B,True,2,0.06,0.19047619047619047,0.8019581664441477,0.9421450823319982,0.5638629283489096,0.0,1.0,"выраженных признаков нет: 2 вх./5 исх., оборот 87 тыс; участвует в круговых потоках (3+ участника)",1.0,3,False,86980.0,9,5,49650.0,4,2,7,86980.0,136630.0,-37330.0,1.7518630412890233,0,0.0,0,True,False,False,False,0,0.00047293032031631735,41.13547926111328,True,True,0,1.0,2,False
100000002646745100,peripheral,0.9,0.0599,B,True,1,0.09000000000000001,0.07565643079661771,0.018691588785046728,0.0,0.11392968402314196,0.0,0.0,"выраженных признаков нет: 1 вх./0 исх., оборот 12 тыс",1.0,3,False,0.0,0,0,12300.0,1,1,1,12300.0,12300.0,12300.0,0.0,0,0.0,0,False,True,False,False,1,0.0006645076819004413,8.173444487375429,False,False,0,,1,False
100000002646887100,peripheral,0.9,0.1093,B,True,13,0.09000000000000001,0.24744103248776145,0.018691588785046728,0.0,0.26479750778816197,0.0,0.0,"выраженных признаков нет: 1 вх./0 исх., оборот 24 тыс",1.0,3,False,0.0,0,0,24354.0,1,1,1,24354.0,24354.0,24354.0,0.0,0,0.0,0,False,True,False,False,0,0.0034122760384609437,83.10257064067783,False,False,0,,1,False
100000002648315100,peripheral,0.6,0.3928,B,False,9,0.06,0.9417000445037829,0.018691588785046728,0.833555852247441,0.6488651535380507,0.3333333333333333,0.0,"выраженных признаков нет: 1 вх./2 исх., оборот 132 тыс; связан с 1 seed",1.0,1,False,76000.0,3,2,132000.0,1,1,3,132000.0,208000.0,56000.0,0.5757575757575758,1,132000.0,1,False,True,False,False,0,1.0,132000.0,False,False,0,0.0,1,False
100000002653187100,peripheral,0.3,0.1018,A,True,10,0.03,0.37783711615487314,0.018691588785046728,0.0,0.13840676457498888,0.0,0.0,"обрыв выгрузки на последнем колене: получил 15 тыс от 1 плательщика, исходящие неизвестны",1.0,4,False,0.0,0,0,15000.0,1,1,1,15000.0,15000.0,15000.0,0.0,0,0.0,0,False,True,True,False,0,0.017120230507635625,256.80345761453435,False,False,0,,1,True
100000002653948100,peripheral,0.9,0.1422,B,True,5,0.09000000000000001,0.2634623943035158,0.018691588785046728,0.0,0.5611927013796173,0.0,0.0,"выраженных признаков нет: 1 вх./0 исх., оборот 85 тыс",0.6666666666666666,3,False,0.0,0,0,85200.0,1,1,1,85200.0,85200.0,85200.0,0.0,0,0.0,0,False,True,False,False,0,0.0011953620415003489,101.84484593582972,False,False,0,,1,False
100000002659103100,peripheral,0.3,0.1113,A,True,54,0.03,0.14864263462394303,0.018691588785046728,0.0,0.6915887850467289,0.0,0.0,"обрыв выгрузки на последнем колене: получил 165 тыс от 1 плательщика, исходящие неизвестны",1.0,4,False,0.0,0,0,165000.0,1,1,1,165000.0,165000.0,165000.0,0.0,0,0.0,0,False,True,True,False,0,0.00014696804744293533,24.24972782808433,False,False,0,,1,False
100000002659265100,peripheral,0.3,0.0852,A,True,7,0.03,0.032932799287939477,0.018691588785046728,0.0,0.6626613262127281,0.0,0.0,"обрыв выгрузки на последнем колене: получил 141 тыс от 1 плательщика, исходящие неизвестны",1.0,4,False,0.0,0,0,141000.0,1,1,1,141000.0,141000.0,141000.0,0.0,0,0.0,0,False,True,True,False,0,5.1724177686362716e-06,0.7293109053777143,False,False,0,,1,False
100000002660298100,peripheral,0.3,0.0935,A,True,8,0.03,0.2372051624388073,0.018691588785046728,0.0,0.3368936359590565,0.0,0.0,"обрыв выгрузки на последнем колене: получил 31 тыс от 1 плательщика, исходящие неизвестны",1.0,4,False,0.0,0,0,30900.0,1,1,1,30900.0,30900.0,30900.0,0.0,0,0.0,0,False,True,True,False,0,0.00236057430792627,72.94174611492174,False,False,0,,1,False
100000002662768100,peripheral,0.9,0.3054,B,False,3,0.09000000000000001,0.9145527369826435,0.018691588785046728,0.0,0.5580774365821095,0.3333333333333333,0.0,"выраженных признаков нет: 1 вх./0 исх., оборот 84 тыс; связан с 1 seed",0.6666666666666666,1,False,0.0,0,0,84300.0,1,1,1,84300.0,84300.0,84300.0,0.0,1,84300.0,1,False,True,False,False,0,1.0,84300.0,False,False,0,,1,False
100000002663511100,terminal,0.334,0.2457,B,True,2,0.167,0.536270582999555,0.018691588785046728,0.0,0.7814864263462394,0.0,0.0,"конечная точка в пределах выгрузки: получил 269 тыс от 1 плательщика, исходящих нет; доля seed-денег ~0%",1.0,3,False,0.0,0,0,268940.0,1,1,1,268940.0,268940.0,268940.0,0.0,0,0.0,0,False,True,False,False,0,0.004849960600259524,1304.3484038337963,False,False,0,,1,False
100000002666248100,peripheral,0.9,0.2996,B,False,3,0.09000000000000001,0.9020916777926123,0.018691588785046728,0.0,0.52514463729417,0.3333333333333333,0.0,"выраженных признаков нет: 1 вх./0 исх., оборот 70 тыс; связан с 1 seed",1.0,1,False,0.0,0,0,70032.0,1,1,1,70032.0,70032.0,70032.0,0.0,1,70032.0,1,False,True,False,False,0,1.0,70032.0,False,False,0,,1,False
100000002670463100,peripheral,0.3,0.0545,A,True,21,0.03,0.04005340453938585,0.018691588785046728,0.0,0.3413440142412105,0.0,0.0,"обрыв выгрузки на последнем колене: получил 32 тыс от 1 плательщика, исходящие неизвестны",1.0,4,False,0.0,0,0,31500.0,1,1,1,31500.0,31500.0,31500.0,0.0,0,0.0,0,False,True,True,False,0,4.838494154612191e-05,1.52412565870284,False,False,0,,1,False
100000002670860100,terminal,0.698,0.5145,B,False,11,0.349,0.9643969737427681,0.8019581664441477,0.0,0.8598130841121495,0.3333333333333333,0.0,"конечная точка в пределах выгрузки: получил 450 тыс от 2 плательщиков, исходящих нет; доля seed-денег ~44%; связан с 1 seed",1.0,1,False,0.0,0,0,450000.0,2,2,2,450000.0,450000.0,450000.0,0.0,1,200000.0,1,False,True,False,False,0,0.4446226357399868,200080.18608299404,False,False,0,,1,False
100000002670960100,terminal,0.376,0.2177,B,True,11,0.188,0.315086782376502,0.018691588785046728,0.0,0.8704939919893191,0.0,0.0,"конечная точка в пределах выгрузки: получил 480 тыс от 1 плательщика, исходящих нет; доля seed-денег ~0%",1.0,3,False,0.0,0,0,480310.0,1,1,1,480310.0,480310.0,480310.0,0.0,0,0.0,0,False,True,False,False,0,0.0003207443319761952,154.0567100914863,False,False,0,,1,False
100000002671326100,peripheral,0.3,0.2098,A,True,13,0.03,0.5171339563862928,0.018691588785046728,0.0,0.9399198931909212,0.0,0.0,"обрыв выгрузки на последнем колене: получил 1.1 млн от 1 плательщика, исходящие неизвестны",1.0,4,False,0.0,0,0,1050000.0,2,1,1,1050000.0,1050000.0,1050000.0,0.0,0,0.0,0,False,True,True,False,0,0.000974936010988841,1023.6828115382831,False,False,0,,1,False
100000002671806100,peripheral,0.9,0.2207,B,False,10,0.09000000000000001,0.7120605251446372,0.018691588785046728,0.0,0.11615487316421896,0.3333333333333333,0.0,"выраженных признаков нет: 1 вх./0 исх., оборот 12 тыс; связан с 1 seed",1.0,1,False,0.0,0,0,12440.0,1,1,1,12440.0,12440.0,12440.0,0.0,1,12440.0,1,False,True,False,False,0,1.0,12440.0,False,False,0,,1,False
100000002677201100,peripheral,0.6,0.2484,B,True,13,0.06,0.4463729417000445,0.018691588785046728,0.6915887850467289,0.6711170449488206,0.0,0.0,"выраженных признаков нет: 1 вх./1 исх., оборот 150 тыс",1.0,3,False,87750.0,1,1,150000.0,1,1,2,150000.0,237750.0,62250.0,0.585,0,0.0,0,False,True,False,False,0,0.0031368677280701304,470.53015921051957,False,False,0,0.0,1,False
100000002679516100,terminal,0.549,0.4475,B,False,10,0.2745,0.829105473965287,0.9114374721851357,0.0,0.6110369381397419,0.3333333333333333,0.0,"конечная точка в пределах выгрузки: получил 102 тыс от 3 плательщиков, исходящих нет; доля seed-денег ~34%; связан с 1 seed",0.6666666666666666,1,False,0.0,0,0,102335.0,3,3,3,102335.0,102335.0,102335.0,0.0,1,29785.0,1,False,True,False,False,0,0.34378828243785775,35181.57388327817,False,False,0,,1,False
100000002680477100,peripheral,0.9,0.1445,B,True,11,0.09000000000000001,0.4218958611481976,0.018691588785046728,0.0,0.2674677347574544,0.0,0.0,"выраженных признаков нет: 1 вх./0 исх., оборот 25 тыс",1.0,2,False,0.0,0,0,25000.0,1,1,1,25000.0,25000.0,25000.0,0.0,0,0.0,0,False,True,False,False,0,0.014564327988666305,364.1081997166576,False,False,0,,1,False
100000002681449100,peripheral,0.6,0.4251,B,False,48,0.06,0.7111704494882065,0.8019581664441477,0.833555852247441,0.6497552291944815,0.3333333333333333,0.0,"выраженных признаков нет: 2 вх./2 исх., оборот 133 тыс; связан с 1 seed",1.0,1,False,133000.0,2,2,94638.0,2,2,4,133000.0,227638.0,-38362.0,1.4053551427544961,1,11900.0,1,True,False,False,False,0,0.09249079729431783,12301.276040144272,False,False,0,0.09774436090225563,1,False
100000002681544100,terminal,0.313,0.2978,B,True,9,0.1565,0.4668446817979528,0.8019581664441477,0.0,0.6947040498442367,0.0,0.0,"конечная точка в пределах выгрузки: получил 166 тыс от 2 плательщиков, исходящих нет; доля seed-денег ~0%",1.0,3,False,0.0,0,0,166072.0,2,2,2,166072.0,166072.0,166072.0,0.0,0,0.0,0,False,True,False,False,0,0.00346177270576398,574.9035167916356,False,False,0,,2,False
100000002686226100,peripheral,0.3,0.2059,A,True,17,0.03,0.540720961281709,0.018691588785046728,0.0,0.8535825545171339,0.0,0.0,"обрыв выгрузки на последнем колене: получил 430 тыс от 1 плательщика, исходящие неизвестны",1.0,4,False,0.0,0,0,430000.0,2,1,1,430000.0,430000.0,430000.0,0.0,0,0.0,0,False,True,True,False,0,0.003295185410962897,1416.9297267140457,False,False,0,,1,False
100000002689717100,peripheral,0.3,0.1109,A,True,8,0.03,0.27814864263462397,0.018691588785046728,0.0,0.42857142857142855,0.0,0.0,"обрыв выгрузки на последнем колене: получил 48 тыс от 1 плательщика, исходящие неизвестны",1.0,4,False,0.0,0,0,47500.0,1,1,1,47500.0,47500.0,47500.0,0.0,0,0.0,0,False,True,True,False,0,0.00236057430792627,112.12727962649781,False,False,0,,1,False
100000002691583100,terminal,0.337,0.1908,B,True,31,0.1685,0.25411659991099245,0.018691588785046728,0.0,0.7917222963951935,0.0,0.0,"конечная точка в пределах выгрузки: получил 285 тыс от 1 плательщика, исходящих нет; доля seed-денег ~0%",1.0,3,False,0.0,0,0,285200.0,1,1,1,285200.0,285200.0,285200.0,0.0,0,0.0,0,False,True,False,False,0,0.0003227185896603177,92.03934177112261,False,False,0,,1,False
100000002691858100,peripheral,0.9,0.2127,B,False,39,0.09000000000000001,0.6657765910102359,0.018691588785046728,0.0,0.46194926568758343,0.0,0.0,"выраженных признаков нет: 1 вх./0 исх., оборот 52 тыс",1.0,2,False,0.0,0,0,51500.0,1,1,1,51500.0,51500.0,51500.0,0.0,0,0.0,0,False,True,False,False,0,0.14890359597307162,7668.535192613189,False,False,0,,1,False
100000002692044100,peripheral,0.9,0.3107,B,False,10,0.09000000000000001,0.9256786826880284,0.018691588785046728,0.0,0.5883400089007566,0.3333333333333333,0.0,"выраженных признаков нет: 1 вх./0 исх., оборот 97 тыс; связан с 1 seed",0.6666666666666666,1,False,0.0,0,0,97000.0,1,1,1,97000.0,97000.0,97000.0,0.0,1,97000.0,1,False,True,False,False,0,1.0,97000.0,False,False,0,,1,False
100000002692750100,peripheral,0.6,0.4055,B,False,14,0.06,0.8072986203827325,0.9114374721851357,0.6915887850467289,0.6275033377837116,0.0,0.0,"выраженных признаков нет: 3 вх./1 исх., оборот 113 тыс; взаимные переводы с 1",1.0,2,False,77000.0,8,1,112830.0,3,3,3,112830.0,189830.0,35830.0,0.682442612780289,0,0.0,0,False,True,False,False,0,0.25049523518832884,28263.377386299144,True,False,1,0.15584415584415584,1,True
100000002695812100,peripheral,0.3,0.1429,A,True,8,0.03,0.3604806408544726,0.018691588785046728,0.0,0.584334668446818,0.0,0.0,"обрыв выгрузки на последнем колене: получил 95 тыс от 1 плательщика, исходящие неизвестны",1.0,4,False,0.0,0,0,95000.0,1,1,1,95000.0,95000.0,95000.0,0.0,0,0.0,0,False,True,True,False,0,0.00236057430792627,224.25455925299562,False,False,0,,1,False
100000002696152100,peripheral,0.6,0.2593,B,True,40,0.06,0.5068980863373387,0.018691588785046728,0.833555852247441,0.5166889185580774,0.0,0.0,"выраженных признаков нет: 1 вх./2 исх., оборот 69 тыс; взаимные переводы с 1",1.0,3,False,69000.0,8,2,21800.0,3,1,2,69000.0,90800.0,-47200.0,3.165137614678899,0,0.0,0,True,False,False,False,0,0.01353093037118493,933.6341956117602,True,False,1,0.21739130434782608,1,False
100000002697752100,terminal,0.318,0.3192,B,True,6,0.159,0.5580774365821095,0.8019581664441477,0.0,0.7178460169114375,0.0,0.0,"конечная точка в пределах выгрузки: получил 191 тыс от 2 плательщиков, исходящих нет; доля seed-денег ~1%",1.0,3,False,0.0,0,0,190785.0,2,2,2,190785.0,190785.0,190785.0,0.0,0,0.0,0,False,True,False,False,0,0.009249454290743019,1764.6571368594068,False,False,0,,1,False
100000002700161100,peripheral,0.3,0.1613,A,True,60,0.03,0.5554072096128171,0.018691588785046728,0.0,0.37828215398308856,0.0,0.0,"обрыв выгрузки на последнем колене: получил 39 тыс от 1 плательщика, исходящие неизвестны",1.0,4,False,0.0,0,0,39000.0,1,1,1,39000.0,39000.0,39000.0,0.0,0,0.0,0,False,True,True,False,0,0.043478260869565216,1695.6521739130435,False,False,0,,1,False
100000002702968100,peripheral,0.3,0.0945,A,True,8,0.03,0.2394303515798843,0.018691588785046728,0.0,0.3422340898976413,0.0,0.0,"обрыв выгрузки на последнем колене: получил 32 тыс от 1 плательщика, исходящие неизвестны",1.0,4,False,0.0,0,0,31600.0,1,1,1,31600.0,31600.0,31600.0,0.0,0,0.0,0,False,True,True,False,0,0.00236057430792627,74.59414813047013,False,False,0,,1,False
100000002703376100,peripheral,0.9,0.1871,B,True,2,0.09000000000000001,0.5589675122385402,0.018691588785046728,0.0,0.4192256341789052,0.0,0.0,"выраженных признаков нет: 1 вх./0 исх., оборот 47 тыс",1.0,2,False,0.0,0,0,46501.0,1,1,1,46501.0,46501.0,46501.0,0.0,0,0.0,0,False,True,False,False,0,0.03898876281632227,1813.0164597218018,False,False,0,,1,False
100000002704875100,terminal,0.329,0.422,B,False,6,0.1645,0.8179795282599021,0.9114374721851357,0.0,0.7636849132176236,0.3333333333333333,0.0,"конечная точка в пределах выгрузки: получил 245 тыс от 3 плательщиков, исходящих нет; доля seed-денег ~13%; связан с 1 seed",1.0,1,False,0.0,0,0,244891.0,4,3,3,244891.0,244891.0,244891.0,0.0,1,30550.0,1,False,True,False,False,0,0.1283060272286375,31420.991314048264,False,False,0,,1,False
100000002705460100,peripheral,0.9,0.2377,B,False,4,0.09000000000000001,0.7294170004450379,0.018691588785046728,0.0,0.584334668446818,0.0,0.0,"выраженных признаков нет: 1 вх./0 исх., оборот 95 тыс",0.6666666666666666,3,False,0.0,0,0,95000.0,1,1,1,95000.0,95000.0,95000.0,0.0,0,0.0,0,False,True,False,False,0,0.1579562433405648,15005.843117353656,False,False,0,,1,False
100000002706810100,peripheral,0.3,0.062,A,True,21,0.03,0.04539385847797063,0.018691588785046728,0.0,0.4054294615042279,0.0,0.0,"обрыв выгрузки на последнем колене: получил 45 тыс от 1 плательщика, исходящие неизвестны",1.0,4,False,0.0,0,0,45000.0,1,1,1,45000.0,45000.0,45000.0,0.0,0,0.0,0,False,True,True,False,0,4.838494154612191e-05,2.177322369575486,False,False,0,,1,True
100000002707106100,peripheral,0.3,0.0344,A,True,15,0.03,0.040943480195816645,0.018691588785046728,0.0,0.13840676457498888,0.0,0.0,"обрыв выгрузки на последнем колене: получил 15 тыс от 1 плательщика, исходящие неизвестны",1.0,4,False,0.0,0,0,15000.0,2,1,1,15000.0,15000.0,15000.0,0.0,0,0.0,0,False,True,True,False,0,0.00010380909422899321,1.5571364134348982,False,False,0,,1,False
100000002708624100,peripheral,0.9,0.1497,B,True,30,0.09000000000000001,0.4481530930129061,0.018691588785046728,0.0,0.2674677347574544,0.0,0.0,"выраженных признаков нет: 1 вх./0 исх., оборот 25 тыс",1.0,3,False,0.0,0,0,25000.0,1,1,1,25000.0,25000.0,25000.0,0.0,0,0.0,0,False,True,False,False,0,0.019132398156689708,478.3099539172427,False,False,0,,1,False
100000002710570100,terminal,0.325,0.3033,B,False,37,0.1625,0.8495772140631954,0.018691588785046728,0.0,0.7463284379172229,0.0,0.0,"конечная точка в пределах выгрузки: получил 225 тыс от 1 плательщика, исходящих нет; доля seed-денег ~18%",1.0,2,False,0.0,0,0,225015.0,1,1,1,225015.0,225015.0,225015.0,0.0,0,0.0,0,False,True,False,False,0,0.18305576593423942,41190.29317169288,False,False,0,,1,False
100000002712416100,terminal,0.303,0.2811,B,True,11,0.1515,0.4232309746328438,0.8019581664441477,0.0,0.6319537160658656,0.0,0.0,"конечная точка в пределах выгрузки: получил 117 тыс от 2 плательщиков, исходящих нет; доля seed-денег ~0%",0.6666666666666666,3,False,0.0,0,0,116800.0,2,2,2,116800.0,116800.0,116800.0,0.0,0,0.0,0,False,True,False,False,0,0.0031739139604827246,370.7131505843822,False,False,0,,1,False
100000002713074100,peripheral,0.6,0.3762,B,True,17,0.06,0.5745438362260792,0.8019581664441477,0.6915887850467289,0.9096573208722741,0.0,0.0,"выраженных признаков нет: 2 вх./1 исх., оборот 700 тыс",1.0,3,False,430000.0,2,1,700000.0,2,2,3,700000.0,1130000.0,270000.0,0.6142857142857143,0,0.0,0,False,True,False,False,0,0.003295185410962897,2306.6297876740277,False,False,0,0.0,2,False
100000002713974100,peripheral,0.3,0.0911,A,True,6,0.03,0.17356475300400534,0.018691588785046728,0.0,0.4401424121050289,0.0,0.0,"обрыв выгрузки на последнем колене: получил 50 тыс от 1 плательщика, исходящие неизвестны",1.0,4,False,0.0,0,0,50000.0,1,1,1,50000.0,50000.0,50000.0,0.0,0,0.0,0,False,True,True,False,0,0.0006724326693717296,33.62163346858648,False,False,0,,1,False
100000002718366100,consolidator,0.562,0.5489,B,True,7,0.5058,0.8753894080996885,0.9853137516688919,0.0,0.9830885625278148,0.0,0.0,"признаки консолидации: 6 плательщиков, получил 2.5 млн; отдал дальше 0%; до 3 плательщиков в день; связь с seed-деньгами слабая, возможна легальная активность",1.0,2,False,0.0,0,0,2525000.0,10,6,6,2525000.0,2525000.0,2525000.0,0.0,0,0.0,0,False,True,False,False,0,0.020052435736667987,50632.40023508667,False,False,0,,3,True
100000002720627100,terminal,0.733,0.4281,B,False,16,0.3665,0.9603916332888296,0.018691588785046728,0.0,0.7258566978193146,0.3333333333333333,0.0,"конечная точка в пределах выгрузки: получил 199 тыс от 1 плательщика, исходящих нет; доля seed-денег ~100%; связан с 1 seed",1.0,1,False,0.0,0,0,199300.0,1,1,1,199300.0,199300.0,199300.0,0.0,1,199300.0,1,False,True,False,False,0,1.0,199300.0,False,False,0,,1,False
100000002721825100,peripheral,0.9,0.1833,B,False,2,0.09000000000000001,0.6987093902981754,0.018691588785046728,0.0,0.10191366266132622,0.0,0.0,"выраженных признаков нет: 1 вх./0 исх., оборот 11 тыс",1.0,2,False,0.0,0,0,11000.0,1,1,1,11000.0,11000.0,11000.0,0.0,0,0.0,0,False,True,False,False,0,1.0,11000.0,False,False,0,,1,False
100000002722108100,terminal,0.44,0.2467,B,True,11,0.22,0.3773920783266578,0.018691588785046728,0.0,0.9234534935469515,0.0,0.0,"конечная точка в пределах выгрузки: получил 800 тыс от 1 плательщика, исходящих нет; доля seed-денег ~0%",1.0,3,False,0.0,0,0,800000.0,2,1,1,800000.0,800000.0,800000.0,0.0,0,0.0,0,False,True,False,False,0,0.0003207443319761952,256.59546558095616,False,False,0,,1,False
100000002723439100,peripheral,0.3,0.1059,A,True,40,0.03,0.3733867378727192,0.018691588785046728,0.0,0.1882510013351135,0.0,0.0,"обрыв выгрузки на последнем колене: получил 18 тыс от 1 плательщика, исходящие неизвестны",1.0,4,False,0.0,0,0,18000.0,2,1,1,18000.0,18000.0,18000.0,0.0,0,0.0,0,False,True,True,False,0,0.01353093037118493,243.55674668132875,False,False,0,,1,False
100000002723538100,distributor,0.52,0.6356,B,False,6,0.41600000000000004,0.6426346239430352,0.9114374721851357,0.9768580329327993,0.8931909212283045,0.3333333333333333,1.0,"веерная рассылка: 12 получателей, отправил 560 тыс; видимый вход 106 тыс, источник вне выгрузки; связан с 1 seed; участвует в круговых потоках (3+ участника)",1.0,2,False,560499.0,14,12,105647.0,3,3,14,560499.0,666146.0,-454852.0,5.305394379395534,1,0.0,0,True,False,False,False,0,0.010867716805584623,6091.344401813376,True,True,1,0.5698493663681826,1,False
100000002723674100,peripheral,0.3,0.1324,A,True,25,0.03,0.44058744993324434,0.018691588785046728,0.0,0.3186470850022252,0.0,0.0,"обрыв выгрузки на последнем колене: получил 30 тыс от 1 плательщика, исходящие неизвестны",1.0,4,False,0.0,0,0,30000.0,1,1,1,30000.0,30000.0,30000.0,0.0,0,0.0,0,False,True,True,False,0,0.014688435872330432,440.65307616991294,False,False,0,,1,False
100000002726055100,peripheral,0.3,0.0918,A,True,25,0.03,0.3622607921673342,0.018691588785046728,0.0,0.06987093902981753,0.0,0.0,"обрыв выгрузки на последнем колене: получил 10 тыс от 1 плательщика, исходящие неизвестны",1.0,4,False,0.0,0,0,10000.0,1,1,1,10000.0,10000.0,10000.0,0.0,0,0.0,0,False,True,True,False,0,0.022566778749307664,225.66778749307664,False,False,0,,1,True
100000002727288100,peripheral,0.9,0.1275,B,True,18,0.09000000000000001,0.38985313751668893,0.018691588785046728,0.0,0.16199376947040497,0.0,0.0,"выраженных признаков нет: 1 вх./0 исх., оборот 16 тыс",1.0,3,False,0.0,0,0,16000.0,1,1,1,16000.0,16000.0,16000.0,0.0,0,0.0,0,False,True,False,False,0,0.018129084178819116,290.06534686110587,False,False,0,,1,False
100000002728246100,peripheral,0.3,0.0398,A,True,5,0.03,0.10235870048954161,0.018691588785046728,0.0,0.06987093902981753,0.0,0.0,"обрыв выгрузки на последнем колене: получил 10 тыс от 1 плательщика, исходящие неизвестны",1.0,4,False,0.0,0,0,10000.0,1,1,1,10000.0,10000.0,10000.0,0.0,0,0.0,0,False,True,True,False,0,0.0011953620415003489,11.953620415003488,False,False,0,,1,False
100000002729875100,peripheral,0.3,0.1332,A,True,8,0.03,0.33511348464619495,0.018691588785046728,0.0,0.5380507343124166,0.0,0.0,"обрыв выгрузки на последнем колене: получил 76 тыс от 1 плательщика, исходящие неизвестны",1.0,4,False,0.0,0,0,76000.0,1,1,1,76000.0,76000.0,76000.0,0.0,0,0.0,0,False,True,True,False,0,0.00236057430792627,179.4036474023965,False,False,0,,1,False
100000002731501100,peripheral,0.6,0.5268,B,False,28,0.06,0.7129506008010681,0.9114374721851357,0.960836671117045,0.9265687583444593,0.3333333333333333,1.0,"выраженных признаков нет: 3 вх./7 исх., оборот 834 тыс; связан с 1 seed; участвует в круговых потоках (3+ участника)",1.0,1,False,833960.0,20,7,570370.0,7,3,8,833960.0,1404330.0,-263590.0,1.4621386117783193,1,10000.0,1,True,False,False,False,2,0.015190503021668748,12668.271899950869,True,True,2,0.32975202647609,3,True
100000002733083100,peripheral,0.3,0.0634,A,True,8,0.03,0.17935024477080552,0.018691588785046728,0.0,0.15131286159323543,0.0,0.0,"обрыв выгрузки на последнем колене: получил 15 тыс от 1 плательщика, исходящие неизвестны",1.0,4,False,0.0,0,0,15200.0,1,1,1,15200.0,15200.0,15200.0,0.0,0,0.0,0,False,True,True,False,0,0.00236057430792627,35.8807294804793,False,False,0,,1,False
100000002733905100,peripheral,0.6,0.389,B,True,1,0.06,0.5109034267912772,0.9114374721851357,0.833555852247441,0.9132176234979973,0.0,0.0,"выраженных признаков нет: 3 вх./2 исх., оборот 718 тыс; взаимные переводы с 2",1.0,2,False,717839.0,3,2,100000.0,5,3,3,717839.0,817839.0,-617839.0,7.17839,0,0.0,0,True,False,False,False,1,0.0013638173951758376,979.0013151356281,True,False,2,0.3273714579453053,2,False
100000002734815100,peripheral,0.3,0.0801,A,True,7,0.03,0.028037383177570093,0.018691588785046728,0.0,0.621272808188696,0.0,0.0,"обрыв выгрузки на последнем колене: получил 110 тыс от 1 плательщика, исходящие неизвестны",1.0,4,False,0.0,0,0,110000.0,1,1,1,110000.0,110000.0,110000.0,0.0,0,0.0,0,False,True,True,False,0,5.1724177686362716e-06,0.5689659545499899,False,False,0,,1,False
100000002736033100,peripheral,0.9,0.2144,B,True,17,0.09000000000000001,0.38139741878059635,0.018691588785046728,0.6915887850467289,0.3560302625723186,0.0,0.0,"выраженных признаков нет: 1 вх./1 исх., оборот 35 тыс",1.0,3,False,11000.0,1,1,34530.0,1,1,2,34530.0,45530.0,23530.0,0.3185635679119606,0,0.0,0,False,True,False,False,0,0.007631054267027446,263.5003038404577,False,False,0,0.0,1,False
100000002736316100,terminal,0.333,0.3265,B,True,2,0.1665,0.4953271028037383,0.9114374721851357,0.0,0.7801513128615932,0.0,0.0,"конечная точка в пределах выгрузки: получил 267 тыс от 3 плательщиков, исходящих нет; доля seed-денег ~0%",1.0,3,False,0.0,0,0,266921.0,3,3,3,266921.0,266921.0,266921.0,0.0,0,0.0,0,False,True,False,False,0,0.0029367377500106365,783.8769769705891,False,False,0,,2,False
100000002737980100,peripheral,0.9,0.1508,B,True,4,0.09000000000000001,0.4129951045838896,0.018691588785046728,0.0,0.34801958166444147,0.0,0.0,"выраженных признаков нет: 1 вх./0 исх., оборот 33 тыс",1.0,3,False,0.0,0,0,32900.0,1,1,1,32900.0,32900.0,32900.0,0.0,0,0.0,0,False,True,False,False,0,0.010432239086998881,343.2206659622632,False,False,0,,1,False
100000002738256100,transit,0.8,0.527,C,False,62,0.5599999999999999,0.9479305740987984,0.018691588785046728,0.6915887850467289,0.7040498442367601,0.0,0.0,"признаки транзита: получил 150 тыс, отправил 175 тыс; 100% отправлено в течение 2 дней после входа; взаимные переводы с 1; доля seed-денег ~84%",1.0,2,False,175000.0,1,1,150200.0,1,1,1,175000.0,325200.0,-24800.0,1.1651131824234353,0,0.0,0,True,False,False,False,8,0.8387362233651725,146778.8390889052,True,False,1,1.0,1,False
100000002741024100,peripheral,0.6,0.4557,B,True,38,0.06,0.7454383622607922,0.9777481085892301,0.9528259902091678,0.9252336448598131,0.0,0.0,"выраженных признаков нет: 5 вх./6 исх., оборот 818 тыс; взаимные переводы с 3",1.0,2,False,434989.0,7,6,817980.85,9,5,8,817980.85,1252969.85,382991.85,0.5317838431058625,0,0.0,0,False,True,False,False,0,0.02139948966479214,17504.372745572888,True,False,3,0.06483612229274763,1,True
100000002742067100,peripheral,0.9,0.1285,B,True,18,0.09000000000000001,0.4161103693813974,0.018691588785046728,0.0,0.11882510013351134,0.0,0.0,"выраженных признаков нет: 1 вх./0 исх., оборот 13 тыс",1.0,2,False,0.0,0,0,12730.0,1,1,1,12730.0,12730.0,12730.0,0.0,0,0.0,0,False,True,False,False,0,0.02772031220002923,352.8795743063721,False,False,0,,1,True
100000002744581100,peripheral,0.9,0.1855,B,False,9,0.09000000000000001,0.7067200712060525,0.018691588785046728,0.0,0.1081441922563418,0.0,0.0,"выраженных признаков нет: 1 вх./0 исх., оборот 12 тыс",1.0,2,False,0.0,0,0,12000.0,1,1,1,12000.0,12000.0,12000.0,0.0,0,0.0,0,False,True,False,False,0,1.0,12000.0,False,False,0,,1,False
100000002748040100,peripheral,0.3,0.07,A,True,8,0.03,0.19403649310191368,0.018691588785046728,0.0,0.1882510013351135,0.0,0.0,"обрыв выгрузки на последнем колене: получил 18 тыс от 1 плательщика, исходящие неизвестны",1.0,4,False,0.0,0,0,18000.0,1,1,1,18000.0,18000.0,18000.0,0.0,0,0.0,0,False,True,True,False,0,0.00236057430792627,42.490337542672854,False,False,0,,1,False
100000002748180100,peripheral,0.6,0.3809,B,False,11,0.06,0.6871384067645749,0.018691588785046728,0.9657320872274143,0.9069870939029817,0.3333333333333333,0.0,"выраженных признаков нет: 1 вх./8 исх., оборот 680 тыс; связан с 1 seed",0.6666666666666666,1,False,679743.0,9,8,9900.0,1,1,9,679743.0,689643.0,-669843.0,68.66090909090909,1,9900.0,1,True,False,False,False,0,0.014564327988666305,9900.0,False,False,0,0.26480596343029644,1,False
100000002748511100,peripheral,0.3,0.1452,A,True,4,0.03,0.562082777036048,0.018691588785046728,0.0,0.20382732532265244,0.0,0.0,"обрыв выгрузки на последнем колене: получил 20 тыс от 1 плательщика, исходящие неизвестны",1.0,4,False,0.0,0,0,20000.0,1,1,1,20000.0,20000.0,20000.0,0.0,0,0.0,0,False,True,True,False,0,0.09566527962342505,1913.3055924685011,False,False,0,,1,False
100000002748532100,peripheral,0.6,0.4329,B,True,24,0.06,0.7347574543836226,0.9114374721851357,0.833555852247441,0.9047619047619048,0.0,0.0,"выраженных признаков нет: 3 вх./2 исх., оборот 647 тыс",1.0,2,False,646685.0,7,2,355575.0,3,3,5,646685.0,1002260.0,-291110.0,1.8187021022287844,0,0.0,0,True,False,False,False,0,0.0242280448521585,15667.91318521812,False,False,0,0.0,1,True
100000002748581100,peripheral,0.9,0.1118,B,True,15,0.09000000000000001,0.19581664441477525,0.018691588785046728,0.0,0.3925233644859813,0.0,0.0,"выраженных признаков нет: 1 вх./0 исх., оборот 41 тыс",1.0,3,False,0.0,0,0,41180.0,1,1,1,41180.0,41180.0,41180.0,0.0,0,0.0,0,False,True,False,False,0,0.0011056727811859502,45.53160512923743,False,False,0,,1,False
100000002748761100,terminal,0.439,0.2463,B,True,11,0.2195,0.376502002670227,0.018691588785046728,0.0,0.9230084557187361,0.0,0.0,"конечная точка в пределах выгрузки: получил 797 тыс от 1 плательщика, исходящих нет; доля seed-денег ~0%",1.0,3,False,0.0,0,0,796800.0,3,1,1,796800.0,796800.0,796800.0,0.0,0,0.0,0,False,True,False,False,0,0.0003207443319761952,255.56908371863236,False,False,0,,1,False
100000002750332100,peripheral,0.9,0.2176,B,False,19,0.09000000000000001,0.7013796172674678,0.018691588785046728,0.0,0.10636404094348019,0.3333333333333333,0.0,"выраженных признаков нет: 1 вх./0 исх., оборот 11 тыс; связан с 1 seed",1.0,1,False,0.0,0,0,11360.0,1,1,1,11360.0,11360.0,11360.0,0.0,1,11360.0,1,False,True,False,False,0,1.0,11360.0,False,False,0,,1,False
100000002750956100,peripheral,0.9,0.2828,B,False,2,0.09000000000000001,0.8664886515353805,0.018691588785046728,0.0,0.4281263907432132,0.3333333333333333,0.0,"выраженных признаков нет: 1 вх./0 исх., оборот 47 тыс; связан с 1 seed",1.0,1,False,0.0,0,0,47416.0,1,1,1,47416.0,47416.0,47416.0,0.0,1,47416.0,1,False,True,False,False,0,1.0,47416.0,False,False,0,,1,False
100000002752565100,peripheral,0.3,0.1433,A,True,6,0.03,0.41165999109924345,0.018691588785046728,0.0,0.48598130841121495,0.0,0.0,"обрыв выгрузки на последнем колене: получил 57 тыс от 1 плательщика, исходящие неизвестны",1.0,4,False,0.0,0,0,57000.0,1,1,1,57000.0,57000.0,57000.0,0.0,0,0.0,0,False,True,True,False,0,0.005939356851891307,338.5433405578045,False,False,0,,1,False
100000002753146100,terminal,0.441,0.2472,B,True,11,0.2205,0.378727191811304,0.018691588785046728,0.0,0.9238985313751669,0.0,0.0,"конечная точка в пределах выгрузки: получил 804 тыс от 1 плательщика, исходящих нет; доля seed-денег ~0%",1.0,3,False,0.0,0,0,803540.0,3,1,1,803540.0,803540.0,803540.0,0.0,0,0.0,0,False,True,False,False,0,0.0003207443319761952,257.7309005161519,False,False,0,,1,False
100000002755292100,terminal,0.321,0.2061,B,True,5,0.1605,0.3724966622162884,0.018691588785046728,0.0,0.7356475300400535,0.0,0.0,"конечная точка в пределах выгрузки: получил 203 тыс от 1 плательщика, исходящих нет; доля seed-денег ~0%",1.0,3,False,0.0,0,0,203400.0,1,1,1,203400.0,203400.0,203400.0,0.0,0,0.0,0,False,True,False,False,0,0.0011953620415003489,243.13663924117097,False,False,0,,1,False
100000002757240100,peripheral,0.9,0.2125,B,False,3,0.09000000000000001,0.6653315531820204,0.018691588785046728,0.0,0.46105919003115264,0.0,0.0,"выраженных признаков нет: 1 вх./0 исх., оборот 51 тыс",1.0,2,False,0.0,0,0,51183.0,1,1,1,51183.0,51183.0,51183.0,0.0,0,0.0,0,False,True,False,False,0,0.14897743662497684,7625.11213877619,False,False,0,,1,False
100000002757791100,peripheral,0.9,0.1934,B,True,32,0.09000000000000001,0.5353805073431241,0.018691588785046728,0.0,0.5300400534045394,0.0,0.0,"выраженных признаков нет: 1 вх./0 исх., оборот 73 тыс",1.0,3,False,0.0,0,0,73050.0,1,1,1,73050.0,73050.0,73050.0,0.0,0,0.0,0,False,True,False,False,0,0.01755562114530678,1282.4381246646603,False,False,0,,1,False
100000002757797100,terminal,0.7,0.4026,B,False,10,0.35,0.9279038718291055,0.018691588785046728,0.0,0.5927903871829105,0.3333333333333333,0.0,"конечная точка в пределах выгрузки: получил 100 тыс от 1 плательщика, исходящих нет; доля seed-денег ~100%; связан с 1 seed",0.6666666666666666,1,False,0.0,0,0,100000.0,1,1,1,100000.0,100000.0,100000.0,0.0,1,100000.0,1,False,True,False,False,0,1.0,100000.0,False,False,0,,1,False
100000002760175100,terminal,0.729,0.4258,B,False,16,0.3645,0.9581664441477525,0.018691588785046728,0.0,0.7133956386292835,0.3333333333333333,0.0,"конечная точка в пределах выгрузки: получил 187 тыс от 1 плательщика, исходящих нет; доля seed-денег ~100%; связан с 1 seed",1.0,1,False,0.0,0,0,187410.0,1,1,1,187410.0,187410.0,187410.0,0.0,1,187410.0,1,False,True,False,False,0,1.0,187410.0,False,False,0,,1,False
100000002762076100,peripheral,0.6,0.4924,B,False,9,0.06,0.9461504227859368,0.8019581664441477,0.6915887850467289,0.6617712505562973,0.6666666666666666,0.0,"выраженных признаков нет: 2 вх./1 исх., оборот 140 тыс; связан с 2 seed",1.0,1,False,30000.0,1,1,140350.0,2,2,3,140350.0,170350.0,110350.0,0.21375133594584966,2,140350.0,2,False,True,False,False,0,1.0,140350.0,False,False,0,0.0,1,False
100000002769809100,terminal,0.303,0.2257,B,True,20,0.1515,0.5389408099688473,0.018691588785046728,0.0,0.6297285269247886,0.0,0.0,"конечная точка в пределах выгрузки: получил 113 тыс от 1 плательщика, исходящих нет; доля seed-денег ~1%",0.6666666666666666,3,False,0.0,0,0,113422.0,1,1,1,113422.0,113422.0,113422.0,0.0,0,0.0,0,False,True,False,False,0,0.011919044113383813,1351.881821428219,False,False,0,,1,False
100000002773323100,peripheral,0.6,0.3179,B,True,13,0.06,0.2643524699599466,0.8019581664441477,0.6915887850467289,0.9465954606141522,0.0,0.0,"выраженных признаков нет: 2 вх./1 исх., оборот 1.2 млн",1.0,3,False,1171644.0,2,1,285000.0,2,2,3,1171644.0,1456644.0,-886644.0,4.111031578947369,0,0.0,0,True,False,False,False,0,8.75101783860167e-05,102.53077544490615,False,False,0,0.0,2,False
100000002774456100,peripheral,0.9,0.2872,B,False,16,0.09000000000000001,0.8740542946150422,0.018691588785046728,0.0,0.45705384957721407,0.3333333333333333,0.0,"выраженных признаков нет: 1 вх./0 исх., оборот 50 тыс; связан с 1 seed",1.0,1,False,0.0,0,0,50363.0,1,1,1,50363.0,50363.0,50363.0,0.0,1,50363.0,1,False,True,False,False,0,1.0,50363.0,False,False,0,,1,False
100000002778085100,peripheral,0.9,0.2973,B,False,4,0.09000000000000001,0.8963061860258122,0.018691588785046728,0.0,0.5135736537605696,0.3333333333333333,0.0,"выраженных признаков нет: 1 вх./0 исх., оборот 66 тыс; связан с 1 seed",1.0,1,False,0.0,0,0,66208.0,1,1,1,66208.0,66208.0,66208.0,0.0,1,66208.0,1,False,True,False,False,0,1.0,66208.0,False,False,0,,1,False
100000002779485100,peripheral,0.9,0.2547,B,False,6,0.09000000000000001,0.8197596795727636,0.018691588785046728,0.0,0.5740987983978638,0.0,0.0,"выраженных признаков нет: 1 вх./0 исх., оборот 91 тыс",0.6666666666666666,2,False,0.0,0,0,91000.0,2,1,1,91000.0,91000.0,91000.0,0.0,0,0.0,0,False,True,False,False,0,0.35168420207352336,32003.262388690626,False,False,0,,1,False
100000002781227100,transit,0.58,0.6105,C,False,78,0.40599999999999997,0.9577214063195372,0.8019581664441477,0.894971072541166,0.7387627948375612,0.3333333333333333,0.0,"признаки транзита: получил 191 тыс, отправил 212 тыс; 81% отправлено в течение 2 дней после входа; связан с 1 seed; взаимные переводы с 1; доля seed-денег ~87%",1.0,1,False,212420.0,10,3,191167.62,8,2,4,212420.0,403587.62,-21252.380000000005,1.1111714421092862,1,145000.0,1,True,False,False,False,0,0.8721679653548419,185265.9192006755,True,False,1,0.8116938141417945,1,True
100000002784085100,terminal,0.513,0.3899,B,False,19,0.2565,0.960836671117045,0.018691588785046728,0.0,0.7271918113039608,0.3333333333333333,0.0,"конечная точка в пределах выгрузки: получил 200 тыс от 1 плательщика, исходящих нет; доля seed-денег ~100%; вход в конце периода, мог переслать позже; связан с 1 seed",1.0,1,False,0.0,0,0,200000.0,1,1,1,200000.0,200000.0,200000.0,0.0,1,200000.0,1,False,True,False,False,0,1.0,200000.0,False,False,0,,1,True
100000002791494100,peripheral,0.3,0.1386,A,True,8,0.03,0.35024477080551847,0.018691588785046728,0.0,0.562082777036048,0.0,0.0,"обрыв выгрузки на последнем колене: получил 86 тыс от 1 плательщика, исходящие неизвестны",1.0,4,False,0.0,0,0,85860.0,1,1,1,85860.0,85860.0,85860.0,0.0,0,0.0,0,False,True,True,False,0,0.00236057430792627,202.67891007854954,False,False,0,,1,False
100000002793851100,peripheral,0.9,0.217,B,False,4,0.09000000000000001,0.6991544281263907,0.018691588785046728,0.0,0.105028927458834,0.3333333333333333,0.0,"выраженных признаков нет: 1 вх./0 исх., оборот 11 тыс; связан с 1 seed",1.0,1,False,0.0,0,0,11052.0,1,1,1,11052.0,11052.0,11052.0,0.0,1,11052.0,1,False,True,False,False,0,1.0,11052.0,False,False,0,,1,False
100000002793881100,terminal,0.306,0.3513,B,True,7,0.153,0.5723186470850022,0.9114374721851357,0.0,0.9216733422340899,0.0,0.0,"конечная точка в пределах выгрузки: получил 786 тыс от 3 плательщиков, исходящих нет; доля seed-денег ~0%; вход в конце периода, мог переслать позже",1.0,3,False,0.0,0,0,785600.0,3,3,3,785600.0,785600.0,785600.0,0.0,0,0.0,0,False,True,False,False,0,0.0027931116494055103,2194.268511772969,False,False,0,,3,True
100000002794197100,peripheral,0.9,0.2627,B,False,9,0.09000000000000001,0.8130841121495327,0.018691588785046728,0.0,0.33377837116154874,0.3333333333333333,0.0,"выраженных признаков нет: 1 вх./0 исх., оборот 30 тыс; связан с 1 seed",1.0,1,False,0.0,0,0,30100.0,1,1,1,30100.0,30100.0,30100.0,0.0,1,30100.0,1,False,True,False,False,0,1.0,30100.0,False,False,0,,1,False
100000002794374100,peripheral,0.3,0.0904,A,True,57,0.03,0.0778816199376947,0.018691588785046728,0.0,0.6248331108144193,0.0,0.0,"обрыв выгрузки на последнем колене: получил 111 тыс от 1 плательщика, исходящие неизвестны",1.0,4,False,0.0,0,0,111000.0,1,1,1,111000.0,111000.0,111000.0,0.0,0,0.0,0,False,True,True,False,0,7.617763988572997e-05,8.455718027316028,False,False,0,,1,True
100000002796853100,peripheral,0.6,0.3555,B,False,78,0.06,0.9546061415220294,0.018691588785046728,0.6915887850467289,0.7254116599910992,0.0,0.0,"выраженных признаков нет: 1 вх./1 исх., оборот 199 тыс; взаимные переводы с 1",1.0,2,False,46167.62,5,1,199000.0,8,1,1,199000.0,245167.62,152832.38,0.23199809045226133,0,0.0,0,False,True,False,False,0,0.8721679653548419,173561.42510561354,True,False,1,0.8916989872988904,1,False
100000002799941100,terminal,0.4,0.2855,B,True,20,0.2,0.6190476190476191,0.018691588785046728,0.0,0.8980863373386738,0.0,0.0,"конечная точка в пределах выгрузки: получил 600 тыс от 1 плательщика, исходящих нет; доля seed-денег ~1%",1.0,3,False,0.0,0,0,600000.0,1,1,1,600000.0,600000.0,600000.0,0.0,0,0.0,0,False,True,False,False,0,0.007418176197065083,4450.90571823905,False,False,0,,1,False
100000002807334100,peripheral,0.9,0.1266,B,True,5,0.09000000000000001,0.22785936804628393,0.018691588785046728,0.0,0.477080551846907,0.0,0.0,"выраженных признаков нет: 1 вх./0 исх., оборот 55 тыс",1.0,3,False,0.0,0,0,54715.0,1,1,1,54715.0,54715.0,54715.0,0.0,0,0.0,0,False,True,False,False,0,0.001195362041500349,65.4042341006916,False,False,0,,1,False
100000002809568100,peripheral,0.9,0.2113,B,False,2,0.09000000000000001,0.6880284824210058,0.018691588785046728,0.0,0.06987093902981753,0.3333333333333333,0.0,"выраженных признаков нет: 1 вх./0 исх., оборот 10 тыс; связан с 1 seed",1.0,1,False,0.0,0,0,10000.0,1,1,1,10000.0,10000.0,10000.0,0.0,1,10000.0,1,False,True,False,False,0,1.0,10000.0,False,False,0,,1,False
100000002809896100,peripheral,0.9,0.1496,B,True,8,0.09000000000000001,0.3934134401424121,0.018691588785046728,0.0,0.3751668891855808,0.0,0.0,"выраженных признаков нет: 1 вх./0 исх., оборот 38 тыс",1.0,3,False,0.0,0,0,38000.0,1,1,1,38000.0,38000.0,38000.0,0.0,0,0.0,0,False,True,False,False,0,0.007716123310628142,293.2126858038694,False,False,0,,1,False
100000002810870100,peripheral,0.9,0.2665,B,False,1,0.09000000000000001,0.8237650200267023,0.018691588785046728,0.0,0.3506898086337339,0.3333333333333333,0.0,"выраженных признаков нет: 1 вх./0 исх., оборот 34 тыс; связан с 1 seed",1.0,1,False,0.0,0,0,33677.0,1,1,1,33677.0,33677.0,33677.0,0.0,1,33677.0,1,False,True,False,False,1,1.0,33677.0,False,False,0,,1,False
100000002812641100,peripheral,0.9,0.2417,B,False,19,0.09000000000000001,0.6608811748998665,0.018691588785046728,0.6915887850467289,0.06987093902981753,0.0,0.0,"выраженных признаков нет: 1 вх./1 исх., оборот 10 тыс; взаимные переводы с 1",1.0,2,False,7023.95,1,1,10000.0,1,1,1,10000.0,17023.95,2976.05,0.702395,0,0.0,0,False,True,False,False,0,0.727486021394362,7274.860213943621,True,False,1,1.0,1,False
100000002815005100,terminal,0.263,0.2264,B,True,7,0.1315,0.45883400089007564,0.018691588785046728,0.0,0.8678237650200267,0.0,0.0,"конечная точка в пределах выгрузки: получил 476 тыс от 1 плательщика, исходящих нет; доля seed-денег ~0%; вход в конце периода, мог переслать позже",1.0,3,False,0.0,0,0,476500.0,1,1,1,476500.0,476500.0,476500.0,0.0,0,0.0,0,False,True,False,False,0,0.0011242617969656912,535.7107462541519,False,False,0,,1,True
100000002818726100,peripheral,0.9,0.1005,B,True,12,0.09000000000000001,0.2848242100578549,0.018691588785046728,0.0,0.10146862483311081,0.0,0.0,"выраженных признаков нет: 1 вх./0 исх., оборот 11 тыс",1.0,3,False,0.0,0,0,10879.0,1,1,1,10879.0,10879.0,10879.0,0.0,0,0.0,0,False,True,False,False,0,0.01080586935790613,117.55705274466078,False,False,0,,1,False
100000002820010100,peripheral,0.9,0.1971,B,False,14,0.09000000000000001,0.6591010235870048,0.018691588785046728,0.0,0.3186470850022252,0.0,0.0,"выраженных признаков нет: 1 вх./0 исх., оборот 30 тыс",1.0,2,False,0.0,0,0,30000.0,1,1,1,30000.0,30000.0,30000.0,0.0,0,0.0,0,False,True,False,False,0,0.2400064001706712,7200.192005120136,False,False,0,,1,True
100000002821425100,terminal,0.335,0.1891,B,True,11,0.1675,0.25055629728526924,0.018691588785046728,0.0,0.7846016911437472,0.0,0.0,"конечная точка в пределах выгрузки: получил 275 тыс от 1 плательщика, исходящих нет; доля seed-денег ~0%",1.0,3,False,0.0,0,0,275000.0,1,1,1,275000.0,275000.0,275000.0,0.0,0,0.0,0,False,True,False,False,0,0.0003207443319761952,88.20469129345368,False,False,0,,1,False
100000002822472100,terminal,0.333,0.2762,B,True,11,0.1665,0.29906542056074764,0.8019581664441477,0.0,0.778816199376947,0.0,0.0,"конечная точка в пределах выгрузки: получил 267 тыс от 2 плательщиков, исходящих нет; доля seed-денег ~0%",1.0,3,False,0.0,0,0,266722.0,2,2,2,266722.0,266722.0,266722.0,0.0,0,0.0,0,False,True,False,False,0,0.000495571471777951,132.17981409555864,False,False,0,,1,False
100000002824176100,terminal,0.715,0.4163,B,False,14,0.3575,0.9465954606141522,0.018691588785046728,0.0,0.6666666666666666,0.3333333333333333,0.0,"конечная точка в пределах выгрузки: получил 144 тыс от 1 плательщика, исходящих нет; доля seed-денег ~100%; связан с 1 seed",0.6666666666666666,1,False,0.0,0,0,144000.0,1,1,1,144000.0,144000.0,144000.0,0.0,1,144000.0,1,False,True,False,False,0,1.0,144000.0,False,False,0,,1,False
100000002826669100,terminal,0.312,0.2765,B,False,2,0.156,0.7570093457943925,0.018691588785046728,0.0,0.6858032932799288,0.0,0.0,"конечная точка в пределах выгрузки: получил 160 тыс от 1 плательщика, исходящих нет; доля seed-денег ~12%",1.0,2,False,0.0,0,0,159900.0,4,1,1,159900.0,159900.0,159900.0,0.0,0,0.0,0,False,True,False,False,0,0.1218948888795679,19490.992731842907,False,False,0,,1,False
100000002830055100,peripheral,0.9,0.2238,B,False,1,0.09000000000000001,0.7218513573653761,0.018691588785046728,0.0,0.1277258566978193,0.3333333333333333,0.0,"выраженных признаков нет: 1 вх./0 исх., оборот 14 тыс; связан с 1 seed",1.0,1,False,0.0,0,0,14000.0,1,1,1,14000.0,14000.0,14000.0,0.0,1,14000.0,1,False,True,False,False,1,1.0,14000.0,False,False,0,,1,False
100000002831727100,peripheral,0.9,0.2467,B,True,20,0.09000000000000001,0.4499332443257677,0.018691588785046728,0.6915887850467289,0.5416110369381397,0.0,0.0,"выраженных признаков нет: 1 вх./1 исх., оборот 77 тыс",1.0,2,False,77000.0,3,1,6000.0,1,1,2,77000.0,83000.0,-71000.0,12.833333333333334,0,0.0,0,True,False,False,False,0,0.00639396966669694,492.3356643356644,False,False,0,0.12987012987012986,1,False
100000002832753100,peripheral,0.3,0.1015,A,True,18,0.03,0.3871829105473965,0.018691588785046728,0.0,0.11659991099243436,0.0,0.0,"обрыв выгрузки на последнем колене: получил 12 тыс от 1 плательщика, исходящие неизвестны",1.0,4,False,0.0,0,0,12500.0,1,1,1,12500.0,12500.0,12500.0,0.0,0,0.0,0,False,True,True,False,0,0.022460989491465043,280.76236864331304,False,False,0,,1,False
100000002835874100,peripheral,0.3,0.0987,A,True,7,0.03,0.1855807743658211,0.018691588785046728,0.0,0.4917668001780151,0.0,0.0,"обрыв выгрузки на последнем колене: получил 59 тыс от 1 плательщика, исходящие неизвестны",1.0,4,False,0.0,0,0,58700.0,1,1,1,58700.0,58700.0,58700.0,0.0,0,0.0,0,False,True,True,False,0,0.0006623694689706608,38.88108782857779,False,False,0,,1,False
100000002836052100,peripheral,0.9,0.1825,B,False,3,0.09000000000000001,0.6764574988874055,0.018691588785046728,0.0,0.13840676457498888,0.0,0.0,"выраженных признаков нет: 1 вх./0 исх., оборот 15 тыс",1.0,2,False,0.0,0,0,15000.0,1,1,1,15000.0,15000.0,15000.0,0.0,0,0.0,0,False,True,False,False,0,0.5755274462803369,8632.911694205053,False,False,0,,1,False
100000002836736100,terminal,0.783,0.5343,B,False,14,0.3915,0.9781931464174455,0.8019581664441477,0.0,0.8811748998664887,0.3333333333333333,0.0,"конечная точка в пределах выгрузки: получил 509 тыс от 2 плательщиков, исходящих нет; доля seed-денег ~64%; связан с 1 seed",1.0,1,False,0.0,0,0,509000.0,2,2,2,509000.0,509000.0,509000.0,0.0,1,193000.0,1,False,True,False,False,0,0.6385418030997598,325017.77777777775,False,False,0,,2,False
100000002838519100,peripheral,0.9,0.1165,B,True,15,0.09000000000000001,0.205607476635514,0.018691588785046728,0.0,0.4205607476635514,0.0,0.0,"выраженных признаков нет: 1 вх./0 исх., оборот 47 тыс",1.0,3,False,0.0,0,0,46900.0,1,1,1,46900.0,46900.0,46900.0,0.0,0,0.0,0,False,True,False,False,0,0.0011056727811859502,51.856053437621064,False,False,0,,1,False
100000002838861100,consolidator,0.595,0.7074,B,False,19,0.5355,0.9857587894971073,0.9777481085892301,0.6915887850467289,0.8918558077436582,0.6666666666666666,0.0,"признаки консолидации: 5 плательщиков (из них seed: 2), получил 555 тыс; отдал дальше 2%; связан с 2 seed; взаимные переводы с 1; доля seed-денег ~73%",0.6666666666666666,1,False,10000.0,1,1,554523.95,5,5,5,554523.95,564523.95,544523.95,0.018033486200190272,2,397500.0,2,False,True,False,False,0,0.727486021394362,403408.4221533861,True,False,1,0.0,2,False
100000002842321100,terminal,0.312,0.1934,B,True,5,0.156,0.3413440142412105,0.018691588785046728,0.0,0.6862483311081442,0.0,0.0,"конечная точка в пределах выгрузки: получил 160 тыс от 1 плательщика, исходящих нет; доля seed-денег ~0%",1.0,3,False,0.0,0,0,160000.0,1,1,1,160000.0,160000.0,160000.0,0.0,0,0.0,0,False,True,False,False,0,0.0011953620415003489,191.2579266400558,False,False,0,,1,False
100000002842337100,peripheral,0.9,0.2384,B,False,9,0.09000000000000001,0.8050734312416555,0.018691588785046728,0.0,0.4401424121050289,0.0,0.0,"выраженных признаков нет: 1 вх./0 исх., оборот 50 тыс",1.0,2,False,0.0,0,0,50000.0,1,1,1,50000.0,50000.0,50000.0,0.0,0,0.0,0,False,True,False,False,0,0.5405405405405406,27027.02702702703,False,False,0,,1,False
100000002844652100,peripheral,0.9,0.2952,B,False,9,0.09000000000000001,0.8918558077436582,0.018691588785046728,0.0,0.5011125945705385,0.3333333333333333,0.0,"выраженных признаков нет: 1 вх./0 исх., оборот 61 тыс; связан с 1 seed",1.0,1,False,0.0,0,0,61360.0,1,1,1,61360.0,61360.0,61360.0,0.0,1,61360.0,1,False,True,False,False,0,1.0,61360.0,False,False,0,,1,False
100000002844897100,peripheral,0.9,0.2165,B,False,19,0.09000000000000001,0.69826435246996,0.018691588785046728,0.0,0.10102358700489542,0.3333333333333333,0.0,"выраженных признаков нет: 1 вх./0 исх., оборот 11 тыс; связан с 1 seed",1.0,1,False,0.0,0,0,10800.0,1,1,1,10800.0,10800.0,10800.0,0.0,1,10800.0,1,False,True,False,False,0,1.0,10800.0,False,False,0,,1,False
100000002845605100,peripheral,0.9,0.2933,B,False,2,0.09000000000000001,0.8887405429461505,0.018691588785046728,0.0,0.48820649755229195,0.3333333333333333,0.0,"выраженных признаков нет: 1 вх./0 исх., оборот 58 тыс; связан с 1 seed",1.0,1,False,0.0,0,0,57567.0,1,1,1,57567.0,57567.0,57567.0,0.0,1,57567.0,1,False,True,False,False,0,1.0,57567.0,False,False,0,,1,False
100000002847207100,peripheral,0.9,0.2806,B,False,3,0.09000000000000001,0.8611481975967957,0.018691588785046728,0.0,0.41700044503782824,0.3333333333333333,0.0,"выраженных признаков нет: 1 вх./0 исх., оборот 46 тыс; связан с 1 seed",1.0,1,False,0.0,0,0,46243.0,1,1,1,46243.0,46243.0,46243.0,0.0,1,46243.0,1,False,True,False,False,0,1.0,46243.0,False,False,0,,1,False
100000002849158100,peripheral,0.6,0.3812,B,True,7,0.06,0.522919448153093,0.9114374721851357,0.6915887850467289,0.9532710280373832,0.0,0.0,"выраженных признаков нет: 3 вх./1 исх., оборот 1.3 млн",1.0,3,False,1313000.0,3,1,723000.0,3,3,4,1313000.0,2036000.0,-590000.0,1.8160442600276625,0,0.0,0,True,False,False,False,0,0.000832583068843956,1093.1815693921142,False,False,0,0.5506473724295506,3,True
100000002852402100,peripheral,0.9,0.2203,B,False,18,0.09000000000000001,0.6955941255006676,0.018691588785046728,0.0,0.4779706275033378,0.0,0.0,"выраженных признаков нет: 1 вх./0 исх., оборот 55 тыс",1.0,2,False,0.0,0,0,55000.0,1,1,1,55000.0,55000.0,55000.0,0.0,0,0.0,0,False,True,False,False,0,0.18817235498826923,10349.479524354807,False,False,0,,1,True
100000002858835100,peripheral,0.9,0.2509,B,False,1,0.09000000000000001,0.7886070315976857,0.018691588785046728,0.0,0.2652425456163774,0.3333333333333333,0.0,"выраженных признаков нет: 1 вх./0 исх., оборот 24 тыс; связан с 1 seed",1.0,1,False,0.0,0,0,24400.0,1,1,1,24400.0,24400.0,24400.0,0.0,1,24400.0,1,False,True,False,False,1,1.0,24400.0,False,False,0,,1,False
100000002860934100,peripheral,0.3,0.1898,A,True,33,0.03,0.49354695149087674,0.018691588785046728,0.0,0.7872719181130396,0.0,0.0,"обрыв выгрузки на последнем колене: получил 280 тыс от 1 плательщика, исходящие неизвестны",1.0,4,False,0.0,0,0,279500.0,4,1,1,279500.0,279500.0,279500.0,0.0,0,0.0,0,False,True,True,False,0,0.0027633408312919207,772.3537623460918,False,False,0,,1,True
100000002861485100,peripheral,0.9,0.2604,B,False,4,0.09000000000000001,0.8099688473520249,0.018691588785046728,0.0,0.3168669336893636,0.3333333333333333,0.0,"выраженных признаков нет: 1 вх./0 исх., оборот 29 тыс; связан с 1 seed",1.0,1,False,0.0,0,0,29323.0,1,1,1,29323.0,29323.0,29323.0,0.0,1,29323.0,1,False,True,False,False,0,1.0,29323.0,False,False,0,,1,False
100000002862113100,peripheral,0.9,0.1176,B,True,15,0.09000000000000001,0.20738762794837562,0.018691588785046728,0.0,0.42768135291499776,0.0,0.0,"выраженных признаков нет: 1 вх./0 исх., оборот 47 тыс",1.0,3,False,0.0,0,0,47405.0,2,1,1,47405.0,47405.0,47405.0,0.0,0,0.0,0,False,True,False,False,0,0.0011056727811859502,52.41441819211997,False,False,0,,1,False
100000002863356100,peripheral,0.9,0.2419,B,True,1,0.09000000000000001,0.4939919893190921,0.018691588785046728,0.6915887850467289,0.4054294615042279,0.0,0.0,"выраженных признаков нет: 1 вх./1 исх., оборот 45 тыс",1.0,2,False,20000.0,1,1,45000.0,1,1,2,45000.0,65000.0,25000.0,0.4444444444444444,0,0.0,0,False,True,False,False,1,0.017185010363675823,773.325466365412,False,False,0,0.0,1,False
100000002864256100,terminal,0.712,0.4138,B,False,3,0.356,0.9434801958166444,0.018691588785046728,0.0,0.6533155318202047,0.3333333333333333,0.0,"конечная точка в пределах выгрузки: получил 136 тыс от 1 плательщика, исходящих нет; доля seed-денег ~100%; связан с 1 seed",0.6666666666666666,1,False,0.0,0,0,135780.0,1,1,1,135780.0,135780.0,135780.0,0.0,1,135780.0,1,False,True,False,False,0,1.0,135780.0,False,False,0,,1,False
100000002864680100,peripheral,0.9,0.2925,B,False,10,0.09000000000000001,0.8869603916332889,0.018691588785046728,0.0,0.48375611927013795,0.3333333333333333,0.0,"выраженных признаков нет: 1 вх./0 исх., оборот 56 тыс; связан с 1 seed",1.0,1,False,0.0,0,0,55932.0,1,1,1,55932.0,55932.0,55932.0,0.0,1,55932.0,1,False,True,False,False,0,1.0,55932.0,False,False,0,,1,False
100000002870463100,peripheral,0.6,0.4139,B,False,14,0.06,0.794392523364486,0.9114374721851357,0.6915887850467289,0.737427681352915,0.0,0.0,"выраженных признаков нет: 3 вх./1 исх., оборот 207 тыс; взаимные переводы с 1",1.0,2,False,10000.0,1,1,207000.0,4,3,3,207000.0,217000.0,197000.0,0.04830917874396135,0,0.0,0,False,True,False,False,0,0.12242979052011897,25342.966637664627,True,False,1,1.0,1,True
100000002870937100,peripheral,0.9,0.3052,B,False,9,0.09000000000000001,0.9141076991544281,0.018691588785046728,0.0,0.5567423230974633,0.3333333333333333,0.0,"выраженных признаков нет: 1 вх./0 исх., оборот 84 тыс; связан с 1 seed",0.6666666666666666,1,False,0.0,0,0,83700.0,1,1,1,83700.0,83700.0,83700.0,0.0,1,83700.0,1,False,True,False,False,0,1.0,83700.0,False,False,0,,1,False
100000002871199100,peripheral,0.9,0.0886,B,True,15,0.09000000000000001,0.15220293724966621,0.018691588785046728,0.0,0.24833110814419226,0.0,0.0,"выраженных признаков нет: 1 вх./0 исх., оборот 23 тыс",1.0,3,False,0.0,0,0,23186.0,1,1,1,23186.0,23186.0,23186.0,0.0,0,0.0,0,False,True,False,False,0,0.0011056727811859502,25.636129104577442,False,False,0,,1,False
100000002872399100,terminal,0.336,0.3383,B,True,9,0.168,0.9167779261237206,0.018691588785046728,0.0,0.9425901201602136,0.0,0.0,"конечная точка в пределах выгрузки: получил 1.1 млн от 1 плательщика, исходящих нет; доля seed-денег ~8%; вход в конце периода, мог переслать позже",1.0,3,False,0.0,0,0,1090000.0,9,1,1,1090000.0,1090000.0,1090000.0,0.0,0,0.0,0,False,True,False,False,0,0.08156762832521543,88908.71487448481,False,False,0,,1,True
100000002876914100,peripheral,0.3,0.0289,A,True,21,0.03,0.02848242100578549,0.018691588785046728,0.0,0.1081441922563418,0.0,0.0,"обрыв выгрузки на последнем колене: получил 12 тыс от 1 плательщика, исходящие неизвестны",1.0,4,False,0.0,0,0,12000.0,1,1,1,12000.0,12000.0,12000.0,0.0,0,0.0,0,False,True,True,False,0,4.8384941546121915e-05,0.580619298553463,False,False,0,,1,False
100000002877262100,terminal,0.3,0.1549,B,True,13,0.15,0.2064975522919448,0.018691588785046728,0.0,0.5927903871829105,0.0,0.0,"конечная точка в пределах выгрузки: получил 100 тыс от 1 плательщика, исходящих нет; доля seed-денег ~0%",0.6666666666666666,3,False,0.0,0,0,100000.0,1,1,1,100000.0,100000.0,100000.0,0.0,0,0.0,0,False,True,False,False,0,0.0005218969528553998,52.18969528553998,False,False,0,,1,False
100000002878467100,terminal,0.32,0.2896,B,True,13,0.16,0.40364931019136624,0.8019581664441477,0.0,0.7271918113039608,0.0,0.0,"конечная точка в пределах выгрузки: получил 200 тыс от 2 плательщиков, исходящих нет; доля seed-денег ~0%",1.0,3,False,0.0,0,0,200000.0,2,2,2,200000.0,200000.0,200000.0,0.0,0,0.0,0,False,True,False,False,0,0.001572660917580083,314.5321835160166,False,False,0,,1,False
100000002878483100,peripheral,0.3,0.0206,A,True,21,0.03,0.02358700489541611,0.018691588785046728,0.0,0.035603026257231864,0.0,0.0,"обрыв выгрузки на последнем колене: получил 6 тыс от 1 плательщика, исходящие неизвестны",1.0,4,False,0.0,0,0,6000.0,1,1,1,6000.0,6000.0,6000.0,0.0,0,0.0,0,False,True,True,False,0,4.8384941546121915e-05,0.2903096492767315,False,False,0,,1,False
100000002881669100,peripheral,0.9,0.2368,B,False,10,0.09000000000000001,0.7521139296840231,0.018691588785046728,0.0,0.19670672007120604,0.3333333333333333,0.0,"выраженных признаков нет: 1 вх./0 исх., оборот 19 тыс; связан с 1 seed",1.0,1,False,0.0,0,0,18600.0,1,1,1,18600.0,18600.0,18600.0,0.0,1,18600.0,1,False,True,False,False,0,1.0,18600.0,False,False,0,,1,False
100000002883402100,terminal,0.238,0.2866,B,True,7,0.119,0.3684913217623498,0.9114374721851357,0.0,0.8010680907877169,0.0,0.0,"конечная точка в пределах выгрузки: получил 300 тыс от 3 плательщиков, исходящих нет; доля seed-денег ~0%; вход в конце периода, мог переслать позже",1.0,3,False,0.0,0,0,300000.0,3,3,3,300000.0,300000.0,300000.0,0.0,0,0.0,0,False,True,False,False,0,0.0007835118343000578,235.05355029001734,False,False,0,,1,True
100000002884708100,peripheral,0.3,0.1599,A,True,13,0.03,0.2643524699599466,0.018691588785046728,0.0,0.9465954606141522,0.0,0.0,"обрыв выгрузки на последнем колене: получил 1.2 млн от 1 плательщика, исходящие неизвестны",1.0,4,False,0.0,0,0,1171644.0,2,1,1,1171644.0,1171644.0,1171644.0,0.0,0,0.0,0,False,True,True,False,0,8.75101783860167e-05,102.53077544490615,False,False,0,,1,True
100000002886166100,terminal,0.222,0.1999,B,True,28,0.111,0.4401424121050289,0.018691588785046728,0.0,0.7111704494882065,0.0,0.0,"конечная точка в пределах выгрузки: получил 185 тыс от 1 плательщика, исходящих нет; доля seed-денег ~0%; вход в конце периода, мог переслать позже",1.0,3,False,0.0,0,0,185000.0,3,1,1,185000.0,185000.0,185000.0,0.0,0,0.0,0,False,True,False,False,2,0.002357054273266704,436.0550405543402,False,False,0,,1,True
100000002890167100,terminal,0.706,0.4096,B,False,4,0.353,0.9376947040498442,0.018691588785046728,0.0,0.6328437917222964,0.3333333333333333,0.0,"конечная точка в пределах выгрузки: получил 118 тыс от 1 плательщика, исходящих нет; доля seed-денег ~100%; связан с 1 seed",0.6666666666666666,1,False,0.0,0,0,118150.0,1,1,1,118150.0,118150.0,118150.0,0.0,1,118150.0,1,False,True,False,False,0,1.0,118150.0,False,False,0,,1,False
100000002891765100,peripheral,0.9,0.1263,B,True,15,0.09000000000000001,0.22340898976412996,0.018691588785046728,0.0,0.48286604361370716,0.0,0.0,"выраженных признаков нет: 1 вх./0 исх., оборот 56 тыс",1.0,3,False,0.0,0,0,55576.0,1,1,1,55576.0,55576.0,55576.0,0.0,0,0.0,0,False,True,False,False,0,0.0011056727811859502,61.44887048719037,False,False,0,,1,False
100000002893020100,peripheral,0.9,0.1144,B,True,8,0.09000000000000001,0.30707610146862485,0.018691588785046728,0.0,0.19626168224299065,0.0,0.0,"выраженных признаков нет: 1 вх./0 исх., оборот 18 тыс",1.0,3,False,0.0,0,0,18340.0,1,1,1,18340.0,18340.0,18340.0,0.0,0,0.0,0,False,True,False,False,0,0.007716123310628142,141.51370151692012,False,False,0,,1,False
100000002894076100,terminal,0.977,0.6276,B,False,9,0.4885,0.9968847352024922,0.960836671117045,0.0,0.945260347129506,0.6666666666666666,0.0,"конечная точка в пределах выгрузки: получил 1.1 млн от 4 плательщиков, исходящих нет; доля seed-денег ~73%; связан с 2 seed",0.6666666666666666,1,False,0.0,0,0,1122782.0,6,4,4,1122782.0,1122782.0,1122782.0,0.0,2,821782.0,2,False,True,False,False,0,0.7323792159456606,822302.2008379006,False,False,0,,3,False
100000002896506100,peripheral,0.3,0.0988,A,True,5,0.03,0.22919448153093014,0.018691588785046728,0.0,0.4054294615042279,0.0,0.0,"обрыв выгрузки на последнем колене: получил 45 тыс от 1 плательщика, исходящие неизвестны",1.0,4,False,0.0,0,0,45000.0,1,1,1,45000.0,45000.0,45000.0,0.0,0,0.0,0,False,True,True,False,0,0.001470029767545267,66.15133953953702,False,False,0,,1,False
100000002901457100,peripheral,0.6,0.3176,B,True,2,0.06,0.6159323542501113,0.018691588785046728,0.894971072541166,0.8202047174009791,0.0,0.0,"выраженных признаков нет: 1 вх./3 исх., оборот 340 тыс",1.0,3,False,119000.0,3,3,340000.0,1,1,4,340000.0,459000.0,221000.0,0.35,0,0.0,0,False,True,False,False,0,0.0121304182237201,4124.342196064834,False,False,0,0.0,1,False
100000002904919100,peripheral,0.9,0.2308,B,True,2,0.09000000000000001,0.3916332888295505,0.018691588785046728,0.6915887850467289,0.4993324432576769,0.0,0.0,"выраженных признаков нет: 1 вх./1 исх., оборот 60 тыс",1.0,3,False,5500.0,1,1,60325.0,1,1,2,60325.0,65825.0,54825.0,0.09117281392457521,0,0.0,0,False,True,False,False,0,0.004849960600259524,292.5738732106558,False,False,0,0.0,1,False
100000002906470100,terminal,0.306,0.2218,B,True,20,0.153,0.5091232754784156,0.018691588785046728,0.0,0.645749888740543,0.0,0.0,"конечная точка в пределах выгрузки: получил 130 тыс от 1 плательщика, исходящих нет; доля seed-денег ~1%",0.6666666666666666,3,False,0.0,0,0,130000.0,1,1,1,130000.0,130000.0,130000.0,0.0,0,0.0,0,False,True,False,False,0,0.007418176197065082,964.3629056184607,False,False,0,,1,False
100000002908521100,peripheral,0.9,0.1061,B,True,1,0.09000000000000001,0.16199376947040497,0.018691588785046728,0.0,0.40364931019136624,0.0,0.0,"выраженных признаков нет: 1 вх./0 исх., оборот 44 тыс",1.0,3,False,0.0,0,0,44500.0,1,1,1,44500.0,44500.0,44500.0,0.0,0,0.0,0,False,True,False,False,1,0.0006645076819004414,29.570591844569645,False,False,0,,1,True
100000002911170100,terminal,0.34,0.2316,B,True,35,0.17,0.4508233199821985,0.018691588785046728,0.0,0.8010680907877169,0.0,0.0,"конечная точка в пределах выгрузки: получил 300 тыс от 1 плательщика, исходящих нет; доля seed-денег ~0%",1.0,2,False,0.0,0,0,300000.0,2,1,1,300000.0,300000.0,300000.0,0.0,0,0.0,0,False,True,False,False,0,0.0016500185893891888,495.0055768167566,False,False,0,,1,False
100000002913340100,peripheral,0.9,0.0818,B,True,1,0.09000000000000001,0.11570983533600356,0.018691588785046728,0.0,0.25278148642634624,0.0,0.0,"выраженных признаков нет: 1 вх./0 исх., оборот 24 тыс",1.0,3,False,0.0,0,0,23600.0,1,1,1,23600.0,23600.0,23600.0,0.0,0,0.0,0,False,True,False,False,1,0.0006645076819004414,15.682381292850417,False,False,0,,1,False
100000002914245100,terminal,0.308,0.2018,B,True,23,0.154,0.3991989319092123,0.018691588785046728,0.0,0.6622162883845126,0.0,0.0,"конечная точка в пределах выгрузки: получил 141 тыс от 1 плательщика, исходящих нет; доля seed-денег ~0%",0.6666666666666666,3,False,0.0,0,0,140611.0,1,1,1,140611.0,140611.0,140611.0,0.0,0,0.0,0,False,True,False,False,0,0.002156699082657562,303.25561471156243,False,False,0,,1,False
100000002916006100,peripheral,0.9,0.1431,B,False,22,0.09000000000000001,0.0,0.0,0.6915887850467289,0.3440142412105029,0.3333333333333333,0.0,"[seed] выраженных признаков нет: 0 вх./1 исх., оборот 32 тыс; связан ещё с 1 seed",1.0,0,True,32000.0,1,1,0.0,0,0,1,32000.0,32000.0,-32000.0,,1,0.0,0,False,False,False,False,0,1.0,0.0,False,False,0,0.0,0,False
100000002921047100,peripheral,0.6,0.4765,B,False,9,0.06,0.9550511793502447,0.8019581664441477,0.6915887850467289,0.8184245660881175,0.3333333333333333,0.0,"выраженных признаков нет: 2 вх./1 исх., оборот 338 тыс; связан с 1 seed",1.0,1,False,163000.02,1,1,338000.0,2,2,3,338000.0,501000.02,174999.98,0.48224857988165676,1,175000.0,1,False,True,False,False,0,0.5180709059865155,175107.96622344223,False,False,0,1.0,1,False
100000002922000100,peripheral,0.3,0.144,A,True,54,0.03,0.22874944370271474,0.018691588785046728,0.0,0.8589230084557188,0.0,0.0,"обрыв выгрузки на последнем колене: получил 448 тыс от 1 плательщика, исходящие неизвестны",1.0,4,False,0.0,0,0,448000.0,1,1,1,448000.0,448000.0,448000.0,0.0,0,0.0,0,False,True,True,False,0,0.0001469680474429353,65.84168525443502,False,False,0,,1,False
100000002926970100,peripheral,0.9,0.1847,B,True,8,0.09000000000000001,0.477080551846907,0.018691588785046728,0.0,0.5589675122385402,0.0,0.0,"выраженных признаков нет: 1 вх./0 исх., оборот 85 тыс",0.6666666666666666,3,False,0.0,0,0,85000.0,1,1,1,85000.0,85000.0,85000.0,0.0,0,0.0,0,False,True,False,False,0,0.007716123310628142,655.8704814033921,False,False,0,,1,False
100000002933386100,peripheral,0.9,0.2307,B,True,3,0.09000000000000001,0.3965287049399199,0.018691588785046728,0.6915887850467289,0.48909657320872274,0.0,0.0,"выраженных признаков нет: 1 вх./1 исх., оборот 58 тыс",1.0,3,False,58000.0,1,1,15000.0,1,1,2,58000.0,73000.0,-43000.0,3.8666666666666667,0,0.0,0,True,False,False,False,0,0.005157915794749411,299.15911609546583,False,False,0,0.0,1,False
100000002934441100,peripheral,0.9,0.362,B,False,2,0.09000000000000001,0.8348909657320872,0.8019581664441477,0.0,0.5002225189141077,0.3333333333333333,0.0,"выраженных признаков нет: 2 вх./0 исх., оборот 61 тыс; связан с 1 seed",1.0,1,False,0.0,0,0,60845.6,2,2,2,60845.6,60845.6,60845.6,0.0,1,36068.0,1,False,True,False,False,0,0.5930978898947842,36087.396969382076,False,False,0,,2,False
100000002936322100,terminal,0.306,0.3427,B,True,23,0.153,0.5838896306186026,0.8019581664441477,0.0,0.9221183800623053,0.0,0.0,"конечная точка в пределах выгрузки: получил 787 тыс от 2 плательщиков, исходящих нет; доля seed-денег ~0%; вход в конце периода, мог переслать позже",1.0,3,False,0.0,0,0,787133.0,2,2,2,787133.0,787133.0,787133.0,0.0,0,0.0,0,False,True,False,False,0,0.00322548809011123,2538.888116833523,False,False,0,,1,True
100000002938501100,peripheral,0.9,0.2764,B,False,4,0.09000000000000001,0.673787271918113,0.018691588785046728,0.6915887850467289,0.05740987983978638,0.3333333333333333,0.0,"выраженных признаков нет: 1 вх./1 исх., оборот 8 тыс; связан с 1 seed",1.0,1,False,5000.0,1,1,8395.0,1,1,2,8395.0,13395.0,3395.0,0.5955926146515783,1,8395.0,1,False,True,False,False,0,1.0,8395.0,False,False,0,0.0,1,False
100000002939838100,terminal,0.482,0.4889,B,False,4,0.241,0.9532710280373832,0.9114374721851357,0.0,0.8940809968847352,0.3333333333333333,0.0,"конечная точка в пределах выгрузки: получил 571 тыс от 3 плательщиков, исходящих нет; доля seed-денег ~29%; вход в конце периода, мог переслать позже; связан с 1 seed",1.0,1,False,0.0,0,0,571233.0,3,3,3,571233.0,571233.0,571233.0,0.0,1,93061.0,1,False,True,False,False,0,0.293055567529476,167403.01100656515,False,False,0,,1,True
100000002941114100,peripheral,0.6,0.4297,B,False,16,0.06,0.807743658210948,0.8019581664441477,0.6915887850467289,0.6448598130841121,0.3333333333333333,0.0,"выраженных признаков нет: 2 вх./1 исх., оборот 129 тыс; связан с 1 seed; взаимные переводы с 1",1.0,1,False,15000.0,1,1,128510.0,15,2,2,128510.0,143510.0,113510.0,0.11672243405182477,1,25000.0,1,False,True,False,False,0,0.22024491234252488,28303.673685137874,True,False,1,1.0,2,True
100000002943472100,terminal,0.314,0.1772,B,True,13,0.157,0.2514463729417,0.018691588785046728,0.0,0.7004895416110369,0.0,0.0,"конечная точка в пределах выгрузки: получил 170 тыс от 1 плательщика, исходящих нет; доля seed-денег ~0%",1.0,3,False,0.0,0,0,170000.0,1,1,1,170000.0,170000.0,170000.0,0.0,0,0.0,0,False,True,False,False,0,0.0005218969528553998,88.72248198541797,False,False,0,,1,False
100000002945031100,peripheral,0.9,0.1113,B,True,12,0.09000000000000001,0.3204272363150868,0.018691588785046728,0.0,0.13840676457498888,0.0,0.0,"выраженных признаков нет: 1 вх./0 исх., оборот 15 тыс",1.0,3,False,0.0,0,0,15000.0,1,1,1,15000.0,15000.0,15000.0,0.0,0,0.0,0,False,True,False,False,0,0.01080586935790613,162.08804036859195,False,False,0,,1,False
100000002945626100,terminal,0.278,0.3314,B,True,7,0.139,0.5104583889630618,0.9114374721851357,0.0,0.8954161103693814,0.0,0.0,"конечная точка в пределах выгрузки: получил 584 тыс от 3 плательщиков, исходящих нет; доля seed-денег ~0%; вход в конце периода, мог переслать позже",1.0,3,False,0.0,0,0,584000.0,3,3,3,584000.0,584000.0,584000.0,0.0,0,0.0,0,False,True,False,False,0,0.001663227693037856,971.3249727341079,False,False,0,,2,True
100000002947299100,peripheral,0.9,0.2318,B,False,3,0.09000000000000001,0.7125055629728527,0.018691588785046728,0.0,0.5589675122385402,0.0,0.0,"выраженных признаков нет: 1 вх./0 исх., оборот 85 тыс",0.6666666666666666,2,False,0.0,0,0,85000.0,1,1,1,85000.0,85000.0,85000.0,0.0,0,0.0,0,False,True,False,False,0,0.14897743662497684,12663.082113123031,False,False,0,,1,False
100000002948492100,peripheral,0.9,0.0898,B,True,15,0.09000000000000001,0.155318202047174,0.018691588785046728,0.0,0.25411659991099245,0.0,0.0,"выраженных признаков нет: 1 вх./0 исх., оборот 24 тыс",1.0,3,False,0.0,0,0,23660.0,1,1,1,23660.0,23660.0,23660.0,0.0,0,0.0,0,False,True,False,False,0,0.0011056727811859502,26.16021800285958,False,False,0,,1,False
100000002951898100,peripheral,0.9,0.1105,B,True,15,0.09000000000000001,0.19492656875834447,0.018691588785046728,0.0,0.38139741878059635,0.0,0.0,"выраженных признаков нет: 1 вх./0 исх., оборот 40 тыс",1.0,3,False,0.0,0,0,39990.0,1,1,1,39990.0,39990.0,39990.0,0.0,0,0.0,0,False,True,False,False,0,0.0011056727811859502,44.21585451962615,False,False,0,,1,False
100000002952631100,peripheral,0.9,0.2833,B,False,4,0.09000000000000001,0.8682688028482421,0.018691588785046728,0.0,0.42901646639964397,0.3333333333333333,0.0,"выраженных признаков нет: 1 вх./0 исх., оборот 48 тыс; связан с 1 seed",1.0,1,False,0.0,0,0,48050.0,1,1,1,48050.0,48050.0,48050.0,0.0,1,48050.0,1,False,True,False,False,0,1.0,48050.0,False,False,0,,1,False
100000002952756100,peripheral,0.9,0.1491,B,True,29,0.09000000000000001,0.367601246105919,0.018691588785046728,0.0,0.4218958611481976,0.0,0.0,"выраженных признаков нет: 1 вх./0 исх., оборот 47 тыс",1.0,3,False,0.0,0,0,47000.0,1,1,1,47000.0,47000.0,47000.0,0.0,0,0.0,0,False,True,False,False,0,0.004926705902397099,231.55517741266365,False,False,0,,1,False
100000002954780100,terminal,0.215,0.1698,B,True,7,0.1075,0.32621272808188695,0.018691588785046728,0.0,0.650200267022697,0.0,0.0,"конечная точка в пределах выгрузки: получил 133 тыс от 1 плательщика, исходящих нет; доля seed-денег ~0%; вход в конце периода, мог переслать позже",0.6666666666666666,3,False,0.0,0,0,133400.0,1,1,1,133400.0,133400.0,133400.0,0.0,0,0.0,0,False,True,False,False,0,0.0012607416858070673,168.18294088666278,False,False,0,,1,True
100000002956769100,terminal,0.314,0.3451,B,True,11,0.157,0.5313751668891856,0.9114374721851357,0.0,0.9270137961726747,0.0,0.0,"конечная точка в пределах выгрузки: получил 840 тыс от 3 плательщиков, исходящих нет; доля seed-денег ~0%; вход в конце периода, мог переслать позже",1.0,3,False,0.0,0,0,840000.0,3,3,3,840000.0,840000.0,840000.0,0.0,0,0.0,0,False,True,False,False,0,0.001459107149574624,1225.6500056426842,False,False,0,,3,True
100000002956779100,terminal,0.362,0.2719,B,True,3,0.181,0.6097018246550957,0.018691588785046728,0.0,0.8477970627503337,0.0,0.0,"конечная точка в пределах выгрузки: получил 411 тыс от 1 плательщика, исходящих нет; доля seed-денег ~1%",1.0,3,False,0.0,0,0,411000.0,1,1,1,411000.0,411000.0,411000.0,0.0,0,0.0,0,False,True,False,False,0,0.008864757237276772,3643.4152245207533,False,False,0,,1,False
100000002956898100,terminal,0.237,0.3326,B,True,18,0.1185,0.6564307966177125,0.8019581664441477,0.0,0.7961726746773475,0.0,0.0,"конечная точка в пределах выгрузки: получил 290 тыс от 2 плательщиков, исходящих нет; доля seed-денег ~2%; вход в конце периода, мог переслать позже",1.0,2,False,0.0,0,0,290240.0,2,2,2,290240.0,290240.0,290240.0,0.0,0,0.0,0,False,True,False,False,0,0.02431082589562647,7055.974107946627,False,False,0,,1,True
100000002957306100,terminal,0.799,0.568,B,False,16,0.3995,0.9848687138406764,0.8019581664441477,0.0,0.8437917222963952,0.6666666666666666,0.0,"конечная точка в пределах выгрузки: получил 398 тыс от 2 плательщиков, исходящих нет; доля seed-денег ~100%; связан с 2 seed",1.0,1,False,0.0,0,0,398490.0,2,2,2,398490.0,398490.0,398490.0,0.0,2,398490.0,2,False,True,False,False,0,1.0,398490.0,False,False,0,,1,False
100000002957787100,distributor,0.555,0.5989,B,True,2,0.44400000000000006,0.5144637294170005,0.960836671117045,0.9942145082331998,0.9514908767245216,0.0,1.0,"веерная рассылка: 34 получателя, отправил 1.3 млн; видимый вход 85 тыс, источник вне выгрузки; участвует в круговых потоках (3+ участника); связь с seed-деньгами слабая, возможна легальная активность",1.0,2,False,1276153.96,41,34,84956.0,7,4,37,1276153.96,1361109.96,-1191197.96,15.02135175855737,0,0.0,0,True,False,False,False,0,0.0007828429461319701,999.0281257643803,True,True,1,0.7551235902602222,2,False
100000002958139100,terminal,0.322,0.2058,B,True,7,0.161,0.3689363595905652,0.018691588785046728,0.0,0.7378727191811304,0.0,0.0,"конечная точка в пределах выгрузки: получил 210 тыс от 1 плательщика, исходящих нет; доля seed-денег ~0%",1.0,3,False,0.0,0,0,209500.0,2,1,1,209500.0,209500.0,209500.0,0.0,0,0.0,0,False,True,False,False,0,0.0011242617969656912,235.5328464643123,False,False,0,,1,False
100000002958286100,terminal,0.752,0.4386,B,False,19,0.376,0.9728526924788607,0.018691588785046728,0.0,0.7725856697819314,0.3333333333333333,0.0,"конечная точка в пределах выгрузки: получил 257 тыс от 1 плательщика, исходящих нет; доля seed-денег ~100%; связан с 1 seed",1.0,1,False,0.0,0,0,257000.0,1,1,1,257000.0,257000.0,257000.0,0.0,1,257000.0,1,False,True,False,False,0,1.0,257000.0,False,False,0,,1,False
100000002958343100,peripheral,0.6,0.3986,B,True,9,0.06,0.9688473520249221,0.018691588785046728,0.833555852247441,0.9857587894971073,0.0,0.0,"выраженных признаков нет: 1 вх./2 исх., оборот 2.9 млн; взаимные переводы с 1",1.0,2,False,1390000.0,17,2,2900000.0,4,1,2,2900000.0,4290000.0,1510000.0,0.4793103448275862,0,0.0,0,False,True,False,False,0,0.08156762832521543,236546.12214312472,True,False,1,0.1079136690647482,1,False
100000002958345100,terminal,0.341,0.1946,B,True,11,0.1705,0.260347129506008,0.018691588785046728,0.0,0.8099688473520249,0.0,0.0,"конечная точка в пределах выгрузки: получил 307 тыс от 1 плательщика, исходящих нет; доля seed-денег ~0%",1.0,3,False,0.0,0,0,307000.0,1,1,1,307000.0,307000.0,307000.0,0.0,0,0.0,0,False,True,False,False,0,0.0003207443319761952,98.46850991669193,False,False,0,,1,False
100000002963189100,peripheral,0.6,0.3107,B,True,15,0.06,0.4606141522029373,0.018691588785046728,0.960836671117045,0.9964396973742768,0.0,0.0,"выраженных признаков нет: 1 вх./7 исх., оборот 5.2 млн; взаимные переводы с 1",1.0,3,False,5219000.0,15,7,490000.0,3,1,7,5219000.0,5709000.0,-4729000.0,10.651020408163266,0,0.0,0,True,False,False,False,0,0.00010380909422899321,541.7796627811156,True,False,1,0.0,1,False
100000002964966100,terminal,0.32,0.2917,B,False,3,0.16,0.8055184690698709,0.018691588785046728,0.0,0.7271918113039608,0.0,0.0,"конечная точка в пределах выгрузки: получил 200 тыс от 1 плательщика, исходящих нет; доля seed-денег ~14%",1.0,2,False,0.0,0,0,200000.0,1,1,1,200000.0,200000.0,200000.0,0.0,0,0.0,0,False,True,False,False,0,0.13578708805921993,27157.417611843986,False,False,0,,1,False
100000002968096100,peripheral,0.3,0.0948,A,True,6,0.03,0.1526479750778816,0.018691588785046728,0.0,0.5189141076991545,0.0,0.0,"обрыв выгрузки на последнем колене: получил 70 тыс от 1 плательщика, исходящие неизвестны",1.0,4,False,0.0,0,0,70000.0,1,1,1,70000.0,70000.0,70000.0,0.0,0,0.0,0,False,True,True,False,0,0.00036632830054888224,25.642981038421755,False,False,0,,1,True
100000002969048100,terminal,0.361,0.2869,B,False,14,0.1805,0.7997329773030708,0.018691588785046728,0.0,0.6190476190476191,0.0,0.0,"конечная точка в пределах выгрузки: получил 108 тыс от 1 плательщика, исходящих нет; доля seed-денег ~24%; вход в конце периода, мог переслать позже",0.6666666666666666,2,False,0.0,0,0,108470.0,1,1,1,108470.0,108470.0,108470.0,0.0,0,0.0,0,False,True,False,False,0,0.2400064001706712,26033.494226512707,False,False,0,,1,True
100000002970466100,peripheral,0.6,0.1916,B,True,2,0.06,0.1375166889185581,0.018691588785046728,0.833555852247441,0.5789942145082332,0.0,0.0,"выраженных признаков нет: 1 вх./2 исх., оборот 93 тыс",1.0,3,False,93000.0,3,2,23317.0,1,1,3,93000.0,116317.0,-69683.0,3.9885062400823434,0,0.0,0,True,False,False,False,0,0.00021222044798804095,19.736501662887807,False,False,0,0.43010752688172044,1,False
100000002971593100,peripheral,0.3,0.0996,A,True,5,0.03,0.21806853582554517,0.018691588785046728,0.0,0.43613707165109034,0.0,0.0,"обрыв выгрузки на последнем колене: получил 49 тыс от 1 плательщика, исходящие неизвестны",1.0,4,False,0.0,0,0,49050.0,1,1,1,49050.0,49050.0,49050.0,0.0,0,0.0,0,False,True,True,False,0,0.0011953620415003489,58.63250813559211,False,False,0,,1,False
100000002973903100,peripheral,0.6,0.3742,B,False,10,0.06,0.8544726301735648,0.9114374721851357,0.0,0.5781041388518025,0.3333333333333333,0.0,"выраженных признаков нет: 3 вх./0 исх., оборот 93 тыс; связан с 1 seed",0.6666666666666666,1,False,0.0,0,0,92880.0,3,3,3,92880.0,92880.0,92880.0,0.0,1,42680.0,1,False,True,False,False,0,0.46807165624445607,43474.49543198508,False,False,0,,1,False
100000002974256100,peripheral,0.9,0.1701,B,False,10,0.09000000000000001,0.6586559857587895,0.018691588785046728,0.0,0.05028927458834001,0.0,0.0,"выраженных признаков нет: 1 вх./0 исх., оборот 7 тыс",1.0,2,False,0.0,0,0,7200.0,1,1,1,7200.0,7200.0,7200.0,0.0,0,0.0,0,False,True,False,False,0,1.0,7200.0,False,False,0,,1,False
100000002975287100,peripheral,0.9,0.0901,B,True,17,0.09000000000000001,0.21450823319982198,0.018691588785046728,0.0,0.13840676457498888,0.0,0.0,"выраженных признаков нет: 1 вх./0 исх., оборот 15 тыс",1.0,3,False,0.0,0,0,15000.0,1,1,1,15000.0,15000.0,15000.0,0.0,0,0.0,0,False,True,False,False,0,0.003759829013807918,56.39743520711877,False,False,0,,1,False
100000002975437100,peripheral,0.6,0.2969,B,True,37,0.06,0.5812194036493102,0.018691588785046728,0.6915887850467289,0.8865153538050734,0.0,0.0,"выраженных признаков нет: 1 вх./1 исх., оборот 530 тыс; взаимные переводы с 1",1.0,3,False,8500.0,1,1,530000.0,2,1,1,530000.0,538500.0,521500.0,0.016037735849056604,0,0.0,0,False,True,False,False,0,0.004597404285942743,2436.6242715496537,True,False,1,0.0,1,False
100000002981489100,peripheral,0.3,0.0318,A,True,5,0.03,0.06230529595015576,0.018691588785046728,0.0,0.06987093902981753,0.0,0.0,"обрыв выгрузки на последнем колене: получил 10 тыс от 1 плательщика, исходящие неизвестны",1.0,4,False,0.0,0,0,10000.0,1,1,1,10000.0,10000.0,10000.0,0.0,0,0.0,0,False,True,True,False,0,0.0005591587629772298,5.591587629772298,False,False,0,,1,False
100000002981527100,terminal,0.723,0.4222,B,False,19,0.3615,0.9537160658655985,0.018691588785046728,0.0,0.6973742768135291,0.3333333333333333,0.0,"конечная точка в пределах выгрузки: получил 168 тыс от 1 плательщика, исходящих нет; доля seed-денег ~100%; связан с 1 seed",1.0,1,False,0.0,0,0,168000.0,1,1,1,168000.0,168000.0,168000.0,0.0,1,168000.0,1,False,True,False,False,0,1.0,168000.0,False,False,0,,1,False
100000002982252100,peripheral,0.9,0.2427,B,False,1,0.09000000000000001,0.7659101023587005,0.018691588785046728,0.0,0.22830440587449932,0.3333333333333333,0.0,"выраженных признаков нет: 1 вх./0 исх., оборот 20 тыс; связан с 1 seed",1.0,1,False,0.0,0,0,20320.0,1,1,1,20320.0,20320.0,20320.0,0.0,1,20320.0,1,False,True,False,False,1,1.0,20320.0,False,False,0,,1,False
100000002983426100,peripheral,0.9,0.1866,B,True,8,0.09000000000000001,0.48286604361370716,0.018691588785046728,0.0,0.566533155318202,0.0,0.0,"выраженных признаков нет: 1 вх./0 исх., оборот 89 тыс",0.6666666666666666,3,False,0.0,0,0,88945.0,1,1,1,88945.0,88945.0,88945.0,0.0,0,0.0,0,False,True,False,False,0,0.007716123310628143,686.3105878638202,False,False,0,,1,False
100000002983879100,terminal,0.32,0.358,B,True,3,0.16,0.7423230974632844,0.8019581664441477,0.0,0.7338673787271918,0.0,0.0,"конечная точка в пределах выгрузки: получил 200 тыс от 2 плательщиков, исходящих нет; доля seed-денег ~9%",1.0,2,False,0.0,0,0,200050.0,2,2,2,200050.0,200050.0,200050.0,0.0,0,0.0,0,False,True,False,False,0,0.0854839634410238,17101.06688637681,False,False,0,,1,False
100000002984403100,peripheral,0.9,0.2143,B,True,30,0.09000000000000001,0.4250111259457054,0.018691588785046728,0.6915887850467289,0.2674677347574544,0.0,0.0,"выраженных признаков нет: 1 вх./1 исх., оборот 25 тыс",1.0,3,False,25000.0,1,1,20000.0,1,1,2,25000.0,45000.0,-5000.0,1.25,0,0.0,0,True,False,False,False,0,0.015305918525351767,382.6479631337942,False,False,0,0.0,1,False
100000002986245100,peripheral,0.3,0.0204,A,True,21,0.03,0.023141967067200713,0.018691588785046728,0.0,0.03426791277258567,0.0,0.0,"обрыв выгрузки на последнем колене: получил 6 тыс от 1 плательщика, исходящие неизвестны",1.0,4,False,0.0,0,0,5750.0,1,1,1,5750.0,5750.0,5750.0,0.0,0,0.0,0,False,True,True,False,0,4.838494154612191e-05,0.278213413890201,False,False,0,,1,False
100000002988894100,peripheral,0.6,0.4221,B,False,3,0.06,0.9773030707610146,0.018691588785046728,0.894971072541166,0.8090787716955942,0.3333333333333333,0.0,"выраженных признаков нет: 1 вх./3 исх., оборот 306 тыс; связан с 1 seed",1.0,1,False,77500.0,3,3,306121.0,1,1,4,306121.0,383621.0,228621.0,0.25316786499456095,1,306121.0,1,False,True,False,False,0,1.0,306121.0,False,False,0,0.3741935483870968,1,False
100000002989353100,peripheral,0.6,0.2576,B,True,11,0.06,0.3190921228304406,0.018691588785046728,0.833555852247441,0.8758344459279038,0.0,0.0,"выраженных признаков нет: 1 вх./2 исх., оборот 500 тыс",1.0,3,False,321160.0,2,2,500000.0,2,1,3,500000.0,821160.0,178840.0,0.64232,0,0.0,0,False,True,False,False,0,0.0003207443319761952,160.3721659880976,False,False,0,0.9341138373396438,1,False
100000002990675100,peripheral,0.9,0.1239,B,True,5,0.09000000000000001,0.22251891410769917,0.018691588785046728,0.0,0.4606141522029373,0.0,0.0,"выраженных признаков нет: 1 вх./0 исх., оборот 51 тыс",1.0,3,False,0.0,0,0,51143.0,1,1,1,51143.0,51143.0,51143.0,0.0,0,0.0,0,False,True,False,False,0,0.0011953620415003489,61.13440088845234,False,False,0,,1,False
100000002991079100,peripheral,0.6,0.4478,B,False,4,0.06,0.8851802403204272,0.8019581664441477,0.6915887850467289,0.6706720071206053,0.3333333333333333,0.0,"выраженных признаков нет: 2 вх./1 исх., оборот 149 тыс; связан с 1 seed",1.0,1,False,11000.0,1,1,148900.0,3,2,3,148900.0,159900.0,137900.0,0.07387508394895903,1,51700.0,1,False,True,False,False,0,0.3685514427050622,54877.30981878376,False,False,0,1.0,1,False
100000002992171100,peripheral,0.9,0.2257,B,False,1,0.09000000000000001,0.7271918113039608,0.018691588785046728,0.0,0.1352914997774811,0.3333333333333333,0.0,"выраженных признаков нет: 1 вх./0 исх., оборот 15 тыс; связан с 1 seed",1.0,1,False,0.0,0,0,14627.0,1,1,1,14627.0,14627.0,14627.0,0.0,1,14627.0,1,False,True,False,False,1,1.0,14627.0,False,False,0,,1,False
100000002994441100,peripheral,0.3,0.0474,A,True,6,0.03,0.17089452603471295,0.018691588785046728,0.0,0.008455718736092568,0.0,0.0,"обрыв выгрузки на последнем колене: получил 5 тыс от 1 плательщика, исходящие неизвестны",1.0,4,False,0.0,0,0,5000.0,1,1,1,5000.0,5000.0,5000.0,0.0,0,0.0,0,False,True,True,False,0,0.006651503710631662,33.257518553158306,False,False,0,,1,False
100000002999140100,peripheral,0.3,0.0334,A,True,10,0.03,0.07031597685803294,0.018691588785046728,0.0,0.06987093902981753,0.0,0.0,"обрыв выгрузки на последнем колене: получил 10 тыс от 1 плательщика, исходящие неизвестны",1.0,4,False,0.0,0,0,10000.0,2,1,1,10000.0,10000.0,10000.0,0.0,0,0.0,0,False,True,True,False,0,0.0007106107656919252,7.106107656919252,False,False,0,,1,False
100000003001138100,peripheral,0.3,0.0936,A,True,33,0.03,0.24699599465954605,0.018691588785046728,0.0,0.3186470850022252,0.0,0.0,"обрыв выгрузки на последнем колене: получил 30 тыс от 1 плательщика, исходящие неизвестны",1.0,4,False,0.0,0,0,30000.0,1,1,1,30000.0,30000.0,30000.0,0.0,0,0.0,0,False,True,True,False,0,0.0027633408312919207,82.90022493875762,False,False,0,,1,False
100000003001564100,peripheral,0.6,0.3526,B,False,4,0.06,0.783266577659101,0.018691588785046728,0.6915887850467289,0.7058299955496217,0.3333333333333333,0.0,"выраженных признаков нет: 1 вх./1 исх., оборот 180 тыс; связан с 1 seed",1.0,1,False,180000.0,1,1,23520.0,1,1,2,180000.0,203520.0,-156480.0,7.653061224489796,1,23520.0,1,True,False,False,False,0,0.13066666666666665,23520.0,False,False,0,0.0,1,False
100000003001661100,peripheral,0.6,0.3089,B,True,33,0.06,0.5304850912327548,0.018691588785046728,0.9421450823319982,0.8566978193146417,0.0,0.0,"выраженных признаков нет: 1 вх./5 исх., оборот 440 тыс; взаимные переводы с 1",1.0,3,False,439500.0,8,5,110000.0,1,1,5,439500.0,549500.0,-329500.0,3.9954545454545456,0,0.0,0,True,False,False,False,0,0.0027633408312919207,1214.4882953527992,True,False,1,0.0,1,False
100000003003821100,peripheral,0.9,0.2405,B,False,3,0.09000000000000001,0.8446817979528259,0.018691588785046728,0.0,0.3818424566088118,0.0,0.0,"выраженных признаков нет: 1 вх./0 исх., оборот 40 тыс",1.0,2,False,0.0,0,0,40000.0,1,1,1,40000.0,40000.0,40000.0,0.0,0,0.0,0,False,True,False,False,0,1.0,40000.0,False,False,0,,1,False
100000003004487100,transit,0.712,0.6387,C,False,37,0.49839999999999995,0.8687138406764575,0.960836671117045,0.833555852247441,0.7774810858923008,0.3333333333333333,0.0,"признаки транзита: получил 184 тыс, отправил 265 тыс; 92% отправлено в течение 2 дней после входа; связан с 1 seed; взаимные переводы с 1",1.0,1,False,265015.0,3,2,183702.8,9,4,5,265015.0,448717.8,-81312.20000000001,1.4426290726107605,1,47967.0,1,True,False,False,False,0,0.1830557659342394,48512.523809062455,True,False,1,0.9245325736279079,2,True
100000003005167100,peripheral,0.3,0.022,A,True,21,0.03,0.025367156208277702,0.018691588785046728,0.0,0.045838896306186025,0.0,0.0,"обрыв выгрузки на последнем колене: получил 7 тыс от 1 плательщика, исходящие неизвестны",1.0,4,False,0.0,0,0,7000.0,1,1,1,7000.0,7000.0,7000.0,0.0,0,0.0,0,False,True,True,False,0,4.838494154612191e-05,0.33869459082285336,False,False,0,,1,False
100000003006633100,peripheral,0.9,0.0737,B,True,42,0.09000000000000001,0.16688918558077437,0.018691588785046728,0.0,0.06987093902981753,0.0,0.0,"выраженных признаков нет: 1 вх./0 исх., оборот 10 тыс",1.0,3,False,0.0,0,0,10000.0,1,1,1,10000.0,10000.0,10000.0,0.0,0,0.0,0,False,True,False,False,0,0.003206223014142239,32.06223014142239,False,False,0,,1,False
100000003009900100,peripheral,0.9,0.1076,B,True,8,0.09000000000000001,0.2901646639964397,0.018691588785046728,0.0,0.16154873164218958,0.0,0.0,"выраженных признаков нет: 1 вх./0 исх., оборот 16 тыс",1.0,3,False,0.0,0,0,15998.0,1,1,1,15998.0,15998.0,15998.0,0.0,0,0.0,0,False,True,False,False,0,0.007716123310628142,123.44254072342902,False,False,0,,1,False
100000003010908100,peripheral,0.3,0.0778,A,True,8,0.03,0.2416555407209613,0.018691588785046728,0.0,0.17133956386292834,0.0,0.0,"обрыв выгрузки на последнем колене: получил 17 тыс от 1 плательщика, исходящие неизвестны",1.0,4,False,0.0,0,0,17000.0,1,1,1,17000.0,17000.0,17000.0,0.0,0,0.0,0,False,True,True,False,0,0.004491301556015149,76.35212645225754,False,False,0,,1,False
100000003014659100,terminal,0.76,0.4418,B,False,16,0.38,0.9741878059635068,0.018691588785046728,0.0,0.787716955941255,0.3333333333333333,0.0,"конечная точка в пределах выгрузки: получил 280 тыс от 1 плательщика, исходящих нет; доля seed-денег ~100%; связан с 1 seed",1.0,1,False,0.0,0,0,280000.0,1,1,1,280000.0,280000.0,280000.0,0.0,1,280000.0,1,False,True,False,False,0,1.0,280000.0,False,False,0,,1,False
100000003016438100,peripheral,0.6,0.2665,B,True,13,0.06,0.4717400979083222,0.018691588785046728,0.6915887850467289,0.8010680907877169,0.0,0.0,"выраженных признаков нет: 1 вх./1 исх., оборот 300 тыс",1.0,3,False,300000.0,3,1,200000.0,1,1,2,300000.0,500000.0,-100000.0,1.5,0,0.0,0,True,False,False,False,0,0.0020912451520467535,627.373545614026,False,False,0,0.6666666666666666,1,False
100000003016635100,coordinator,0.76,0.6813,B,False,4,0.76,0.9323542501112595,0.9928793947485536,0.9982198486871384,0.9991099243435692,0.0,1.0,[seed] признаки координации: 8 плательщиков и 73 получателя; участвует в круговых потоках (3+ участника); доля seed-денег ~100%,1.0,0,True,9414081.0,151,73,586981.0,36,8,75,9414081.0,10001062.0,-8827100.0,16.038135817002594,0,0.0,0,False,False,False,False,0,1.0,106066.21256168254,True,True,6,0.9350810769527053,3,False
100000003016773100,peripheral,0.9,0.194,B,True,13,0.09000000000000001,0.5932354250111259,0.018691588785046728,0.0,0.420115709835336,0.0,0.0,"выраженных признаков нет: 1 вх./0 исх., оборот 47 тыс",1.0,2,False,0.0,0,0,46555.0,1,1,1,46555.0,46555.0,46555.0,0.0,0,0.0,0,False,True,False,False,0,0.062483672409429536,2908.927369020992,False,False,0,,1,False
100000003022835100,terminal,0.708,0.4112,B,False,3,0.354,0.9399198931909212,0.018691588785046728,0.0,0.6408544726301736,0.3333333333333333,0.0,"конечная точка в пределах выгрузки: получил 125 тыс от 1 плательщика, исходящих нет; доля seed-денег ~100%; связан с 1 seed",0.6666666666666666,1,False,0.0,0,0,125000.0,1,1,1,125000.0,125000.0,125000.0,0.0,1,125000.0,1,False,True,False,False,0,1.0,125000.0,False,False,0,,1,False
100000003024542100,peripheral,0.9,0.1741,B,False,3,0.09000000000000001,0.6746773475745438,0.018691588785046728,0.0,0.05829995549621718,0.0,0.0,"выраженных признаков нет: 1 вх./0 исх., оборот 8 тыс",1.0,2,False,0.0,0,0,8500.0,1,1,1,8500.0,8500.0,8500.0,0.0,0,0.0,0,False,True,False,False,0,1.0,8500.0,False,False,0,,1,False
100000003025903100,peripheral,0.3,0.1895,A,True,5,0.03,0.465954606141522,0.018691588785046728,0.0,0.8397863818424566,0.0,0.0,"обрыв выгрузки на последнем колене: получил 386 тыс от 1 плательщика, исходящие неизвестны",1.0,4,False,0.0,0,0,386300.0,6,1,1,386300.0,386300.0,386300.0,0.0,0,0.0,0,False,True,True,False,0,0.001470029767545267,567.8724992027367,False,False,0,,1,True
100000003031003100,terminal,0.235,0.2719,B,True,11,0.1175,0.30351579884290164,0.9114374721851357,0.0,0.7894971072541166,0.0,0.0,"конечная точка в пределах выгрузки: получил 280 тыс от 3 плательщиков, исходящих нет; доля seed-денег ~0%; вход в конце периода, мог переслать позже",1.0,3,False,0.0,0,0,280090.0,3,3,3,280090.0,280090.0,280090.0,0.0,0,0.0,0,False,True,False,False,0,0.0004899359017314115,137.22614671595105,False,False,0,,2,True
100000003031633100,terminal,0.363,0.2393,B,True,7,0.1815,0.4454828660436137,0.018691588785046728,0.0,0.8482421005785492,0.0,0.0,"конечная точка в пределах выгрузки: получил 414 тыс от 1 плательщика, исходящих нет; доля seed-денег ~0%",1.0,3,False,0.0,0,0,414000.0,2,1,1,414000.0,414000.0,414000.0,0.0,0,0.0,0,False,True,False,False,0,0.0011242617969656912,465.4443839437962,False,False,0,,1,False
100000003031761100,terminal,0.372,0.2562,B,True,23,0.186,0.5131286159323543,0.018691588785046728,0.0,0.8655985758789497,0.0,0.0,"конечная точка в пределах выгрузки: получил 460 тыс от 1 плательщика, исходящих нет; доля seed-денег ~0%",1.0,3,False,0.0,0,0,460408.0,1,1,1,460408.0,460408.0,460408.0,0.0,0,0.0,0,False,True,False,False,0,0.002156699082657562,992.9615112482028,False,False,0,,1,False
100000003031890100,terminal,0.226,0.2354,B,True,28,0.113,0.5994659546061415,0.018691588785046728,0.0,0.7405429461504228,0.0,0.0,"конечная точка в пределах выгрузки: получил 215 тыс от 1 плательщика, исходящих нет; доля seed-денег ~2%; вход в конце периода, мог переслать позже",1.0,2,False,0.0,0,0,215000.0,10,1,1,215000.0,215000.0,215000.0,0.0,0,0.0,0,False,True,False,False,2,0.015190503021668748,3265.9581496587807,False,False,0,,1,True
100000003034546100,terminal,0.264,0.3125,B,False,19,0.132,0.886070315976858,0.018691588785046728,0.0,0.8722741433021807,0.0,0.0,"конечная точка в пределах выгрузки: получил 487 тыс от 1 плательщика, исходящих нет; доля seed-денег ~11%; вход в конце периода, мог переслать позже",1.0,2,False,0.0,0,0,486715.0,2,1,1,486715.0,486715.0,486715.0,0.0,0,0.0,0,False,True,False,False,0,0.11406838869879403,55518.79580553353,False,False,0,,1,True
100000003035737100,peripheral,0.6,0.3681,B,True,5,0.06,0.5264797507788161,0.8019581664441477,0.6915887850467289,0.9247886070315977,0.0,0.0,"выраженных признаков нет: 2 вх./1 исх., оборот 809 тыс",1.0,3,False,6544.53,1,1,809170.0,3,2,3,809170.0,815714.53,802625.47,0.008087954323566123,0,0.0,0,False,True,False,False,0,0.0014044691658681306,1136.4543149455153,False,False,0,1.0,1,False
100000003036198100,peripheral,0.9,0.1179,B,True,3,0.09000000000000001,0.35336003560302626,0.018691588785046728,0.0,0.13840676457498888,0.0,0.0,"выраженных признаков нет: 1 вх./0 исх., оборот 15 тыс",1.0,2,False,0.0,0,0,15000.0,1,1,1,15000.0,15000.0,15000.0,0.0,0,0.0,0,False,True,False,False,0,0.014137174964605436,212.05762446908153,False,False,0,,1,False
100000003037476100,peripheral,0.3,0.267,A,True,7,0.03,0.38050734312416556,0.9114374721851357,0.0,0.8923008455718736,0.0,0.0,"обрыв выгрузки на последнем колене: получил 555 тыс от 3 плательщиков, исходящие неизвестны",1.0,4,False,0.0,0,0,555000.0,3,3,3,555000.0,555000.0,555000.0,0.0,0,0.0,0,False,True,True,False,0,0.0004674139120133333,259.4147211674,False,False,0,,2,True
100000003037660100,peripheral,0.9,0.2894,B,False,3,0.09000000000000001,0.8798397863818425,0.018691588785046728,0.0,0.4672897196261682,0.3333333333333333,0.0,"выраженных признаков нет: 1 вх./0 исх., оборот 53 тыс; связан с 1 seed",1.0,1,False,0.0,0,0,53000.0,1,1,1,53000.0,53000.0,53000.0,0.0,1,53000.0,1,False,True,False,False,0,1.0,53000.0,False,False,0,,1,False
100000003039473100,peripheral,0.9,0.2117,B,False,4,0.09000000000000001,0.7685803293279929,0.018691588785046728,0.0,0.24566088117489987,0.0,0.0,"выраженных признаков нет: 1 вх./0 исх., оборот 23 тыс",1.0,2,False,0.0,0,0,23000.0,1,1,1,23000.0,23000.0,23000.0,0.0,0,0.0,0,False,True,False,False,0,0.9121782645981256,20980.100085756887,False,False,0,,1,False
100000003040087100,peripheral,0.3,0.0903,A,True,8,0.03,0.23275478415665332,0.018691588785046728,0.0,0.3137516688918558,0.0,0.0,"обрыв выгрузки на последнем колене: получил 29 тыс от 1 плательщика, исходящие неизвестны",1.0,4,False,0.0,0,0,29000.0,1,1,1,29000.0,29000.0,29000.0,0.0,0,0.0,0,False,True,True,False,0,0.00236057430792627,68.45665492986183,False,False,0,,1,False
100000003042994100,terminal,0.762,0.443,B,False,4,0.381,0.9755229194481531,0.018691588785046728,0.0,0.7930574098798397,0.3333333333333333,0.0,"конечная точка в пределах выгрузки: получил 286 тыс от 1 плательщика, исходящих нет; доля seed-денег ~100%; связан с 1 seed",1.0,1,False,0.0,0,0,286086.0,3,1,1,286086.0,286086.0,286086.0,0.0,1,286086.0,1,False,True,False,False,0,1.0,286086.0,False,False,0,,1,False
100000003044431100,peripheral,0.9,0.2669,B,True,36,0.09000000000000001,0.5295950155763239,0.8019581664441477,0.0,0.4931019136626613,0.0,0.0,"выраженных признаков нет: 2 вх./0 исх., оборот 60 тыс",1.0,2,False,0.0,0,0,60000.0,2,2,2,60000.0,60000.0,60000.0,0.0,0,0.0,0,False,True,False,False,0,0.0200811317375668,1204.8679042540082,False,False,0,,1,False
100000003044518100,peripheral,0.9,0.2672,B,False,9,0.09000000000000001,0.8251001335113485,0.018691588785046728,0.0,0.35514018691588783,0.3333333333333333,0.0,"выраженных признаков нет: 1 вх./0 исх., оборот 34 тыс; связан с 1 seed",1.0,1,False,0.0,0,0,34423.0,1,1,1,34423.0,34423.0,34423.0,0.0,1,34423.0,1,False,True,False,False,0,1.0,34423.0,False,False,0,,1,False
100000003047800100,peripheral,0.3,0.0384,A,True,11,0.03,0.07387627948375612,0.018691588785046728,0.0,0.11303960836671118,0.0,0.0,"обрыв выгрузки на последнем колене: получил 12 тыс от 1 плательщика, исходящие неизвестны",1.0,4,False,0.0,0,0,12212.0,1,1,1,12212.0,12212.0,12212.0,0.0,0,0.0,0,False,True,True,False,0,0.000658936148843668,8.046928249678874,False,False,0,,1,False
100000003050771100,terminal,0.326,0.2501,B,True,12,0.163,0.5816644414775256,0.018691588785046728,0.0,0.7481085892300846,0.0,0.0,"конечная точка в пределах выгрузки: получил 229 тыс от 1 плательщика, исходящих нет; доля seed-денег ~1%",1.0,3,False,0.0,0,0,229000.0,1,1,1,229000.0,229000.0,229000.0,0.0,0,0.0,0,False,True,False,False,0,0.01080586935790613,2474.5440829605036,False,False,0,,1,False
100000003054328100,transit,0.568,0.4099,C,True,11,0.39759999999999995,0.5669781931464174,0.018691588785046728,0.833555852247441,0.7209612817089452,0.0,0.0,"признаки транзита: получил 140 тыс, отправил 194 тыс; 96% отправлено в течение 2 дней после входа; связь с seed-деньгами слабая, возможна легальная активность",0.6666666666666666,2,False,193720.0,2,2,140000.0,1,1,3,193720.0,333720.0,-53720.0,1.3837142857142857,0,0.0,0,True,False,False,False,0,0.010525531274072283,2039.0059184132826,False,False,0,0.9638653727028701,1,False
100000003057225100,terminal,0.745,0.4348,B,False,4,0.3725,0.9684023141967067,0.018691588785046728,0.0,0.7556742323097463,0.3333333333333333,0.0,"конечная точка в пределах выгрузки: получил 236 тыс от 1 плательщика, исходящих нет; доля seed-денег ~100%; связан с 1 seed",1.0,1,False,0.0,0,0,236000.0,1,1,1,236000.0,236000.0,236000.0,0.0,1,236000.0,1,False,True,False,False,0,1.0,236000.0,False,False,0,,1,False
100000003060187100,peripheral,0.9,0.1883,B,True,20,0.09000000000000001,0.48464619492656874,0.018691588785046728,0.0,0.579884290164664,0.0,0.0,"выраженных признаков нет: 1 вх./0 исх., оборот 93 тыс",0.6666666666666666,3,False,0.0,0,0,93046.0,1,1,1,93046.0,93046.0,93046.0,0.0,0,0.0,0,False,True,False,False,0,0.007418176197065082,690.2316224321177,False,False,0,,1,False
100000003060517100,terminal,0.343,0.2486,B,True,17,0.1715,0.5278148642634624,0.018691588785046728,0.0,0.8117489986648865,0.0,0.0,"конечная точка в пределах выгрузки: получил 316 тыс от 1 плательщика, исходящих нет; доля seed-денег ~0%",1.0,3,False,0.0,0,0,315955.0,1,1,1,315955.0,315955.0,315955.0,0.0,0,0.0,0,False,True,False,False,0,0.0037598290138079185,1187.9367760576808,False,False,0,,1,False
100000003061115100,peripheral,0.3,0.131,A,True,2,0.03,0.3902981753449043,0.018691588785046728,0.0,0.4054294615042279,0.0,0.0,"обрыв выгрузки на последнем колене: получил 45 тыс от 1 плательщика, исходящие неизвестны",1.0,4,False,0.0,0,0,45000.0,1,1,1,45000.0,45000.0,45000.0,0.0,0,0.0,0,False,True,True,False,0,0.006452843365320261,290.37795143941173,False,False,0,,1,False
100000003062895100,terminal,0.346,0.3623,B,True,13,0.173,0.7004895416110369,0.8019581664441477,0.0,0.8148642634623943,0.0,0.0,"конечная точка в пределах выгрузки: получил 328 тыс от 2 плательщиков, исходящих нет; доля seed-денег ~3%",1.0,2,False,0.0,0,0,328444.0,2,2,2,328444.0,328444.0,328444.0,0.0,0,0.0,0,False,True,False,False,0,0.033966996369630006,11156.256155626757,False,False,0,,1,False
100000003066385100,peripheral,0.9,0.3036,B,False,2,0.09000000000000001,0.6911437472185136,0.8019581664441477,0.0,0.20382732532265244,0.3333333333333333,0.0,"выраженных признаков нет: 2 вх./0 исх., оборот 20 тыс; связан с 1 seed",1.0,1,False,0.0,0,0,20000.0,2,2,2,20000.0,20000.0,20000.0,0.0,1,10000.0,1,False,True,False,False,0,0.500391421473066,10007.82842946132,False,False,0,,1,False
100000003068941100,peripheral,0.6,0.3717,B,True,2,0.06,0.6617712505562973,0.9114374721851357,0.6915887850467289,0.5803293279928794,0.0,0.0,"выраженных признаков нет: 3 вх./1 исх., оборот 94 тыс",1.0,2,False,25000.0,2,1,94000.0,3,3,4,94000.0,119000.0,69000.0,0.26595744680851063,0,0.0,0,False,True,False,False,0,0.07794908685580883,7327.21416444603,False,False,0,1.0,1,True
100000003069463100,peripheral,0.9,0.1318,B,True,31,0.09000000000000001,0.052514463729417,0.018691588785046728,0.6915887850467289,0.18736092567868268,0.0,0.0,"выраженных признаков нет: 1 вх./1 исх., оборот 18 тыс",1.0,3,False,17920.0,1,1,11500.0,1,1,2,17920.0,29420.0,-6420.0,1.5582608695652174,0,0.0,0,True,False,False,False,0,0.00020710177349852978,3.7112637810936535,False,False,0,0.0,1,False
100000003071649100,terminal,0.318,0.2031,B,True,7,0.159,0.3702714730752114,0.018691588785046728,0.0,0.7156208277703605,0.0,0.0,"конечная точка в пределах выгрузки: получил 190 тыс от 1 плательщика, исходящих нет; доля seed-денег ~0%",1.0,3,False,0.0,0,0,189500.0,1,1,1,189500.0,189500.0,189500.0,0.0,0,0.0,0,False,True,False,False,0,0.0012607416858070673,238.91054946043926,False,False,0,,1,False
100000003071930100,peripheral,0.6,0.4947,B,False,19,0.06,0.9661771250556297,0.9114374721851357,0.6915887850467289,0.8687138406764575,0.3333333333333333,0.0,"выраженных признаков нет: 3 вх./1 исх., оборот 478 тыс; связан с 1 seed",1.0,1,False,5000.0,1,1,477610.0,4,3,4,477610.0,482610.0,472610.0,0.010468792529469651,1,227610.0,1,False,True,False,False,0,0.4781688787916341,228378.23819967237,False,False,0,1.0,1,True
100000003072205100,peripheral,0.3,0.1824,A,True,7,0.03,0.11392968402314196,0.8019581664441477,0.0,0.6889185580774366,0.0,0.0,"обрыв выгрузки на последнем колене: получил 163 тыс от 2 плательщиков, исходящие неизвестны",1.0,4,False,0.0,0,0,163000.0,2,2,2,163000.0,163000.0,163000.0,0.0,0,0.0,0,False,True,True,False,0,9.224922003110265e-05,15.036622865069733,False,False,0,,2,False
100000003072676100,peripheral,0.9,0.1247,B,True,17,0.09000000000000001,0.2857142857142857,0.018691588785046728,0.0,0.3417890520694259,0.0,0.0,"выраженных признаков нет: 1 вх./0 исх., оборот 32 тыс",1.0,3,False,0.0,0,0,31545.0,1,1,1,31545.0,31545.0,31545.0,0.0,0,0.0,0,False,True,False,False,0,0.003759829013807918,118.60380624057078,False,False,0,,1,False
100000003073398100,peripheral,0.9,0.2465,B,False,14,0.09000000000000001,0.7761459724076547,0.018691588785046728,0.0,0.5785491766800178,0.0,0.0,"выраженных признаков нет: 1 вх./0 исх., оборот 93 тыс",0.6666666666666666,2,False,0.0,0,0,92960.0,1,1,1,92960.0,92960.0,92960.0,0.0,0,0.0,0,False,True,False,False,0,0.2400064001706712,22310.994959865595,False,False,0,,1,True
100000003073635100,terminal,0.306,0.2203,B,True,6,0.153,0.5015576323987538,0.018691588785046728,0.0,0.6453048509123276,0.0,0.0,"конечная точка в пределах выгрузки: получил 129 тыс от 1 плательщика, исходящих нет; доля seed-денег ~1%",0.6666666666666666,3,False,0.0,0,0,129231.0,1,1,1,129231.0,129231.0,129231.0,0.0,0,0.0,0,False,True,False,False,0,0.006651503710631661,859.5804760286402,False,False,0,,1,False
100000003074515100,peripheral,0.3,0.1206,A,True,7,0.03,0.2340898976412995,0.018691588785046728,0.0,0.6145972407654651,0.0,0.0,"обрыв выгрузки на последнем колене: получил 105 тыс от 1 плательщика, исходящие неизвестны",1.0,4,False,0.0,0,0,105000.0,1,1,1,105000.0,105000.0,105000.0,0.0,0,0.0,0,False,True,True,False,0,0.0006623694689706608,69.54879424191938,False,False,0,,1,False
100000003078839100,peripheral,0.3,0.0718,A,True,6,0.03,0.23319982198486872,0.018691588785046728,0.0,0.1277258566978193,0.0,0.0,"обрыв выгрузки на последнем колене: получил 14 тыс от 1 плательщика, исходящие неизвестны",1.0,4,False,0.0,0,0,14000.0,2,1,1,14000.0,14000.0,14000.0,0.0,0,0.0,0,False,True,True,False,0,0.004897920583177954,68.57088816449135,False,False,0,,1,False
100000003083865100,peripheral,0.3,0.0617,A,True,8,0.03,0.17757009345794392,0.018691588785046728,0.0,0.13840676457498888,0.0,0.0,"обрыв выгрузки на последнем колене: получил 15 тыс от 1 плательщика, исходящие неизвестны",1.0,4,False,0.0,0,0,15000.0,1,1,1,15000.0,15000.0,15000.0,0.0,0,0.0,0,False,True,True,False,0,0.00236057430792627,35.40861461889405,False,False,0,,1,False
100000003084870100,peripheral,0.3,0.0255,A,True,11,0.03,0.04450378282153983,0.018691588785046728,0.0,0.04183355585224744,0.0,0.0,"обрыв выгрузки на последнем колене: получил 6 тыс от 1 плательщика, исходящие неизвестны",1.0,4,False,0.0,0,0,6500.0,1,1,1,6500.0,6500.0,6500.0,0.0,0,0.0,0,False,True,True,False,0,0.0003207443319761952,2.084838157845269,False,False,0,,1,False
100000003086040100,peripheral,0.9,0.1626,B,False,2,0.09000000000000001,0.5963506898086337,0.018691588785046728,0.0,0.09924343569203382,0.0,0.0,"выраженных признаков нет: 1 вх./0 исх., оборот 10 тыс",1.0,2,False,0.0,0,0,10500.0,1,1,1,10500.0,10500.0,10500.0,0.0,0,0.0,0,False,True,False,False,0,0.29905736386546883,3140.1023205874226,False,False,0,,1,False
100000003087877100,peripheral,0.9,0.1601,B,True,23,0.09000000000000001,0.34579439252336447,0.018691588785046728,0.0,0.5758789497107254,0.0,0.0,"выраженных признаков нет: 1 вх./0 исх., оборот 91 тыс",0.6666666666666666,3,False,0.0,0,0,91486.0,1,1,1,91486.0,91486.0,91486.0,0.0,0,0.0,0,False,True,False,False,0,0.002156699082657562,197.30777227600973,False,False,0,,1,False
100000003089018100,terminal,0.326,0.2943,B,False,19,0.163,0.8024032042723631,0.018691588785046728,0.0,0.7489986648865153,0.0,0.0,"конечная точка в пределах выгрузки: получил 230 тыс от 1 плательщика, исходящих нет; доля seed-денег ~11%",1.0,2,False,0.0,0,0,230000.0,1,1,1,230000.0,230000.0,230000.0,0.0,0,0.0,0,False,True,False,False,0,0.11406838869879403,26235.729400722626,False,False,0,,1,False
100000003089553100,terminal,0.31,0.1718,B,True,13,0.155,0.24299065420560748,0.018691588785046728,0.0,0.6711170449488206,0.0,0.0,"конечная точка в пределах выгрузки: получил 150 тыс от 1 плательщика, исходящих нет; доля seed-денег ~0%",1.0,3,False,0.0,0,0,150000.0,1,1,1,150000.0,150000.0,150000.0,0.0,0,0.0,0,False,True,False,False,0,0.0005218969528553998,78.28454292830997,False,False,0,,1,False
100000003091142100,peripheral,0.3,0.1149,A,True,2,0.03,0.32176234979973295,0.018691588785046728,0.0,0.3818424566088118,0.0,0.0,"обрыв выгрузки на последнем колене: получил 40 тыс от 1 плательщика, исходящие неизвестны",1.0,4,False,0.0,0,0,40000.0,1,1,1,40000.0,40000.0,40000.0,0.0,0,0.0,0,False,True,True,False,0,0.004089560783487863,163.58243133951453,False,False,0,,1,False
100000003093299100,peripheral,0.9,0.0684,B,True,2,0.09000000000000001,0.1059190031152648,0.018691588785046728,0.0,0.13840676457498888,0.0,0.0,"выраженных признаков нет: 1 вх./0 исх., оборот 15 тыс",1.0,3,False,0.0,0,0,15000.0,1,1,1,15000.0,15000.0,15000.0,0.0,0,0.0,0,False,True,False,False,0,0.0008464425810733718,12.696638716100576,False,False,0,,1,False
100000003095610100,peripheral,0.9,0.1262,B,True,8,0.09000000000000001,0.3368936359590565,0.018691588785046728,0.0,0.2545616377392078,0.0,0.0,"выраженных признаков нет: 1 вх./0 исх., оборот 24 тыс",1.0,3,False,0.0,0,0,23665.0,1,1,1,23665.0,23665.0,23665.0,0.0,0,0.0,0,False,True,False,False,0,0.007716123310628143,182.602058146015,False,False,0,,1,False
100000003096787100,peripheral,0.3,0.066,A,True,8,0.03,0.1846906987093903,0.018691588785046728,0.0,0.16733422340898976,0.0,0.0,"обрыв выгрузки на последнем колене: получил 16 тыс от 1 плательщика, исходящие неизвестны",1.0,4,False,0.0,0,0,16400.0,1,1,1,16400.0,16400.0,16400.0,0.0,0,0.0,0,False,True,True,False,0,0.00236057430792627,38.71341864999083,False,False,0,,1,False
100000003097324100,terminal,0.339,0.3267,B,True,24,0.1695,0.5376056964842012,0.8019581664441477,0.0,0.7970627503337784,0.0,0.0,"конечная точка в пределах выгрузки: получил 294 тыс от 2 плательщиков, исходящих нет; доля seed-денег ~0%",1.0,3,False,0.0,0,0,294000.0,2,2,2,294000.0,294000.0,294000.0,0.0,0,0.0,0,False,True,False,False,0,0.004508512678867006,1325.5027275868997,False,False,0,,2,False
100000003097947100,peripheral,0.3,0.0988,A,True,6,0.03,0.19848687138406765,0.018691588785046728,0.0,0.4668446817979528,0.0,0.0,"обрыв выгрузки на последнем колене: получил 53 тыс от 1 плательщика, исходящие неизвестны",1.0,4,False,0.0,0,0,52980.0,1,1,1,52980.0,52980.0,52980.0,0.0,0,0.0,0,False,True,True,False,0,0.0009037817444989981,47.88235682355692,False,False,0,,1,False
100000003102157100,peripheral,0.9,0.3103,B,False,2,0.09000000000000001,0.9243435692033823,0.018691588785046728,0.0,0.5874499332443258,0.3333333333333333,0.0,"выраженных признаков нет: 1 вх./0 исх., оборот 97 тыс; связан с 1 seed",0.6666666666666666,1,False,0.0,0,0,96746.0,2,1,1,96746.0,96746.0,96746.0,0.0,1,96746.0,1,False,True,False,False,0,1.0,96746.0,False,False,0,,1,False
100000003104347100,peripheral,0.6,0.3199,B,True,26,0.06,0.7147307521139297,0.018691588785046728,0.6915887850467289,0.8491321762349799,0.0,0.0,"выраженных признаков нет: 1 вх./1 исх., оборот 418 тыс",1.0,2,False,32000.0,1,1,418000.0,1,1,2,418000.0,450000.0,386000.0,0.07655502392344497,0,0.0,0,False,True,False,False,0,0.03095382274234458,12938.697906300034,False,False,0,0.0,1,False
100000003105089100,peripheral,0.3,0.0815,A,True,25,0.03,0.310636404094348,0.018691588785046728,0.0,0.06987093902981753,0.0,0.0,"обрыв выгрузки на последнем колене: получил 10 тыс от 1 плательщика, исходящие неизвестны",1.0,4,False,0.0,0,0,10000.0,1,1,1,10000.0,10000.0,10000.0,0.0,0,0.0,0,False,True,True,False,0,0.01468843587233043,146.8843587233043,False,False,0,,1,False
100000003105929100,peripheral,0.6,0.2683,B,True,5,0.06,0.45482866043613707,0.018691588785046728,0.6915887850467289,0.8531375166889186,0.0,0.0,"выраженных признаков нет: 1 вх./1 исх., оборот 430 тыс",1.0,3,False,156354.0,1,1,429567.0,2,1,2,429567.0,585921.0,273213.0,0.3639804733603838,0,0.0,0,False,True,False,False,0,0.001195362041500349,513.4880860811804,False,False,0,0.0,1,False
100000003109805100,peripheral,0.9,0.121,B,True,17,0.09000000000000001,0.25322652425456166,0.018691588785046728,0.0,0.369826435246996,0.0,0.0,"выраженных признаков нет: 1 вх./0 исх., оборот 37 тыс",1.0,3,False,0.0,0,0,36929.0,1,1,1,36929.0,36929.0,36929.0,0.0,0,0.0,0,False,True,False,False,0,0.002458826925841859,90.80201954441401,False,False,0,,1,False
100000003111305100,terminal,0.382,0.3702,B,True,32,0.191,0.595460614152203,0.960836671117045,0.0,0.881619937694704,0.0,0.0,"конечная точка в пределах выгрузки: получил 509 тыс от 4 плательщиков, исходящих нет; доля seed-денег ~1%",0.6666666666666666,3,False,0.0,0,0,509338.0,4,4,4,509338.0,509338.0,509338.0,0.0,0,0.0,0,False,True,False,False,0,0.006091673390175563,3102.7207412052408,False,False,0,,2,False
100000003112436100,terminal,0.505,0.3042,B,False,4,0.2525,0.7734757454383623,0.018691588785046728,0.0,0.5927903871829105,0.0,0.0,"конечная точка в пределах выгрузки: получил 100 тыс от 1 плательщика, исходящих нет; доля seed-денег ~22%",0.6666666666666666,2,False,0.0,0,0,100000.0,1,1,1,100000.0,100000.0,100000.0,0.0,0,0.0,0,False,True,False,False,0,0.21505044049875338,21505.044049875338,False,False,0,,1,False
100000003112578100,terminal,0.3,0.1489,B,True,11,0.15,0.16777926123720516,0.018691588785046728,0.0,0.6097018246550957,0.0,0.0,"конечная точка в пределах выгрузки: получил 101 тыс от 1 плательщика, исходящих нет; доля seed-денег ~0%",0.6666666666666666,3,False,0.0,0,0,101080.0,1,1,1,101080.0,101080.0,101080.0,0.0,0,0.0,0,False,True,False,False,0,0.0003207443319761952,32.42083707615381,False,False,0,,1,False
100000003115284100,consolidator,0.778,0.8416,B,False,16,0.7002,0.9977748108589231,0.9928793947485536,0.833555852247441,0.9768580329327993,0.6666666666666666,1.0,"признаки консолидации: 8 плательщиков (из них seed: 2), получил 2.2 млн; отдал дальше 24%; до 7 плательщиков в день; связан с 2 seed; участвует в круговых потоках (3+ участника); доля seed-денег ~39%",1.0,1,False,517000.0,4,2,2160500.0,15,8,9,2160500.0,2677500.0,1643500.0,0.23929645915297384,2,815000.0,2,False,True,False,False,0,0.3932578348358916,849633.5521629439,True,True,1,0.9864603481624759,7,False
100000003116106100,terminal,0.379,0.2491,B,True,5,0.1895,0.46773475745438364,0.018691588785046728,0.0,0.8740542946150422,0.0,0.0,"конечная точка в пределах выгрузки: получил 494 тыс от 1 плательщика, исходящих нет; доля seed-денег ~0%",1.0,3,False,0.0,0,0,494050.0,2,1,1,494050.0,494050.0,494050.0,0.0,0,0.0,0,False,True,False,False,0,0.0011953620415003489,590.5686166032474,False,False,0,,1,False
100000003119550100,peripheral,0.9,0.2436,B,False,1,0.09000000000000001,0.7694704049844237,0.018691588785046728,0.0,0.23052959501557632,0.3333333333333333,0.0,"выраженных признаков нет: 1 вх./0 исх., оборот 21 тыс; связан с 1 seed",1.0,1,False,0.0,0,0,21000.0,1,1,1,21000.0,21000.0,21000.0,0.0,1,21000.0,1,False,True,False,False,1,1.0,21000.0,False,False,0,,1,False
100000003122817100,terminal,0.369,0.214,B,True,31,0.1845,0.30885625278148643,0.018691588785046728,0.0,0.8580329327992879,0.0,0.0,"конечная точка в пределах выгрузки: получил 445 тыс от 1 плательщика, исходящих нет; доля seed-денег ~0%",1.0,3,False,0.0,0,0,444680.0,1,1,1,444680.0,444680.0,444680.0,0.0,0,0.0,0,False,True,False,False,0,0.0003227185896603177,143.50650245015007,False,False,0,,1,False
100000003123296100,peripheral,0.9,0.3062,B,False,10,0.09000000000000001,0.9163328882955051,0.018691588785046728,0.0,0.5625278148642635,0.3333333333333333,0.0,"выраженных признаков нет: 1 вх./0 исх., оборот 86 тыс; связан с 1 seed",0.6666666666666666,1,False,0.0,0,0,86200.0,2,1,1,86200.0,86200.0,86200.0,0.0,1,86200.0,1,False,True,False,False,0,1.0,86200.0,False,False,0,,1,False
100000003125997100,peripheral,0.3,0.146,A,True,13,0.03,0.38540275923453493,0.018691588785046728,0.0,0.5651980418335558,0.0,0.0,"обрыв выгрузки на последнем колене: получил 88 тыс от 1 плательщика, исходящие неизвестны",1.0,4,False,0.0,0,0,87750.0,1,1,1,87750.0,87750.0,87750.0,0.0,0,0.0,0,False,True,True,False,0,0.00313686772807013,275.2601431381539,False,False,0,,1,False
100000003128638100,peripheral,0.3,0.1006,A,True,7,0.03,0.040498442367601244,0.018691588785046728,0.0,0.8010680907877169,0.0,0.0,"обрыв выгрузки на последнем колене: получил 300 тыс от 1 плательщика, исходящие неизвестны",1.0,4,False,0.0,0,0,300000.0,1,1,1,300000.0,300000.0,300000.0,0.0,0,0.0,0,False,True,True,False,0,5.1724177686362716e-06,1.5517253305908814,False,False,0,,1,True
100000003131016100,peripheral,0.6,0.3432,B,True,74,0.06,0.8322207387627948,0.018691588785046728,0.6915887850467289,0.846906987093903,0.0,0.0,"выраженных признаков нет: 1 вх./1 исх., оборот 406 тыс; взаимные переводы с 1",1.0,2,False,126000.0,4,1,405700.0,7,1,1,405700.0,531700.0,279700.0,0.31057431599704216,0,0.0,0,False,True,False,False,0,0.08828434162210512,35816.957396088044,True,False,1,0.3253968253968254,1,True
100000003131693100,terminal,0.784,0.4516,B,False,3,0.392,0.9821984868713841,0.018691588785046728,0.0,0.8277703604806409,0.3333333333333333,0.0,"конечная точка в пределах выгрузки: получил 353 тыс от 1 плательщика, исходящих нет; доля seed-денег ~100%; связан с 1 seed",1.0,1,False,0.0,0,0,353277.0,1,1,1,353277.0,353277.0,353277.0,0.0,1,353277.0,1,False,True,False,False,0,1.0,353277.0,False,False,0,,1,False
100000003132484100,peripheral,0.9,0.2289,B,False,19,0.09000000000000001,0.6933689363595905,0.018691588785046728,0.0,0.5687583444592791,0.0,0.0,"выраженных признаков нет: 1 вх./0 исх., оборот 90 тыс",0.6666666666666666,3,False,0.0,0,0,90000.0,1,1,1,90000.0,90000.0,90000.0,0.0,0,0.0,0,False,True,False,False,0,0.11406838869879403,10266.154982891463,False,False,0,,1,False
100000003133045100,peripheral,0.3,0.0737,A,True,61,0.03,0.04850912327547842,0.018691588785046728,0.0,0.516243880729862,0.0,0.0,"обрыв выгрузки на последнем колене: получил 68 тыс от 1 плательщика, исходящие неизвестны",1.0,4,False,0.0,0,0,68000.0,1,1,1,68000.0,68000.0,68000.0,0.0,0,0.0,0,False,True,True,False,0,4.8684206569566896e-05,3.310526046730549,False,False,0,,1,False
100000003134474100,terminal,0.303,0.1789,B,True,5,0.1515,0.30440587449933243,0.018691588785046728,0.0,0.6310636404094349,0.0,0.0,"конечная точка в пределах выгрузки: получил 116 тыс от 1 плательщика, исходящих нет; доля seed-денег ~0%",0.6666666666666666,3,False,0.0,0,0,116000.0,1,1,1,116000.0,116000.0,116000.0,0.0,0,0.0,0,False,True,False,False,0,0.0011953620415003489,138.66199681404046,False,False,0,,1,False
100000003134550100,peripheral,0.3,0.0787,A,True,13,0.03,0.03515798842901647,0.018691588785046728,0.0,0.5927903871829105,0.0,0.0,"обрыв выгрузки на последнем колене: получил 100 тыс от 1 плательщика, исходящие неизвестны",1.0,4,False,0.0,0,0,100000.0,1,1,1,100000.0,100000.0,100000.0,0.0,0,0.0,0,False,True,True,False,0,8.454107090035347e-06,0.8454107090035347,False,False,0,,1,False
100000003134934100,terminal,0.249,0.3761,B,True,52,0.1245,0.7641299510458389,0.960836671117045,0.0,0.8362260792167334,0.0,0.0,"конечная точка в пределах выгрузки: получил 379 тыс от 4 плательщиков, исходящих нет; доля seed-денег ~5%; вход в конце периода, мог переслать позже",0.6666666666666666,2,False,0.0,0,0,379354.0,4,4,4,379354.0,379354.0,379354.0,0.0,0,0.0,0,False,True,False,False,0,0.05275843553361415,20014.123553418664,False,False,0,,2,True
100000003134937100,peripheral,0.9,0.2155,B,False,4,0.09000000000000001,0.6947040498442367,0.018691588785046728,0.0,0.09879839786381843,0.3333333333333333,0.0,"выраженных признаков нет: 1 вх./0 исх., оборот 10 тыс; связан с 1 seed",1.0,1,False,0.0,0,0,10286.0,1,1,1,10286.0,10286.0,10286.0,0.0,1,10286.0,1,False,True,False,False,0,1.0,10286.0,False,False,0,,1,False
100000003146511100,peripheral,0.3,0.0515,A,True,12,0.03,0.1606586559857588,0.018691588785046728,0.0,0.06987093902981753,0.0,0.0,"обрыв выгрузки на последнем колене: получил 10 тыс от 1 плательщика, исходящие неизвестны",1.0,4,False,0.0,0,0,10000.0,1,1,1,10000.0,10000.0,10000.0,0.0,0,0.0,0,False,True,True,False,0,0.002825802656356205,28.25802656356205,False,False,0,,1,False
100000003147719100,terminal,0.21,0.1566,B,True,7,0.105,0.2937249666221629,0.018691588785046728,0.0,0.5927903871829105,0.0,0.0,"конечная точка в пределах выгрузки: получил 100 тыс от 1 плательщика, исходящих нет; доля seed-денег ~0%; вход в конце периода, мог переслать позже",0.6666666666666666,3,False,0.0,0,0,100000.0,1,1,1,100000.0,100000.0,100000.0,0.0,0,0.0,0,False,True,False,False,0,0.0012607416858070673,126.07416858070673,False,False,0,,1,True
100000003148220100,peripheral,0.6,0.3067,B,False,70,0.06,0.6359590565198042,0.018691588785046728,0.833555852247441,0.39964396973742766,0.3333333333333333,0.0,"выраженных признаков нет: 1 вх./2 исх., оборот 43 тыс; связан с 1 seed; взаимные переводы с 1",1.0,1,False,43400.0,4,2,5650.0,1,1,2,43400.0,49050.0,-37750.0,7.68141592920354,1,5650.0,1,True,False,False,False,11,0.13018433179723501,5650.0,True,False,1,0.22119815668202766,1,False
100000003149149100,terminal,0.329,0.2145,B,True,5,0.1645,0.3929684023141967,0.018691588785046728,0.0,0.7641299510458389,0.0,0.0,"конечная точка в пределах выгрузки: получил 245 тыс от 1 плательщика, исходящих нет; доля seed-денег ~0%",1.0,3,False,0.0,0,0,245000.0,1,1,1,245000.0,245000.0,245000.0,0.0,0,0.0,0,False,True,False,False,0,0.0011953620415003489,292.8637001675855,False,False,0,,1,False
100000003152964100,peripheral,0.6,0.2601,B,True,6,0.06,0.5077881619937694,0.018691588785046728,0.6915887850467289,0.664886515353805,0.0,0.0,"выраженных признаков нет: 1 вх./1 исх., оборот 142 тыс",1.0,3,False,5500.0,1,1,141847.0,1,1,2,141847.0,147347.0,136347.0,0.03877417217142414,0,0.0,0,False,True,False,False,0,0.006651503710631661,943.4958468419692,False,False,0,0.0,1,False
100000003154105100,peripheral,0.6,0.326,B,True,25,0.06,0.6261682242990654,0.018691588785046728,0.960836671117045,0.8184245660881175,0.0,0.0,"выраженных признаков нет: 1 вх./7 исх., оборот 338 тыс",1.0,3,False,338000.0,9,7,60000.0,1,1,8,338000.0,398000.0,-278000.0,5.633333333333334,0,0.0,0,True,False,False,False,0,0.014688435872330432,4964.691324847686,False,False,0,0.16272189349112426,1,False
100000003157333100,peripheral,0.9,0.1971,B,False,14,0.09000000000000001,0.6591010235870048,0.018691588785046728,0.0,0.3186470850022252,0.0,0.0,"выраженных признаков нет: 1 вх./0 исх., оборот 30 тыс",1.0,2,False,0.0,0,0,30000.0,1,1,1,30000.0,30000.0,30000.0,0.0,0,0.0,0,False,True,False,False,0,0.2400064001706712,7200.192005120136,False,False,0,,1,False
100000003157679100,terminal,0.272,0.3363,B,True,7,0.136,0.5189141076991545,0.960836671117045,0.0,0.888295505117935,0.0,0.0,"конечная точка в пределах выгрузки: получил 541 тыс от 4 плательщиков, исходящих нет; доля seed-денег ~0%; вход в конце периода, мог переслать позже",0.6666666666666666,3,False,0.0,0,0,541000.0,4,4,4,541000.0,541000.0,541000.0,0.0,0,0.0,0,False,True,False,False,0,0.0019159103836678757,1036.5075175643208,False,False,0,,2,True
100000003158727100,terminal,0.683,0.5184,B,False,9,0.3415,0.9554962171784601,0.9114374721851357,0.0,0.8326657765910103,0.3333333333333333,0.0,"конечная точка в пределах выгрузки: получил 368 тыс от 3 плательщиков, исходящих нет; доля seed-денег ~48%; связан с 1 seed",1.0,1,False,0.0,0,0,367940.0,3,3,3,367940.0,367940.0,367940.0,0.0,1,176440.0,1,False,True,False,False,0,0.4800175352214691,176617.65190938735,False,False,0,,2,False
100000003159641100,peripheral,0.6,0.3561,B,True,69,0.06,0.48776145972407653,0.960836671117045,0.6915887850467289,0.7231864708500223,0.0,0.0,"выраженных признаков нет: 4 вх./1 исх., оборот 198 тыс",1.0,2,False,197800.0,1,1,64000.0,7,4,5,197800.0,261800.0,-133800.0,3.090625,0,0.0,0,True,False,False,False,0,0.003641255972701131,720.2404314002837,False,False,0,1.0,1,True
100000003163256100,peripheral,0.9,0.2934,B,False,4,0.09000000000000001,0.7182910547396528,0.018691588785046728,0.6915887850467289,0.13840676457498888,0.3333333333333333,0.0,"выраженных признаков нет: 1 вх./1 исх., оборот 15 тыс; связан с 1 seed",1.0,1,False,15000.0,1,1,13485.0,1,1,2,15000.0,28485.0,-1515.0,1.1123470522803114,1,13485.0,1,True,False,False,False,0,0.899,13485.0,False,False,0,0.0,1,False
100000003163886100,terminal,0.38,0.2865,B,True,66,0.19,0.6528704939919893,0.018691588785046728,0.0,0.8758344459279038,0.0,0.0,"конечная точка в пределах выгрузки: получил 500 тыс от 1 плательщика, исходящих нет; доля seed-денег ~1%",1.0,3,False,0.0,0,0,500000.0,1,1,1,500000.0,500000.0,500000.0,0.0,0,0.0,0,False,True,False,False,0,0.013706563706563708,6853.281853281854,False,False,0,,1,False
100000003164661100,terminal,0.399,0.3097,B,True,34,0.1995,0.7414330218068536,0.018691588785046728,0.0,0.897196261682243,0.0,0.0,"конечная точка в пределах выгрузки: получил 596 тыс от 1 плательщика, исходящих нет; доля seed-денег ~3%",1.0,3,False,0.0,0,0,596200.0,3,1,1,596200.0,596200.0,596200.0,0.0,0,0.0,0,False,True,False,False,3,0.028513208672634578,16999.575010624736,False,False,0,,1,False
100000003166017100,peripheral,0.3,0.0617,A,True,8,0.03,0.17757009345794392,0.018691588785046728,0.0,0.13840676457498888,0.0,0.0,"обрыв выгрузки на последнем колене: получил 15 тыс от 1 плательщика, исходящие неизвестны",1.0,4,False,0.0,0,0,15000.0,1,1,1,15000.0,15000.0,15000.0,0.0,0,0.0,0,False,True,True,False,0,0.00236057430792627,35.40861461889405,False,False,0,,1,False
100000003166755100,peripheral,0.9,0.1421,B,True,3,0.09000000000000001,0.4121050289274588,0.018691588785046728,0.0,0.2630173564753004,0.0,0.0,"выраженных признаков нет: 1 вх./0 исх., оборот 24 тыс",1.0,2,False,0.0,0,0,24010.0,1,1,1,24010.0,24010.0,24010.0,0.0,0,0.0,0,False,True,False,False,0,0.014137174964605436,339.4335709001765,False,False,0,,1,False
100000003171006100,terminal,0.377,0.3212,B,True,7,0.1885,0.4392523364485981,0.8019581664441477,0.0,0.8718291054739653,0.0,0.0,"конечная точка в пределах выгрузки: получил 485 тыс от 2 плательщиков, исходящих нет; доля seed-денег ~0%",1.0,3,False,0.0,0,0,485000.0,2,2,2,485000.0,485000.0,485000.0,0.0,0,0.0,0,False,True,False,False,0,0.0008844457556315953,428.9561914813237,False,False,0,,2,False
100000003171587100,peripheral,0.6,0.3792,B,True,5,0.06,0.518469069870939,0.8019581664441477,0.833555852247441,0.9096573208722741,0.0,0.0,"выраженных признаков нет: 2 вх./2 исх., оборот 700 тыс",1.0,3,False,431300.0,7,2,700000.0,2,2,4,700000.0,1131300.0,268700.0,0.6161428571428571,0,0.0,0,False,True,False,False,0,0.001470029767545267,1029.020837281687,False,False,0,0.0,2,False
100000003173783100,peripheral,0.3,0.0745,A,True,35,0.03,0.1851357365376057,0.018691588785046728,0.0,0.25055629728526924,0.0,0.0,"обрыв выгрузки на последнем колене: получил 24 тыс от 1 плательщика, исходящие неизвестны",1.0,4,False,0.0,0,0,23500.0,2,1,1,23500.0,23500.0,23500.0,0.0,0,0.0,0,False,True,True,False,0,0.0016500185893891888,38.77543685064594,False,False,0,,1,False
100000003177533100,peripheral,0.3,0.0672,A,True,6,0.03,0.17222963951935916,0.018691588785046728,0.0,0.20382732532265244,0.0,0.0,"обрыв выгрузки на последнем колене: получил 20 тыс от 1 плательщика, исходящие неизвестны",1.0,4,False,0.0,0,0,20000.0,3,1,1,20000.0,20000.0,20000.0,0.0,0,0.0,0,False,True,True,False,0,0.0016712267427537676,33.42453485507535,False,False,0,,1,False
100000003178549100,peripheral,0.6,0.4661,B,False,17,0.06,0.5607476635514018,0.8019581664441477,0.9274588340008901,0.7663551401869159,0.3333333333333333,1.0,"выраженных признаков нет: 2 вх./4 исх., оборот 250 тыс; связан с 1 seed; участвует в круговых потоках (3+ участника)",1.0,3,False,89080.0,4,4,250000.0,2,2,6,250000.0,339080.0,160920.0,0.35632,1,0.0,0,False,True,False,False,0,0.007474326178004121,1868.5815445010303,True,True,0,0.0,1,False
100000003180305100,peripheral,0.3,0.1592,A,True,2,0.03,0.4009790832220739,0.018691588785046728,0.0,0.6666666666666666,0.0,0.0,"обрыв выгрузки на последнем колене: получил 144 тыс от 1 плательщика, исходящие неизвестны",1.0,4,False,0.0,0,0,144000.0,1,1,1,144000.0,144000.0,144000.0,0.0,0,0.0,0,False,True,True,False,0,0.00214407989108974,308.7475043169225,False,False,0,,1,False
100000003180820100,peripheral,0.3,0.1198,A,True,7,0.03,0.23230974632843793,0.018691588785046728,0.0,0.6092567868268803,0.0,0.0,"обрыв выгрузки на последнем колене: получил 101 тыс от 1 плательщика, исходящие неизвестны",1.0,4,False,0.0,0,0,101000.0,1,1,1,101000.0,101000.0,101000.0,0.0,0,0.0,0,False,True,True,False,0,0.0006623694689706608,66.89931636603674,False,False,0,,1,False
100000003186579100,peripheral,0.3,0.1664,A,True,6,0.03,0.45927903871829107,0.018691588785046728,0.0,0.621272808188696,0.0,0.0,"обрыв выгрузки на последнем колене: получил 110 тыс от 1 плательщика, исходящие неизвестны",1.0,4,False,0.0,0,0,110000.0,2,1,1,110000.0,110000.0,110000.0,0.0,0,0.0,0,False,True,True,False,0,0.004897920583177954,538.7712641495749,False,False,0,,1,False
100000003187359100,peripheral,0.9,0.2379,B,False,1,0.09000000000000001,0.7552291944815309,0.018691588785046728,0.0,0.20115709835336004,0.3333333333333333,0.0,"выраженных признаков нет: 1 вх./0 исх., оборот 19 тыс; связан с 1 seed",1.0,1,False,0.0,0,0,19072.0,1,1,1,19072.0,19072.0,19072.0,0.0,1,19072.0,1,False,True,False,False,1,1.0,19072.0,False,False,0,,1,False
100000003188607100,peripheral,0.9,0.2585,B,False,9,0.09000000000000001,0.6858032932799288,0.018691588785046728,0.6915887850467289,0.1882510013351135,0.0,0.0,"выраженных признаков нет: 1 вх./1 исх., оборот 18 тыс",1.0,2,False,5000.0,1,1,18000.0,1,1,2,18000.0,23000.0,13000.0,0.2777777777777778,0,0.0,0,False,True,False,False,0,0.5405405405405406,9729.72972972973,False,False,0,0.0,1,False
100000003190207100,peripheral,0.6,0.2626,B,True,22,0.06,0.43524699599465955,0.018691588785046728,0.6915887850467289,0.8353360035603026,0.0,0.0,"выраженных признаков нет: 1 вх./1 исх., оборот 377 тыс",1.0,3,False,377000.0,8,1,5000.0,1,1,2,377000.0,382000.0,-372000.0,75.4,0,0.0,0,True,False,False,False,0,0.0011196309188546043,422.1008564081858,False,False,0,0.10610079575596817,1,False
100000003191430100,terminal,0.316,0.2843,B,False,4,0.158,0.7828215398308856,0.018691588785046728,0.0,0.7058299955496217,0.0,0.0,"конечная точка в пределах выгрузки: получил 180 тыс от 1 плательщика, исходящих нет; доля seed-денег ~13%",1.0,2,False,0.0,0,0,180000.0,1,1,1,180000.0,180000.0,180000.0,0.0,0,0.0,0,False,True,False,False,0,0.13066666666666665,23519.999999999996,False,False,0,,1,False
100000003192220100,peripheral,0.9,0.2443,B,False,65,0.09000000000000001,0.8081886960391633,0.018691588785046728,0.0,0.4931019136626613,0.0,0.0,"выраженных признаков нет: 1 вх./0 исх., оборот 60 тыс",1.0,2,False,0.0,0,0,60000.0,2,1,1,60000.0,60000.0,60000.0,0.0,0,0.0,0,False,True,False,False,0,0.47322170741506375,28393.302449415554,False,False,0,,1,False
100000003192309100,peripheral,0.6,0.185,B,True,1,0.06,0.09523809523809523,0.018691588785046728,0.6915887850467289,0.7392078326657766,0.0,0.0,"выраженных признаков нет: 1 вх./1 исх., оборот 213 тыс",1.0,3,False,213000.0,1,1,17200.0,1,1,2,213000.0,230200.0,-195800.0,12.383720930232558,0,0.0,0,True,False,False,False,1,5.365977525205442e-05,11.429532128687592,False,False,0,0.0,1,False
100000003194831100,peripheral,0.3,0.0275,A,True,29,0.03,0.05518469069870939,0.018691588785046728,0.0,0.04138851802403204,0.0,0.0,"обрыв выгрузки на последнем колене: получил 6 тыс от 1 плательщика, исходящие неизвестны",1.0,4,False,0.0,0,0,6265.0,1,1,1,6265.0,6265.0,6265.0,0.0,0,0.0,0,False,True,True,False,0,0.00065933369391647,4.130725592386685,False,False,0,,1,False
100000003199390100,peripheral,0.3,0.1514,A,True,5,0.03,0.308411214953271,0.018691588785046728,0.0,0.7739207832665776,0.0,0.0,"обрыв выгрузки на последнем колене: получил 260 тыс от 1 плательщика, исходящие неизвестны",1.0,4,False,0.0,0,0,260000.0,1,1,1,260000.0,260000.0,260000.0,0.0,0,0.0,0,False,True,True,False,0,0.000551028696630508,143.2674611239321,False,False,0,,1,False
100000003200071100,peripheral,0.9,0.1126,B,False,84,0.09000000000000001,0.0,0.0,0.6915887850467289,0.3186470850022252,0.0,0.0,"[seed] выраженных признаков нет: 0 вх./1 исх., оборот 30 тыс",1.0,0,True,30000.0,1,1,0.0,0,0,1,30000.0,30000.0,-30000.0,,0,0.0,0,False,False,False,False,14,1.0,0.0,False,False,0,0.0,0,False
100000003204491100,peripheral,0.6,0.2543,B,True,2,0.06,0.48242100578549174,0.018691588785046728,0.6915887850467289,0.6582109479305741,0.0,0.0,"выраженных признаков нет: 1 вх./1 исх., оборот 140 тыс",1.0,3,False,100000.0,2,1,140000.0,1,1,2,140000.0,240000.0,40000.0,0.7142857142857143,0,0.0,0,False,True,False,False,0,0.004849960600259524,678.9944840363333,False,False,0,1.0,1,False
100000003205210100,terminal,0.713,0.4144,B,False,3,0.3565,0.9443702714730752,0.018691588785046728,0.0,0.6555407209612817,0.3333333333333333,0.0,"конечная точка в пределах выгрузки: получил 138 тыс от 1 плательщика, исходящих нет; доля seed-денег ~100%; связан с 1 seed",0.6666666666666666,1,False,0.0,0,0,137563.0,1,1,1,137563.0,137563.0,137563.0,0.0,1,137563.0,1,False,True,False,False,0,1.0,137563.0,False,False,0,,1,False
100000003207060100,peripheral,0.3,0.1542,A,True,2,0.03,0.4753004005340454,0.018691588785046728,0.0,0.4672897196261682,0.0,0.0,"обрыв выгрузки на последнем колене: получил 53 тыс от 1 плательщика, исходящие неизвестны",1.0,4,False,0.0,0,0,53000.0,1,1,1,53000.0,53000.0,53000.0,0.0,0,0.0,0,False,True,True,False,0,0.0121304182237201,642.9121658571653,False,False,0,,1,False
100000003213473100,distributor,0.51,0.4746,B,False,2,0.40800000000000003,0.19893190921228304,0.018691588785046728,0.9746328437917223,0.7601246105919003,0.6666666666666666,1.0,"веерная рассылка: 11 получателей, отправил 240 тыс; видимый вход 58 тыс, источник вне выгрузки; связан с 2 seed; участвует в круговых потоках (3+ участника)",0.6666666666666666,3,False,240000.0,12,11,57500.0,2,1,11,240000.0,297500.0,-182500.0,4.173913043478261,2,0.0,0,True,False,False,False,0,0.00020279353504882864,48.67044841171887,True,True,1,0.1875,1,True
100000003214786100,peripheral,0.3,0.0573,A,True,2,0.03,0.22029372496662217,0.018691588785046728,0.0,0.008455718736092568,0.0,0.0,"обрыв выгрузки на последнем колене: получил 5 тыс от 1 плательщика, исходящие неизвестны",1.0,4,False,0.0,0,0,5000.0,1,1,1,5000.0,5000.0,5000.0,0.0,0,0.0,0,False,True,True,False,0,0.012130418223720098,60.652091118600495,False,False,0,,1,False
100000003215448100,peripheral,0.6,0.2643,B,True,6,0.06,0.470404984423676,0.018691588785046728,0.833555852247441,0.6399643969737427,0.0,0.0,"выраженных признаков нет: 1 вх./2 исх., оборот 124 тыс",1.0,3,False,124000.0,4,2,91309.0,1,1,3,124000.0,215309.0,-32691.0,1.3580260434349298,0,0.0,0,True,False,False,False,0,0.004897920583177954,607.3421523140663,False,False,0,0.06451612903225806,1,False
100000003216073100,peripheral,0.9,0.2035,B,True,23,0.09000000000000001,0.24521584334668448,0.018691588785046728,0.6915887850467289,0.5189141076991545,0.0,0.0,"выраженных признаков нет: 1 вх./1 исх., оборот 70 тыс",1.0,3,False,70000.0,1,1,37001.0,1,1,2,70000.0,107001.0,-32999.0,1.891840761060512,0,0.0,0,True,False,False,False,0,0.001140000325105892,79.80002275741245,False,False,0,0.0,1,False
100000003218308100,peripheral,0.9,0.0608,B,True,2,0.09000000000000001,0.08411214953271028,0.018691588785046728,0.0,0.1059190031152648,0.0,0.0,"выраженных признаков нет: 1 вх./0 исх., оборот 11 тыс",1.0,3,False,0.0,0,0,11165.0,1,1,1,11165.0,11165.0,11165.0,0.0,0,0.0,0,False,True,False,False,0,0.0008464425810733717,9.450531417684195,False,False,0,,1,False
100000003219438100,peripheral,0.9,0.2111,B,False,41,0.09000000000000001,0.7165109034267912,0.018691588785046728,0.0,0.3440142412105029,0.0,0.0,"выраженных признаков нет: 1 вх./0 исх., оборот 32 тыс",1.0,2,False,0.0,0,0,32000.0,1,1,1,32000.0,32000.0,32000.0,0.0,0,0.0,0,False,True,False,False,0,0.4132968733201513,13225.499946244841,False,False,0,,1,False
100000003220685100,peripheral,0.3,0.1928,A,True,5,0.03,0.4259012016021362,0.018691588785046728,0.0,0.9523809523809523,0.0,0.0,"обрыв выгрузки на последнем колене: получил 1.3 млн от 1 плательщика, исходящие неизвестны",1.0,4,False,0.0,0,0,1306000.0,2,1,1,1306000.0,1306000.0,1306000.0,0.0,0,0.0,0,False,True,True,False,0,0.00029889085104299113,390.35145146214643,False,False,0,,1,False
100000003221384100,terminal,0.268,0.2819,B,True,18,0.134,0.724076546506453,0.018691588785046728,0.0,0.8829550511793502,0.0,0.0,"конечная точка в пределах выгрузки: получил 511 тыс от 1 плательщика, исходящих нет; доля seed-денег ~3%; вход в конце периода, мог переслать позже",1.0,2,False,0.0,0,0,511200.0,1,1,1,511200.0,511200.0,511200.0,0.0,0,0.0,0,False,True,False,False,0,0.02772031220002923,14170.623596654943,False,False,0,,1,True
100000003221510100,peripheral,0.6,0.1975,B,True,76,0.06,0.13885180240320427,0.018691588785046728,0.833555852247441,0.6350689808633734,0.0,0.0,"выраженных признаков нет: 1 вх./2 исх., оборот 120 тыс",1.0,3,False,120000.0,3,2,24000.0,1,1,3,120000.0,144000.0,-96000.0,5.0,0,0.0,0,True,False,False,False,0,0.00016928851621467433,20.31462194576092,False,False,0,0.0,1,False
100000003230328100,peripheral,0.3,0.1731,A,True,2,0.03,0.207832665776591,0.9114374721851357,0.0,0.29906542056074764,0.0,0.0,"обрыв выгрузки на последнем колене: получил 27 тыс от 3 плательщиков, исходящие неизвестны",1.0,4,False,0.0,0,0,26572.0,3,3,3,26572.0,26572.0,26572.0,0.0,0,0.0,0,False,True,True,False,0,0.0019802755570752693,52.61988210260405,False,False,0,,1,False
100000003230329100,peripheral,0.3,0.1218,A,True,7,0.03,0.2367601246105919,0.018691588785046728,0.0,0.621272808188696,0.0,0.0,"обрыв выгрузки на последнем колене: получил 110 тыс от 1 плательщика, исходящие неизвестны",1.0,4,False,0.0,0,0,110000.0,1,1,1,110000.0,110000.0,110000.0,0.0,0,0.0,0,False,True,True,False,0,0.0006623694689706608,72.86064158677269,False,False,0,,1,False
100000003232675100,peripheral,0.3,0.1107,A,True,12,0.03,0.2914997774810859,0.018691588785046728,0.0,0.40053404539385845,0.0,0.0,"обрыв выгрузки на последнем колене: получил 44 тыс от 1 плательщика, исходящие неизвестны",1.0,4,False,0.0,0,0,44000.0,2,1,1,44000.0,44000.0,44000.0,0.0,0,0.0,0,False,True,True,False,0,0.002825802656356205,124.33531687967303,False,False,0,,1,False
100000003235780100,peripheral,0.9,0.3417,B,False,2,0.09000000000000001,0.7298620382732532,0.8019581664441477,0.0,0.507343124165554,0.3333333333333333,0.0,"выраженных признаков нет: 2 вх./0 исх., оборот 65 тыс; связан с 1 seed",1.0,1,False,0.0,0,0,65000.0,2,2,2,65000.0,65000.0,65000.0,0.0,1,15000.0,1,False,True,False,False,0,0.23142034044697954,15042.32212905367,False,False,0,,1,False
100000003237045100,peripheral,0.6,0.3111,B,True,4,0.06,0.6844681797952826,0.018691588785046728,0.6915887850467289,0.8215398308856253,0.0,0.0,"выраженных признаков нет: 1 вх./1 исх., оборот 340 тыс; взаимные переводы с 1",1.0,2,False,150000.0,1,1,340200.0,2,1,1,340200.0,490200.0,190200.0,0.4409171075837742,0,0.0,0,False,True,False,False,0,0.028265736107453254,9616.003423755597,True,False,1,0.0,1,False
100000003239379100,peripheral,0.9,0.3083,B,False,10,0.09000000000000001,0.9194481530930129,0.018691588785046728,0.0,0.5772140631953716,0.3333333333333333,0.0,"выраженных признаков нет: 1 вх./0 исх., оборот 92 тыс; связан с 1 seed",0.6666666666666666,1,False,0.0,0,0,92500.0,1,1,1,92500.0,92500.0,92500.0,0.0,1,92500.0,1,False,True,False,False,0,1.0,92500.0,False,False,0,,1,False
100000003239859100,peripheral,0.9,0.2368,B,False,10,0.09000000000000001,0.7521139296840231,0.018691588785046728,0.0,0.19670672007120604,0.3333333333333333,0.0,"выраженных признаков нет: 1 вх./0 исх., оборот 19 тыс; связан с 1 seed",1.0,1,False,0.0,0,0,18600.0,1,1,1,18600.0,18600.0,18600.0,0.0,1,18600.0,1,False,True,False,False,0,1.0,18600.0,False,False,0,,1,False
100000003241965100,peripheral,0.9,0.1038,B,True,8,0.09000000000000001,0.28304405874499333,0.018691588785046728,0.0,0.13840676457498888,0.0,0.0,"выраженных признаков нет: 1 вх./0 исх., оборот 15 тыс",1.0,3,False,0.0,0,0,15000.0,1,1,1,15000.0,15000.0,15000.0,0.0,0,0.0,0,False,True,False,False,0,0.007716123310628142,115.74184965942213,False,False,0,,1,False
100000003242289100,distributor,0.473,0.5985,B,True,17,0.3784,0.6395193591455274,0.9114374721851357,0.9893190921228304,0.9804183355585224,0.0,1.0,"веерная рассылка: 23 получателя, отправил 2.4 млн; видимый вход 551 тыс, источник вне выгрузки; участвует в круговых потоках (3+ участника); связь с seed-деньгами слабая, возможна легальная активность",1.0,2,False,2377741.0,26,23,550791.0,8,3,25,2377741.0,2928532.0,-1826950.0,4.316956885642648,0,0.0,0,True,False,False,False,0,0.002458826925841859,5846.453593478147,True,True,1,0.3309300718623265,2,False
100000003242795100,terminal,0.302,0.1771,B,True,5,0.151,0.29951045838896306,0.018691588785046728,0.0,0.6248331108144193,0.0,0.0,"конечная точка в пределах выгрузки: получил 111 тыс от 1 плательщика, исходящих нет; доля seed-денег ~0%",0.6666666666666666,3,False,0.0,0,0,111000.0,1,1,1,111000.0,111000.0,111000.0,0.0,0,0.0,0,False,True,False,False,0,0.0011953620415003489,132.68518660653874,False,False,0,,1,False
100000003246024100,peripheral,0.9,0.2438,B,True,74,0.09000000000000001,0.5727636849132176,0.018691588785046728,0.6915887850467289,0.2674677347574544,0.0,0.0,"выраженных признаков нет: 1 вх./1 исх., оборот 25 тыс",1.0,2,False,5000.0,1,1,25000.0,1,1,2,25000.0,30000.0,20000.0,0.2,0,0.0,0,False,True,False,False,0,0.0882843416221051,2207.108540552628,False,False,0,1.0,1,False
100000003247600100,peripheral,0.3,0.1406,A,True,3,0.03,0.3965287049399199,0.018691588785046728,0.0,0.48909657320872274,0.0,0.0,"обрыв выгрузки на последнем колене: получил 58 тыс от 1 плательщика, исходящие неизвестны",1.0,4,False,0.0,0,0,58000.0,1,1,1,58000.0,58000.0,58000.0,0.0,0,0.0,0,False,True,True,False,0,0.005157915794749411,299.15911609546583,False,False,0,,1,False
100000003249054100,consolidator,0.491,0.4953,B,True,3,0.4419,0.5656430796617713,0.9906542056074766,0.6915887850467289,0.5923453493546952,0.0,0.0,"признаки консолидации: 7 плательщиков, получил 100 тыс; отдал дальше 15%; связь с seed-деньгами слабая, возможна легальная активность",1.0,2,False,15000.0,1,1,99700.0,11,7,8,99700.0,114700.0,84700.0,0.15045135406218657,0,0.0,0,False,True,False,False,0,0.019943941073031057,1988.4109249811963,False,False,0,0.0,2,True
100000003252446100,peripheral,0.3,0.0816,A,True,13,0.03,0.03649310191366266,0.018691588785046728,0.0,0.6194926568758344,0.0,0.0,"обрыв выгрузки на последнем колене: получил 109 тыс от 1 плательщика, исходящие неизвестны",1.0,4,False,0.0,0,0,108600.0,1,1,1,108600.0,108600.0,108600.0,0.0,0,0.0,0,False,True,True,False,0,8.454107090035347e-06,0.9181160299778387,False,False,0,,1,False
100000003254277100,peripheral,0.9,0.1847,B,True,2,0.09000000000000001,0.19225634178905207,0.018691588785046728,0.6915887850467289,0.4370271473075211,0.0,0.0,"выраженных признаков нет: 1 вх./1 исх., оборот 49 тыс",1.0,3,False,44997.0,1,1,49200.0,1,1,2,49200.0,94197.0,4203.0,0.9145731707317073,0,0.0,0,False,True,False,False,0,0.0008464425810733717,41.644974988809885,False,False,0,1.0,1,False
100000003254723100,terminal,0.655,0.3832,B,False,3,0.3275,0.9425901201602136,0.018691588785046728,0.0,0.7823765020026703,0.0,0.0,"конечная точка в пределах выгрузки: получил 270 тыс от 1 плательщика, исходящих нет; доля seed-денег ~50%",1.0,2,False,0.0,0,0,269850.0,6,1,1,269850.0,269850.0,269850.0,0.0,0,0.0,0,False,True,False,False,0,0.4958391076559067,133802.18320094643,False,False,0,,1,False
100000003265158100,transit,0.8,0.6914,C,False,10,0.5599999999999999,0.9301290609701824,0.9114374721851357,0.833555852247441,0.6822429906542056,0.6666666666666666,0.0,"признаки транзита: получил 146 тыс, отправил 154 тыс; 100% отправлено в течение 2 дней после входа; связан с 2 seed; доля seed-денег ~67%",0.6666666666666666,1,False,154200.0,4,2,146100.4,3,3,5,154200.0,300300.4,-8099.600000000006,1.055438588806054,2,99300.4,2,True,False,False,False,0,0.6658818333237058,102678.97869851542,False,False,0,1.0,1,True
100000003265658100,peripheral,0.2,0.006,A,False,0,0.020000000000000004,0.0,0.0,0.0,0.0,0.0,0.0,[seed] нет переводов в выгрузке: роль определить нельзя,1.0,0,True,0.0,0,0,0.0,0,0,0,0.0,0.0,0.0,,0,0.0,0,False,False,False,True,17,1.0,0.0,False,False,0,,0,False
100000003270419100,terminal,0.548,0.336,B,False,12,0.274,0.855807743658211,0.018691588785046728,0.0,0.6711170449488206,0.0,0.0,"конечная точка в пределах выгрузки: получил 150 тыс от 1 плательщика, исходящих нет; доля seed-денег ~29%",1.0,3,False,0.0,0,0,150000.0,1,1,1,150000.0,150000.0,150000.0,0.0,0,0.0,0,False,True,False,False,0,0.29331991497830256,43997.98724674538,False,False,0,,1,False
100000003271151100,terminal,0.305,0.2197,B,True,6,0.1525,0.5002225189141077,0.018691588785046728,0.0,0.6439697374276814,0.0,0.0,"конечная точка в пределах выгрузки: получил 127 тыс от 1 плательщика, исходящих нет; доля seed-денег ~1%",0.6666666666666666,3,False,0.0,0,0,127294.0,1,1,1,127294.0,127294.0,127294.0,0.0,0,0.0,0,False,True,False,False,0,0.006651503710631661,846.6965133411467,False,False,0,,1,False
100000003275398100,peripheral,0.6,0.2964,B,True,28,0.06,0.621272808188696,0.018691588785046728,0.6915887850467289,0.8010680907877169,0.0,0.0,"выраженных признаков нет: 1 вх./1 исх., оборот 300 тыс",1.0,2,False,20000.0,1,1,300000.0,1,1,2,300000.0,320000.0,280000.0,0.06666666666666667,0,0.0,0,False,True,False,False,2,0.015190503021668746,4557.150906500624,False,False,0,0.0,1,False
100000003278020100,terminal,0.318,0.2522,B,True,2,0.159,0.6154873164218959,0.018691588785046728,0.0,0.7160658655985759,0.0,0.0,"конечная точка в пределах выгрузки: получил 190 тыс от 1 плательщика, исходящих нет; доля seed-денег ~2%",1.0,2,False,0.0,0,0,190000.0,1,1,1,190000.0,190000.0,190000.0,0.0,0,0.0,0,False,True,False,False,0,0.02161371237458194,4106.605351170569,False,False,0,,1,False
100000003284932100,peripheral,0.9,0.2985,B,False,3,0.09000000000000001,0.8998664886515354,0.018691588785046728,0.0,0.518469069870939,0.3333333333333333,0.0,"выраженных признаков нет: 1 вх./0 исх., оборот 70 тыс; связан с 1 seed",1.0,1,False,0.0,0,0,69925.0,1,1,1,69925.0,69925.0,69925.0,0.0,1,69925.0,1,False,True,False,False,0,1.0,69925.0,False,False,0,,1,False
100000003286537100,terminal,0.217,0.2466,B,True,7,0.1085,0.30218068535825543,0.8019581664441477,0.0,0.6795727636849133,0.0,0.0,"конечная точка в пределах выгрузки: получил 153 тыс от 2 плательщиков, исходящих нет; доля seed-денег ~0%; вход в конце периода, мог переслать позже",1.0,3,False,0.0,0,0,153000.0,2,2,2,153000.0,153000.0,153000.0,0.0,0,0.0,0,False,True,False,False,0,0.0008887872768113621,135.9844533521384,False,False,0,,2,True
100000003289281100,peripheral,0.3,0.1574,A,True,2,0.03,0.5340453938584779,0.018691588785046728,0.0,0.3818424566088118,0.0,0.0,"обрыв выгрузки на последнем колене: получил 40 тыс от 1 плательщика, исходящие неизвестны",1.0,4,False,0.0,0,0,40000.0,1,1,1,40000.0,40000.0,40000.0,0.0,0,0.0,0,False,True,True,False,0,0.03141166508656047,1256.4666034624188,False,False,0,,1,False
100000003289405100,terminal,0.351,0.2794,B,True,3,0.1755,0.6662216288384513,0.018691588785046728,0.0,0.8282153983088563,0.0,0.0,"конечная точка в пределах выгрузки: получил 355 тыс от 1 плательщика, исходящих нет; доля seed-денег ~2%",1.0,2,False,0.0,0,0,355000.0,1,1,1,355000.0,355000.0,355000.0,0.0,0,0.0,0,False,True,False,False,0,0.02165564470335984,7687.753869692743,False,False,0,,1,False
100000003292191100,terminal,0.212,0.1326,B,True,24,0.106,0.1548731642189586,0.018691588785046728,0.0,0.6261682242990654,0.0,0.0,"конечная точка в пределах выгрузки: получил 112 тыс от 1 плательщика, исходящих нет; доля seed-денег ~0%; вход в конце периода, мог переслать позже",0.6666666666666666,3,False,0.0,0,0,112000.0,1,1,1,112000.0,112000.0,112000.0,0.0,0,0.0,0,False,True,False,False,0,0.00023278315102579416,26.071712914888945,False,False,0,,1,True
100000003292979100,peripheral,0.9,0.231,B,False,3,0.09000000000000001,0.7712505562972852,0.018691588785046728,0.0,0.43391188251001334,0.0,0.0,"выраженных признаков нет: 1 вх./0 исх., оборот 49 тыс",1.0,2,False,0.0,0,0,48950.0,1,1,1,48950.0,48950.0,48950.0,0.0,0,0.0,0,False,True,False,False,0,0.43227167410173944,21159.698447280145,False,False,0,,1,False
100000003293377100,peripheral,0.9,0.1212,B,True,5,0.09000000000000001,0.21895861148197596,0.018691588785046728,0.0,0.4401424121050289,0.0,0.0,"выраженных признаков нет: 1 вх./0 исх., оборот 50 тыс",1.0,3,False,0.0,0,0,50000.0,1,1,1,50000.0,50000.0,50000.0,0.0,0,0.0,0,False,True,False,False,0,0.0011953620415003489,59.768102075017445,False,False,0,,1,False
100000003299365100,transit,0.867,0.5817,B,False,3,0.6069,0.960836671117045,0.018691588785046728,0.6915887850467289,0.7271918113039608,0.3333333333333333,0.0,"признаки транзита: получил 200 тыс, отправил 200 тыс (100%); 100% отправлено в течение 2 дней после входа; связан с 1 seed; взаимные переводы с 1; доля seed-денег ~100%",1.0,1,False,200000.0,1,1,200000.0,1,1,1,200000.0,400000.0,0.0,1.0,1,200000.0,1,False,True,False,False,0,1.0,200000.0,True,False,1,1.0,1,False
100000003321423100,terminal,0.21,0.249,B,False,40,0.105,0.7556742323097463,0.018691588785046728,0.0,0.5927903871829105,0.0,0.0,"конечная точка в пределах выгрузки: получил 100 тыс от 1 плательщика, исходящих нет; доля seed-денег ~19%; вход в конце периода, мог переслать позже",0.6666666666666666,2,False,0.0,0,0,100000.0,2,1,1,100000.0,100000.0,100000.0,0.0,0,0.0,0,False,True,False,False,0,0.19223852085153198,19223.852085153198,False,False,0,,1,True
100000003321895100,peripheral,0.6,0.2945,B,True,77,0.06,0.49577214063195374,0.018691588785046728,0.833555852247441,0.8914107699154428,0.0,0.0,"выраженных признаков нет: 1 вх./2 исх., оборот 554 тыс",1.0,3,False,553830.0,3,2,24000.0,1,1,3,553830.0,577830.0,-529830.0,23.07625,0,0.0,0,True,False,False,False,0,0.00141653746259605,784.5209429095704,False,False,0,0.0,1,False
100000003336565100,peripheral,0.9,0.1281,B,True,1,0.09000000000000001,0.3885180240320427,0.018691588785046728,0.0,0.17044948820649755,0.0,0.0,"выраженных признаков нет: 1 вх./0 исх., оборот 17 тыс",1.0,2,False,0.0,0,0,16550.0,1,1,1,16550.0,16550.0,16550.0,0.0,0,0.0,0,False,True,False,False,1,0.017185010363675823,284.41192151883484,False,False,0,,1,False
100000003338583100,peripheral,0.9,0.0981,B,True,28,0.09000000000000001,0.20471740097908322,0.018691588785046728,0.0,0.2376502002670227,0.0,0.0,"выраженных признаков нет: 1 вх./0 исх., оборот 22 тыс",1.0,3,False,0.0,0,0,21765.0,1,1,1,21765.0,21765.0,21765.0,0.0,0,0.0,0,False,True,False,False,2,0.002357054273266704,51.301286257649814,False,False,0,,1,False
100000003345947100,peripheral,0.3,0.1269,A,True,6,0.03,0.2999554962171785,0.018691588785046728,0.0,0.5456163773920784,0.0,0.0,"обрыв выгрузки на последнем колене: получил 80 тыс от 1 плательщика, исходящие неизвестны",1.0,4,False,0.0,0,0,79500.0,6,1,1,79500.0,79500.0,79500.0,0.0,0,0.0,0,False,True,True,False,0,0.0016712267427537674,132.8625260489245,False,False,0,,1,False
100000003349739100,peripheral,0.2,0.006,A,False,0,0.020000000000000004,0.0,0.0,0.0,0.0,0.0,0.0,[seed] нет переводов в выгрузке: роль определить нельзя,1.0,0,True,0.0,0,0,0.0,0,0,0,0.0,0.0,0.0,,0,0.0,0,False,False,False,True,18,1.0,0.0,False,False,0,,0,False
100000003360542100,peripheral,0.6,0.5037,B,False,16,0.06,0.9394748553627058,0.8019581664441477,0.833555852247441,0.812194036493102,0.0,1.0,"выраженных признаков нет: 2 вх./2 исх., оборот 317 тыс; участвует в круговых потоках (3+ участника)",1.0,2,False,51800.0,5,2,317000.0,3,2,3,317000.0,368800.0,265200.0,0.16340694006309148,0,0.0,0,False,True,False,False,0,0.3932578348358916,124662.73364297765,True,True,1,0.29922779922779924,1,False
100000003366154100,transit,0.8,0.5882,C,False,3,0.5599999999999999,0.9399198931909212,0.018691588785046728,0.894971072541166,0.7948375611927013,0.3333333333333333,0.0,"признаки транзита: получил 125 тыс, отправил 289 тыс; 100% отправлено в течение 2 дней после входа; связан с 1 seed; доля seed-денег ~43%",0.6666666666666666,1,False,289170.0,3,3,125000.0,1,1,4,289170.0,414170.0,-164170.0,2.31336,1,125000.0,1,True,False,False,False,0,0.43227167410173944,125000.0,False,False,0,1.0,1,False
100000003366471100,peripheral,0.6,0.3708,B,True,6,0.06,0.5945705384957721,0.8019581664441477,0.6915887850467289,0.8157543391188251,0.0,0.0,"выраженных признаков нет: 2 вх./1 исх., оборот 330 тыс",1.0,3,False,20000.0,1,1,329789.0,5,2,3,329789.0,349789.0,309789.0,0.0606448365470043,0,0.0,0,False,True,False,False,0,0.008915327810665306,2940.1770433515007,False,False,0,1.0,2,True
100000003370425100,peripheral,0.3,0.1534,A,False,12,0.03,0.6030262572318648,0.018691588785046728,0.0,0.20382732532265244,0.0,0.0,"обрыв выгрузки на последнем колене: получил 20 тыс от 1 плательщика, исходящие неизвестны",1.0,4,False,0.0,0,0,20000.0,1,1,1,20000.0,20000.0,20000.0,0.0,0,0.0,0,False,True,True,False,0,0.16697737550679517,3339.5475101359034,False,False,0,,1,False
100000003377795100,peripheral,0.9,0.2025,B,False,9,0.09000000000000001,0.655985758789497,0.018691588785046728,0.0,0.045838896306186025,0.3333333333333333,0.0,"выраженных признаков нет: 1 вх./0 исх., оборот 7 тыс; связан с 1 seed",1.0,1,False,0.0,0,0,7000.0,1,1,1,7000.0,7000.0,7000.0,0.0,1,7000.0,1,False,True,False,False,0,1.0,7000.0,False,False,0,,1,False
100000003390036100,peripheral,0.6,0.4933,B,False,16,0.06,0.9185580774365821,0.8019581664441477,0.833555852247441,0.7503337783711616,0.0,1.0,"выраженных признаков нет: 2 вх./2 исх., оборот 231 тыс; участвует в круговых потоках (3+ участника)",1.0,2,False,62000.0,2,2,231300.0,4,2,4,231300.0,293300.0,169300.0,0.2680501513186338,0,0.0,0,False,True,False,False,0,0.39325783483589166,90960.53719754174,True,True,0,0.16129032258064516,1,False
100000003404627100,terminal,0.926,0.5829,B,False,48,0.463,0.9924343569203382,0.960836671117045,0.0,0.9296840231419671,0.3333333333333333,0.0,"конечная точка в пределах выгрузки: получил 878 тыс от 4 плательщиков, исходящих нет; доля seed-денег ~70%; связан с 1 seed",0.6666666666666666,1,False,0.0,0,0,877700.0,5,4,4,877700.0,877700.0,877700.0,0.0,1,465000.0,1,False,True,False,False,0,0.6998794730115561,614284.2134622427,False,False,0,,3,False
100000003406094100,peripheral,0.6,0.2944,B,True,4,0.06,0.6506453048509123,0.018691588785046728,0.894971072541166,0.5189141076991545,0.0,0.0,"выраженных признаков нет: 1 вх./3 исх., оборот 70 тыс; взаимные переводы с 1",1.0,3,False,47000.0,3,3,70000.0,4,1,3,70000.0,117000.0,23000.0,0.6714285714285714,0,0.0,0,False,True,False,False,0,0.09566527962342505,6696.569573639754,True,False,1,0.14893617021276595,1,True
100000003447411100,peripheral,0.3,0.1145,A,True,6,0.03,0.1068090787716956,0.018691588785046728,0.0,0.8081886960391633,0.0,0.0,"обрыв выгрузки на последнем колене: получил 302 тыс от 1 плательщика, исходящие неизвестны",1.0,4,False,0.0,0,0,302000.0,3,1,1,302000.0,302000.0,302000.0,0.0,0,0.0,0,False,True,True,False,0,4.279810799009266e-05,12.925028613007981,False,False,0,,1,False
100000003448713100,peripheral,0.3,0.1093,A,True,6,0.03,0.09479305740987984,0.018691588785046728,0.0,0.7792612372051625,0.0,0.0,"обрыв выгрузки на последнем колене: получил 267 тыс от 1 плательщика, исходящие неизвестны",1.0,4,False,0.0,0,0,266750.0,1,1,1,266750.0,266750.0,266750.0,0.0,0,0.0,0,False,True,True,False,0,4.279810799009266e-05,11.416395306357217,False,False,0,,1,False
100000003449074100,peripheral,0.9,0.2113,B,False,2,0.09000000000000001,0.6880284824210058,0.018691588785046728,0.0,0.06987093902981753,0.3333333333333333,0.0,"выраженных признаков нет: 1 вх./0 исх., оборот 10 тыс; связан с 1 seed",1.0,1,False,0.0,0,0,10000.0,1,1,1,10000.0,10000.0,10000.0,0.0,1,10000.0,1,False,True,False,False,0,1.0,10000.0,False,False,0,,1,False
100000003457710100,transit,0.6,0.3984,C,True,5,0.42,0.4259012016021362,0.018691588785046728,0.6915887850467289,0.9523809523809523,0.0,0.0,"признаки транзита: получил 327 тыс, отправил 1.3 млн; 100% отправлено в течение 2 дней после входа; связь с seed-деньгами слабая, возможна легальная активность",1.0,3,False,1306000.0,2,1,326555.0,1,1,2,1306000.0,1632555.0,-979445.0,3.999326300316945,0,0.0,0,True,False,False,False,0,0.00029889085104299113,390.35145146214643,False,False,0,1.0,1,False
100000003470579100,peripheral,0.3,0.1516,A,True,31,0.03,0.2817089452603471,0.018691588785046728,0.0,0.8286604361370716,0.0,0.0,"обрыв выгрузки на последнем колене: получил 357 тыс от 1 плательщика, исходящие неизвестны",1.0,4,False,0.0,0,0,357000.0,2,1,1,357000.0,357000.0,357000.0,0.0,0,0.0,0,False,True,True,False,0,0.0003227185896603177,115.21053650873341,False,False,0,,1,False
100000003476560100,peripheral,0.9,0.285,B,False,3,0.09000000000000001,0.8713840676457499,0.018691588785046728,0.0,0.4401424121050289,0.3333333333333333,0.0,"выраженных признаков нет: 1 вх./0 исх., оборот 50 тыс; связан с 1 seed",1.0,1,False,0.0,0,0,50000.0,1,1,1,50000.0,50000.0,50000.0,0.0,1,50000.0,1,False,True,False,False,0,1.0,50000.0,False,False,0,,1,False
100000003481025100,peripheral,0.3,0.0308,A,True,2,0.03,0.06141522029372497,0.018691588785046728,0.0,0.06186025812194036,0.0,0.0,"обрыв выгрузки на последнем колене: получил 9 тыс от 1 плательщика, исходящие неизвестны",1.0,4,False,0.0,0,0,9000.0,1,1,1,9000.0,9000.0,9000.0,0.0,0,0.0,0,False,True,True,False,0,0.0006088778469915324,5.479900622923791,False,False,0,,1,False
100000003484058100,peripheral,0.6,0.2118,B,True,15,0.06,0.2883845126835781,0.018691588785046728,0.6915887850467289,0.621272808188696,0.0,0.0,"выраженных признаков нет: 1 вх./1 исх., оборот 110 тыс",1.0,3,False,6000.0,1,1,110000.0,1,1,2,110000.0,116000.0,104000.0,0.05454545454545454,0,0.0,0,False,True,False,False,0,0.0011056727811859502,121.62400593045452,False,False,0,0.0,1,False
100000003486846100,peripheral,0.3,0.0958,A,True,4,0.03,0.26702269692923897,0.018691588785046728,0.0,0.30040053404539385,0.0,0.0,"обрыв выгрузки на последнем колене: получил 27 тыс от 1 плательщика, исходящие неизвестны",1.0,4,False,0.0,0,0,27000.0,2,1,1,27000.0,27000.0,27000.0,0.0,0,0.0,0,False,True,True,False,0,0.00386379225444403,104.32239086998881,False,False,0,,1,False
100000003486970100,terminal,0.31,0.19,B,True,5,0.155,0.33377837116154874,0.018691588785046728,0.0,0.6711170449488206,0.0,0.0,"конечная точка в пределах выгрузки: получил 150 тыс от 1 плательщика, исходящих нет; доля seed-денег ~0%",1.0,3,False,0.0,0,0,150000.0,1,1,1,150000.0,150000.0,150000.0,0.0,0,0.0,0,False,True,False,False,0,0.0011953620415003489,179.30430622505233,False,False,0,,1,False
100000003497735100,terminal,0.305,0.2206,B,True,20,0.1525,0.5064530485091233,0.018691588785046728,0.0,0.6408544726301736,0.0,0.0,"конечная точка в пределах выгрузки: получил 125 тыс от 1 плательщика, исходящих нет; доля seed-денег ~1%",0.6666666666666666,3,False,0.0,0,0,125000.0,1,1,1,125000.0,125000.0,125000.0,0.0,0,0.0,0,False,True,False,False,0,0.007418176197065082,927.2720246331353,False,False,0,,1,False
100000003500764100,peripheral,0.3,0.0727,A,True,17,0.03,0.1864708500222519,0.018691588785046728,0.0,0.23052959501557632,0.0,0.0,"обрыв выгрузки на последнем колене: получил 21 тыс от 1 плательщика, исходящие неизвестны",1.0,4,False,0.0,0,0,21000.0,1,1,1,21000.0,21000.0,21000.0,0.0,0,0.0,0,False,True,True,False,0,0.0018750453329112505,39.37595199113626,False,False,0,,1,False
100000003509750100,peripheral,0.6,0.4089,B,False,14,0.06,0.7592345349354696,0.9114374721851357,0.894971072541166,0.5536270582999555,0.0,0.0,"выраженных признаков нет: 3 вх./3 исх., оборот 82 тыс; взаимные переводы с 2",0.6666666666666666,2,False,78400.0,5,3,82290.0,4,3,4,82290.0,160690.0,3890.0,0.9527281565196257,0,0.0,0,False,True,False,False,0,0.2400064001706697,19750.12667004446,True,False,2,0.7448979591836735,1,True
100000003528285100,peripheral,0.6,0.4367,B,False,3,0.06,0.5224744103248776,0.960836671117045,0.9274588340008901,0.8900756564307967,0.3333333333333333,0.0,"выраженных признаков нет: 4 вх./4 исх., оборот 548 тыс; связан с 1 seed",1.0,3,False,548000.0,6,4,118870.0,5,4,8,548000.0,666870.0,-429130.0,4.6100782367292,1,0.0,0,True,False,False,False,0,0.0019773077304167824,1083.5646362683967,False,False,0,0.6204379562043796,1,True
100000003557488100,peripheral,0.6,0.3158,B,True,37,0.06,0.5950155763239875,0.018691588785046728,0.833555852247441,0.9056519804183356,0.0,0.0,"выраженных признаков нет: 1 вх./2 исх., оборот 665 тыс; взаимные переводы с 1",1.0,3,False,138000.0,4,2,664992.0,3,1,2,664992.0,802992.0,526992.0,0.20752129348924497,0,0.0,0,False,True,False,False,0,0.004597404285942743,3057.2370709176366,True,False,1,0.855072463768116,1,False
100000003561031100,peripheral,0.9,0.1651,B,True,6,0.09000000000000001,0.25100133511348466,0.018691588785046728,0.6915887850467289,0.12416555407209613,0.0,0.0,"выраженных признаков нет: 1 вх./1 исх., оборот 13 тыс",1.0,3,False,5000.0,1,1,13300.0,1,1,2,13300.0,18300.0,8300.0,0.37593984962406013,0,0.0,0,False,True,False,False,0,0.006651503710631661,88.46499935140109,False,False,0,0.0,1,False
100000003567087100,peripheral,0.9,0.2955,B,False,1,0.09000000000000001,0.8923008455718736,0.018691588785046728,0.0,0.5028927458834,0.3333333333333333,0.0,"выраженных признаков нет: 1 вх./0 исх., оборот 62 тыс; связан с 1 seed",1.0,1,False,0.0,0,0,62115.0,1,1,1,62115.0,62115.0,62115.0,0.0,1,62115.0,1,False,True,False,False,1,1.0,62115.0,False,False,0,,1,False
100000003568904100,peripheral,0.3,0.1101,A,True,12,0.03,0.27147307521139297,0.018691588785046728,0.0,0.43435692033822876,0.0,0.0,"обрыв выгрузки на последнем колене: получил 49 тыс от 1 плательщика, исходящие неизвестны",1.0,4,False,0.0,0,0,49000.0,1,1,1,49000.0,49000.0,49000.0,0.0,0,0.0,0,False,True,True,False,0,0.0022004278459834153,107.82096445318734,False,False,0,,1,False
100000003574895100,peripheral,0.9,0.1627,B,True,2,0.09000000000000001,0.14775255896751224,0.018691588785046728,0.6915887850467289,0.30663106364040943,0.0,0.0,"выраженных признаков нет: 1 вх./1 исх., оборот 28 тыс",1.0,3,False,20000.0,1,1,27968.0,1,1,2,27968.0,47968.0,7968.0,0.7151029748283753,0,0.0,0,False,True,False,False,0,0.0008464425810733717,23.67330610746006,False,False,0,1.0,1,False
100000003581109100,peripheral,0.9,0.109,B,True,2,0.09000000000000001,0.17979528259902092,0.018691588785046728,0.0,0.3969737427681353,0.0,0.0,"выраженных признаков нет: 1 вх./0 исх., оборот 43 тыс",1.0,3,False,0.0,0,0,42750.0,1,1,1,42750.0,42750.0,42750.0,0.0,0,0.0,0,False,True,False,False,0,0.0008464425810733716,36.18542034088664,False,False,0,,1,False
100000003582677100,peripheral,0.6,0.3382,B,False,3,0.06,0.31241655540720964,0.8019581664441477,0.9274588340008901,0.48464619492656874,0.3333333333333333,0.0,"выраженных признаков нет: 2 вх./4 исх., оборот 56 тыс; связан с 1 seed",1.0,3,False,56000.0,5,4,29756.989999999998,2,2,6,56000.0,85756.98999999999,-26243.010000000002,1.881910771217116,1,0.0,0,True,False,False,False,0,0.0026850587962958367,150.36329259256686,False,False,0,0.0,1,False
100000003589877100,transit,0.66,0.6152,C,False,13,0.46199999999999997,0.7992879394748553,0.8019581664441477,0.9528259902091678,0.8486871384067646,0.3333333333333333,0.0,"признаки транзита: получил 176 тыс, отправил 416 тыс; 88% отправлено в течение 2 дней после входа; связан с 1 seed",1.0,1,False,416129.0,6,6,176000.0,2,2,8,416129.0,592129.0,-240129.0,2.364369318181818,1,26000.0,1,True,False,False,False,0,0.062483672409429536,26001.268116063504,False,False,0,0.8798449519259652,1,False
100000003594472100,peripheral,0.9,0.1045,B,True,37,0.09000000000000001,0.253671562082777,0.018691588785046728,0.0,0.20382732532265244,0.0,0.0,"выраженных признаков нет: 1 вх./0 исх., оборот 20 тыс",1.0,3,False,0.0,0,0,20000.0,1,1,1,20000.0,20000.0,20000.0,0.0,0,0.0,0,False,True,False,False,0,0.004597404285942743,91.94808571885486,False,False,0,,1,True
100000003603979100,terminal,0.313,0.2697,B,True,28,0.1565,0.719626168224299,0.018691588785046728,0.0,0.6915887850467289,0.0,0.0,"конечная точка в пределах выгрузки: получил 165 тыс от 1 плательщика, исходящих нет; доля seed-денег ~8%",1.0,2,False,0.0,0,0,165000.0,3,1,1,165000.0,165000.0,165000.0,0.0,0,0.0,0,False,True,False,False,2,0.08273455771827247,13651.202023514958,False,False,0,,1,False
100000003610172100,peripheral,0.9,0.1348,B,True,5,0.09000000000000001,0.24788607031597687,0.018691588785046728,0.0,0.5189141076991545,0.0,0.0,"выраженных признаков нет: 1 вх./0 исх., оборот 70 тыс",1.0,3,False,0.0,0,0,70000.0,1,1,1,70000.0,70000.0,70000.0,0.0,0,0.0,0,False,True,False,False,0,0.0011953620415003489,83.67534290502442,False,False,0,,1,False
100000003616818100,peripheral,0.6,0.513,B,False,28,0.06,0.7596795727636849,0.9114374721851357,0.894971072541166,0.7610146862483311,0.3333333333333333,1.0,"выраженных признаков нет: 3 вх./3 исх., оборот 240 тыс; связан с 1 seed; участвует в круговых потоках (3+ участника)",1.0,1,False,240100.0,8,3,78000.0,4,3,4,240100.0,318100.0,-162100.0,3.0782051282051284,1,15000.0,1,True,False,False,False,2,0.08273455771827247,19864.56730815722,True,True,2,0.0,1,True
100000003617552100,peripheral,0.9,0.208,B,False,34,0.09000000000000001,0.739652870493992,0.018691588785046728,0.0,0.2674677347574544,0.0,0.0,"выраженных признаков нет: 1 вх./0 исх., оборот 25 тыс",1.0,2,False,0.0,0,0,25000.0,1,1,1,25000.0,25000.0,25000.0,0.0,0,0.0,0,False,True,False,False,3,0.66,16500.0,False,False,0,,1,False
100000003622955100,peripheral,0.3,0.1542,A,False,16,0.03,0.6399643969737427,0.018691588785046728,0.0,0.13840676457498888,0.0,0.0,"обрыв выгрузки на последнем колене: получил 15 тыс от 1 плательщика, исходящие неизвестны",1.0,4,False,0.0,0,0,15000.0,1,1,1,15000.0,15000.0,15000.0,0.0,0,0.0,0,False,True,True,False,0,0.39325783483589166,5898.867522538375,False,False,0,,1,False
100000003626268100,peripheral,0.3,0.0474,A,True,6,0.03,0.17089452603471295,0.018691588785046728,0.0,0.008455718736092568,0.0,0.0,"обрыв выгрузки на последнем колене: получил 5 тыс от 1 плательщика, исходящие неизвестны",1.0,4,False,0.0,0,0,5000.0,1,1,1,5000.0,5000.0,5000.0,0.0,0,0.0,0,False,True,True,False,0,0.006651503710631662,33.257518553158306,False,False,0,,1,False
100000003631015100,peripheral,0.3,0.0981,A,True,49,0.03,0.03960836671117045,0.018691588785046728,0.0,0.7783711615487316,0.0,0.0,"обрыв выгрузки на последнем колене: получил 266 тыс от 1 плательщика, исходящие неизвестны",1.0,4,False,0.0,0,0,266000.0,1,1,1,266000.0,266000.0,266000.0,0.0,0,0.0,0,False,True,True,False,0,4.608548103680518e-06,1.2258737955790178,False,False,0,,1,False
100000003632533100,peripheral,0.3,0.0477,A,True,5,0.03,0.14152202937249667,0.018691588785046728,0.0,0.06987093902981753,0.0,0.0,"обрыв выгрузки на последнем колене: получил 10 тыс от 1 плательщика, исходящие неизвестны",1.0,4,False,0.0,0,0,10000.0,1,1,1,10000.0,10000.0,10000.0,0.0,0,0.0,0,False,True,True,False,0,0.0021707553498128344,21.707553498128345,False,False,0,,1,False
100000003635170100,transit,0.822,0.6722,B,False,40,0.5753999999999999,0.8776145972407655,0.9114374721851357,0.9274588340008901,0.7810413885180241,0.3333333333333333,0.0,"признаки транзита: получил 268 тыс, отправил 254 тыс (94%); 100% отправлено в течение 2 дней после входа; связан с 1 seed; взаимные переводы с 2",1.0,1,False,253500.0,10,4,268500.0,13,3,5,268500.0,522000.0,15000.0,0.9441340782122905,1,25000.0,1,False,True,False,False,0,0.19223852085153198,51616.04284863634,True,False,2,1.0,2,True
100000003635660100,peripheral,0.9,0.1266,B,True,2,0.09000000000000001,0.3667111704494882,0.018691588785046728,0.0,0.19848687138406765,0.0,0.0,"выраженных признаков нет: 1 вх./0 исх., оборот 19 тыс",1.0,3,False,0.0,0,0,18985.0,1,1,1,18985.0,18985.0,18985.0,0.0,0,0.0,0,False,True,False,False,0,0.012130418223720098,230.29598997732606,False,False,0,,1,False
100000003636627100,peripheral,0.9,0.3079,B,False,14,0.09000000000000001,0.7561192701379618,0.018691588785046728,0.6915887850467289,0.5416110369381397,0.0,0.0,"выраженных признаков нет: 1 вх./1 исх., оборот 77 тыс; взаимные переводы с 1",1.0,3,False,10000.0,1,1,77000.0,8,1,1,77000.0,87000.0,67000.0,0.12987012987012986,0,0.0,0,False,True,False,False,0,0.25049523518832884,19288.13310950132,True,False,1,0.0,1,True
100000003646145100,peripheral,0.3,0.1114,A,False,39,0.03,0.4908767245215843,0.018691588785046728,0.0,0.008455718736092568,0.0,0.0,"обрыв выгрузки на последнем колене: получил 5 тыс от 1 плательщика, исходящие неизвестны",1.0,4,False,0.0,0,0,5000.0,1,1,1,5000.0,5000.0,5000.0,0.0,0,0.0,0,False,True,True,False,0,0.1489035959730716,744.517979865358,False,False,0,,1,False
100000003647799100,terminal,0.3,0.171,B,True,5,0.15,0.2866043613707165,0.018691588785046728,0.0,0.5927903871829105,0.0,0.0,"конечная точка в пределах выгрузки: получил 100 тыс от 1 плательщика, исходящих нет; доля seed-денег ~0%",0.6666666666666666,3,False,0.0,0,0,100000.0,1,1,1,100000.0,100000.0,100000.0,0.0,0,0.0,0,False,True,False,False,0,0.0011953620415003489,119.53620415003489,False,False,0,,1,False
100000003650146100,peripheral,0.9,0.1202,B,True,4,0.09000000000000001,0.3671562082777036,0.018691588785046728,0.0,0.13395638629283488,0.0,0.0,"выраженных признаков нет: 1 вх./0 исх., оборот 14 тыс",1.0,3,False,0.0,0,0,14400.0,1,1,1,14400.0,14400.0,14400.0,0.0,0,0.0,0,False,True,False,False,0,0.016071882480365948,231.43510771726963,False,False,0,,1,False
100000003664994100,peripheral,0.3,0.1733,A,True,50,0.03,0.3951935914552737,0.018691588785046728,0.0,0.8193146417445483,0.0,0.0,"обрыв выгрузки на последнем колене: получил 338 тыс от 1 плательщика, исходящие неизвестны",1.0,4,False,0.0,0,0,338271.0,2,1,1,338271.0,338271.0,338271.0,0.0,0,0.0,0,False,True,True,False,0,0.0008815078619981261,298.1885459859681,False,False,0,,1,False
100000003671721100,peripheral,0.9,0.1094,B,True,8,0.09000000000000001,0.37605696484201157,0.018691588785046728,0.0,0.008455718736092568,0.0,0.0,"выраженных признаков нет: 1 вх./0 исх., оборот 5 тыс",1.0,3,False,0.0,0,0,5000.0,1,1,1,5000.0,5000.0,5000.0,0.0,0,0.0,0,False,True,False,False,0,0.05013761734864999,250.68808674324995,False,False,0,,1,False
100000003677936100,peripheral,0.9,0.223,B,True,9,0.09000000000000001,0.3386737872719181,0.018691588785046728,0.6915887850467289,0.5278148642634624,0.0,0.0,"выраженных признаков нет: 1 вх./1 исх., оборот 71 тыс",1.0,3,False,13000.0,2,1,71000.0,1,1,2,71000.0,84000.0,58000.0,0.18309859154929578,0,0.0,0,False,True,False,False,0,0.002606720696540984,185.07716945440987,False,False,0,0.46153846153846156,1,False
100000003684369100,coordinator,0.933,0.7289,B,False,3,0.933,0.9902091677792613,1.0,0.9973297730307076,0.9982198486871384,0.3333333333333333,0.0,[seed] признаки координации: 24 плательщика и 62 получателя; связан ещё с 1 seed; взаимные переводы с 1; доля seed-денег ~100%,1.0,0,True,8588655.0,67,62,3848436.0,58,24,85,8588655.0,12437091.0,-4740219.0,2.2317260830113845,1,233000.0,1,False,False,False,False,0,1.0,500392.2515996265,True,False,1,1.0,6,True
100000003692843100,peripheral,0.3,0.1983,A,True,77,0.03,0.4886515353805073,0.018691588785046728,0.0,0.8820649755229194,0.0,0.0,"обрыв выгрузки на последнем колене: получил 510 тыс от 1 плательщика, исходящие неизвестны",1.0,4,False,0.0,0,0,510000.0,2,1,1,510000.0,510000.0,510000.0,0.0,0,0.0,0,False,True,True,False,0,0.00141653746259605,722.4341059239855,False,False,0,,1,False
100000003696422100,peripheral,0.3,0.1678,A,True,37,0.03,0.46105919003115264,0.018691588785046728,0.0,0.632398753894081,0.0,0.0,"обрыв выгрузки на последнем колене: получил 118 тыс от 1 плательщика, исходящие неизвестны",1.0,4,False,0.0,0,0,118000.0,2,1,1,118000.0,118000.0,118000.0,0.0,0,0.0,0,False,True,True,False,0,0.004597404285942743,542.4937057412436,False,False,0,,1,True
100000003701161100,peripheral,0.6,0.581,B,False,26,0.06,0.9737427681352915,0.960836671117045,0.894971072541166,0.9630618602581219,0.3333333333333333,1.0,"выраженных признаков нет: 4 вх./3 исх., оборот 1.5 млн; связан с 1 seed; участвует в круговых потоках (3+ участника)",0.6666666666666666,1,False,349000.0,7,3,1527103.0,13,4,5,1527103.0,1876103.0,1178103.0,0.22853730232996727,1,208103.0,1,False,True,False,False,0,0.1763229712169125,269263.33831426076,True,True,2,1.0,2,True
100000003711830100,peripheral,0.9,0.1593,B,True,6,0.09000000000000001,0.40943480195816645,0.018691588785046728,0.0,0.4401424121050289,0.0,0.0,"выраженных признаков нет: 1 вх./0 исх., оборот 50 тыс",1.0,3,False,0.0,0,0,50000.0,1,1,1,50000.0,50000.0,50000.0,0.0,0,0.0,0,False,True,False,False,0,0.006651503710631661,332.57518553158303,False,False,0,,1,True
100000003713616100,peripheral,0.9,0.2302,B,False,4,0.09000000000000001,0.7369826435246996,0.018691588785046728,0.0,0.1606586559857588,0.3333333333333333,0.0,"выраженных признаков нет: 1 вх./0 исх., оборот 16 тыс; связан с 1 seed",1.0,1,False,0.0,0,0,15893.0,1,1,1,15893.0,15893.0,15893.0,0.0,1,15893.0,1,False,True,False,False,0,1.0,15893.0,False,False,0,,1,False
100000003718221100,transit,0.427,0.5767,C,True,26,0.2989,0.8202047174009791,0.8019581664441477,0.9274588340008901,0.8509123275478415,0.0,1.0,"признаки транзита: получил 350 тыс, отправил 424 тыс; 80% отправлено в течение 2 дней после входа; участвует в круговых потоках (3+ участника)",1.0,2,False,423500.0,8,4,350000.0,6,2,4,423500.0,773500.0,-73500.0,1.21,0,0.0,0,True,False,False,False,0,0.07628757666226421,32307.788716468895,True,True,2,0.8028335301062574,1,False
100000003718715100,peripheral,0.3,0.1719,A,True,12,0.03,0.3311081441922563,0.018691588785046728,0.0,0.9327992879394749,0.0,0.0,"обрыв выгрузки на последнем колене: получил 915 тыс от 1 плательщика, исходящие неизвестны",1.0,4,False,0.0,0,0,915000.0,3,1,1,915000.0,915000.0,915000.0,0.0,0,0.0,0,False,True,True,False,0,0.00019214012724518402,175.8082164293434,False,False,0,,1,True
100000003724440100,peripheral,0.9,0.2623,B,True,36,0.09000000000000001,0.5331553182020472,0.8019581664441477,0.0,0.4401424121050289,0.0,0.0,"выраженных признаков нет: 2 вх./0 исх., оборот 50 тыс",1.0,2,False,0.0,0,0,50000.0,2,2,2,50000.0,50000.0,50000.0,0.0,0,0.0,0,False,True,False,False,0,0.024886385395769695,1244.3192697884847,False,False,0,,1,False
100000003736419100,peripheral,0.9,0.205,B,True,2,0.09000000000000001,0.38762794837561193,0.018691588785046728,0.6915887850467289,0.24966622162883845,0.0,0.0,"выраженных признаков нет: 1 вх./1 исх., оборот 23 тыс",1.0,3,False,10000.0,1,1,23300.0,1,1,2,23300.0,33300.0,13300.0,0.4291845493562232,0,0.0,0,False,True,False,False,0,0.012130418223720098,282.6387446126783,False,False,0,1.0,1,False
100000003739818100,peripheral,0.9,0.2931,B,False,3,0.09000000000000001,0.888295505117935,0.018691588785046728,0.0,0.48731642189586116,0.3333333333333333,0.0,"выраженных признаков нет: 1 вх./0 исх., оборот 57 тыс; связан с 1 seed",1.0,1,False,0.0,0,0,57293.0,1,1,1,57293.0,57293.0,57293.0,0.0,1,57293.0,1,False,True,False,False,0,1.0,57293.0,False,False,0,,1,False
100000003741418100,consolidator,0.517,0.5225,B,True,47,0.46530000000000005,0.514018691588785,0.9951045838896306,0.894971072541166,0.6786826880284824,0.0,0.0,"признаки консолидации: 9 плательщиков, получил 152 тыс; отдал дальше 26%; взаимные переводы с 1; связь с seed-деньгами слабая, возможна легальная активность",1.0,2,False,39920.0,3,3,151900.0,13,9,11,151900.0,191820.0,111980.0,0.2628044766293614,0,0.0,0,False,True,False,False,0,0.0065560338538526155,995.8615424002123,True,False,1,0.0,2,False
100000003747133100,transit,0.53,0.5228,C,True,56,0.371,0.67601246105919,0.9777481085892301,0.833555852247441,0.7663551401869159,0.0,0.0,"признаки транзита: получил 237 тыс, отправил 250 тыс; 92% отправлено в течение 2 дней после входа; связь с seed-деньгами слабая, возможна легальная активность",1.0,2,False,250000.0,2,2,237068.0,8,5,7,250000.0,487068.0,-12932.0,1.0545497494389795,0,0.0,0,True,False,False,False,0,0.0344080712640919,8602.017816022975,False,False,0,0.92,2,False
100000003760160100,terminal,0.301,0.1743,B,True,5,0.1505,0.2919448153093013,0.018691588785046728,0.0,0.6137071651090342,0.0,0.0,"конечная точка в пределах выгрузки: получил 104 тыс от 1 плательщика, исходящих нет; доля seed-денег ~0%",0.6666666666666666,3,False,0.0,0,0,104470.0,1,1,1,104470.0,104470.0,104470.0,0.0,0,0.0,0,False,True,False,False,0,0.0011953620415003489,124.87947247554145,False,False,0,,1,False
100000003770083100,peripheral,0.2,0.006,A,False,0,0.020000000000000004,0.0,0.0,0.0,0.0,0.0,0.0,[seed] нет переводов в выгрузке: роль определить нельзя,1.0,0,True,0.0,0,0,0.0,0,0,0,0.0,0.0,0.0,,0,0.0,0,False,False,False,True,19,1.0,0.0,False,False,0,,0,False
100000003781406100,peripheral,0.9,0.236,B,False,10,0.09000000000000001,0.8104138851802403,0.018691588785046728,0.0,0.4054294615042279,0.0,0.0,"выраженных признаков нет: 1 вх./0 исх., оборот 45 тыс",1.0,3,False,0.0,0,0,45000.0,2,1,1,45000.0,45000.0,45000.0,0.0,0,0.0,0,False,True,False,False,0,0.6658818333237057,29964.682499566756,False,False,0,,1,False
100000003782913100,peripheral,0.3,0.1131,A,True,15,0.03,0.14018691588785046,0.018691588785046728,0.0,0.7271918113039608,0.0,0.0,"обрыв выгрузки на последнем колене: получил 200 тыс от 1 плательщика, исходящие неизвестны",1.0,4,False,0.0,0,0,200000.0,1,1,1,200000.0,200000.0,200000.0,0.0,0,0.0,0,False,True,True,False,0,0.00010380909422899321,20.761818845798643,False,False,0,,1,False
100000003786516100,peripheral,0.3,0.0258,A,True,2,0.03,0.06275033377837116,0.018691588785046728,0.0,0.008455718736092568,0.0,0.0,"обрыв выгрузки на последнем колене: получил 5 тыс от 1 плательщика, исходящие неизвестны",1.0,4,False,0.0,0,0,5000.0,1,1,1,5000.0,5000.0,5000.0,0.0,0,0.0,0,False,True,True,False,0,0.0011282870155768284,5.641435077884142,False,False,0,,1,True
100000003792647100,peripheral,0.3,0.0425,A,True,5,0.03,0.12416555407209613,0.018691588785046728,0.0,0.0529595015576324,0.0,0.0,"обрыв выгрузки на последнем колене: получил 8 тыс от 1 плательщика, исходящие неизвестны",1.0,4,False,0.0,0,0,8000.0,1,1,1,8000.0,8000.0,8000.0,0.0,0,0.0,0,False,True,True,False,0,0.0021707553498128344,17.366042798502676,False,False,0,,1,True
100000003795588100,terminal,0.36,0.2619,B,True,2,0.18,0.5629728526924789,0.018691588785046728,0.0,0.8442367601246106,0.0,0.0,"конечная точка в пределах выгрузки: получил 400 тыс от 1 плательщика, исходящих нет; доля seed-денег ~0%",1.0,3,False,0.0,0,0,400000.0,2,1,1,400000.0,400000.0,400000.0,0.0,0,0.0,0,False,True,False,False,0,0.004849960600259524,1939.9842401038095,False,False,0,,1,False
100000003796063100,distributor,0.55,0.5805,B,False,47,0.44000000000000006,0.582109479305741,0.018691588785046728,0.9813084112149533,0.9345794392523364,0.6666666666666666,1.0,"веерная рассылка: 15 получателей, отправил 959 тыс; видимый вход 35 тыс, источник вне выгрузки; связан с 2 seed; участвует в круговых потоках (3+ участника)",1.0,3,False,959150.0,23,15,35000.0,1,1,15,959150.0,994150.0,-924150.0,27.404285714285713,2,0.0,0,True,False,False,False,0,0.0025898892431499326,2484.0922675672577,True,True,1,0.07350258040973778,1,False
100000003798151100,terminal,0.783,0.4166,B,False,4,0.3915,0.9759679572763685,0.018691588785046728,0.0,0.8251001335113485,0.0,0.0,"конечная точка в пределах выгрузки: получил 350 тыс от 1 плательщика, исходящих нет; доля seed-денег ~86%",1.0,2,False,0.0,0,0,350000.0,3,1,1,350000.0,350000.0,350000.0,0.0,0,0.0,0,False,True,False,False,0,0.8581760495880234,300361.6173558082,False,False,0,,1,False
100000003809101100,peripheral,0.6,0.477,B,False,16,0.06,0.9483756119270138,0.8019581664441477,0.833555852247441,0.6942590120160214,0.3333333333333333,0.0,"выраженных признаков нет: 2 вх./2 исх., оборот 166 тыс; связан с 1 seed; взаимные переводы с 1",1.0,1,False,55200.0,4,2,166050.0,3,2,3,166050.0,221250.0,110850.0,0.3324299909665763,1,146050.0,1,False,True,False,False,0,0.8897223934094113,147738.40342563274,True,False,1,0.18478260869565216,1,False
100000003814002100,peripheral,0.9,0.101,B,True,5,0.09000000000000001,0.17890520694259013,0.018691588785046728,0.0,0.3186470850022252,0.0,0.0,"выраженных признаков нет: 1 вх./0 исх., оборот 30 тыс",1.0,3,False,0.0,0,0,30000.0,1,1,1,30000.0,30000.0,30000.0,0.0,0,0.0,0,False,True,False,False,0,0.0011953620415003489,35.86086124501047,False,False,0,,1,False
100000003819173100,peripheral,0.3,0.0921,A,True,6,0.03,0.06542056074766354,0.018691588785046728,0.0,0.6662216288384513,0.0,0.0,"обрыв выгрузки на последнем колене: получил 144 тыс от 1 плательщика, исходящие неизвестны",1.0,4,False,0.0,0,0,143777.0,1,1,1,143777.0,143777.0,143777.0,0.0,0,0.0,0,False,True,True,False,0,4.279810799009266e-05,6.153383572491552,False,False,0,,1,False
100000003823811100,peripheral,0.6,0.4031,B,False,22,0.06,0.6969292389853138,0.018691588785046728,0.894971072541166,0.5131286159323543,1.0,0.0,"выраженных признаков нет: 1 вх./3 исх., оборот 66 тыс; связан с 3 seed",1.0,2,False,66130.0,3,3,30000.0,1,1,4,66130.0,96130.0,-36130.0,2.2043333333333335,3,0.0,0,True,False,False,False,0,0.1603344960371555,10602.920222937093,False,False,0,0.0,1,False
100000003824464100,terminal,0.32,0.2594,B,True,26,0.16,0.6439697374276814,0.018691588785046728,0.0,0.7271918113039608,0.0,0.0,"конечная точка в пределах выгрузки: получил 200 тыс от 1 плательщика, исходящих нет; доля seed-денег ~3%",1.0,2,False,0.0,0,0,200000.0,1,1,1,200000.0,200000.0,200000.0,0.0,0,0.0,0,False,True,False,False,0,0.030953822742344584,6190.7645484689165,False,False,0,,1,False
100000003831201100,peripheral,0.9,0.2303,B,False,2,0.09000000000000001,0.7894971072541166,0.018691588785046728,0.0,0.38985313751668893,0.0,0.0,"выраженных признаков нет: 1 вх./0 исх., оборот 40 тыс",1.0,2,False,0.0,0,0,40500.0,3,1,1,40500.0,40500.0,40500.0,0.0,0,0.0,0,False,True,False,False,0,0.6077559797470882,24614.11717975707,False,False,0,,1,False
100000003831324100,terminal,0.722,0.5128,B,False,9,0.361,0.9639519359145527,0.8019581664441477,0.0,0.8010680907877169,0.3333333333333333,0.0,"конечная точка в пределах выгрузки: получил 300 тыс от 2 плательщиков, исходящих нет; доля seed-денег ~67%; связан с 1 seed",1.0,1,False,0.0,0,0,300000.0,2,2,2,300000.0,300000.0,300000.0,0.0,1,200000.0,1,False,True,False,False,0,0.6667157025351522,200014.71076054565,False,False,0,,1,False
100000003832231100,peripheral,0.9,0.2682,B,False,3,0.09000000000000001,0.8277703604806409,0.018691588785046728,0.0,0.3591455273698264,0.3333333333333333,0.0,"выраженных признаков нет: 1 вх./0 исх., оборот 35 тыс; связан с 1 seed",1.0,1,False,0.0,0,0,35000.0,1,1,1,35000.0,35000.0,35000.0,0.0,1,35000.0,1,False,True,False,False,0,1.0,35000.0,False,False,0,,1,False
100000003834495100,peripheral,0.6,0.3946,B,True,2,0.06,0.6163773920783266,0.9114374721851357,0.6915887850467289,0.9003115264797508,0.0,0.0,"выраженных признаков нет: 3 вх./1 исх., оборот 602 тыс",1.0,3,False,20000.0,1,1,602441.0,5,3,4,602441.0,622441.0,582441.0,0.0331982716979754,0,0.0,0,False,True,False,False,0,0.006985789042287296,4208.525736424601,False,False,0,1.0,2,True
100000003835149100,peripheral,0.6,0.4334,B,False,27,0.06,0.9715175789942145,0.018691588785046728,0.833555852247441,0.9951045838896306,0.3333333333333333,0.0,"выраженных признаков нет: 1 вх./2 исх., оборот 4.6 млн; связан с 1 seed",1.0,1,False,4600440.0,13,2,248500.0,1,1,3,4600440.0,4848940.0,-4351940.0,18.512837022132796,1,248500.0,1,True,False,False,False,0,0.05401657232786429,248500.0,False,False,0,0.0,1,False
100000003838587100,peripheral,0.3,0.0295,A,True,15,0.03,0.06809078771695594,0.018691588785046728,0.0,0.035603026257231864,0.0,0.0,"обрыв выгрузки на последнем колене: получил 6 тыс от 1 плательщика, исходящие неизвестны",1.0,4,False,0.0,0,0,6000.0,1,1,1,6000.0,6000.0,6000.0,0.0,0,0.0,0,False,True,True,False,0,0.0011056727811859502,6.634036687115701,False,False,0,,1,False
100000003843844100,peripheral,0.6,0.2349,B,True,12,0.06,0.33600356030262574,0.018691588785046728,0.6915887850467289,0.7570093457943925,0.0,0.0,"выраженных признаков нет: 1 вх./1 исх., оборот 238 тыс",1.0,3,False,238000.0,1,1,16680.0,1,1,2,238000.0,254680.0,-221320.0,14.268585131894485,0,0.0,0,True,False,False,False,0,0.0007573189113019926,180.24190088987424,False,False,0,0.0,1,False
100000003854444100,distributor,0.405,0.4602,B,True,20,0.32400000000000007,0.7449933244325768,0.018691588785046728,0.9799732977303071,0.9795282599020917,0.0,0.0,"веерная рассылка: 14 получателей, отправил 2.3 млн; видимый вход 210 тыс, источник вне выгрузки; связь с seed-деньгами слабая, возможна легальная активность",1.0,2,False,2322909.0,14,14,210000.0,4,1,15,2322909.0,2532909.0,-2112909.0,11.061471428571428,0,0.0,0,True,False,False,False,0,0.007418176197065082,17231.748251748253,False,False,0,0.7448307273337009,1,True
100000003865939100,peripheral,0.9,0.3044,B,False,85,0.09000000000000001,0.9127725856697819,0.018691588785046728,0.0,0.5509568313306631,0.3333333333333333,0.0,"выраженных признаков нет: 1 вх./0 исх., оборот 81 тыс; связан с 1 seed",0.6666666666666666,1,False,0.0,0,0,81465.0,1,1,1,81465.0,81465.0,81465.0,0.0,1,81465.0,1,False,True,False,False,15,1.0,81465.0,False,False,0,,1,True
100000003873332100,peripheral,0.6,0.3842,B,False,20,0.06,0.7797062750333779,0.018691588785046728,0.9274588340008901,0.7926123720516244,0.3333333333333333,0.0,"выраженных признаков нет: 1 вх./4 исх., оборот 286 тыс; связан с 1 seed",1.0,1,False,286000.0,8,4,23468.0,1,1,5,286000.0,309468.0,-262532.0,12.186807567751833,1,23468.0,1,True,False,False,False,0,0.08205594405594406,23468.0,False,False,0,0.0,1,False
100000003877908100,peripheral,0.9,0.2738,B,False,3,0.09000000000000001,0.8446817979528259,0.018691588785046728,0.0,0.3818424566088118,0.3333333333333333,0.0,"выраженных признаков нет: 1 вх./0 исх., оборот 40 тыс; связан с 1 seed",1.0,1,False,0.0,0,0,40000.0,1,1,1,40000.0,40000.0,40000.0,0.0,1,40000.0,1,False,True,False,False,0,1.0,40000.0,False,False,0,,1,False
100000003880331100,distributor,0.56,0.5043,B,False,6,0.44800000000000006,0.32398753894080995,0.018691588785046728,0.9830885625278148,0.9915442812639075,0.3333333333333333,1.0,"веерная рассылка: 16 получателей, отправил 3.9 млн; видимый вход 100 тыс, источник вне выгрузки; связан с 1 seed; участвует в круговых потоках (3+ участника)",1.0,3,False,3904908.0,31,16,100000.0,1,1,16,3904908.0,4004908.0,-3804908.0,39.04908,1,0.0,0,True,False,False,False,0,4.279810799009266e-05,167.12267427537674,True,True,1,0.4467150058336842,1,False
100000003886323100,peripheral,0.6,0.3935,B,False,4,0.06,0.6769025367156208,0.8019581664441477,0.6915887850467289,0.5447263017356475,0.3333333333333333,0.0,"выраженных признаков нет: 2 вх./1 исх., оборот 78 тыс; связан с 1 seed; взаимные переводы с 1",1.0,1,False,7650.0,1,1,78168.0,6,2,2,78168.0,85818.0,70518.0,0.09786613447958244,1,7793.0,1,False,True,False,False,0,0.11051079157094643,8638.40755551774,True,False,1,0.0,1,False
100000003888197100,peripheral,0.9,0.1412,B,True,5,0.09000000000000001,0.2612372051624388,0.018691588785046728,0.0,0.5558522474410325,0.0,0.0,"выраженных признаков нет: 1 вх./0 исх., оборот 83 тыс",0.6666666666666666,3,False,0.0,0,0,83167.0,1,1,1,83167.0,83167.0,83167.0,0.0,0,0.0,0,False,True,False,False,0,0.0011953620415003489,99.41467490545952,False,False,0,,1,False
100000003888271100,peripheral,0.6,0.31,B,False,53,0.06,0.7089452603471295,0.018691588785046728,0.833555852247441,0.2861593235425011,0.3333333333333333,0.0,"выраженных признаков нет: 1 вх./2 исх., оборот 26 тыс; связан с 1 seed; взаимные переводы с 1",1.0,1,False,25590.0,3,2,12177.0,2,1,2,25590.0,37767.0,-13413.0,2.10150283321015,1,12177.0,1,True,False,False,False,5,0.47584994138335285,12177.0,True,False,1,0.27002735443532627,1,False
100000003888527100,peripheral,0.9,0.1594,B,True,50,0.09000000000000001,0.47085002225189143,0.018691588785046728,0.0,0.3186470850022252,0.0,0.0,"выраженных признаков нет: 1 вх./0 исх., оборот 30 тыс",1.0,3,False,0.0,0,0,30000.0,1,1,1,30000.0,30000.0,30000.0,0.0,0,0.0,0,False,True,False,False,0,0.020513425536907454,615.4027661072237,False,False,0,,1,False
100000003896956100,peripheral,0.9,0.186,B,True,4,0.09000000000000001,0.26702269692923897,0.018691588785046728,0.6915887850467289,0.30040053404539385,0.0,0.0,"выраженных признаков нет: 1 вх./1 исх., оборот 27 тыс",1.0,3,False,27000.0,2,1,10000.0,1,1,2,27000.0,37000.0,-17000.0,2.7,0,0.0,0,True,False,False,False,0,0.00386379225444403,104.32239086998881,False,False,0,0.6666666666666666,1,False
100000003899325100,peripheral,0.9,0.1286,B,True,6,0.09000000000000001,0.24833110814419226,0.018691588785046728,0.0,0.45571873609256786,0.0,0.0,"выраженных признаков нет: 1 вх./0 исх., оборот 50 тыс",1.0,3,False,0.0,0,0,50120.0,1,1,1,50120.0,50120.0,50120.0,0.0,0,0.0,0,False,True,False,False,0,0.0016712267427537674,83.76188434681882,False,False,0,,1,False
100000003899899100,peripheral,0.6,0.3595,B,True,4,0.06,0.5740987983978638,0.8019581664441477,0.6915887850467289,0.7427681352914998,0.0,0.0,"выраженных признаков нет: 2 вх./1 исх., оборот 218 тыс",1.0,3,False,10000.0,1,1,218500.0,5,2,3,218500.0,228500.0,208500.0,0.04576659038901602,0,0.0,0,False,True,False,False,0,0.010432239086998883,2279.444240509256,False,False,0,1.0,1,False
100000003900547100,peripheral,0.9,0.2494,B,False,4,0.09000000000000001,0.7854917668001781,0.018691588785046728,0.0,0.25634178905206945,0.3333333333333333,0.0,"выраженных признаков нет: 1 вх./0 исх., оборот 24 тыс; связан с 1 seed",1.0,1,False,0.0,0,0,23700.0,1,1,1,23700.0,23700.0,23700.0,0.0,1,23700.0,1,False,True,False,False,0,1.0,23700.0,False,False,0,,1,False
100000003904497100,peripheral,0.3,0.0561,A,True,7,0.03,0.1838006230529595,0.018691588785046728,0.0,0.06987093902981753,0.0,0.0,"обрыв выгрузки на последнем колене: получил 10 тыс от 1 плательщика, исходящие неизвестны",1.0,4,False,0.0,0,0,10000.0,1,1,1,10000.0,10000.0,10000.0,0.0,0,0.0,0,False,True,True,False,0,0.0037947605764307966,37.947605764307966,False,False,0,,1,False
100000003917461100,peripheral,0.6,0.2987,B,True,10,0.06,0.6332888295505118,0.018691588785046728,0.833555852247441,0.6582109479305741,0.0,0.0,"выраженных признаков нет: 1 вх./2 исх., оборот 140 тыс; взаимные переводы с 1",1.0,3,False,140000.0,5,2,10000.0,1,1,2,140000.0,150000.0,-130000.0,14.0,0,0.0,0,True,False,False,False,0,0.03967425569815904,5554.395797742266,True,False,1,0.07142857142857142,1,True
100000003920950100,terminal,0.345,0.2435,B,True,9,0.1725,0.49888740542946153,0.018691588785046728,0.0,0.8144192256341789,0.0,0.0,"конечная точка в пределах выгрузки: получил 323 тыс от 1 плательщика, исходящих нет; доля seed-денег ~0%",1.0,3,False,0.0,0,0,323290.0,1,1,1,323290.0,323290.0,323290.0,0.0,0,0.0,0,False,True,False,False,0,0.002606720696540984,842.7267339847348,False,False,0,,1,False
100000003922499100,peripheral,0.9,0.2502,B,False,10,0.09000000000000001,0.8642634623943035,0.018691588785046728,0.0,0.4401424121050289,0.0,0.0,"выраженных признаков нет: 1 вх./0 исх., оборот 50 тыс",1.0,2,False,0.0,0,0,50000.0,1,1,1,50000.0,50000.0,50000.0,0.0,0,0.0,0,False,True,False,False,0,0.94202,47101.0,False,False,0,,1,False
100000003923946100,transit,0.8,0.6095,C,False,14,0.5599999999999999,0.9746328437917223,0.018691588785046728,0.9274588340008901,0.906097018246551,0.3333333333333333,0.0,"признаки транзита: получил 282 тыс, отправил 675 тыс; 100% отправлено в течение 2 дней после входа; связан с 1 seed; взаимные переводы с 1; доля seed-денег ~42%",1.0,1,False,675000.0,4,4,282000.0,3,1,4,675000.0,957000.0,-393000.0,2.393617021276596,1,282000.0,1,True,False,False,False,0,0.4177777777777778,282000.0,True,False,1,1.0,1,False
100000003927792100,peripheral,0.9,0.13,B,True,18,0.09000000000000001,0.4214508233199822,0.018691588785046728,0.0,0.12327547841566533,0.0,0.0,"выраженных признаков нет: 1 вх./0 исх., оборот 13 тыс",1.0,2,False,0.0,0,0,13067.0,1,1,1,13067.0,13067.0,13067.0,0.0,0,0.0,0,False,True,False,False,0,0.027720312200029226,362.2213195177819,False,False,0,,1,True
100000003934614100,peripheral,0.6,0.3301,B,True,41,0.06,0.4628393413440142,0.8019581664441477,0.6915887850467289,0.17133956386292834,0.0,1.0,"выраженных признаков нет: 2 вх./1 исх., оборот 17 тыс; участвует в круговых потоках (3+ участника)",1.0,3,False,11500.0,2,1,17000.0,2,2,3,17000.0,28500.0,5500.0,0.6764705882352942,0,0.0,0,False,True,False,False,0,0.032241273366662965,548.1016472332705,True,True,0,1.0,1,False
100000003942602100,peripheral,0.9,0.3299,B,False,1,0.09000000000000001,0.8108589230084557,0.018691588785046728,0.6915887850467289,0.3186470850022252,0.3333333333333333,0.0,"выраженных признаков нет: 1 вх./1 исх., оборот 30 тыс; связан с 1 seed; взаимные переводы с 1",1.0,1,False,30000.0,1,1,30000.0,1,1,1,30000.0,60000.0,0.0,1.0,1,30000.0,1,False,True,False,False,1,1.0,30000.0,True,False,1,1.0,1,False
100000003943247100,peripheral,0.9,0.1064,B,True,2,0.09000000000000001,0.17400979083222073,0.018691588785046728,0.0,0.3818424566088118,0.0,0.0,"выраженных признаков нет: 1 вх./0 исх., оборот 40 тыс",1.0,3,False,0.0,0,0,40000.0,1,1,1,40000.0,40000.0,40000.0,0.0,0,0.0,0,False,True,False,False,0,0.0008464425810733717,33.85770324293487,False,False,0,,1,False
100000003943483100,peripheral,0.9,0.1768,B,False,10,0.09000000000000001,0.6822429906542056,0.018691588785046728,0.0,0.06987093902981753,0.0,0.0,"выраженных признаков нет: 1 вх./0 исх., оборот 10 тыс",1.0,2,False,0.0,0,0,10000.0,1,1,1,10000.0,10000.0,10000.0,0.0,0,0.0,0,False,True,False,False,0,0.9155795796850394,9155.795796850394,False,False,0,,1,False
100000003946524100,peripheral,0.6,0.4719,B,False,3,0.06,0.9359145527369827,0.8019581664441477,0.833555852247441,0.6684468179795282,0.3333333333333333,0.0,"выраженных признаков нет: 2 вх./2 исх., оборот 145 тыс; связан с 1 seed; взаимные переводы с 1",1.0,1,False,144750.0,2,2,133757.0,2,2,3,144750.0,278507.0,-10993.0,1.0821863528637754,1,113757.0,1,True,False,False,False,0,0.7943751227495909,114985.79901800328,True,False,1,0.0,1,False
100000003950749100,peripheral,0.3,0.1128,A,True,4,0.03,0.47930574098798395,0.018691588785046728,0.0,0.045838896306186025,0.0,0.0,"обрыв выгрузки на последнем колене: получил 7 тыс от 1 плательщика, исходящие неизвестны",1.0,4,False,0.0,0,0,7000.0,1,1,1,7000.0,7000.0,7000.0,0.0,0,0.0,0,False,True,True,False,0,0.09566527962342505,669.6569573639754,False,False,0,,1,True
100000003951827100,peripheral,0.6,0.1378,B,True,2,0.06,0.07209612817089453,0.018691588785046728,0.833555852247441,0.17133956386292834,0.0,0.0,"выраженных признаков нет: 1 вх./2 исх., оборот 17 тыс",1.0,3,False,17000.0,2,2,9000.0,1,1,3,17000.0,26000.0,-8000.0,1.8888888888888888,0,0.0,0,True,False,False,False,0,0.0004481166605682556,7.617983229660346,False,False,0,0.0,1,False
100000003962994100,peripheral,0.9,0.1546,B,False,45,0.09000000000000001,0.570983533600356,0.018691588785046728,0.0,0.06987093902981753,0.0,0.0,"выраженных признаков нет: 1 вх./0 исх., оборот 10 тыс",1.0,3,False,0.0,0,0,10000.0,1,1,1,10000.0,10000.0,10000.0,0.0,0,0.0,0,False,True,False,False,0,0.2178401529636711,2178.401529636711,False,False,0,,1,True
100000003964910100,terminal,0.48,0.3842,B,True,17,0.24,0.6315086782376502,0.8019581664441477,0.0,0.9368046283934134,0.0,0.0,"конечная точка в пределах выгрузки: получил 1.0 млн от 2 плательщиков, исходящих нет; доля seed-денег ~1%",1.0,3,False,0.0,0,0,1000000.0,2,2,2,1000000.0,1000000.0,1000000.0,0.0,0,0.0,0,False,True,False,False,0,0.005298379736152746,5298.379736152746,False,False,0,,2,False
100000003968044100,peripheral,0.6,0.3334,B,True,6,0.06,0.4494882064975523,0.018691588785046728,0.894971072541166,0.8113039608366711,0.0,1.0,"выраженных признаков нет: 1 вх./3 исх., оборот 311 тыс; участвует в круговых потоках (3+ участника)",1.0,3,False,311000.0,4,3,40000.0,1,1,4,311000.0,351000.0,-271000.0,7.775,0,0.0,0,True,False,False,False,0,0.001560182408195511,485.21672894880396,True,True,0,0.0,1,False
100000003970394100,peripheral,0.9,0.3057,B,False,10,0.09000000000000001,0.9154428126390743,0.018691588785046728,0.0,0.5589675122385402,0.3333333333333333,0.0,"выраженных признаков нет: 1 вх./0 исх., оборот 85 тыс; связан с 1 seed",0.6666666666666666,1,False,0.0,0,0,85000.0,1,1,1,85000.0,85000.0,85000.0,0.0,1,85000.0,1,False,True,False,False,0,1.0,85000.0,False,False,0,,1,False
100000003971049100,peripheral,0.9,0.196,B,True,2,0.09000000000000001,0.5714285714285714,0.018691588785046728,0.0,0.4833110814419226,0.0,0.0,"выраженных признаков нет: 1 вх./0 исх., оборот 56 тыс",1.0,2,False,0.0,0,0,55900.0,7,1,1,55900.0,55900.0,55900.0,0.0,0,0.0,0,False,True,False,False,0,0.03898876281632227,2179.4718414324147,False,False,0,,1,True
100000003975102100,peripheral,0.6,0.3306,B,False,4,0.06,0.7970627503337784,0.018691588785046728,0.833555852247441,0.5660881174899867,0.6666666666666666,0.0,"[seed] выраженных признаков нет: 1 вх./2 исх., оборот 88 тыс; связан ещё с 2 seed",1.0,0,True,88500.0,2,2,25650.0,1,1,3,88500.0,114150.0,-62850.0,3.4502923976608186,2,0.0,0,False,False,False,False,0,1.0,25647.6402654328,False,False,0,0.3615819209039548,1,False
100000003977183100,peripheral,0.6,0.426,B,False,14,0.06,0.9092122830440588,0.8019581664441477,0.9274588340008901,0.9203382287494437,0.3333333333333333,0.0,"[seed] выраженных признаков нет: 2 вх./4 исх., оборот 766 тыс; связан ещё с 1 seed; взаимные переводы с 1",1.0,0,True,766000.0,6,4,123800.0,2,2,5,766000.0,889800.0,-642200.0,6.187399030694669,1,41800.0,1,False,False,False,False,0,1.0,76057.77777777778,True,False,1,0.21148825065274152,1,False
100000003980083100,peripheral,0.9,0.2607,B,False,84,0.09000000000000001,0.8108589230084557,0.018691588785046728,0.0,0.3186470850022252,0.3333333333333333,0.0,"выраженных признаков нет: 1 вх./0 исх., оборот 30 тыс; связан с 1 seed",1.0,1,False,0.0,0,0,30000.0,1,1,1,30000.0,30000.0,30000.0,0.0,1,30000.0,1,False,True,False,False,14,1.0,30000.0,False,False,0,,1,False
100000003985389100,peripheral,0.3,0.1607,A,True,6,0.03,0.3164218958611482,0.018691588785046728,0.0,0.8504672897196262,0.0,0.0,"обрыв выгрузки на последнем колене: получил 423 тыс от 1 плательщика, исходящие неизвестны",1.0,4,False,0.0,0,0,422698.0,16,1,1,422698.0,422698.0,422698.0,0.0,0,0.0,0,False,True,True,False,0,0.00036632830054888224,154.84623998541142,False,False,0,,1,True
100000003986141100,peripheral,0.9,0.0636,B,True,17,0.09000000000000001,0.13796172674677348,0.018691588785046728,0.0,0.0267022696929239,0.0,0.0,"выраженных признаков нет: 1 вх./0 исх., оборот 5 тыс",1.0,3,False,0.0,0,0,5286.32,1,1,1,5286.32,5286.32,5286.32,0.0,0,0.0,0,False,True,False,False,0,0.003759829013807918,19.875659312273072,False,False,0,,1,False
100000003988112100,peripheral,0.9,0.3243,B,False,22,0.09000000000000001,0.8206497552291945,0.018691588785046728,0.6915887850467289,0.5763239875389408,0.0,0.0,"выраженных признаков нет: 1 вх./1 исх., оборот 92 тыс; взаимные переводы с 1",1.0,2,False,64000.0,5,1,92000.0,2,1,1,92000.0,156000.0,28000.0,0.6956521739130435,0,0.0,0,False,True,False,False,0,0.3534306740979031,32515.622017007085,True,False,1,0.6875,1,False
100000003989033100,peripheral,0.3,0.1707,A,True,29,0.03,0.37472185135736535,0.018691588785046728,0.0,0.8340008900756565,0.0,0.0,"обрыв выгрузки на последнем колене: получил 373 тыс от 1 плательщика, исходящие неизвестны",1.0,4,False,0.0,0,0,373400.0,13,1,1,373400.0,373400.0,373400.0,0.0,0,0.0,0,False,True,True,False,0,0.00065933369391647,246.19520130840988,False,False,0,,1,True
100000003996562100,peripheral,0.9,0.103,B,True,38,0.09000000000000001,0.32220738762794837,0.018691588785046728,0.0,0.0516243880729862,0.0,0.0,"выраженных признаков нет: 1 вх./0 исх., оборот 8 тыс",1.0,3,False,0.0,0,0,7700.0,1,1,1,7700.0,7700.0,7700.0,0.0,0,0.0,0,False,True,False,False,0,0.02139948966479214,164.77607041889948,False,False,0,,1,False
100000004004621100,peripheral,0.6,0.3579,B,False,12,0.06,0.7939474855362706,0.9114374721851357,0.0,0.536270582999555,0.3333333333333333,0.0,"выраженных признаков нет: 3 вх./0 исх., оборот 75 тыс; связан с 1 seed",0.6666666666666666,1,False,0.0,0,0,75389.0,3,3,3,75389.0,75389.0,75389.0,0.0,1,25000.0,1,False,True,False,False,0,0.33564532191646695,25303.96517396053,False,False,0,,2,False
100000004005964100,peripheral,0.6,0.4875,B,False,28,0.06,0.7174009790832221,0.9114374721851357,0.894971072541166,0.5901201602136181,0.3333333333333333,1.0,"выраженных признаков нет: 3 вх./3 исх., оборот 98 тыс; связан с 1 seed; участвует в круговых потоках (3+ участника)",1.0,1,False,72000.0,5,3,97900.0,9,3,4,97900.0,169900.0,25900.0,0.7354443309499489,1,10000.0,1,False,True,False,False,2,0.1371019939573072,13422.285208420375,True,True,2,0.625,1,True
100000004006327100,peripheral,0.3,0.1868,A,True,13,0.03,0.4717400979083222,0.018691588785046728,0.0,0.8010680907877169,0.0,0.0,"обрыв выгрузки на последнем колене: получил 300 тыс от 1 плательщика, исходящие неизвестны",1.0,4,False,0.0,0,0,300000.0,3,1,1,300000.0,300000.0,300000.0,0.0,0,0.0,0,False,True,True,False,0,0.0020912451520467535,627.373545614026,False,False,0,,1,False
100000004007116100,transit,0.721,0.5411,C,False,28,0.5046999999999999,0.6702269692923899,0.9114374721851357,0.9274588340008901,0.9198931909212283,0.0,1.0,"[seed] признаки транзита: получил 765 тыс, отправил 148 тыс; 93% отправлено в течение 2 дней после входа; участвует в круговых потоках (3+ участника); доля seed-денег ~100%",0.6666666666666666,0,True,148000.0,6,4,764704.0,24,3,5,764704.0,912704.0,616704.0,0.19353893794200108,0,0.0,0,False,False,False,False,2,1.0,8032.405511680512,True,True,2,0.9324324324324325,1,True
100000004007197100,peripheral,0.9,0.0728,B,True,28,0.09000000000000001,0.14819759679572764,0.018691588785046728,0.0,0.09790832220738763,0.0,0.0,"выраженных признаков нет: 1 вх./0 исх., оборот 10 тыс",1.0,3,False,0.0,0,0,10048.0,1,1,1,10048.0,10048.0,10048.0,0.0,0,0.0,0,False,True,False,False,2,0.002357054273266704,23.68368133778384,False,False,0,,1,True
100000004013952100,peripheral,0.3,0.047,A,True,2,0.03,0.1579884290164664,0.018691588785046728,0.0,0.030262572318647086,0.0,0.0,"обрыв выгрузки на последнем колене: получил 6 тыс от 1 плательщика, исходящие неизвестны",1.0,4,False,0.0,0,0,5500.0,1,1,1,5500.0,5500.0,5500.0,0.0,0,0.0,0,False,True,True,False,0,0.004849960600259524,26.674783301427382,False,False,0,,1,False
100000004015047100,consolidator,0.746,0.7954,B,False,14,0.6714,0.9919893190921228,0.9951045838896306,0.6915887850467289,0.9336893635959056,1.0,0.0,"признаки консолидации: 9 плательщиков (из них seed: 3), получил 919 тыс; отдал дальше 8%; связан с 3 seed; взаимные переводы с 1; доля seed-денег ~64%",1.0,1,False,69195.0,7,1,919104.0,18,9,9,919104.0,988299.0,849909.0,0.07528527783580531,3,544884.0,3,False,True,False,False,0,0.6367720206306217,585259.7112496869,True,False,1,0.636346556832141,2,False
100000004017410100,peripheral,0.6,0.4858,B,True,41,0.06,0.7245215843346684,0.8019581664441477,0.9421450823319982,0.9546061415220294,0.0,1.0,"выраженных признаков нет: 2 вх./5 исх., оборот 1.3 млн; участвует в круговых потоках (3+ участника)",1.0,3,False,1330915.0,11,5,193650.0,6,2,5,1330915.0,1524565.0,-1137265.0,6.872785954040795,0,0.0,0,True,False,False,False,0,0.010727121317214665,14276.886667900755,True,True,2,0.04132495313374633,2,False
100000004019056100,peripheral,0.3,0.1438,A,True,12,0.03,0.4370271473075211,0.018691588785046728,0.0,0.4401424121050289,0.0,0.0,"обрыв выгрузки на последнем колене: получил 50 тыс от 1 плательщика, исходящие неизвестны",1.0,4,False,0.0,0,0,50000.0,1,1,1,50000.0,50000.0,50000.0,0.0,0,0.0,0,False,True,True,False,0,0.0084584022985946,422.92011492973006,False,False,0,,1,True
100000004019124100,peripheral,0.6,0.3749,B,False,4,0.06,0.9510458388963062,0.9114374721851357,0.0,0.7205162438807299,0.6666666666666666,0.0,"[seed] выраженных признаков нет: 3 вх./0 исх., оборот 193 тыс; связан ещё с 2 seed",1.0,0,True,0.0,0,0,193000.0,3,3,3,193000.0,193000.0,193000.0,0.0,2,153000.0,2,False,False,False,False,0,1.0,157359.67078189302,False,False,0,,1,False
100000004021459100,peripheral,0.2,0.006,A,False,0,0.020000000000000004,0.0,0.0,0.0,0.0,0.0,0.0,[seed] нет переводов в выгрузке: роль определить нельзя,1.0,0,True,0.0,0,0,0.0,0,0,0,0.0,0.0,0.0,,0,0.0,0,False,False,False,True,20,1.0,0.0,False,False,0,,0,False
100000004030553100,peripheral,0.3,0.1132,A,True,23,0.03,0.24477080551846908,0.018691588785046728,0.0,0.5189141076991545,0.0,0.0,"обрыв выгрузки на последнем колене: получил 70 тыс от 1 плательщика, исходящие неизвестны",1.0,4,False,0.0,0,0,70000.0,1,1,1,70000.0,70000.0,70000.0,0.0,0,0.0,0,False,True,True,False,0,0.001140000325105892,79.80002275741244,False,False,0,,1,False
100000004035925100,peripheral,0.3,0.1681,A,True,79,0.03,0.30663106364040943,0.018691588785046728,0.0,0.9439252336448598,0.0,0.0,"обрыв выгрузки на последнем колене: получил 1.1 млн от 1 плательщика, исходящие неизвестны",1.0,4,False,0.0,0,0,1111588.0,2,1,1,1111588.0,1111588.0,1111588.0,0.0,0,0.0,0,False,True,True,False,0,0.00012722340778810795,141.42001341636734,False,False,0,,1,False
100000004041163100,peripheral,0.6,0.3739,B,False,22,0.06,0.8713840676457499,0.018691588785046728,0.833555852247441,0.9274588340008901,0.6666666666666666,0.0,"[seed] выраженных признаков нет: 1 вх./2 исх., оборот 866 тыс; связан ещё с 2 seed; взаимные переводы с 1",1.0,0,True,866000.0,6,2,50000.0,1,1,2,866000.0,916000.0,-816000.0,17.32,2,50000.0,1,False,False,False,False,0,1.0,50000.0,True,False,1,0.05542725173210162,1,False
100000004041294100,peripheral,0.3,0.0474,A,True,30,0.03,0.08188696039163329,0.018691588785046728,0.0,0.1864708500222519,0.0,0.0,"обрыв выгрузки на последнем колене: получил 18 тыс от 1 плательщика, исходящие неизвестны",1.0,4,False,0.0,0,0,17800.0,2,1,1,17800.0,17800.0,17800.0,0.0,0,0.0,0,False,True,True,False,0,0.0005158718748012054,9.182519371461456,False,False,0,,1,False
100000004047887100,peripheral,0.3,0.0538,A,True,46,0.03,0.04806408544726302,0.018691588785046728,0.0,0.3186470850022252,0.0,0.0,"обрыв выгрузки на последнем колене: получил 30 тыс от 1 плательщика, исходящие неизвестны",1.0,4,False,0.0,0,0,30000.0,1,1,1,30000.0,30000.0,30000.0,0.0,0,0.0,0,False,True,True,False,0,0.00010877522639587186,3.263256791876156,False,False,0,,1,True
100000004049912100,peripheral,0.3,0.0672,A,True,20,0.03,0.2389853137516689,0.018691588785046728,0.0,0.06987093902981753,0.0,0.0,"обрыв выгрузки на последнем колене: получил 10 тыс от 1 плательщика, исходящие неизвестны",1.0,4,False,0.0,0,0,10000.0,1,1,1,10000.0,10000.0,10000.0,0.0,0,0.0,0,False,True,True,False,0,0.007418176197065082,74.18176197065083,False,False,0,,1,False
100000004058740100,peripheral,0.9,0.2607,B,False,1,0.09000000000000001,0.8108589230084557,0.018691588785046728,0.0,0.3186470850022252,0.3333333333333333,0.0,"выраженных признаков нет: 1 вх./0 исх., оборот 30 тыс; связан с 1 seed",1.0,1,False,0.0,0,0,30000.0,1,1,1,30000.0,30000.0,30000.0,0.0,1,30000.0,1,False,True,False,False,1,1.0,30000.0,False,False,0,,1,False
100000004064431100,peripheral,0.9,0.1758,B,True,28,0.09000000000000001,0.22296395193591456,0.018691588785046728,0.6915887850467289,0.2870493991989319,0.0,0.0,"выраженных признаков нет: 1 вх./1 исх., оборот 26 тыс",1.0,3,False,10000.0,1,1,26000.0,1,1,2,26000.0,36000.0,16000.0,0.38461538461538464,0,0.0,0,False,True,False,False,2,0.002357054273266704,61.2834111049343,False,False,0,1.0,1,False
100000004066370100,peripheral,0.3,0.1923,A,True,44,0.03,0.645749888740543,0.018691588785046728,0.0,0.507343124165554,0.0,0.0,"обрыв выгрузки на последнем колене: получил 65 тыс от 1 плательщика, исходящие неизвестны",1.0,4,False,0.0,0,0,65000.0,2,1,1,65000.0,65000.0,65000.0,0.0,0,0.0,0,False,True,True,False,0,0.0971542907959093,6315.028901734105,False,False,0,,1,False
100000004066647100,peripheral,0.9,0.1642,B,True,20,0.09000000000000001,0.42456608811748997,0.018691588785046728,0.0,0.45883400089007564,0.0,0.0,"выраженных признаков нет: 1 вх./0 исх., оборот 51 тыс",1.0,3,False,0.0,0,0,51000.0,1,1,1,51000.0,51000.0,51000.0,0.0,0,0.0,0,False,True,False,False,0,0.007418176197065082,378.3269860503192,False,False,0,,1,False
100000004070318100,distributor,0.59,0.7782,B,False,2,0.472,0.8958611481975968,0.960836671117045,0.986648865153538,0.890520694259012,1.0,1.0,"веерная рассылка: 19 получателей, отправил 552 тыс; видимый вход 207 тыс, источник вне выгрузки; связан с 3 seed; участвует в круговых потоках (3+ участника)",0.6666666666666666,1,False,551860.0,37,19,207246.55,6,4,21,551860.0,759106.55,-344613.45,2.662818753798314,3,64725.0,1,True,False,False,False,0,0.11831254414817277,65291.96061361062,True,True,2,0.5405972529264669,2,False
100000004070530100,peripheral,0.3,0.0417,A,True,46,0.03,0.04494882064975523,0.018691588785046728,0.0,0.20382732532265244,0.0,0.0,"обрыв выгрузки на последнем колене: получил 20 тыс от 1 плательщика, исходящие неизвестны",1.0,4,False,0.0,0,0,20000.0,1,1,1,20000.0,20000.0,20000.0,0.0,0,0.0,0,False,True,True,False,0,0.00010877522639587185,2.175504527917437,False,False,0,,1,False
100000004071070100,peripheral,0.6,0.349,B,False,2,0.06,0.6978193146417445,0.8019581664441477,0.6915887850467289,0.39118825100133514,0.0,0.0,"выраженных признаков нет: 2 вх./1 исх., оборот 41 тыс; взаимные переводы с 1",1.0,2,False,6000.0,1,1,41000.0,5,2,2,41000.0,47000.0,35000.0,0.14634146341463414,0,0.0,0,False,True,False,False,0,0.26268242228993993,10769.979313887538,True,False,1,1.0,1,False
100000004071080100,consolidator,0.71,0.6963,B,False,2,0.639,0.9029817534490432,0.9951045838896306,0.833555852247441,0.7587894971072541,0.3333333333333333,0.0,"признаки консолидации: 9 плательщиков (из них seed: 1), получил 239 тыс; отдал дальше 19%; связан с 1 seed; взаимные переводы с 1",1.0,1,False,46500.0,5,2,238600.0,16,9,10,238600.0,285100.0,192100.0,0.19488683989941324,1,67000.0,1,False,True,False,False,0,0.29905736386546883,71355.08701830087,True,False,1,0.8709677419354839,2,False
100000004071444100,peripheral,0.6,0.2744,B,True,2,0.06,0.5291499777481086,0.018691588785046728,0.6915887850467289,0.7654650645304851,0.0,0.0,"выраженных признаков нет: 1 вх./1 исх., оборот 247 тыс",1.0,3,False,100000.0,1,1,247350.0,1,1,2,247350.0,347350.0,147350.0,0.40428542551041036,0,0.0,0,False,True,False,False,0,0.004849960600259525,1199.6377544741933,False,False,0,0.0,1,False
100000004076740100,peripheral,0.6,0.5305,B,False,41,0.06,0.8780596350689809,0.9114374721851357,0.9528259902091678,0.6408544726301736,0.3333333333333333,1.0,"выраженных признаков нет: 3 вх./6 исх., оборот 125 тыс; связан с 1 seed; участвует в круговых потоках (3+ участника)",1.0,1,False,125000.0,10,6,93250.0,5,3,7,125000.0,218250.0,-31750.0,1.3404825737265416,1,46250.0,1,True,False,False,False,0,0.4132968733201513,51662.10916501891,True,True,2,0.184,1,False
100000004077081100,peripheral,0.6,0.3041,B,False,3,0.06,0.32487761459724074,0.018691588785046728,0.9274588340008901,0.9020916777926123,0.3333333333333333,0.0,"выраженных признаков нет: 1 вх./4 исх., оборот 615 тыс; связан с 1 seed",1.0,3,False,615000.0,6,4,140000.0,1,1,5,615000.0,755000.0,-475000.0,4.392857142857143,1,0.0,0,True,False,False,False,0,0.0002721149362765022,167.35068581004884,False,False,0,0.6829268292682927,1,False
100000004094958100,peripheral,0.9,0.3425,B,False,58,0.09000000000000001,0.842456608811749,0.018691588785046728,0.6915887850467289,0.3818424566088118,0.3333333333333333,0.0,"выраженных признаков нет: 1 вх./1 исх., оборот 40 тыс; связан с 1 seed",1.0,1,False,40000.0,1,1,39000.0,1,1,2,40000.0,79000.0,-1000.0,1.0256410256410255,1,39000.0,1,True,False,False,False,7,0.975,39000.0,False,False,0,1.0,1,False
100000004096559100,peripheral,0.9,0.2291,B,False,9,0.09000000000000001,0.7703604806408545,0.018691588785046728,0.0,0.4161103693813974,0.0,0.0,"выраженных признаков нет: 1 вх./0 исх., оборот 46 тыс",1.0,3,False,0.0,0,0,46200.0,1,1,1,46200.0,46200.0,46200.0,0.0,0,0.0,0,False,True,False,False,0,0.45630045630045635,21081.081081081084,False,False,0,,1,False
100000004097972100,peripheral,0.6,0.2782,B,True,2,0.06,0.5429461504227859,0.018691588785046728,0.833555852247441,0.6337338673787272,0.0,0.0,"выраженных признаков нет: 1 вх./2 исх., оборот 119 тыс",1.0,3,False,10000.0,2,2,118878.0,1,1,3,118878.0,128878.0,108878.0,0.0841198539679335,0,0.0,0,False,True,False,False,0,0.012130418223720098,1442.039857599398,False,False,0,0.5,1,False
100000004099450100,peripheral,0.9,0.1558,B,True,52,0.09000000000000001,0.4437027147307521,0.018691588785046728,0.0,0.3373386737872719,0.0,0.0,"выраженных признаков нет: 1 вх./0 исх., оборот 31 тыс",1.0,3,False,0.0,0,0,31000.0,1,1,1,31000.0,31000.0,31000.0,0.0,0,0.0,0,False,True,False,False,0,0.014703033291265101,455.79403202921816,False,False,0,,1,False
100000004105288100,terminal,0.638,0.4858,B,False,3,0.319,0.9327992879394749,0.8019581664441477,0.0,0.7405429461504228,0.3333333333333333,0.0,"конечная точка в пределах выгрузки: получил 215 тыс от 2 плательщиков, исходящих нет; доля seed-денег ~50%; связан с 1 seed",1.0,1,False,0.0,0,0,215000.0,2,2,2,215000.0,215000.0,215000.0,0.0,1,25000.0,1,False,True,False,False,0,0.49828659571781625,107131.6180793305,False,False,0,,1,False
100000004107228100,peripheral,0.3,0.0305,A,True,3,0.03,0.08633733867378728,0.018691588785046728,0.0,0.008455718736092568,0.0,0.0,"обрыв выгрузки на последнем колене: получил 5 тыс от 1 плательщика, исходящие неизвестны",1.0,4,False,0.0,0,0,5000.0,1,1,1,5000.0,5000.0,5000.0,0.0,0,0.0,0,False,True,True,False,0,0.0019773077304167824,9.886538652083912,False,False,0,,1,False
100000004114962100,terminal,0.313,0.2743,B,True,5,0.1565,0.3506898086337339,0.8019581664441477,0.0,0.6915887850467289,0.0,0.0,"конечная точка в пределах выгрузки: получил 165 тыс от 2 плательщиков, исходящих нет; доля seed-денег ~0%",1.0,3,False,0.0,0,0,165000.0,2,2,2,165000.0,165000.0,165000.0,0.0,0,0.0,0,False,True,False,False,0,0.0012321974104302419,203.31257272098992,False,False,0,,1,False
100000004130144100,terminal,0.733,0.4284,B,False,9,0.3665,0.960836671117045,0.018691588785046728,0.0,0.7271918113039608,0.3333333333333333,0.0,"конечная точка в пределах выгрузки: получил 200 тыс от 1 плательщика, исходящих нет; доля seed-денег ~100%; связан с 1 seed",1.0,1,False,0.0,0,0,200000.0,1,1,1,200000.0,200000.0,200000.0,0.0,1,200000.0,1,False,True,False,False,0,1.0,200000.0,False,False,0,,1,False
100000004134060100,peripheral,0.9,0.2301,B,False,23,0.09000000000000001,0.7009345794392523,0.018691588785046728,0.0,0.5656430796617713,0.0,0.0,"выраженных признаков нет: 1 вх./0 исх., оборот 88 тыс",0.6666666666666666,2,False,0.0,0,0,88179.0,1,1,1,88179.0,88179.0,88179.0,0.0,0,0.0,0,False,True,False,False,0,0.12724882183245506,11220.673860364055,False,False,0,,1,False
100000004135268100,transit,0.807,0.7455,B,False,62,0.5649,0.9991099243435692,0.8019581664441477,0.894971072541166,0.9492656875834445,0.3333333333333333,1.0,"признаки транзита: получил 1.2 млн, отправил 1.0 млн (81%); 85% отправлено в течение 2 дней после входа; связан с 1 seed; участвует в круговых потоках (3+ участника); доля seed-денег ~98%",1.0,1,False,1000200.0,4,3,1239000.0,3,2,3,1239000.0,2239200.0,238800.0,0.8072639225181598,1,1064000.0,1,False,True,False,False,8,0.9772226304188096,1210778.8390889051,True,True,2,0.8498300339932013,1,False
100000004140487100,distributor,0.5,0.4439,B,False,3,0.4,0.21984868713840677,0.018691588785046728,0.9719626168224299,0.7757009345794392,0.3333333333333333,1.0,"веерная рассылка: 10 получателей, отправил 263 тыс; видимый вход 25 тыс, источник вне выгрузки; связан с 1 seed; участвует в круговых потоках (3+ участника)",0.6666666666666666,3,False,262600.0,19,10,24510.0,1,1,11,262600.0,287110.0,-238090.0,10.713994288045695,1,0.0,0,True,False,False,False,0,0.00022949675534038064,60.26584795238396,True,True,0,0.29588728103579587,1,False
100000004140994100,peripheral,0.9,0.0742,B,True,1,0.09000000000000001,0.1054739652870494,0.018691588785046728,0.0,0.19759679572763686,0.0,0.0,"выраженных признаков нет: 1 вх./0 исх., оборот 19 тыс",1.0,3,False,0.0,0,0,18650.0,1,1,1,18650.0,18650.0,18650.0,0.0,0,0.0,0,False,True,False,False,1,0.0006645076819004414,12.393068267443233,False,False,0,,1,False
100000004144536100,terminal,0.477,0.4697,B,False,28,0.2385,0.9354695149087673,0.960836671117045,0.0,0.6973742768135291,0.3333333333333333,0.0,"конечная точка в пределах выгрузки: получил 168 тыс от 4 плательщиков, исходящих нет; доля seed-денег ~67%; вход в конце периода, мог переслать позже; связан с 1 seed",0.6666666666666666,1,False,0.0,0,0,168000.0,6,4,4,168000.0,168000.0,168000.0,0.0,1,113000.0,1,False,True,False,False,2,0.6745365459300935,113322.13971625571,False,False,0,,2,True
100000004150593100,distributor,0.382,0.4854,B,True,4,0.30560000000000004,0.6813529149977748,0.018691588785046728,0.9746328437917223,0.9279038718291055,0.0,1.0,"веерная рассылка: 11 получателей, отправил 871 тыс; видимый вход 57 тыс, источник вне выгрузки; участвует в круговых потоках (3+ участника); связь с seed-деньгами слабая, возможна легальная активность",0.6666666666666666,2,False,871165.0,16,11,57000.0,2,1,12,871165.0,928165.0,-814165.0,15.28359649122807,0,0.0,0,True,False,False,False,0,0.010432239086998881,9088.201564225381,True,True,0,0.815867258211705,1,False
100000004156082100,distributor,0.66,0.7418,B,False,18,0.528,0.8945260347129506,0.9777481085892301,0.991099243435692,0.9790832220738763,0.3333333333333333,1.0,"веерная рассылка: 26 получателей, отправил 2.3 млн; видимый вход 377 тыс, источник вне выгрузки; связан с 1 seed; участвует в круговых потоках (3+ участника)",1.0,1,False,2319556.0,29,26,377366.11,7,5,30,2319556.0,2696922.11,-1942189.8900000001,6.146699288921308,1,27000.0,1,True,False,False,False,0,0.02772031220002923,64298.816485451,True,True,1,0.9590438859850765,2,True
100000004158362100,peripheral,0.9,0.1525,B,False,2,0.09000000000000001,0.5416110369381397,0.018691588785046728,0.0,0.1081441922563418,0.0,0.0,"выраженных признаков нет: 1 вх./0 исх., оборот 12 тыс",1.0,2,False,0.0,0,0,12000.0,1,1,1,12000.0,12000.0,12000.0,0.0,0,0.0,0,False,True,False,False,0,0.11831254414817277,1419.7505297780733,False,False,0,,1,False
100000004159526100,peripheral,0.6,0.5085,B,False,15,0.06,0.9341344014241211,0.960836671117045,0.9274588340008901,0.7854917668001781,0.3333333333333333,0.0,"выраженных признаков нет: 4 вх./4 исх., оборот 275 тыс; связан с 1 seed; взаимные переводы с 1",0.6666666666666666,1,False,68000.0,6,4,275037.0,4,4,7,275037.0,343037.0,207037.0,0.24723946232688693,1,100000.0,1,False,True,False,False,0,0.3937260793678754,108289.23969110235,True,False,1,0.4411764705882353,2,False
100000004160650100,distributor,0.5,0.6184,B,False,28,0.4,0.6079216733422341,0.8019581664441477,0.9719626168224299,0.9612817089452603,0.3333333333333333,1.0,"веерная рассылка: 10 получателей, отправил 1.5 млн; видимый вход 75 тыс, источник вне выгрузки; связан с 1 seed; участвует в круговых потоках (3+ участника)",0.6666666666666666,2,False,1489827.0,40,10,75100.0,4,2,10,1489827.0,1564927.0,-1414727.0,19.83790945406125,1,0.0,0,True,False,False,False,2,0.002357054273266704,3511.6030967781135,True,True,2,0.8165223210480143,1,True
100000004167082100,peripheral,0.3,0.0839,A,True,12,0.03,0.2955051179350245,0.018691588785046728,0.0,0.12416555407209613,0.0,0.0,"обрыв выгрузки на последнем колене: получил 13 тыс от 1 плательщика, исходящие неизвестны",1.0,4,False,0.0,0,0,13300.0,1,1,1,13300.0,13300.0,13300.0,0.0,0,0.0,0,False,True,True,False,0,0.009591008305833842,127.5604104675901,False,False,0,,1,False
100000004174835100,peripheral,0.2,0.006,A,False,0,0.020000000000000004,0.0,0.0,0.0,0.0,0.0,0.0,[seed] нет переводов в выгрузке: роль определить нельзя,1.0,0,True,0.0,0,0,0.0,0,0,0,0.0,0.0,0.0,,0,0.0,0,False,False,False,True,21,1.0,0.0,False,False,0,,0,False
100000004177936100,peripheral,0.3,0.0654,A,True,6,0.03,0.23008455718736093,0.018691588785046728,0.0,0.06987093902981753,0.0,0.0,"обрыв выгрузки на последнем колене: получил 10 тыс от 1 плательщика, исходящие неизвестны",1.0,4,False,0.0,0,0,10000.0,1,1,1,10000.0,10000.0,10000.0,0.0,0,0.0,0,False,True,True,False,0,0.006651503710631662,66.51503710631661,False,False,0,,1,False
100000004180097100,peripheral,0.6,0.5312,B,False,2,0.06,0.9238985313751669,0.9114374721851357,0.894971072541166,0.6141522029372497,0.3333333333333333,1.0,"выраженных признаков нет: 3 вх./3 исх., оборот 105 тыс; связан с 1 seed; участвует в круговых потоках (3+ участника)",1.0,1,False,47800.0,7,3,104854.0,5,3,4,104854.0,152654.0,57054.0,0.4558719743643542,1,76854.0,1,False,True,False,False,0,0.9126270817734717,95692.6000322756,True,True,2,0.8577405857740585,1,True
100000004183610100,peripheral,0.6,0.2515,B,True,12,0.06,0.3311081441922563,0.018691588785046728,0.6915887850467289,0.9327992879394749,0.0,0.0,"выраженных признаков нет: 1 вх./1 исх., оборот 915 тыс",1.0,3,False,915000.0,3,1,22000.0,1,1,2,915000.0,937000.0,-893000.0,41.59090909090909,0,0.0,0,True,False,False,False,0,0.00019214012724518402,175.8082164293434,False,False,0,0.01639344262295082,1,True
100000004184158100,terminal,0.321,0.2341,B,True,2,0.1605,0.511793502447708,0.018691588785046728,0.0,0.7365376056964842,0.0,0.0,"конечная точка в пределах выгрузки: получил 204 тыс от 1 плательщика, исходящих нет; доля seed-денег ~0%",1.0,3,False,0.0,0,0,203805.0,1,1,1,203805.0,203805.0,203805.0,0.0,0,0.0,0,False,True,False,False,0,0.004849960600259524,988.4462201358923,False,False,0,,1,False
100000004185681100,peripheral,0.9,0.1016,B,True,3,0.09000000000000001,0.30618602581219406,0.018691588785046728,0.0,0.06987093902981753,0.0,0.0,"выраженных признаков нет: 1 вх./0 исх., оборот 10 тыс",1.0,3,False,0.0,0,0,10000.0,1,1,1,10000.0,10000.0,10000.0,0.0,0,0.0,0,False,True,False,False,0,0.014137174964605436,141.37174964605435,False,False,0,,1,False
100000004186824100,peripheral,0.6,0.4874,B,False,4,0.06,0.9875389408099688,0.8019581664441477,0.6915887850467289,0.8620382732532266,0.3333333333333333,0.0,"выраженных признаков нет: 2 вх./1 исх., оборот 452 тыс; связан с 1 seed",1.0,1,False,7000.0,1,1,451700.0,7,2,3,451700.0,458700.0,444700.0,0.015497011290679655,1,437350.0,1,False,True,False,False,0,0.9968550014930083,450279.4041743919,False,False,0,0.0,1,False
100000004188160100,peripheral,0.6,0.5261,B,False,4,0.06,0.9109924343569203,0.8019581664441477,0.9421450823319982,0.6510903426791277,0.3333333333333333,1.0,"выраженных признаков нет: 2 вх./5 исх., оборот 134 тыс; связан с 1 seed; участвует в круговых потоках (3+ участника)",1.0,1,False,133846.0,6,5,87862.0,5,2,6,133846.0,221708.0,-45984.0,1.5233661878855478,1,79262.0,1,True,False,False,False,0,0.59396914875992,79500.39468492025,True,True,1,0.38653377762503177,1,True
100000004192107100,peripheral,0.9,0.181,B,False,3,0.09000000000000001,0.6043613707165109,0.018691588785046728,0.0,0.2674677347574544,0.0,0.0,"выраженных признаков нет: 1 вх./0 исх., оборот 25 тыс",1.0,2,False,0.0,0,0,25000.0,1,1,1,25000.0,25000.0,25000.0,0.0,0,0.0,0,False,True,False,False,0,0.13578708805921993,3394.6772014804983,False,False,0,,1,True
100000004192865100,peripheral,0.9,0.2369,B,False,34,0.09000000000000001,0.7605696484201158,0.018691588785046728,0.0,0.5144637294170005,0.0,0.0,"выраженных признаков нет: 1 вх./0 исх., оборот 67 тыс",1.0,2,False,0.0,0,0,66666.0,1,1,1,66666.0,66666.0,66666.0,0.0,0,0.0,0,False,True,False,False,3,0.3000030000300003,20000.0,False,False,0,,1,False
100000004193835100,peripheral,0.9,0.2925,B,False,4,0.09000000000000001,0.8304405874499332,0.018691588785046728,0.6915887850467289,0.4218958611481976,0.3333333333333333,0.0,"[seed] выраженных признаков нет: 1 вх./1 исх., оборот 47 тыс; связан ещё с 1 seed",1.0,0,True,5000.0,1,1,47000.0,1,1,2,47000.0,52000.0,42000.0,0.10638297872340426,1,0.0,0,False,False,False,False,0,1.0,35339.64670189406,False,False,0,1.0,1,False
100000004200745100,peripheral,0.3,0.2027,A,True,10,0.03,0.6288384512683578,0.018691588785046728,0.0,0.645749888740543,0.0,0.0,"обрыв выгрузки на последнем колене: получил 130 тыс от 1 плательщика, исходящие неизвестны",1.0,4,False,0.0,0,0,130000.0,4,1,1,130000.0,130000.0,130000.0,0.0,0,0.0,0,False,True,True,False,0,0.03967425569815904,5157.6532407606755,False,False,0,,1,False
100000004206046100,peripheral,0.9,0.2172,B,False,4,0.09000000000000001,0.6995994659546061,0.018691588785046728,0.0,0.1054739652870494,0.3333333333333333,0.0,"выраженных признаков нет: 1 вх./0 исх., оборот 11 тыс; связан с 1 seed",1.0,1,False,0.0,0,0,11075.0,1,1,1,11075.0,11075.0,11075.0,0.0,1,11075.0,1,False,True,False,False,0,1.0,11075.0,False,False,0,,1,False
100000004209339100,peripheral,0.6,0.3428,B,False,40,0.06,0.8037383177570093,0.018691588785046728,0.833555852247441,0.7578994214508233,0.0,0.0,"выраженных признаков нет: 1 вх./2 исх., оборот 238 тыс; взаимные переводы с 1",1.0,2,False,238500.0,11,2,138500.0,6,1,2,238500.0,377000.0,-100000.0,1.7220216606498195,0,0.0,0,True,False,False,False,0,0.11163536745466322,26625.03513793718,True,False,1,0.2830188679245283,1,False
100000004213658100,peripheral,0.9,0.2541,B,False,1,0.09000000000000001,0.7948375611927013,0.018691588785046728,0.0,0.28437917222963954,0.3333333333333333,0.0,"выраженных признаков нет: 1 вх./0 исх., оборот 25 тыс; связан с 1 seed",1.0,1,False,0.0,0,0,25347.0,1,1,1,25347.0,25347.0,25347.0,0.0,1,25347.0,1,False,True,False,False,1,1.0,25347.0,False,False,0,,1,False
100000004217419100,peripheral,0.6,0.3364,B,True,6,0.06,0.5135736537605696,0.8019581664441477,0.6915887850467289,0.6332888295505118,0.0,0.0,"выраженных признаков нет: 2 вх./1 исх., оборот 118 тыс",1.0,3,False,7700.0,1,1,118200.0,3,2,3,118200.0,125900.0,110500.0,0.06514382402707276,0,0.0,0,False,True,False,False,0,0.008422185050733002,995.5022729966407,False,False,0,1.0,1,False
100000004218576100,peripheral,0.9,0.2558,B,False,1,0.09000000000000001,0.8006230529595015,0.018691588785046728,0.0,0.2897196261682243,0.3333333333333333,0.0,"выраженных признаков нет: 1 вх./0 исх., оборот 26 тыс; связан с 1 seed",1.0,1,False,0.0,0,0,26144.0,1,1,1,26144.0,26144.0,26144.0,0.0,1,26144.0,1,False,True,False,False,1,1.0,26144.0,False,False,0,,1,False
100000004221668100,peripheral,0.6,0.5324,B,True,32,0.06,0.906097018246551,0.960836671117045,0.894971072541166,0.9457053849577214,0.0,1.0,"выраженных признаков нет: 4 вх./3 исх., оборот 1.1 млн; участвует в круговых потоках (3+ участника)",1.0,2,False,731440.0,10,3,1128300.0,8,4,5,1128300.0,1859740.0,396860.0,0.6482673047948241,0,0.0,0,False,True,False,False,0,0.0652740128923815,73648.66874649044,True,True,2,0.9841408727988625,1,True
100000004222274100,peripheral,0.3,0.0487,A,True,2,0.03,0.105028927458834,0.018691588785046728,0.0,0.15353805073431243,0.0,0.0,"обрыв выгрузки на последнем колене: получил 16 тыс от 1 плательщика, исходящие неизвестны",1.0,4,False,0.0,0,0,15500.0,1,1,1,15500.0,15500.0,15500.0,0.0,0,0.0,0,False,True,True,False,0,0.0007828429461319701,12.134065665045537,False,False,0,,1,True
100000004225615100,peripheral,0.9,0.2289,B,False,19,0.09000000000000001,0.6933689363595905,0.018691588785046728,0.0,0.5687583444592791,0.0,0.0,"выраженных признаков нет: 1 вх./0 исх., оборот 90 тыс",0.6666666666666666,2,False,0.0,0,0,90000.0,2,1,1,90000.0,90000.0,90000.0,0.0,0,0.0,0,False,True,False,False,0,0.11406838869879403,10266.154982891463,False,False,0,,1,False
100000004226848100,terminal,0.537,0.4053,B,False,3,0.2685,0.9768580329327993,0.018691588785046728,0.0,0.807743658210948,0.3333333333333333,0.0,"конечная точка в пределах выгрузки: получил 302 тыс от 1 плательщика, исходящих нет; доля seed-денег ~100%; вход в конце периода, мог переслать позже; связан с 1 seed",1.0,1,False,0.0,0,0,301866.0,1,1,1,301866.0,301866.0,301866.0,0.0,1,301866.0,1,False,True,False,False,0,1.0,301866.0,False,False,0,,1,True
100000004232712100,peripheral,0.3,0.0465,A,True,5,0.03,0.11259457053849577,0.018691588785046728,0.0,0.11659991099243436,0.0,0.0,"обрыв выгрузки на последнем колене: получил 12 тыс от 1 плательщика, исходящие неизвестны",1.0,4,False,0.0,0,0,12500.0,1,1,1,12500.0,12500.0,12500.0,0.0,0,0.0,0,False,True,True,False,0,0.0011953620415003489,14.942025518754361,False,False,0,,1,False
100000004235471100,peripheral,0.3,0.1351,A,True,5,0.03,0.2607921673342234,0.018691588785046728,0.0,0.7058299955496217,0.0,0.0,"обрыв выгрузки на последнем колене: получил 180 тыс от 1 плательщика, исходящие неизвестны",1.0,4,False,0.0,0,0,180000.0,1,1,1,180000.0,180000.0,180000.0,0.0,0,0.0,0,False,True,True,False,0,0.000551028696630508,99.18516539349145,False,False,0,,1,False
100000004241142100,peripheral,0.3,0.072,A,True,2,0.03,0.14597240765465064,0.018691588785046728,0.0,0.30485091232754785,0.0,0.0,"обрыв выгрузки на последнем колене: получил 27 тыс от 1 плательщика, исходящие неизвестны",1.0,4,False,0.0,0,0,27102.0,1,1,1,27102.0,27102.0,27102.0,0.0,0,0.0,0,False,True,True,False,0,0.0008464425810733718,22.94028683225052,False,False,0,,1,False
100000004254434100,peripheral,0.9,0.2782,B,False,1,0.09000000000000001,0.8562527814864264,0.018691588785046728,0.0,0.4023141967067201,0.3333333333333333,0.0,"выраженных признаков нет: 1 вх./0 исх., оборот 44 тыс; связан с 1 seed",1.0,1,False,0.0,0,0,44445.0,2,1,1,44445.0,44445.0,44445.0,0.0,1,44445.0,1,False,True,False,False,1,1.0,44445.0,False,False,0,,1,False
100000004257714100,peripheral,0.9,0.115,B,True,1,0.09000000000000001,0.17578994214508234,0.018691588785046728,0.0,0.46461949265687585,0.0,0.0,"выраженных признаков нет: 1 вх./0 исх., оборот 52 тыс",1.0,3,False,0.0,0,0,52220.0,1,1,1,52220.0,52220.0,52220.0,0.0,0,0.0,0,False,True,False,False,1,0.0006645076819004413,34.70059114884105,False,False,0,,1,False
100000004260869100,peripheral,0.3,0.0729,A,True,4,0.03,0.26791277258566976,0.018691588785046728,0.0,0.06987093902981753,0.0,0.0,"обрыв выгрузки на последнем колене: получил 10 тыс от 1 плательщика, исходящие неизвестны",1.0,4,False,0.0,0,0,10000.0,1,1,1,10000.0,10000.0,10000.0,0.0,0,0.0,0,False,True,True,False,0,0.010432239086998883,104.32239086998884,False,False,0,,1,False
100000004261340100,peripheral,0.3,0.1257,A,True,2,0.03,0.35113484646194926,0.018691588785046728,0.0,0.43124165554072097,0.0,0.0,"обрыв выгрузки на последнем колене: получил 48 тыс от 1 плательщика, исходящие неизвестны",1.0,4,False,0.0,0,0,48500.0,4,1,1,48500.0,48500.0,48500.0,0.0,0,0.0,0,False,True,True,False,0,0.004245121558798319,205.88839560171849,False,False,0,,1,False
100000004263867100,peripheral,0.3,0.0239,A,True,21,0.03,0.0267022696929239,0.018691588785046728,0.0,0.06186025812194036,0.0,0.0,"обрыв выгрузки на последнем колене: получил 9 тыс от 1 плательщика, исходящие неизвестны",1.0,4,False,0.0,0,0,9000.0,1,1,1,9000.0,9000.0,9000.0,0.0,0,0.0,0,False,True,True,False,0,4.838494154612191e-05,0.4354644739150972,False,False,0,,1,True
100000004265639100,peripheral,0.3,0.0654,A,True,6,0.03,0.23008455718736093,0.018691588785046728,0.0,0.06987093902981753,0.0,0.0,"обрыв выгрузки на последнем колене: получил 10 тыс от 1 плательщика, исходящие неизвестны",1.0,4,False,0.0,0,0,10000.0,1,1,1,10000.0,10000.0,10000.0,0.0,0,0.0,0,False,True,True,False,0,0.006651503710631662,66.51503710631661,False,False,0,,1,False
100000004268036100,peripheral,0.3,0.0198,A,True,21,0.03,0.022251891410769914,0.018691588785046728,0.0,0.030262572318647086,0.0,0.0,"обрыв выгрузки на последнем колене: получил 6 тыс от 1 плательщика, исходящие неизвестны",1.0,4,False,0.0,0,0,5500.0,1,1,1,5500.0,5500.0,5500.0,0.0,0,0.0,0,False,True,True,False,0,4.838494154612191e-05,0.2661171785036705,False,False,0,,1,False
100000004269433100,peripheral,0.6,0.1862,B,False,72,0.06,0.0,0.0,0.6915887850467289,0.9559412550066756,0.3333333333333333,0.0,"[seed] выраженных признаков нет: 0 вх./1 исх., оборот 1.4 млн; связан ещё с 1 seed",1.0,0,True,1372000.0,67,1,0.0,0,0,1,1372000.0,1372000.0,-1372000.0,,1,0.0,0,False,False,False,False,0,1.0,0.0,False,False,0,0.0,0,False
100000004272302100,peripheral,0.3,0.0544,A,True,56,0.03,0.17534490431686695,0.018691588785046728,0.0,0.06987093902981753,0.0,0.0,"обрыв выгрузки на последнем колене: получил 10 тыс от 1 плательщика, исходящие неизвестны",1.0,4,False,0.0,0,0,10000.0,1,1,1,10000.0,10000.0,10000.0,0.0,0,0.0,0,False,True,True,False,0,0.003464152501965917,34.64152501965917,False,False,0,,1,False
100000004278574100,peripheral,0.9,0.1619,B,True,5,0.09000000000000001,0.16332888295505119,0.018691588785046728,0.6915887850467289,0.2674677347574544,0.0,0.0,"выраженных признаков нет: 1 вх./1 исх., оборот 25 тыс",1.0,3,False,12500.0,1,1,25000.0,1,1,2,25000.0,37500.0,12500.0,0.5,0,0.0,0,False,True,False,False,0,0.0011953620415003489,29.884051037508723,False,False,0,0.0,1,False
100000004285800100,peripheral,0.9,0.2281,B,False,2,0.09000000000000001,0.5585224744103249,0.018691588785046728,0.6915887850467289,0.13840676457498888,0.0,0.0,"выраженных признаков нет: 1 вх./1 исх., оборот 15 тыс",1.0,2,False,15000.0,1,1,5000.0,1,1,2,15000.0,20000.0,-10000.0,3.0,0,0.0,0,True,False,False,False,0,0.11914414312939653,1787.1621469409479,False,False,0,0.0,1,False
100000004286573100,peripheral,0.9,0.2319,B,False,10,0.09000000000000001,0.7405429461504228,0.018691588785046728,0.0,0.17089452603471295,0.3333333333333333,0.0,"выраженных признаков нет: 1 вх./0 исх., оборот 17 тыс; связан с 1 seed",1.0,1,False,0.0,0,0,16590.0,1,1,1,16590.0,16590.0,16590.0,0.0,1,16590.0,1,False,True,False,False,0,1.0,16590.0,False,False,0,,1,False
100000004291560100,peripheral,0.9,0.1134,B,True,2,0.09000000000000001,0.18736092567868268,0.018691588785046728,0.0,0.4259012016021362,0.0,0.0,"выраженных признаков нет: 1 вх./0 исх., оборот 47 тыс",1.0,3,False,0.0,0,0,47190.0,1,1,1,47190.0,47190.0,47190.0,0.0,0,0.0,0,False,True,False,False,0,0.0008464425810733717,39.94362540085241,False,False,0,,1,False
100000004291663100,peripheral,0.3,0.0509,A,True,2,0.03,0.05874499332443257,0.018691588785046728,0.0,0.2674677347574544,0.0,0.0,"обрыв выгрузки на последнем колене: получил 25 тыс от 1 плательщика, исходящие неизвестны",1.0,4,False,0.0,0,0,25000.0,1,1,1,25000.0,25000.0,25000.0,0.0,0,0.0,0,False,True,True,False,0,0.00020279353504882864,5.069838376220716,False,False,0,,1,True
100000004292885100,terminal,0.303,0.1657,B,True,1,0.1515,0.24032042723631508,0.018691588785046728,0.0,0.6270582999554962,0.0,0.0,"конечная точка в пределах выгрузки: получил 113 тыс от 1 плательщика, исходящих нет; доля seed-денег ~0%",0.6666666666666666,3,False,0.0,0,0,112700.0,1,1,1,112700.0,112700.0,112700.0,0.0,0,0.0,0,False,True,False,False,1,0.0006645076819004415,74.89001575017976,False,False,0,,1,False
100000004299488100,consolidator,0.691,0.7269,B,False,2,0.6219,0.9862038273253226,0.9853137516688919,0.833555852247441,0.9679572763684913,0.3333333333333333,0.0,"признаки консолидации: 6 плательщиков (из них seed: 1), получил 1.7 млн; отдал дальше 20%; до 3 плательщиков в день; связан с 1 seed; взаимные переводы с 1",1.0,1,False,344999.0,14,2,1749000.0,22,6,7,1749000.0,2093999.0,1404001.0,0.19725500285877645,1,337000.0,1,False,True,False,False,0,0.238307656151051,416800.09060818824,True,False,1,0.9420288174748332,3,False
100000004315838100,peripheral,0.6,0.4061,B,False,3,0.06,0.792167334223409,0.8019581664441477,0.6915887850467289,0.4401424121050289,0.3333333333333333,0.0,"выраженных признаков нет: 2 вх./1 исх., оборот 50 тыс; связан с 1 seed",1.0,1,False,18000.0,1,1,50000.0,2,2,3,50000.0,68000.0,32000.0,0.36,1,25000.0,1,False,True,False,False,0,0.5005976810207502,25029.88405103751,False,False,0,0.0,1,False
100000004318918100,peripheral,0.9,0.3022,B,False,16,0.09000000000000001,0.9087672452158434,0.018691588785046728,0.0,0.5371606586559857,0.3333333333333333,0.0,"выраженных признаков нет: 1 вх./0 исх., оборот 76 тыс; связан с 1 seed",0.6666666666666666,1,False,0.0,0,0,75600.0,1,1,1,75600.0,75600.0,75600.0,0.0,1,75600.0,1,False,True,False,False,0,1.0,75600.0,False,False,0,,1,False
100000004321983100,peripheral,0.6,0.2904,B,True,32,0.06,0.48687138406764574,0.018691588785046728,0.833555852247441,0.3680462839341344,0.0,1.0,"выраженных признаков нет: 1 вх./2 исх., оборот 36 тыс; участвует в круговых потоках (3+ участника)",1.0,3,False,36200.0,3,2,10840.0,1,1,3,36200.0,47040.0,-25360.0,3.339483394833948,0,0.0,0,True,False,False,False,0,0.019546140877163623,707.5702997534154,True,True,0,0.0,1,False
100000004325327100,peripheral,0.6,0.4299,B,False,2,0.06,0.8678237650200267,0.8019581664441477,0.6915887850467289,0.5269247886070316,0.3333333333333333,0.0,"выраженных признаков нет: 2 вх./1 исх., оборот 71 тыс; связан с 1 seed",1.0,1,False,70000.0,1,1,70817.0,3,2,3,70817.0,140817.0,817.0,0.988463222107686,1,47472.0,1,False,True,False,False,0,0.6706265473269859,47491.76020205516,False,False,0,1.0,1,True
100000004326224100,peripheral,0.3,0.1088,A,True,5,0.03,0.23542501112594572,0.018691588785046728,0.0,0.4931019136626613,0.0,0.0,"обрыв выгрузки на последнем колене: получил 60 тыс от 1 плательщика, исходящие неизвестны",1.0,4,False,0.0,0,0,60000.0,1,1,1,60000.0,60000.0,60000.0,0.0,0,0.0,0,False,True,True,False,0,0.0011953620415003489,71.72172249002094,False,False,0,,1,False
100000004330371100,peripheral,0.6,0.484,B,False,4,0.06,0.9421450823319982,0.8019581664441477,0.833555852247441,0.7765910102358701,0.3333333333333333,0.0,"выраженных признаков нет: 2 вх./2 исх., оборот 264 тыс; связан с 1 seed; взаимные переводы с 2",1.0,1,False,90681.0,6,2,264171.0,12,2,2,264171.0,354852.0,173490.0,0.3432662934235779,1,96671.0,1,False,True,False,False,0,0.5022626785333894,132683.234050844,True,False,2,0.6495296699418842,2,True
100000004331458100,terminal,0.33,0.3861,B,False,58,0.165,0.8575878949710726,0.8019581664441477,0.0,0.7663551401869159,0.0,0.0,"конечная точка в пределах выгрузки: получил 250 тыс от 2 плательщиков, исходящих нет; доля seed-денег ~18%",1.0,2,False,0.0,0,0,250000.0,2,2,2,250000.0,250000.0,250000.0,0.0,0,0.0,0,False,True,False,False,7,0.1786444706014237,44661.117650355925,False,False,0,,1,False
100000004336228100,peripheral,0.9,0.162,B,True,6,0.09000000000000001,0.41255006675567424,0.018691588785046728,0.0,0.46150422785936807,0.0,0.0,"выраженных признаков нет: 1 вх./0 исх., оборот 51 тыс",1.0,3,False,0.0,0,0,51407.0,2,1,1,51407.0,51407.0,51407.0,0.0,0,0.0,0,False,True,False,False,0,0.006651503710631661,341.9338512524418,False,False,0,,1,False
100000004336312100,peripheral,0.6,0.4396,B,False,41,0.06,0.6835781041388518,0.9114374721851357,0.833555852247441,0.5736537605696485,0.0,1.0,"выраженных признаков нет: 3 вх./2 исх., оборот 90 тыс; участвует в круговых потоках (3+ участника)",0.6666666666666666,2,False,72650.0,3,2,90415.0,7,3,4,90415.0,163065.0,17765.0,0.8035171155228668,0,0.0,0,False,True,False,False,0,0.10251286249541947,9268.700462523351,True,True,1,0.5182381280110117,3,False
100000004340038100,peripheral,0.9,0.2003,B,True,12,0.09000000000000001,0.2719181130396084,0.018691588785046728,0.6915887850467289,0.43435692033822876,0.0,0.0,"выраженных признаков нет: 1 вх./1 исх., оборот 49 тыс",1.0,3,False,49000.0,1,1,9978.0,1,1,2,49000.0,58978.0,-39022.0,4.910803768290238,0,0.0,0,True,False,False,False,0,0.0022004278459834153,107.82096445318736,False,False,0,0.0,1,False
100000004350094100,peripheral,0.3,0.0827,A,True,20,0.03,0.24966622162883845,0.018691588785046728,0.0,0.20382732532265244,0.0,0.0,"обрыв выгрузки на последнем колене: получил 20 тыс от 1 плательщика, исходящие неизвестны",1.0,4,False,0.0,0,0,20000.0,1,1,1,20000.0,20000.0,20000.0,0.0,0,0.0,0,False,True,True,False,0,0.00423135087776033,84.62701755520659,False,False,0,,1,False
100000004351795100,distributor,0.54,0.7331,B,False,2,0.43200000000000005,0.8967512238540276,0.9114374721851357,0.9799732977303071,0.9675122385402759,0.6666666666666666,1.0,"веерная рассылка: 14 получателей, отправил 1.7 млн; видимый вход 118 тыс, источник вне выгрузки; связан с 2 seed; участвует в круговых потоках (3+ участника)",1.0,1,False,1715161.0,37,14,118333.0,3,3,16,1715161.0,1833494.0,-1596828.0,14.494359139039828,2,66404.0,1,True,False,False,False,0,0.03898876281632227,66872.00542080612,True,True,1,0.37906703802150354,1,True
100000004356593100,peripheral,0.9,0.2438,B,True,3,0.09000000000000001,0.4864263462394304,0.018691588785046728,0.6915887850467289,0.4401424121050289,0.0,0.0,"выраженных признаков нет: 1 вх./1 исх., оборот 50 тыс",1.0,2,False,10000.0,1,1,50000.0,1,1,2,50000.0,60000.0,40000.0,0.2,0,0.0,0,False,True,False,False,0,0.014137174964605436,706.8587482302718,False,False,0,0.0,1,False
100000004358004100,distributor,0.51,0.3121,B,False,3,0.40800000000000003,0.0,0.0,0.9746328437917223,0.9354695149087673,0.3333333333333333,0.0,"[seed] веерная рассылка: 11 получателей, отправил 981 тыс; связан ещё с 1 seed; доля seed-денег ~100%",0.6666666666666666,0,True,980850.0,17,11,0.0,0,0,11,980850.0,980850.0,-980850.0,,1,0.0,0,False,False,False,False,0,1.0,0.0,False,False,0,0.0,0,False
100000004360785100,peripheral,0.9,0.3094,B,False,4,0.09000000000000001,0.9221183800623053,0.018691588785046728,0.0,0.5829995549621718,0.3333333333333333,0.0,"выраженных признаков нет: 1 вх./0 исх., оборот 95 тыс; связан с 1 seed",0.6666666666666666,1,False,0.0,0,0,94705.0,1,1,1,94705.0,94705.0,94705.0,0.0,1,94705.0,1,False,True,False,False,0,1.0,94705.0,False,False,0,,1,False
100000004368189100,peripheral,0.6,0.248,B,True,11,0.06,0.2897196261682243,0.018691588785046728,0.833555852247441,0.8384512683578104,0.0,0.0,"выраженных признаков нет: 1 вх./2 исх., оборот 385 тыс",1.0,3,False,28200.0,2,2,384600.0,1,1,3,384600.0,412800.0,356400.0,0.07332293291731669,0,0.0,0,False,True,False,False,0,0.0003207443319761952,123.35827007804468,False,False,0,0.7695035460992907,1,False
100000004377043100,peripheral,0.3,0.0608,A,True,33,0.03,0.22518914107699153,0.018691588785046728,0.0,0.03382287494437027,0.0,0.0,"обрыв выгрузки на последнем колене: получил 6 тыс от 1 плательщика, исходящие неизвестны",1.0,4,False,0.0,0,0,5700.0,1,1,1,5700.0,5700.0,5700.0,0.0,0,0.0,0,False,True,True,False,0,0.011040802685025448,62.932575304645056,False,False,0,,1,False
100000004379306100,peripheral,0.3,0.0785,A,True,6,0.03,0.2616822429906542,0.018691588785046728,0.0,0.13840676457498888,0.0,0.0,"обрыв выгрузки на последнем колене: получил 15 тыс от 1 плательщика, исходящие неизвестны",1.0,4,False,0.0,0,0,15000.0,1,1,1,15000.0,15000.0,15000.0,0.0,0,0.0,0,False,True,True,False,0,0.006651503710631662,99.77255565947492,False,False,0,,1,False
100000004386258100,peripheral,0.6,0.4167,B,False,10,0.06,0.8246550956831331,0.9114374721851357,0.894971072541166,0.5015576323987538,0.0,0.0,"выраженных признаков нет: 3 вх./3 исх., оборот 62 тыс; взаимные переводы с 2",1.0,2,False,40000.0,3,3,61700.0,3,3,4,61700.0,101700.0,21700.0,0.6482982171799028,0,0.0,0,False,True,False,False,0,0.5554395797742266,34270.62207206978,True,False,2,0.75,2,True
100000004386286100,peripheral,0.3,0.155,A,False,10,0.03,0.654650645304851,0.018691588785046728,0.0,0.11659991099243436,0.0,0.0,"обрыв выгрузки на последнем колене: получил 12 тыс от 1 плательщика, исходящие неизвестны",1.0,4,False,0.0,0,0,12500.0,1,1,1,12500.0,12500.0,12500.0,0.0,0,0.0,0,False,True,True,False,0,0.5554395797742266,6942.994747177833,False,False,0,,1,True
100000004386331100,peripheral,0.6,0.2666,B,False,10,0.06,0.7000445037828216,0.018691588785046728,0.833555852247441,0.20382732532265244,0.0,0.0,"выраженных признаков нет: 1 вх./2 исх., оборот 20 тыс; взаимные переводы с 1",1.0,3,False,17500.0,2,2,20000.0,1,1,2,20000.0,37500.0,2500.0,0.875,0,0.0,0,False,True,False,False,0,0.5554395797742266,11108.791595484532,True,False,1,0.0,1,True
100000004388209100,peripheral,0.9,0.2185,B,False,1,0.09000000000000001,0.7049399198931909,0.018691588785046728,0.0,0.10769915442812639,0.3333333333333333,0.0,"выраженных признаков нет: 1 вх./0 исх., оборот 12 тыс; связан с 1 seed",1.0,1,False,0.0,0,0,11800.0,1,1,1,11800.0,11800.0,11800.0,0.0,1,11800.0,1,False,True,False,False,1,1.0,11800.0,False,False,0,,1,True
100000004388353100,peripheral,0.9,0.3614,B,False,16,0.09000000000000001,0.8299955496217178,0.8019581664441477,0.0,0.5037828215398309,0.3333333333333333,0.0,"выраженных признаков нет: 2 вх./0 исх., оборот 63 тыс; связан с 1 seed",1.0,1,False,0.0,0,0,62960.0,2,2,2,62960.0,62960.0,62960.0,0.0,1,34960.0,1,False,True,False,False,0,0.5606679115353266,35299.65171026416,False,False,0,,1,False
100000004388983100,peripheral,0.6,0.1619,B,False,80,0.06,0.0,0.0,0.833555852247441,0.8611481975967957,0.0,0.0,"[seed] выраженных признаков нет: 0 вх./2 исх., оборот 451 тыс",1.0,0,True,450816.0,23,2,0.0,0,0,2,450816.0,450816.0,-450816.0,,0,0.0,0,False,False,False,False,13,1.0,0.0,False,False,0,0.0,0,False
100000004390333100,peripheral,0.6,0.5749,B,False,2,0.06,0.8602581219403649,0.8019581664441477,0.969737427681353,0.8802848242100578,0.6666666666666666,1.0,"выраженных признаков нет: 2 вх./9 исх., оборот 506 тыс; связан с 2 seed; участвует в круговых потоках (3+ участника)",0.6666666666666666,1,False,506500.0,14,9,64558.0,2,2,10,506500.0,571058.0,-441942.0,7.845658167849066,2,45751.0,1,True,False,False,False,0,0.09035916889560168,45766.91904562225,True,True,1,0.21717670286278382,1,False
100000004394765100,peripheral,0.6,0.5832,B,False,4,0.06,0.9879839786381842,0.9114374721851357,0.833555852247441,0.9007565643079661,1.0,0.0,"выраженных признаков нет: 3 вх./2 исх., оборот 604 тыс; связан с 3 seed",1.0,1,False,82500.0,2,2,603844.0,10,3,5,603844.0,686344.0,521344.0,0.13662469114539516,3,451888.0,1,False,True,False,False,0,0.7519073766360438,454034.7579374152,False,False,0,0.4303030303030303,2,False
100000004398811100,peripheral,0.6,0.3429,B,True,3,0.06,0.6831330663106364,0.018691588785046728,0.894971072541166,0.9394748553627058,0.0,0.0,"выраженных признаков нет: 1 вх./3 исх., оборот 1.0 млн",1.0,2,False,1040672.0,4,3,426000.0,1,1,4,1040672.0,1466672.0,-614672.0,2.4428920187793426,0,0.0,0,True,False,False,False,0,0.008864757237276772,9225.304643631292,False,False,0,0.39493711755481076,1,False
100000004399686100,terminal,0.441,0.3293,B,True,27,0.2205,0.7890520694259012,0.018691588785046728,0.0,0.9243435692033823,0.0,0.0,"конечная точка в пределах выгрузки: получил 806 тыс от 1 плательщика, исходящих нет; доля seed-денег ~3%",1.0,3,False,0.0,0,0,806000.0,2,1,1,806000.0,806000.0,806000.0,0.0,0,0.0,0,False,True,False,False,0,0.030380546082895164,24486.7201428135,False,False,0,,1,False
100000004400305100,distributor,0.75,0.6838,B,True,2,0.6000000000000001,0.62572318647085,0.9906542056074766,0.9986648865153538,0.9973297730307076,0.0,1.0,"веерная рассылка: 82 получателя, отправил 5.8 млн; видимый вход 223 тыс, источник вне выгрузки; участвует в круговых потоках (3+ участника); связь с seed-деньгами слабая, возможна легальная активность",1.0,2,False,5830181.0,101,82,222800.0,9,7,87,5830181.0,6052981.0,-5607381.0,26.167778276481148,0,0.0,0,True,False,False,False,0,0.0008464425810733717,4934.913453764932,True,True,2,0.7857224329742079,2,False
100000004400361100,peripheral,0.9,0.1545,B,False,4,0.09000000000000001,0.5705384957721407,0.018691588785046728,0.0,0.06987093902981753,0.0,0.0,"выраженных признаков нет: 1 вх./0 исх., оборот 10 тыс",1.0,2,False,0.0,0,0,10000.0,1,1,1,10000.0,10000.0,10000.0,0.0,0,0.0,0,False,True,False,False,0,0.21505044049875338,2150.5044049875337,False,False,0,,1,False
100000004400480100,peripheral,0.3,0.0501,A,True,11,0.03,0.06987093902981753,0.018691588785046728,0.0,0.2372051624388073,0.0,0.0,"обрыв выгрузки на последнем колене: получил 22 тыс от 1 плательщика, исходящие неизвестны",1.0,4,False,0.0,0,0,21700.0,1,1,1,21700.0,21700.0,21700.0,0.0,0,0.0,0,False,True,True,False,0,0.0003207443319761952,6.960152003883436,False,False,0,,1,False
100000004403548100,peripheral,0.3,0.0474,A,True,6,0.03,0.17089452603471295,0.018691588785046728,0.0,0.008455718736092568,0.0,0.0,"обрыв выгрузки на последнем колене: получил 5 тыс от 1 плательщика, исходящие неизвестны",1.0,4,False,0.0,0,0,5000.0,1,1,1,5000.0,5000.0,5000.0,0.0,0,0.0,0,False,True,True,False,0,0.006651503710631662,33.257518553158306,False,False,0,,1,False
100000004403641100,peripheral,0.3,0.089,A,True,11,0.03,0.03159768580329328,0.018691588785046728,0.0,0.7031597685803294,0.0,0.0,"обрыв выгрузки на последнем колене: получил 172 тыс от 1 плательщика, исходящие неизвестны",1.0,4,False,0.0,0,0,171500.0,1,1,1,171500.0,171500.0,171500.0,0.0,0,0.0,0,False,True,True,False,0,4.031056998801331e-06,0.6913262752944282,False,False,0,,1,True
100000004403675100,peripheral,0.6,0.6231,B,False,22,0.06,0.9203382287494437,0.960836671117045,0.9421450823319982,0.7770360480640854,1.0,1.0,"выраженных признаков нет: 4 вх./5 исх., оборот 265 тыс; связан с 3 seed; участвует в круговых потоках (3+ участника)",1.0,1,False,264699.0,6,5,182980.0,8,4,8,264699.0,447679.0,-81719.0,1.4466007213903158,3,70880.0,2,True,False,False,False,0,0.3534306740979031,93552.74600304084,True,True,1,0.5402362683651997,1,False
100000004407753100,peripheral,0.6,0.2868,B,True,33,0.06,0.5905651980418336,0.018691588785046728,0.6915887850467289,0.7663551401869159,0.0,0.0,"выраженных признаков нет: 1 вх./1 исх., оборот 250 тыс; взаимные переводы с 1",1.0,3,False,100000.0,1,1,250000.0,4,1,1,250000.0,350000.0,150000.0,0.4,0,0.0,0,False,True,False,False,0,0.011040802685025448,2760.200671256362,True,False,1,1.0,1,False
100000004408683100,terminal,0.692,0.4806,B,False,4,0.346,0.9158878504672897,0.8019581664441477,0.0,0.6279483756119271,0.3333333333333333,0.0,"конечная точка в пределах выгрузки: получил 113 тыс от 2 плательщиков, исходящих нет; доля seed-денег ~76%; связан с 1 seed",0.6666666666666666,1,False,0.0,0,0,112919.68,3,2,2,112919.68,112919.68,112919.68,0.0,1,81148.0,1,False,True,False,False,0,0.7630781031031841,86166.53521741855,False,False,0,,1,False
100000004410489100,peripheral,0.9,0.1947,B,True,36,0.09000000000000001,0.5692033822874945,0.018691588785046728,0.0,0.4744103248776146,0.0,0.0,"выраженных признаков нет: 1 вх./0 исх., оборот 54 тыс",1.0,2,False,0.0,0,0,54000.0,1,1,1,54000.0,54000.0,54000.0,0.0,0,0.0,0,False,True,False,False,0,0.03896690143363326,2104.212677416196,False,False,0,,1,False
100000004417753100,terminal,0.223,0.2968,B,True,3,0.1115,0.5287049399198932,0.8019581664441477,0.0,0.7187360925678683,0.0,0.0,"конечная точка в пределах выгрузки: получил 192 тыс от 2 плательщиков, исходящих нет; доля seed-денег ~1%; вход в конце периода, мог переслать позже",1.0,3,False,0.0,0,0,192099.0,2,2,2,192099.0,192099.0,192099.0,0.0,0,0.0,0,False,True,False,False,0,0.006239681742847263,1198.6366231192164,False,False,0,,2,True
100000004418967100,peripheral,0.3,0.1413,A,True,13,0.03,0.3484646194926569,0.018691588785046728,0.0,0.5927903871829105,0.0,0.0,"обрыв выгрузки на последнем колене: получил 100 тыс от 1 плательщика, исходящие неизвестны",1.0,4,False,0.0,0,0,100000.0,1,1,1,100000.0,100000.0,100000.0,0.0,0,0.0,0,False,True,True,False,0,0.0020004285237071743,200.0428523707174,False,False,0,,1,False
100000004420041100,peripheral,0.6,0.2984,B,True,10,0.06,0.4445927903871829,0.018691588785046728,0.960836671117045,0.9052069425901201,0.0,0.0,"выраженных признаков нет: 1 вх./7 исх., оборот 652 тыс",1.0,3,False,651830.0,11,7,69638.0,1,1,8,651830.0,721468.0,-582192.0,9.360263074758034,0,0.0,0,True,False,False,False,0,0.0007106107656919252,463.1974154009676,False,False,0,0.0,1,True
100000004424023100,peripheral,0.6,0.2965,B,False,73,0.06,0.7258566978193146,0.018691588785046728,0.6915887850467289,0.5927903871829105,0.0,0.0,"выраженных признаков нет: 1 вх./1 исх., оборот 100 тыс",1.0,2,False,100000.0,1,1,50000.0,1,1,2,100000.0,150000.0,-50000.0,2.0,0,0.0,0,True,False,False,False,0,0.14466859049423453,14466.859049423452,False,False,0,0.0,1,False
100000004433250100,peripheral,0.3,0.0263,A,True,2,0.03,0.04316866933689364,0.018691588785046728,0.0,0.0529595015576324,0.0,0.0,"обрыв выгрузки на последнем колене: получил 8 тыс от 1 плательщика, исходящие неизвестны",1.0,4,False,0.0,0,0,8000.0,1,1,1,8000.0,8000.0,8000.0,0.0,0,0.0,0,False,True,True,False,0,0.00021222044798804095,1.6977635839043277,False,False,0,,1,False
100000004435304100,peripheral,0.9,0.1511,B,True,1,0.09000000000000001,0.44192256341789055,0.018691588785046728,0.0,0.2932799287939475,0.0,0.0,"выраженных признаков нет: 1 вх./0 исх., оборот 26 тыс",1.0,2,False,0.0,0,0,26200.0,1,1,1,26200.0,26200.0,26200.0,0.0,0,0.0,0,False,True,False,False,1,0.017185010363675823,450.24727152830656,False,False,0,,1,True
100000004441291100,peripheral,0.9,0.1969,B,False,3,0.09000000000000001,0.7156208277703605,0.018691588785046728,0.0,0.20382732532265244,0.0,0.0,"выраженных признаков нет: 1 вх./0 исх., оборот 20 тыс",1.0,2,False,0.0,0,0,20000.0,1,1,1,20000.0,20000.0,20000.0,0.0,0,0.0,0,False,True,False,False,0,0.6505105850159645,13010.211700319289,False,False,0,,1,False
100000004445291100,peripheral,0.9,0.1384,B,True,30,0.09000000000000001,0.4236760124610592,0.018691588785046728,0.0,0.20293724966622162,0.0,0.0,"выраженных признаков нет: 1 вх./0 исх., оборот 20 тыс",1.0,3,False,0.0,0,0,19500.0,2,1,1,19500.0,19500.0,19500.0,0.0,0,0.0,0,False,True,False,False,0,0.019132398156689708,373.0817640554493,False,False,0,,1,False
100000004449824100,peripheral,0.3,0.0239,A,True,21,0.03,0.0267022696929239,0.018691588785046728,0.0,0.06186025812194036,0.0,0.0,"обрыв выгрузки на последнем колене: получил 9 тыс от 1 плательщика, исходящие неизвестны",1.0,4,False,0.0,0,0,9000.0,1,1,1,9000.0,9000.0,9000.0,0.0,0,0.0,0,False,True,True,False,0,4.838494154612191e-05,0.4354644739150972,False,False,0,,1,True
100000004450649100,peripheral,0.6,0.3826,B,False,5,0.06,0.46417445482866043,0.8019581664441477,0.833555852247441,0.7191811303960837,0.3333333333333333,0.0,"выраженных признаков нет: 2 вх./2 исх., оборот 193 тыс; связан с 1 seed",1.0,3,False,46527.0,2,2,192528.0,2,2,4,192528.0,239055.0,146001.0,0.24166355023684866,1,0.0,0,False,True,False,False,0,0.0028617994024691764,550.9765153585856,False,False,0,0.11234337051604444,1,False
100000004451012100,peripheral,0.6,0.2663,B,True,20,0.06,0.4819759679572764,0.018691588785046728,0.894971072541166,0.57543391188251,0.0,0.0,"выраженных признаков нет: 1 вх./3 исх., оборот 91 тыс",1.0,3,False,65740.0,3,3,91245.0,1,1,4,91245.0,156985.0,25505.0,0.7204778344018851,0,0.0,0,False,True,False,False,0,0.007418176197065082,676.8714871012035,False,False,0,0.0,1,False
100000004456564100,peripheral,0.9,0.1627,B,False,15,0.09000000000000001,0.6119270137961726,0.018691588785046728,0.0,0.06987093902981753,0.0,0.0,"выраженных признаков нет: 1 вх./0 исх., оборот 10 тыс",1.0,2,False,0.0,0,0,10000.0,2,1,1,10000.0,10000.0,10000.0,0.0,0,0.0,0,False,True,False,False,0,0.3937260793678754,3937.260793678754,False,False,0,,1,False
100000004463277100,peripheral,0.9,0.2348,B,False,34,0.09000000000000001,0.8277703604806409,0.018691588785046728,0.0,0.3591455273698264,0.0,0.0,"выраженных признаков нет: 1 вх./0 исх., оборот 35 тыс",1.0,2,False,0.0,0,0,35000.0,1,1,1,35000.0,35000.0,35000.0,0.0,0,0.0,0,False,True,False,False,3,1.0,35000.0,False,False,0,,1,False
100000004467157100,peripheral,0.9,0.2572,B,False,41,0.09000000000000001,0.671562082777036,0.018691588785046728,0.6915887850467289,0.20382732532265244,0.0,0.0,"выраженных признаков нет: 1 вх./1 исх., оборот 20 тыс; взаимные переводы с 1",1.0,2,False,7000.0,1,1,20000.0,3,1,1,20000.0,27000.0,13000.0,0.35,0,0.0,0,False,True,False,False,0,0.4132968733201513,8265.937466403026,True,False,1,0.0,1,True
100000004472936100,peripheral,0.3,0.0555,A,True,12,0.03,0.2113929684023142,0.018691588785046728,0.0,0.008455718736092568,0.0,0.0,"обрыв выгрузки на последнем колене: получил 5 тыс от 1 плательщика, исходящие неизвестны",1.0,4,False,0.0,0,0,5000.0,1,1,1,5000.0,5000.0,5000.0,0.0,0,0.0,0,False,True,True,False,0,0.01080586935790613,54.02934678953065,False,False,0,,1,False
100000004475818100,peripheral,0.6,0.2084,B,True,5,0.06,0.24343569203382287,0.018691588785046728,0.894971072541166,0.4739652870493992,0.0,0.0,"выраженных признаков нет: 1 вх./3 исх., оборот 54 тыс; взаимные переводы с 1",1.0,3,False,53989.0,3,3,13000.0,1,1,3,53989.0,66989.0,-40989.0,4.153,0,0.0,0,True,False,False,False,0,0.0014567787532631287,78.65002810992306,True,False,1,1.0,1,True
100000004479404100,peripheral,0.6,0.3772,B,True,54,0.06,0.5531820204717401,0.8019581664441477,0.6915887850467289,0.9617267467734757,0.0,0.0,"выраженных признаков нет: 2 вх./1 исх., оборот 1.5 млн; взаимные переводы с 1",1.0,2,False,300000.0,2,1,1492000.0,8,2,2,1492000.0,1792000.0,1192000.0,0.20107238605898123,0,0.0,0,False,True,False,False,0,0.0010973614209072505,1637.2632399936176,True,False,1,0.0,1,False
100000004480280100,peripheral,0.6,0.4422,B,False,3,0.06,0.947485536270583,0.018691588785046728,0.833555852247441,0.7983978638184246,0.6666666666666666,0.0,"выраженных признаков нет: 1 вх./2 исх., оборот 296 тыс; связан с 2 seed",1.0,1,False,295850.0,7,2,146694.0,1,1,3,295850.0,442544.0,-149156.0,2.0167832358515003,2,146694.0,1,True,False,False,False,0,0.4958391076559067,146694.0,False,False,0,0.23998647963495015,1,False
100000004486525100,peripheral,0.6,0.4301,B,True,2,0.06,0.7169559412550067,0.9928793947485536,0.833555852247441,0.8304405874499332,0.0,0.0,"выраженных признаков нет: 8 вх./2 исх., оборот 361 тыс",1.0,2,False,271045.0,3,2,360924.0,21,8,10,360924.0,631969.0,89879.0,0.7509752745730403,0,0.0,0,False,True,False,False,0,0.03703315968242814,13366.156125220692,False,False,0,1.0,5,False
100000004488265100,peripheral,0.9,0.1468,B,True,6,0.09000000000000001,0.37828215398308856,0.018691588785046728,0.0,0.3773920783266578,0.0,0.0,"выраженных признаков нет: 1 вх./0 исх., оборот 39 тыс",1.0,3,False,0.0,0,0,38740.0,1,1,1,38740.0,38740.0,38740.0,0.0,0,0.0,0,False,True,False,False,0,0.006651503710631662,257.67925374987055,False,False,0,,1,False
100000004491749100,peripheral,0.9,0.1897,B,True,14,0.09000000000000001,0.5616377392078327,0.018691588785046728,0.0,0.4401424121050289,0.0,0.0,"выраженных признаков нет: 1 вх./0 исх., оборот 50 тыс",1.0,3,False,0.0,0,0,50000.0,1,1,1,50000.0,50000.0,50000.0,0.0,0,0.0,0,False,True,False,False,0,0.037895747395369134,1894.7873697684568,False,False,0,,1,True
100000004491881100,peripheral,0.9,0.2327,B,False,1,0.09000000000000001,0.7427681352914998,0.018691588785046728,0.0,0.17445482866043613,0.3333333333333333,0.0,"выраженных признаков нет: 1 вх./0 исх., оборот 17 тыс; связан с 1 seed",1.0,1,False,0.0,0,0,17144.0,1,1,1,17144.0,17144.0,17144.0,0.0,1,17144.0,1,False,True,False,False,1,1.0,17144.0,False,False,0,,1,False
100000004493586100,peripheral,0.9,0.0513,B,True,2,0.09000000000000001,0.06408544726301736,0.018691588785046728,0.0,0.050734312416555405,0.0,0.0,"выраженных признаков нет: 1 вх./0 исх., оборот 8 тыс",1.0,3,False,0.0,0,0,7500.0,1,1,1,7500.0,7500.0,7500.0,0.0,0,0.0,0,False,True,False,False,0,0.0007828429461319701,5.871322095989776,False,False,0,,1,False
100000004494983100,peripheral,0.9,0.2682,B,False,1,0.09000000000000001,0.8277703604806409,0.018691588785046728,0.0,0.3591455273698264,0.3333333333333333,0.0,"выраженных признаков нет: 1 вх./0 исх., оборот 35 тыс; связан с 1 seed",1.0,1,False,0.0,0,0,35000.0,1,1,1,35000.0,35000.0,35000.0,0.0,1,35000.0,1,False,True,False,False,1,1.0,35000.0,False,False,0,,1,False
100000004497606100,peripheral,0.9,0.2286,B,False,1,0.09000000000000001,0.7320872274143302,0.018691588785046728,0.0,0.15442812639074321,0.3333333333333333,0.0,"выраженных признаков нет: 1 вх./0 исх., оборот 16 тыс; связан с 1 seed",1.0,1,False,0.0,0,0,15534.0,1,1,1,15534.0,15534.0,15534.0,0.0,1,15534.0,1,False,True,False,False,1,1.0,15534.0,False,False,0,,1,False
100000004500444100,peripheral,0.6,0.3105,B,True,15,0.06,0.3475745438362261,0.8019581664441477,0.6915887850467289,0.7058299955496217,0.0,0.0,"выраженных признаков нет: 2 вх./1 исх., оборот 180 тыс",1.0,3,False,74000.0,5,1,180000.0,7,2,3,180000.0,254000.0,106000.0,0.4111111111111111,0,0.0,0,False,True,False,False,0,0.0011056727811859502,199.02110061347102,False,False,0,1.0,1,False
100000004500781100,peripheral,0.3,0.1149,A,True,15,0.03,0.24610591900311526,0.018691588785046728,0.0,0.5327102803738317,0.0,0.0,"обрыв выгрузки на последнем колене: получил 74 тыс от 1 плательщика, исходящие неизвестны",1.0,4,False,0.0,0,0,74000.0,5,1,1,74000.0,74000.0,74000.0,0.0,0,0.0,0,False,True,True,False,0,0.0011056727811859502,81.81978580776031,False,False,0,,1,False
100000004502048100,peripheral,0.3,0.0782,A,True,20,0.03,0.2656875834445928,0.018691588785046728,0.0,0.1268357810413885,0.0,0.0,"обрыв выгрузки на последнем колене: получил 14 тыс от 1 плательщика, исходящие неизвестны",1.0,4,False,0.0,0,0,13888.0,1,1,1,13888.0,13888.0,13888.0,0.0,0,0.0,0,False,True,True,False,0,0.0074181761970650816,103.02363102483986,False,False,0,,1,False
100000004508696100,peripheral,0.6,0.2846,B,True,45,0.06,0.5487316421895861,0.018691588785046728,0.894971072541166,0.6248331108144193,0.0,0.0,"выраженных признаков нет: 1 вх./3 исх., оборот 111 тыс; взаимные переводы с 1",1.0,3,False,111000.0,4,3,7000.0,1,1,3,111000.0,118000.0,-104000.0,15.857142857142858,0,0.0,0,True,False,False,False,0,0.013737667304015296,1524.8810707456978,True,False,1,0.954954954954955,1,False
100000004509286100,peripheral,0.9,0.2738,B,False,3,0.09000000000000001,0.8446817979528259,0.018691588785046728,0.0,0.3818424566088118,0.3333333333333333,0.0,"выраженных признаков нет: 1 вх./0 исх., оборот 40 тыс; связан с 1 seed",1.0,1,False,0.0,0,0,40000.0,1,1,1,40000.0,40000.0,40000.0,0.0,1,40000.0,1,False,True,False,False,0,1.0,40000.0,False,False,0,,1,False
100000004526651100,peripheral,0.3,0.0756,A,True,7,0.03,0.14196706720071206,0.018691588785046728,0.0,0.3484646194926569,0.0,0.0,"обрыв выгрузки на последнем колене: получил 33 тыс от 1 плательщика, исходящие неизвестны",1.0,4,False,0.0,0,0,33000.0,1,1,1,33000.0,33000.0,33000.0,0.0,0,0.0,0,False,True,True,False,0,0.0006623694689706608,21.858192476031807,False,False,0,,1,False
100000004527381100,transit,0.6,0.5019,C,True,18,0.42,0.7770360480640854,0.018691588785046728,0.6915887850467289,0.7841566533155319,0.0,1.0,"признаки транзита: получил 119 тыс, отправил 274 тыс; 100% отправлено в течение 2 дней после входа; участвует в круговых потоках (3+ участника)",0.6666666666666666,2,False,273866.11,1,1,119333.17,1,1,2,273866.11,393199.27999999997,-154532.94,2.2949705433954364,0,0.0,0,True,False,False,False,0,0.08199336393654359,22455.20362711548,True,True,0,1.0,1,True
100000004539443100,peripheral,0.9,0.33,B,False,3,0.09000000000000001,0.8406764574988874,0.8019581664441477,0.0,0.5020026702269693,0.0,0.0,"выраженных признаков нет: 2 вх./0 исх., оборот 62 тыс",1.0,3,False,0.0,0,0,61990.0,2,2,2,61990.0,61990.0,61990.0,0.0,0,0.0,0,False,True,False,False,0,0.6163807614817763,38209.44340425532,False,False,0,,2,False
100000004544958100,peripheral,0.6,0.3509,B,False,16,0.06,0.8744993324432577,0.018691588785046728,0.833555852247441,0.6973742768135291,0.0,0.0,"выраженных признаков нет: 1 вх./2 исх., оборот 168 тыс; взаимные переводы с 1",1.0,2,False,23200.0,2,2,168000.0,3,1,2,168000.0,191200.0,144800.0,0.1380952380952381,0,0.0,0,False,True,False,False,0,0.3,50400.0,True,False,1,0.22413793103448276,1,False
100000004549591100,peripheral,0.3,0.152,A,True,45,0.03,0.4810858923008456,0.018691588785046728,0.0,0.43435692033822876,0.0,0.0,"обрыв выгрузки на последнем колене: получил 49 тыс от 1 плательщика, исходящие неизвестны",1.0,4,False,0.0,0,0,49000.0,1,1,1,49000.0,49000.0,49000.0,0.0,0,0.0,0,False,True,True,False,0,0.013737667304015296,673.1456978967495,False,False,0,,1,False
100000004552204100,peripheral,0.6,0.2512,B,False,39,0.06,0.6034712950600801,0.018691588785046728,0.833555852247441,0.24299065420560748,0.0,0.0,"выраженных признаков нет: 1 вх./2 исх., оборот 22 тыс; взаимные переводы с 1",1.0,3,False,10000.0,2,2,22500.0,2,1,2,22500.0,32500.0,12500.0,0.4444444444444444,0,0.0,0,False,True,False,False,0,0.1489035959730716,3350.3309093941107,True,False,1,0.0,1,True
100000004553349100,peripheral,0.9,0.0781,B,True,5,0.09000000000000001,0.19759679572763686,0.018691588785046728,0.0,0.052514463729417,0.0,0.0,"выраженных признаков нет: 1 вх./0 исх., оборот 8 тыс",1.0,3,False,0.0,0,0,7755.0,1,1,1,7755.0,7755.0,7755.0,0.0,0,0.0,0,False,True,False,False,0,0.006050002162301774,46.91776676865026,False,False,0,,1,False
100000004559194100,terminal,0.761,0.4425,B,False,4,0.3805,0.9750778816199377,0.018691588785046728,0.0,0.7908322207387628,0.3333333333333333,0.0,"конечная точка в пределах выгрузки: получил 282 тыс от 1 плательщика, исходящих нет; доля seed-денег ~100%; связан с 1 seed",1.0,1,False,0.0,0,0,282145.0,6,1,1,282145.0,282145.0,282145.0,0.0,1,282145.0,1,False,True,False,False,0,1.0,282145.0,False,False,0,,1,False
100000004564736100,peripheral,0.9,0.1388,B,True,26,0.09000000000000001,0.45794392523364486,0.018691588785046728,0.0,0.13840676457498888,0.0,0.0,"выраженных признаков нет: 1 вх./0 исх., оборот 15 тыс",1.0,3,False,0.0,0,0,15000.0,2,1,1,15000.0,15000.0,15000.0,0.0,0,0.0,0,False,True,False,False,0,0.035264594243382505,528.9689136507376,False,False,0,,1,False
100000004569484100,peripheral,0.6,0.3805,B,True,8,0.06,0.3408989764129951,0.8019581664441477,0.9274588340008901,0.6835781041388518,0.0,1.0,"выраженных признаков нет: 2 вх./4 исх., оборот 156 тыс; участвует в круговых потоках (3+ участника)",1.0,3,False,156000.0,4,4,98312.0,3,2,4,156000.0,254312.0,-57688.0,1.586784929611848,0,0.0,0,True,False,False,False,0,0.0012253474825540116,191.15420727842582,True,True,2,0.0,1,True
100000004569637100,peripheral,0.3,0.0515,A,True,6,0.03,0.1806853582554517,0.018691588785046728,0.0,0.030262572318647086,0.0,0.0,"обрыв выгрузки на последнем колене: получил 6 тыс от 1 плательщика, исходящие неизвестны",1.0,4,False,0.0,0,0,5500.0,1,1,1,5500.0,5500.0,5500.0,0.0,0,0.0,0,False,True,True,False,0,0.006651503710631661,36.583270408474135,False,False,0,,1,True
100000004571634100,peripheral,0.3,0.0854,A,True,16,0.03,0.2630173564753004,0.018691588785046728,0.0,0.20382732532265244,0.0,0.0,"обрыв выгрузки на последнем колене: получил 20 тыс от 1 плательщика, исходящие неизвестны",1.0,4,False,0.0,0,0,20000.0,1,1,1,20000.0,20000.0,20000.0,0.0,0,0.0,0,False,True,True,False,0,0.00504212626999253,100.8425253998506,False,False,0,,1,False
100000004573782100,peripheral,0.9,0.1813,B,False,9,0.09000000000000001,0.6706720071206053,0.018691588785046728,0.0,0.13840676457498888,0.0,0.0,"выраженных признаков нет: 1 вх./0 исх., оборот 15 тыс",1.0,2,False,0.0,0,0,15000.0,1,1,1,15000.0,15000.0,15000.0,0.0,0,0.0,0,False,True,False,False,0,0.5405405405405406,8108.108108108108,False,False,0,,1,False
100000004580202100,peripheral,0.6,0.2632,B,True,26,0.06,0.5514018691588785,0.018691588785046728,0.894971072541166,0.4054294615042279,0.0,0.0,"выраженных признаков нет: 1 вх./3 исх., оборот 45 тыс",1.0,2,False,45000.0,4,3,9000.0,1,1,4,45000.0,54000.0,-36000.0,5.0,0,0.0,0,True,False,False,False,0,0.035264594243382505,1586.9067409522127,False,False,0,0.1111111111111111,1,False
100000004580254100,peripheral,0.9,0.1988,B,True,17,0.09000000000000001,0.2825990209167779,0.8019581664441477,0.0,0.30618602581219406,0.0,0.0,"выраженных признаков нет: 2 вх./0 исх., оборот 28 тыс",1.0,3,False,0.0,0,0,27940.0,2,2,2,27940.0,27940.0,27940.0,0.0,0,0.0,0,False,True,False,False,0,0.004138736028938891,115.63628464855262,False,False,0,,1,False
100000004584730100,peripheral,0.3,0.0684,A,True,54,0.03,0.06942590120160214,0.018691588785046728,0.0,0.4218958611481976,0.0,0.0,"обрыв выгрузки на последнем колене: получил 47 тыс от 1 плательщика, исходящие неизвестны",1.0,4,False,0.0,0,0,47000.0,1,1,1,47000.0,47000.0,47000.0,0.0,0,0.0,0,False,True,True,False,0,0.00014696804744293533,6.907498229817961,False,False,0,,1,True
100000004586598100,peripheral,0.3,0.1418,A,True,83,0.03,0.1878059635068981,0.018691588785046728,0.0,0.9190031152647975,0.0,0.0,"обрыв выгрузки на последнем колене: получил 761 тыс от 1 плательщика, исходящие неизвестны",1.0,4,False,0.0,0,0,761255.0,4,1,1,761255.0,761255.0,761255.0,0.0,0,0.0,0,False,True,True,False,0,5.248755387465537e-05,39.95641282485077,False,False,0,,1,True
100000004587414100,terminal,0.387,0.3449,B,True,5,0.1935,0.5411659991099244,0.8019581664441477,0.0,0.8874054294615042,0.0,0.0,"конечная точка в пределах выгрузки: получил 534 тыс от 2 плательщиков, исходящих нет; доля seed-денег ~0%",1.0,3,False,0.0,0,0,533603.0,2,2,2,533603.0,533603.0,533603.0,0.0,0,0.0,0,False,True,False,False,0,0.002656939836668075,1417.751067665595,False,False,0,,1,False
100000004588479100,terminal,0.726,0.424,B,False,4,0.363,0.9559412550066756,0.018691588785046728,0.0,0.7053849577214063,0.3333333333333333,0.0,"конечная точка в пределах выгрузки: получил 178 тыс от 1 плательщика, исходящих нет; доля seed-денег ~100%; связан с 1 seed",1.0,1,False,0.0,0,0,177633.0,2,1,1,177633.0,177633.0,177633.0,0.0,1,177633.0,1,False,True,False,False,0,1.0,177633.0,False,False,0,,1,False
100000004591973100,peripheral,0.6,0.278,B,True,10,0.06,0.6332888295505118,0.018691588785046728,0.6915887850467289,0.5927903871829105,0.0,0.0,"выраженных признаков нет: 1 вх./1 исх., оборот 100 тыс",1.0,3,False,100000.0,1,1,10000.0,1,1,2,100000.0,110000.0,-90000.0,10.0,0,0.0,0,True,False,False,False,0,0.05554395797742266,5554.395797742266,False,False,0,0.0,1,False
100000004592467100,peripheral,0.9,0.1005,B,True,3,0.09000000000000001,0.312861593235425,0.018691588785046728,0.0,0.045838896306186025,0.0,0.0,"выраженных признаков нет: 1 вх./0 исх., оборот 7 тыс",1.0,2,False,0.0,0,0,7000.0,1,1,1,7000.0,7000.0,7000.0,0.0,0,0.0,0,False,True,False,False,0,0.02165564470335984,151.5895129235189,False,False,0,,1,False
100000004596284100,peripheral,0.3,0.1465,A,True,4,0.03,0.5113484646194927,0.018691588785046728,0.0,0.3186470850022252,0.0,0.0,"обрыв выгрузки на последнем колене: получил 30 тыс от 1 плательщика, исходящие неизвестны",1.0,4,False,0.0,0,0,30000.0,1,1,1,30000.0,30000.0,30000.0,0.0,0,0.0,0,False,True,True,False,0,0.0326883726212321,980.651178636963,False,False,0,,1,False
100000004601193100,peripheral,0.3,0.1514,A,True,16,0.03,0.4165554072096128,0.018691588785046728,0.0,0.5571873609256787,0.0,0.0,"обрыв выгрузки на последнем колене: получил 84 тыс от 1 плательщика, исходящие неизвестны",1.0,4,False,0.0,0,0,84000.0,3,1,1,84000.0,84000.0,84000.0,0.0,0,0.0,0,False,True,True,False,0,0.004201771891660442,352.9488388994771,False,False,0,,1,True
100000004603109100,peripheral,0.6,0.5136,B,True,27,0.06,0.8482421005785492,0.9114374721851357,0.833555852247441,0.9848687138406764,0.0,1.0,"выраженных признаков нет: 3 вх./2 исх., оборот 2.7 млн; участвует в круговых потоках (3+ участника)",1.0,3,False,400000.0,2,2,2730000.0,8,3,4,2730000.0,3130000.0,2330000.0,0.14652014652014653,0,0.0,0,False,True,False,False,0,0.01494500454993093,40799.86242131144,True,True,1,1.0,2,False
100000004610802100,peripheral,0.3,0.152,A,True,71,0.03,0.317311971517579,0.018691588785046728,0.0,0.7619047619047619,0.0,0.0,"обрыв выгрузки на последнем колене: получил 241 тыс от 1 плательщика, исходящие неизвестны",1.0,4,False,0.0,0,0,241000.0,18,1,1,241000.0,241000.0,241000.0,0.0,0,0.0,0,False,True,True,False,0,0.0006449223373023751,155.4262832898724,False,False,0,,1,True
100000004611571100,peripheral,0.9,0.0847,B,True,2,0.09000000000000001,0.1348464619492657,0.018691588785046728,0.0,0.24343569203382287,0.0,0.0,"выраженных признаков нет: 1 вх./0 исх., оборот 23 тыс",1.0,3,False,0.0,0,0,22550.0,1,1,1,22550.0,22550.0,22550.0,0.0,0,0.0,0,False,True,False,False,0,0.0008464425810733717,19.087280203204532,False,False,0,,1,False
100000004613582100,peripheral,0.9,0.227,B,False,9,0.09000000000000001,0.5883400089007566,0.018691588785046728,0.6915887850467289,0.06764574988874054,0.0,0.0,"выраженных признаков нет: 1 вх./1 исх., оборот 10 тыс",1.0,3,False,9500.0,1,1,5000.0,1,1,2,9500.0,14500.0,-4500.0,1.9,0,0.0,0,True,False,False,False,0,0.2844950213371266,2702.702702702703,False,False,0,0.0,1,False
100000004616845100,peripheral,0.3,0.0419,A,True,68,0.03,0.03426791277258567,0.018691588785046728,0.0,0.22696929238985314,0.0,0.0,"обрыв выгрузки на последнем колене: получил 20 тыс от 1 плательщика, исходящие неизвестны",1.0,4,False,0.0,0,0,20200.0,2,1,1,20200.0,20200.0,20200.0,0.0,0,0.0,0,False,True,True,False,0,3.916314193935571e-05,0.7910954671749854,False,False,0,,1,False
100000004622227100,peripheral,0.6,0.3304,B,False,2,0.06,0.7903871829105474,0.018691588785046728,0.894971072541166,0.2665776591010236,0.3333333333333333,0.0,"выраженных признаков нет: 1 вх./3 исх., оборот 25 тыс; связан с 1 seed",1.0,1,False,19000.0,3,3,24931.0,1,1,4,24931.0,43931.0,5931.0,0.762103405398901,1,24931.0,1,False,True,False,False,0,1.0,24931.0,False,False,0,0.0,1,False
100000004629688100,peripheral,0.9,0.1722,B,True,18,0.09000000000000001,0.27903871829105475,0.018691588785046728,0.6915887850467289,0.13840676457498888,0.0,0.0,"выраженных признаков нет: 1 вх./1 исх., оборот 15 тыс; взаимные переводы с 1",1.0,3,False,15000.0,2,1,5000.0,1,1,1,15000.0,20000.0,-10000.0,3.0,0,0.0,0,True,False,False,False,0,0.007486996497155014,112.30494745732521,True,False,1,0.0,1,False
100000004634420100,peripheral,0.9,0.0874,B,True,1,0.09000000000000001,0.12461059190031153,0.018691588785046728,0.0,0.2906097018246551,0.0,0.0,"выраженных признаков нет: 1 вх./0 исх., оборот 26 тыс",1.0,3,False,0.0,0,0,26150.0,1,1,1,26150.0,26150.0,26150.0,0.0,0,0.0,0,False,True,False,False,1,0.0006645076819004415,17.376875881696545,False,False,0,,1,False
100000004635886100,peripheral,0.9,0.1322,B,True,4,0.09000000000000001,0.3711615487316422,0.018691588785046728,0.0,0.24566088117489987,0.0,0.0,"выраженных признаков нет: 1 вх./0 исх., оборот 23 тыс",1.0,3,False,0.0,0,0,23000.0,1,1,1,23000.0,23000.0,23000.0,0.0,0,0.0,0,False,True,False,False,0,0.010432239086998881,239.94149900097426,False,False,0,,1,False
100000004644615100,peripheral,0.6,0.265,B,True,29,0.06,0.3756119270137962,0.018691588785046728,0.833555852247441,0.8366711170449488,0.0,0.0,"выраженных признаков нет: 1 вх./2 исх., оборот 380 тыс",1.0,3,False,379665.0,14,2,50810.0,1,1,3,379665.0,430475.0,-328855.0,7.472249557173785,0,0.0,0,True,False,False,False,0,0.00065933369391647,250.3259269007966,False,False,0,0.045829876338350915,1,False
100000004652395100,peripheral,0.3,0.2268,A,True,2,0.03,0.32087227414330216,0.9114374721851357,0.0,0.6101468624833111,0.0,0.0,"обрыв выгрузки на последнем колене: получил 102 тыс от 3 плательщиков, исходящие неизвестны",1.0,4,False,0.0,0,0,101528.0,5,3,3,101528.0,101528.0,101528.0,0.0,0,0.0,0,False,True,True,False,0,0.0016050709062585971,162.95963897062285,False,False,0,,3,False
100000004655046100,peripheral,0.3,0.0654,A,True,8,0.03,0.13573653760569648,0.018691588785046728,0.0,0.2585669781931464,0.0,0.0,"обрыв выгрузки на последнем колене: получил 24 тыс от 1 плательщика, исходящие неизвестны",1.0,4,False,0.0,0,0,24000.0,1,1,1,24000.0,24000.0,24000.0,0.0,0,0.0,0,False,True,True,False,0,0.0008058550873075274,19.340522095380656,False,False,0,,1,True
100000004657034100,terminal,0.308,0.1876,B,True,5,0.154,0.32710280373831774,0.018691588785046728,0.0,0.6639964396973743,0.0,0.0,"конечная точка в пределах выгрузки: получил 141 тыс от 1 плательщика, исходящих нет; доля seed-денег ~0%",0.6666666666666666,3,False,0.0,0,0,141250.0,1,1,1,141250.0,141250.0,141250.0,0.0,0,0.0,0,False,True,False,False,0,0.0011953620415003489,168.8448883619243,False,False,0,,1,False
100000004659919100,peripheral,0.6,0.2791,B,True,60,0.06,0.6248331108144193,0.018691588785046728,0.6915887850467289,0.621272808188696,0.0,0.0,"выраженных признаков нет: 1 вх./1 исх., оборот 110 тыс",1.0,3,False,39000.0,1,1,110000.0,2,1,2,110000.0,149000.0,71000.0,0.35454545454545455,0,0.0,0,False,True,False,False,0,0.043478260869565216,4782.608695652174,False,False,0,0.0,1,False
100000004662806100,peripheral,0.6,0.4648,B,False,10,0.06,0.9261237205162439,0.8019581664441477,0.833555852247441,0.616822429906542,0.3333333333333333,0.0,"выраженных признаков нет: 2 вх./2 исх., оборот 107 тыс; связан с 1 seed",1.0,1,False,59900.0,3,2,106585.0,2,2,4,106585.0,166485.0,46685.0,0.5619927757189098,1,97580.0,1,False,True,False,False,0,0.9155795796850393,97587.04950072992,False,False,0,1.0,1,False
100000004664515100,peripheral,0.9,0.2719,B,False,2,0.09000000000000001,0.8388963061860258,0.018691588785046728,0.0,0.37427681352915,0.3333333333333333,0.0,"выраженных признаков нет: 1 вх./0 исх., оборот 38 тыс; связан с 1 seed",1.0,1,False,0.0,0,0,37691.0,1,1,1,37691.0,37691.0,37691.0,0.0,1,37691.0,1,False,True,False,False,0,1.0,37691.0,False,False,0,,1,False
100000004664905100,terminal,0.75,0.5202,B,False,4,0.375,0.9692923898531375,0.8019581664441477,0.0,0.8153093012906097,0.3333333333333333,0.0,"конечная точка в пределах выгрузки: получил 329 тыс от 2 плательщиков, исходящих нет; доля seed-денег ~72%; связан с 1 seed",1.0,1,False,0.0,0,0,329020.0,4,2,2,329020.0,329020.0,329020.0,0.0,1,234620.0,1,False,True,False,False,0,0.7224660579157629,237705.7823754443,False,False,0,,1,False
100000004666651100,terminal,0.256,0.2968,B,True,81,0.128,0.8242100578549176,0.018691588785046728,0.0,0.8526924788607032,0.0,0.0,"конечная точка в пределах выгрузки: получил 429 тыс от 1 плательщика, исходящих нет; доля seed-денег ~8%; вход в конце периода, мог переслать позже",1.0,2,False,0.0,0,0,429250.0,1,1,1,429250.0,429250.0,429250.0,0.0,0,0.0,0,False,True,False,False,0,0.0796343192062051,34183.03151926354,False,False,0,,1,True
100000004670388100,peripheral,0.6,0.3187,B,True,59,0.06,0.6056964842011571,0.018691588785046728,0.833555852247441,0.9136626613262128,0.0,0.0,"выраженных признаков нет: 1 вх./2 исх., оборот 720 тыс; взаимные переводы с 1",1.0,3,False,720000.0,4,2,160354.0,1,1,2,720000.0,880354.0,-559646.0,4.490065729573319,0,0.0,0,True,False,False,False,0,0.0047995744992262055,3455.693639442868,True,False,1,0.5277777777777778,1,False
100000004671609100,terminal,0.21,0.1816,B,True,11,0.105,0.4183355585224744,0.018691588785046728,0.0,0.5927903871829105,0.0,0.0,"конечная точка в пределах выгрузки: получил 100 тыс от 1 плательщика, исходящих нет; доля seed-денег ~0%; вход в конце периода, мог переслать позже",0.6666666666666666,3,False,0.0,0,0,100000.0,1,1,1,100000.0,100000.0,100000.0,0.0,0,0.0,0,False,True,False,False,0,0.0035736761301053657,357.36761301053656,False,False,0,,1,True
100000004673335100,peripheral,0.3,0.1267,A,True,35,0.03,0.2986203827325323,0.018691588785046728,0.0,0.5460614152202937,0.0,0.0,"обрыв выгрузки на последнем колене: получил 80 тыс от 1 плательщика, исходящие неизвестны",1.0,4,False,0.0,0,0,80000.0,1,1,1,80000.0,80000.0,80000.0,0.0,0,0.0,0,False,True,True,False,0,0.0016500185893891888,132.0014871511351,False,False,0,,1,False
100000004674178100,peripheral,0.3,0.0505,A,True,30,0.03,0.08856252781486426,0.018691588785046728,0.0,0.20382732532265244,0.0,0.0,"обрыв выгрузки на последнем колене: получил 20 тыс от 1 плательщика, исходящие неизвестны",1.0,4,False,0.0,0,0,20000.0,1,1,1,20000.0,20000.0,20000.0,0.0,0,0.0,0,False,True,True,False,0,0.0005158718748012054,10.317437496024109,False,False,0,,1,False
100000004674389100,peripheral,0.3,0.0745,A,True,16,0.03,0.24121050289274587,0.018691588785046728,0.0,0.13840676457498888,0.0,0.0,"обрыв выгрузки на последнем колене: получил 15 тыс от 1 плательщика, исходящие неизвестны",1.0,4,False,0.0,0,0,15000.0,1,1,1,15000.0,15000.0,15000.0,0.0,0,0.0,0,False,True,True,False,0,0.00504212626999253,75.63189404988795,False,False,0,,1,False
100000004674412100,peripheral,0.3,0.1274,A,True,16,0.03,0.3680462839341344,0.018691588785046728,0.0,0.4143302180685358,0.0,0.0,"обрыв выгрузки на последнем колене: получил 46 тыс от 1 плательщика, исходящие неизвестны",1.0,4,False,0.0,0,0,46000.0,1,1,1,46000.0,46000.0,46000.0,0.0,0,0.0,0,False,True,True,False,0,0.00504212626999253,231.9378084196564,False,False,0,,1,True
100000004674799100,terminal,0.526,0.3242,B,False,2,0.263,0.822429906542056,0.018691588785046728,0.0,0.6582109479305741,0.0,0.0,"конечная точка в пределах выгрузки: получил 140 тыс от 1 плательщика, исходящих нет; доля seed-денег ~24%",0.6666666666666666,2,False,0.0,0,0,140000.0,5,1,1,140000.0,140000.0,140000.0,0.0,0,0.0,0,False,True,False,False,0,0.23830765615105098,33363.07186114714,False,False,0,,1,False
100000004676985100,peripheral,0.9,0.1691,B,True,2,0.09000000000000001,0.1593235425011126,0.018691588785046728,0.6915887850467289,0.34668446817979526,0.0,0.0,"выраженных признаков нет: 1 вх./1 исх., оборот 32 тыс",1.0,3,False,27102.0,1,1,32260.0,1,1,2,32260.0,59362.0,5158.0,0.8401115933044018,0,0.0,0,False,True,False,False,0,0.0008464425810733717,27.30623766542697,False,False,0,0.0,1,False
100000004677680100,peripheral,0.6,0.4483,B,False,16,0.06,0.8744993324432577,0.8019581664441477,0.6915887850467289,0.6973742768135291,0.3333333333333333,0.0,"выраженных признаков нет: 2 вх./1 исх., оборот 168 тыс; связан с 1 seed; взаимные переводы с 1",1.0,1,False,168000.0,3,1,63000.0,2,2,2,168000.0,231000.0,-105000.0,2.6666666666666665,1,45000.0,1,True,False,False,False,0,0.3,50400.0,True,False,1,0.9107142857142857,1,False
100000004679953100,peripheral,0.6,0.5372,B,False,6,0.06,0.8500222518914108,0.9114374721851357,0.894971072541166,0.8219848687138407,0.3333333333333333,1.0,"выраженных признаков нет: 3 вх./3 исх., оборот 344 тыс; связан с 1 seed; участвует в круговых потоках (3+ участника)",1.0,1,False,34100.0,3,3,343538.0,3,3,6,343538.0,377638.0,309438.0,0.09926121709970949,1,40003.0,1,False,True,False,False,0,0.11995937100073495,41210.60239485048,True,True,0,0.624633431085044,2,False
100000004687099100,peripheral,0.9,0.2128,B,False,9,0.09000000000000001,0.7378727191811304,0.018691588785046728,0.0,0.3186470850022252,0.0,0.0,"выраженных признаков нет: 1 вх./0 исх., оборот 30 тыс",1.0,2,False,0.0,0,0,30000.0,1,1,1,30000.0,30000.0,30000.0,0.0,0,0.0,0,False,True,False,False,0,0.5405405405405406,16216.216216216217,False,False,0,,1,False
100000004687282100,peripheral,0.9,0.2058,B,False,4,0.09000000000000001,0.7601246105919003,0.018691588785046728,0.0,0.20382732532265244,0.0,0.0,"выраженных признаков нет: 1 вх./0 исх., оборот 20 тыс",1.0,2,False,0.0,0,0,20000.0,1,1,1,20000.0,20000.0,20000.0,0.0,0,0.0,0,False,True,False,False,0,0.9999080025509863,19998.160051019728,False,False,0,,1,False
100000004689658100,peripheral,0.6,0.277,B,True,6,0.06,0.49265687583444595,0.018691588785046728,0.6915887850467289,0.8642634623943035,0.0,0.0,"выраженных признаков нет: 1 вх./1 исх., оборот 456 тыс",1.0,3,False,7092.0,1,1,456100.0,1,1,2,456100.0,463192.0,449008.0,0.015549221661916246,0,0.0,0,False,True,False,False,0,0.0016712267427537674,762.2465173699933,False,False,0,0.0,1,False
100000004691350100,peripheral,0.3,0.1027,A,True,59,0.03,0.3894080996884735,0.018691588785046728,0.0,0.12416555407209613,0.0,0.0,"обрыв выгрузки на последнем колене: получил 13 тыс от 1 плательщика, исходящие неизвестны",1.0,4,False,0.0,0,0,13300.0,1,1,1,13300.0,13300.0,13300.0,0.0,0,0.0,0,False,True,True,False,0,0.02155040497550961,286.6203861742778,False,False,0,,1,False
100000004692798100,peripheral,0.6,0.4729,B,False,10,0.06,0.965287049399199,0.8019581664441477,0.6915887850467289,0.7614597240765465,0.3333333333333333,0.0,"выраженных признаков нет: 2 вх./1 исх., оборот 240 тыс; связан с 1 seed; взаимные переводы с 1",1.0,1,False,15000.0,2,1,240305.0,4,2,2,240305.0,255305.0,225305.0,0.06242067372713843,1,190305.0,1,False,True,False,False,0,0.8446550231907859,202974.8253478618,True,False,1,1.0,1,False
100000004697956100,peripheral,0.9,0.2255,B,False,14,0.09000000000000001,0.579884290164664,0.018691588785046728,0.6915887850467289,0.06987093902981753,0.0,0.0,"выраженных признаков нет: 1 вх./1 исх., оборот 10 тыс; взаимные переводы с 1",1.0,3,False,10000.0,1,1,10000.0,1,1,1,10000.0,20000.0,0.0,1.0,0,0.0,0,False,True,False,False,0,0.2400064001706697,2400.064001706697,True,False,1,0.0,1,False
100000004698193100,peripheral,0.6,0.4153,B,True,14,0.06,0.7507788161993769,0.8019581664441477,0.894971072541166,0.7449933244325768,0.0,0.0,"выраженных признаков нет: 2 вх./3 исх., оборот 223 тыс; взаимные переводы с 1",1.0,2,False,38000.0,5,3,222700.0,15,2,4,222700.0,260700.0,184700.0,0.17063313875168387,0,0.0,0,False,True,False,False,0,0.0820735125156179,18277.771237228106,True,False,1,0.3157894736842105,1,True
100000004707703100,transit,0.841,0.7503,B,False,4,0.5886999999999999,0.969737427681353,0.8019581664441477,0.9421450823319982,0.7592345349354696,1.0,0.0,"признаки транзита: получил 239 тыс, отправил 232 тыс (97%); 89% отправлено в течение 2 дней после входа; связан с 3 seed; доля seed-денег ~100%",1.0,1,False,231650.0,6,5,239300.0,3,2,7,239300.0,470950.0,7650.0,0.9680317592979524,3,232300.0,1,False,True,False,False,0,0.9999080025509864,239277.98501045106,False,False,0,0.8892726095402547,1,False
100000004713684100,peripheral,0.9,0.1039,B,True,2,0.09000000000000001,0.16644414775255897,0.018691588785046728,0.0,0.3724966622162884,0.0,0.0,"выраженных признаков нет: 1 вх./0 исх., оборот 38 тыс",1.0,3,False,0.0,0,0,37500.0,1,1,1,37500.0,37500.0,37500.0,0.0,0,0.0,0,False,True,False,False,0,0.0008464425810733717,31.74159679025144,False,False,0,,1,False
100000004714705100,peripheral,0.9,0.1452,B,False,22,0.09000000000000001,0.0,0.0,0.6915887850467289,0.3684913217623498,0.3333333333333333,0.0,"[seed] выраженных признаков нет: 0 вх./1 исх., оборот 37 тыс; связан ещё с 1 seed",1.0,0,True,36550.0,1,1,0.0,0,0,1,36550.0,36550.0,-36550.0,,1,0.0,0,False,False,False,False,0,1.0,0.0,False,False,0,0.0,0,False
100000004715209100,peripheral,0.6,0.2243,B,True,61,0.06,0.12283044058744993,0.018691588785046728,0.9421450823319982,0.82688028482421,0.0,0.0,"выраженных признаков нет: 1 вх./5 исх., оборот 350 тыс; взаимные переводы с 1",1.0,3,False,350450.0,17,5,5000.0,1,1,5,350450.0,355450.0,-345450.0,70.09,0,0.0,0,True,False,False,False,0,4.8684206569566896e-05,17.061380192304718,True,False,1,0.127835639891568,1,False
100000004717647100,peripheral,0.6,0.2966,B,True,54,0.06,0.40854472630173566,0.018691588785046728,0.9421450823319982,0.9777481085892301,0.0,0.0,"выраженных признаков нет: 1 вх./5 исх., оборот 2.2 млн; взаимные переводы с 1",1.0,3,False,2240000.0,10,5,300000.0,2,1,5,2240000.0,2540000.0,-1940000.0,7.466666666666667,0,0.0,0,True,False,False,False,0,0.00014696804744293533,329.20842627217513,True,False,1,0.020982142857142855,1,True
100000004722630100,peripheral,0.3,0.2049,A,True,59,0.03,0.5527369826435247,0.018691588785046728,0.0,0.8202047174009791,0.0,0.0,"обрыв выгрузки на последнем колене: получил 340 тыс от 1 плательщика, исходящие неизвестны",1.0,4,False,0.0,0,0,340000.0,2,1,1,340000.0,340000.0,340000.0,0.0,0,0.0,0,False,True,True,False,0,0.0047995744992262055,1631.8553297369099,False,False,0,,1,False
100000004722765100,peripheral,0.6,0.3441,B,True,56,0.06,0.669336893635959,0.018691588785046728,0.894971072541166,0.9786381842456608,0.0,0.0,"выраженных признаков нет: 1 вх./3 исх., оборот 2.3 млн",1.0,3,False,2284500.0,9,3,230000.0,1,1,4,2284500.0,2514500.0,-2054500.0,9.932608695652174,0,0.0,0,True,False,False,False,0,0.003464152501965917,7913.856390741137,False,False,0,0.07660319544758153,1,False
100000004723755100,peripheral,0.9,0.1352,B,False,3,0.09000000000000001,0.0,0.0,0.6915887850467289,0.584334668446818,0.0,0.0,"[seed] выраженных признаков нет: 0 вх./1 исх., оборот 95 тыс",1.0,0,True,95000.0,5,1,0.0,0,0,1,95000.0,95000.0,-95000.0,,0,0.0,0,False,False,False,False,0,1.0,0.0,False,False,0,0.0,0,False
100000004726132100,peripheral,0.6,0.2854,B,True,2,0.06,0.5549621717846017,0.018691588785046728,0.6915887850467289,0.8242100578549176,0.0,0.0,"выраженных признаков нет: 1 вх./1 исх., оборот 349 тыс",1.0,3,False,24000.0,2,1,349000.0,1,1,2,349000.0,373000.0,325000.0,0.06876790830945559,0,0.0,0,False,True,False,False,0,0.004849960600259524,1692.6362494905738,False,False,0,0.0,1,False
100000004732589100,terminal,0.326,0.26,B,True,29,0.163,0.6319537160658656,0.018691588785046728,0.0,0.7472185135736538,0.0,0.0,"конечная точка в пределах выгрузки: получил 228 тыс от 1 плательщика, исходящих нет; доля seed-денег ~2%",1.0,2,False,0.0,0,0,227520.0,1,1,1,227520.0,227520.0,227520.0,0.0,0,0.0,0,False,True,False,False,0,0.0233145192228211,5304.519413576257,False,False,0,,1,False
100000004737477100,peripheral,0.6,0.4103,B,False,2,0.06,0.8139741878059635,0.8019581664441477,0.6915887850467289,0.4379172229639519,0.3333333333333333,0.0,"выраженных признаков нет: 2 вх./1 исх., оборот 50 тыс; связан с 1 seed",1.0,1,False,40500.0,3,1,49598.0,3,2,3,49598.0,90098.0,9098.0,0.8165651840800032,1,30127.0,1,False,True,False,False,0,0.6077559797470882,30143.48108349608,False,False,0,0.37037037037037035,1,False
100000004737764100,terminal,0.28,0.2777,B,True,3,0.14,0.684913217623498,0.018691588785046728,0.0,0.8980863373386738,0.0,0.0,"конечная точка в пределах выгрузки: получил 600 тыс от 1 плательщика, исходящих нет; доля seed-денег ~2%; вход в конце периода, мог переслать позже",1.0,3,False,0.0,0,0,600000.0,1,1,1,600000.0,600000.0,600000.0,0.0,0,0.0,0,False,True,False,False,0,0.016204419651339695,9722.651790803817,False,False,0,,1,True
100000004739664100,peripheral,0.9,0.288,B,False,1,0.09000000000000001,0.7067200712060525,0.018691588785046728,0.6915887850467289,0.1081441922563418,0.3333333333333333,0.0,"выраженных признаков нет: 1 вх./1 исх., оборот 12 тыс; связан с 1 seed",1.0,1,False,10000.0,1,1,12000.0,1,1,2,12000.0,22000.0,2000.0,0.8333333333333334,1,12000.0,1,False,True,False,False,1,1.0,12000.0,False,False,0,0.0,1,False
100000004741837100,peripheral,0.9,0.2547,B,False,4,0.09000000000000001,0.796617712505563,0.018691588785046728,0.0,0.2866043613707165,0.3333333333333333,0.0,"выраженных признаков нет: 1 вх./0 исх., оборот 26 тыс; связан с 1 seed",1.0,1,False,0.0,0,0,25596.0,1,1,1,25596.0,25596.0,25596.0,0.0,1,25596.0,1,False,True,False,False,0,1.0,25596.0,False,False,0,,1,False
100000004744306100,peripheral,0.6,0.4103,B,False,22,0.06,0.8989764129951046,0.018691588785046728,0.833555852247441,0.5763239875389408,0.6666666666666666,0.0,"выраженных признаков нет: 1 вх./2 исх., оборот 92 тыс; связан с 2 seed",1.0,1,False,92000.0,3,2,69000.0,1,1,3,92000.0,161000.0,-23000.0,1.3333333333333333,2,69000.0,1,True,False,False,False,0,0.75,69000.0,False,False,0,0.0,1,False
100000004746397100,peripheral,0.6,0.2426,B,True,5,0.06,0.38095238095238093,0.018691588785046728,0.6915887850467289,0.7436582109479306,0.0,0.0,"выраженных признаков нет: 1 вх./1 исх., оборот 220 тыс",1.0,3,False,7500.0,1,1,219520.0,1,1,2,219520.0,227020.0,212020.0,0.03416545189504373,0,0.0,0,False,True,False,False,0,0.0011953620415003489,262.4058753501566,False,False,0,0.0,1,True
100000004747154100,peripheral,0.3,0.0735,A,True,61,0.03,0.047619047619047616,0.018691588785046728,0.0,0.5157988429016467,0.0,0.0,"обрыв выгрузки на последнем колене: получил 67 тыс от 1 плательщика, исходящие неизвестны",1.0,4,False,0.0,0,0,67000.0,1,1,1,67000.0,67000.0,67000.0,0.0,0,0.0,0,False,True,True,False,0,4.8684206569566896e-05,3.261841840160982,False,False,0,,1,False
100000004750321100,peripheral,0.9,0.2183,B,True,8,0.09000000000000001,0.30485091232754785,0.8019581664441477,0.0,0.4561637739207833,0.0,0.0,"выраженных признаков нет: 2 вх./0 исх., оборот 50 тыс",1.0,3,False,0.0,0,0,50185.0,2,2,2,50185.0,50185.0,50185.0,0.0,0,0.0,0,False,True,False,False,0,0.0027641801447404876,138.72038056380137,False,False,0,,1,True
100000004750897100,peripheral,0.9,0.1125,B,True,18,0.09000000000000001,0.36092567868268804,0.018691588785046728,0.0,0.06987093902981753,0.0,0.0,"выраженных признаков нет: 1 вх./0 исх., оборот 10 тыс",1.0,3,False,0.0,0,0,10000.0,1,1,1,10000.0,10000.0,10000.0,0.0,0,0.0,0,False,True,False,False,0,0.022460989491465043,224.60989491465043,False,False,0,,1,False
100000004756901100,terminal,0.523,0.3257,B,False,4,0.2615,0.8210947930574098,0.018691588785046728,0.0,0.680462839341344,0.0,0.0,"конечная точка в пределах выгрузки: получил 153 тыс от 1 плательщика, исходящих нет; доля seed-денег ~22%",1.0,2,False,0.0,0,0,153248.0,1,1,1,153248.0,153248.0,153248.0,0.0,0,0.0,0,False,True,False,False,0,0.21505044049875338,32956.04990555296,False,False,0,,1,False
100000004759121100,consolidator,0.518,0.6492,B,False,2,0.4662,0.8980863373386738,0.9853137516688919,0.833555852247441,0.9118825100133512,0.3333333333333333,0.0,"признаки консолидации: 6 плательщиков (из них seed: 1), получил 710 тыс; отдал дальше 44%; связан с 1 seed; взаимные переводы с 1",1.0,1,False,312000.0,6,2,710000.0,10,6,7,710000.0,1022000.0,398000.0,0.4394366197183099,1,50000.0,1,False,True,False,False,0,0.09665127718941685,68622.40680448596,True,False,1,0.5192307692307693,1,True
100000004765639100,peripheral,0.6,0.2908,B,False,2,0.06,0.6217178460169115,0.018691588785046728,0.833555852247441,0.10191366266132622,0.0,1.0,"выраженных признаков нет: 1 вх./2 исх., оборот 11 тыс; участвует в круговых потоках (3+ участника)",1.0,2,False,11000.0,2,2,5000.0,1,1,2,11000.0,16000.0,-6000.0,2.2,0,0.0,0,True,False,False,False,0,0.4148304917152144,4563.135408867359,True,True,1,0.5454545454545454,1,False
100000004770073100,peripheral,0.9,0.1166,B,True,2,0.09000000000000001,0.05562972852692479,0.018691588785046728,0.6915887850467289,0.029372496662216287,0.0,0.0,"выраженных признаков нет: 1 вх./1 исх., оборот 5 тыс",1.0,3,False,5466.97,1,1,5462.4,1,1,2,5466.97,10929.369999999999,-4.5700000000006185,1.0008366285881665,0,0.0,0,True,False,False,False,0,0.0007821885448340257,4.276201308951274,False,False,0,1.0,1,False
100000004777215100,peripheral,0.3,0.1529,A,True,25,0.03,0.4561637739207833,0.018691588785046728,0.0,0.4931019136626613,0.0,0.0,"обрыв выгрузки на последнем колене: получил 60 тыс от 1 плательщика, исходящие неизвестны",1.0,4,False,0.0,0,0,60000.0,1,1,1,60000.0,60000.0,60000.0,0.0,0,0.0,0,False,True,True,False,0,0.00860890474374513,516.5342846247078,False,False,0,,1,False
100000004779204100,peripheral,0.9,0.1669,B,True,2,0.09000000000000001,0.15442812639074321,0.018691588785046728,0.6915887850467289,0.3346684468179795,0.0,0.0,"выраженных признаков нет: 1 вх./1 исх., оборот 30 тыс",1.0,3,False,20000.0,2,1,30450.0,1,1,2,30450.0,50450.0,10450.0,0.6568144499178982,0,0.0,0,False,True,False,False,0,0.0008464425810733717,25.774176593684167,False,False,0,0.5,1,False
100000004780083100,peripheral,0.3,0.0325,A,True,71,0.03,0.06586559857587895,0.018691588785046728,0.0,0.06942590120160214,0.0,0.0,"обрыв выгрузки на последнем колене: получил 10 тыс от 1 плательщика, исходящие неизвестны",1.0,4,False,0.0,0,0,9999.0,1,1,1,9999.0,9999.0,9999.0,0.0,0,0.0,0,False,True,True,False,0,0.0006449223373023751,6.4485784506864485,False,False,0,,1,False
100000004780327100,peripheral,0.3,0.0289,A,True,21,0.03,0.02848242100578549,0.018691588785046728,0.0,0.1081441922563418,0.0,0.0,"обрыв выгрузки на последнем колене: получил 12 тыс от 1 плательщика, исходящие неизвестны",1.0,4,False,0.0,0,0,12000.0,1,1,1,12000.0,12000.0,12000.0,0.0,0,0.0,0,False,True,True,False,0,4.8384941546121915e-05,0.580619298553463,False,False,0,,1,False
100000004783447100,peripheral,0.9,0.2563,B,False,1,0.09000000000000001,0.8015131286159324,0.018691588785046728,0.0,0.2932799287939475,0.3333333333333333,0.0,"выраженных признаков нет: 1 вх./0 исх., оборот 26 тыс; связан с 1 seed",1.0,1,False,0.0,0,0,26200.0,1,1,1,26200.0,26200.0,26200.0,0.0,1,26200.0,1,False,True,False,False,1,1.0,26200.0,False,False,0,,1,False
100000004784224100,peripheral,0.6,0.3408,B,False,27,0.06,0.7805963506898086,0.018691588785046728,0.6915887850467289,0.5927903871829105,0.3333333333333333,0.0,"выраженных признаков нет: 1 вх./1 исх., оборот 100 тыс; связан с 1 seed",1.0,1,False,100000.0,1,1,23500.0,2,1,2,100000.0,123500.0,-76500.0,4.25531914893617,1,23500.0,1,True,False,False,False,0,0.235,23500.0,False,False,0,0.0,1,False
100000004788983100,peripheral,0.3,0.0979,A,True,2,0.03,0.2772585669781931,0.018691588785046728,0.0,0.30040053404539385,0.0,0.0,"обрыв выгрузки на последнем колене: получил 27 тыс от 1 плательщика, исходящие неизвестны",1.0,4,False,0.0,0,0,27000.0,1,1,1,27000.0,27000.0,27000.0,0.0,0,0.0,0,False,True,True,False,0,0.004089560783487863,110.4181411541723,False,False,0,,1,False
100000004790991100,terminal,0.746,0.4358,B,False,4,0.373,0.9701824655095683,0.018691588785046728,0.0,0.7596795727636849,0.3333333333333333,0.0,"конечная точка в пределах выгрузки: получил 239 тыс от 1 плательщика, исходящих нет; доля seed-денег ~100%; связан с 1 seed",1.0,1,False,0.0,0,0,239413.0,4,1,1,239413.0,239413.0,239413.0,0.0,1,239413.0,1,False,True,False,False,0,1.0,239413.0,False,False,0,,1,False
100000004791226100,peripheral,0.3,0.0571,A,True,2,0.03,0.12149532710280374,0.018691588785046728,0.0,0.20382732532265244,0.0,0.0,"обрыв выгрузки на последнем колене: получил 20 тыс от 1 плательщика, исходящие неизвестны",1.0,4,False,0.0,0,0,20000.0,1,1,1,20000.0,20000.0,20000.0,0.0,0,0.0,0,False,True,True,False,0,0.0008464425810733717,16.928851621467434,False,False,0,,1,False
100000004792397100,peripheral,0.9,0.301,B,False,1,0.09000000000000001,0.9056519804183356,0.018691588785046728,0.0,0.531820204717401,0.3333333333333333,0.0,"выраженных признаков нет: 1 вх./0 исх., оборот 74 тыс; связан с 1 seed",1.0,1,False,0.0,0,0,73520.0,1,1,1,73520.0,73520.0,73520.0,0.0,1,73520.0,1,False,True,False,False,1,1.0,73520.0,False,False,0,,1,True
100000004797167100,peripheral,0.3,0.0925,A,True,23,0.03,0.23186470850022253,0.018691588785046728,0.0,0.3373386737872719,0.0,0.0,"обрыв выгрузки на последнем колене: получил 31 тыс от 1 плательщика, исходящие неизвестны",1.0,4,False,0.0,0,0,31000.0,1,1,1,31000.0,31000.0,31000.0,0.0,0,0.0,0,False,True,True,False,0,0.002156699082657562,66.85767156238443,False,False,0,,1,False
100000004798515100,peripheral,0.3,0.1466,A,True,10,0.03,0.3075211392968402,0.018691588785046728,0.0,0.7271918113039608,0.0,0.0,"обрыв выгрузки на последнем колене: получил 200 тыс от 1 плательщика, исходящие неизвестны",1.0,4,False,0.0,0,0,200000.0,2,1,1,200000.0,200000.0,200000.0,0.0,0,0.0,0,False,True,True,False,0,0.0007106107656919252,142.12215313838504,False,False,0,,1,False
100000004800452100,peripheral,0.3,0.0332,A,True,5,0.03,0.08233199821984868,0.018691588785046728,0.0,0.04316866933689364,0.0,0.0,"обрыв выгрузки на последнем колене: получил 7 тыс от 1 плательщика, исходящие неизвестны",1.0,4,False,0.0,0,0,6544.53,1,1,1,6544.53,6544.53,6544.53,0.0,0,0.0,0,False,True,True,False,0,0.0014044691658681306,9.191590590098956,False,False,0,,1,False
100000004800648100,peripheral,0.3,0.1281,A,True,10,0.03,0.2545616377392078,0.018691588785046728,0.0,0.6484201157098354,0.0,0.0,"обрыв выгрузки на последнем колене: получил 131 тыс от 1 плательщика, исходящие неизвестны",1.0,4,False,0.0,0,0,131000.0,1,1,1,131000.0,131000.0,131000.0,0.0,0,0.0,0,False,True,True,False,0,0.0007106107656919252,93.0900103056422,False,False,0,,1,False
100000004806903100,peripheral,0.9,0.1882,B,False,3,0.09000000000000001,0.6800178015131286,0.018691588785046728,0.0,0.1882510013351135,0.0,0.0,"выраженных признаков нет: 1 вх./0 исх., оборот 18 тыс",1.0,2,False,0.0,0,0,18000.0,1,1,1,18000.0,18000.0,18000.0,0.0,0,0.0,0,False,True,False,False,0,0.5005976810207502,9010.758258373504,False,False,0,,1,False
100000004813068100,peripheral,0.6,0.1619,B,False,27,0.06,0.0,0.0,0.894971072541166,0.8001780151312862,0.0,0.0,"[seed] выраженных признаков нет: 0 вх./3 исх., оборот 297 тыс",1.0,0,True,297000.0,5,3,0.0,0,0,3,297000.0,297000.0,-297000.0,,0,0.0,0,False,False,False,False,0,1.0,0.0,False,False,0,0.0,0,False
100000004816564100,peripheral,0.6,0.305,B,True,18,0.06,0.6688918558077437,0.018691588785046728,0.6915887850467289,0.792167334223409,0.0,0.0,"выраженных признаков нет: 1 вх./1 исх., оборот 285 тыс",1.0,2,False,5000.0,1,1,285480.0,1,1,2,285480.0,290480.0,280480.0,0.01751436177665686,0,0.0,0,False,True,False,False,0,0.02772031220002923,7913.594726864345,False,False,0,1.0,1,True
100000004820260100,transit,0.792,0.5823,B,False,18,0.5544,0.8580329327992879,0.018691588785046728,0.894971072541166,0.7525589675122385,0.0,1.0,"признаки транзита: получил 234 тыс, отправил 215 тыс (92%); 100% отправлено в течение 2 дней после входа; участвует в круговых потоках (3+ участника)",1.0,2,False,215350.0,10,3,234200.0,12,1,3,234200.0,449550.0,18850.0,0.9195132365499573,0,0.0,0,False,True,False,False,0,0.1914112253911824,44828.50898661492,True,True,1,1.0,1,True
100000004825069100,peripheral,0.9,0.1563,B,True,1,0.09000000000000001,0.4552736982643525,0.018691588785046728,0.0,0.3186470850022252,0.0,0.0,"выраженных признаков нет: 1 вх./0 исх., оборот 30 тыс",1.0,2,False,0.0,0,0,30000.0,4,1,1,30000.0,30000.0,30000.0,0.0,0,0.0,0,False,True,False,False,1,0.017185010363675823,515.5503109102747,False,False,0,,1,True
100000004840086100,peripheral,0.3,0.1614,A,True,2,0.03,0.4485981308411215,0.018691588785046728,0.0,0.5927903871829105,0.0,0.0,"обрыв выгрузки на последнем колене: получил 100 тыс от 1 плательщика, исходящие неизвестны",1.0,4,False,0.0,0,0,100000.0,2,1,1,100000.0,100000.0,100000.0,0.0,0,0.0,0,False,True,True,False,0,0.004849960600259524,484.9960600259524,False,False,0,,1,False
100000004841728100,peripheral,0.9,0.289,B,False,1,0.09000000000000001,0.8793947485536271,0.018691588785046728,0.0,0.46417445482866043,0.3333333333333333,0.0,"выраженных признаков нет: 1 вх./0 исх., оборот 52 тыс; связан с 1 seed",1.0,1,False,0.0,0,0,52208.0,1,1,1,52208.0,52208.0,52208.0,0.0,1,52208.0,1,False,True,False,False,1,1.0,52208.0,False,False,0,,1,False
100000004847758100,distributor,0.55,0.7032,B,False,36,0.44000000000000006,0.7547841566533156,0.960836671117045,0.9813084112149533,0.8731642189586115,0.6666666666666666,1.0,"веерная рассылка: 15 получателей, отправил 489 тыс; видимый вход 115 тыс, источник вне выгрузки; связан с 2 seed; участвует в круговых потоках (3+ участника)",0.6666666666666666,1,False,488800.0,23,15,115171.0,4,4,18,488800.0,603971.0,-373629.0,4.244123954815014,2,18775.0,1,True,False,False,False,0,0.03896690143363326,19047.02142075994,True,True,1,0.25777414075286414,1,False
100000004848236100,peripheral,0.3,0.0506,A,True,2,0.03,0.16555407209612816,0.018691588785046728,0.0,0.050734312416555405,0.0,0.0,"обрыв выгрузки на последнем колене: получил 8 тыс от 1 плательщика, исходящие неизвестны",1.0,4,False,0.0,0,0,7500.0,1,1,1,7500.0,7500.0,7500.0,0.0,0,0.0,0,False,True,True,False,0,0.004089560783487863,30.671705876158974,False,False,0,,1,False
100000004850609100,peripheral,0.3,0.0279,A,True,82,0.03,0.042723631508678236,0.018691588785046728,0.0,0.06987093902981753,0.0,0.0,"обрыв выгрузки на последнем колене: получил 10 тыс от 1 плательщика, исходящие неизвестны",1.0,4,False,0.0,0,0,10000.0,1,1,1,10000.0,10000.0,10000.0,0.0,0,0.0,0,False,True,True,False,0,0.0001695827080056077,1.6958270800560769,False,False,0,,1,False
100000004856746100,peripheral,0.3,0.1038,A,True,41,0.03,0.35514018691588783,0.018691588785046728,0.0,0.20382732532265244,0.0,0.0,"обрыв выгрузки на последнем колене: получил 20 тыс от 1 плательщика, исходящие неизвестны",1.0,4,False,0.0,0,0,20000.0,1,1,1,20000.0,20000.0,20000.0,0.0,0,0.0,0,False,True,True,False,0,0.010727121317214665,214.5424263442933,False,False,0,,1,True
100000004877085100,peripheral,0.6,0.2476,B,True,12,0.06,0.38273253226524256,0.018691588785046728,0.894971072541166,0.5870048954161103,0.0,0.0,"выраженных признаков нет: 1 вх./3 исх., оборот 96 тыс",1.0,3,False,95600.0,9,3,25000.0,1,1,4,95600.0,120600.0,-70600.0,3.824,0,0.0,0,True,False,False,False,0,0.002825802656356205,270.1467339476532,False,False,0,0.7071129707112971,1,False
100000004889043100,terminal,0.334,0.2933,B,True,2,0.167,0.3818424566088118,0.8019581664441477,0.0,0.783266577659101,0.0,0.0,"конечная точка в пределах выгрузки: получил 272 тыс от 2 плательщиков, исходящих нет; доля seed-денег ~0%",1.0,3,False,0.0,0,0,272000.0,4,2,2,272000.0,272000.0,272000.0,0.0,0,0.0,0,False,True,False,False,0,0.0009747217944656427,265.1243280946548,False,False,0,,2,False
100000004890713100,peripheral,0.3,0.1028,A,True,8,0.03,0.2576769025367156,0.018691588785046728,0.0,0.3894080996884735,0.0,0.0,"обрыв выгрузки на последнем колене: получил 40 тыс от 1 плательщика, исходящие неизвестны",1.0,4,False,0.0,0,0,40485.0,1,1,1,40485.0,40485.0,40485.0,0.0,0,0.0,0,False,True,True,False,0,0.00236057430792627,95.56785085639504,False,False,0,,1,False
100000004891562100,peripheral,0.3,0.0852,A,True,21,0.03,0.05829995549621718,0.018691588785046728,0.0,0.6119270137961726,0.0,0.0,"обрыв выгрузки на последнем колене: получил 103 тыс от 1 плательщика, исходящие неизвестны",1.0,4,False,0.0,0,0,103400.0,1,1,1,103400.0,103400.0,103400.0,0.0,0,0.0,0,False,True,True,False,0,4.8384941546121915e-05,5.003002955869006,False,False,0,,1,False
100000004892144100,peripheral,0.6,0.4993,B,True,27,0.06,0.897196261682243,0.8019581664441477,0.6915887850467289,0.9946595460614153,0.0,1.0,"выраженных признаков нет: 2 вх./1 исх., оборот 4.5 млн; участвует в круговых потоках (3+ участника)",1.0,3,False,180300.0,1,1,4500000.0,7,2,2,4500000.0,4680300.0,4319700.0,0.04006666666666667,0,0.0,0,False,True,False,False,0,0.014945004549930927,67252.52047468917,True,True,1,0.0,2,False
100000004904960100,peripheral,0.9,0.2798,B,False,2,0.09000000000000001,0.6684468179795282,0.8019581664441477,0.0,0.3440142412105029,0.0,0.0,"выраженных признаков нет: 2 вх./0 исх., оборот 32 тыс",1.0,2,False,0.0,0,0,32000.0,2,2,2,32000.0,32000.0,32000.0,0.0,0,0.0,0,False,True,False,False,0,0.24573479520438035,7863.513446540172,False,False,0,,1,False
100000004905207100,terminal,0.356,0.2871,B,True,15,0.178,0.6960391633288829,0.018691588785046728,0.0,0.8375611927013796,0.0,0.0,"конечная точка в пределах выгрузки: получил 380 тыс от 1 плательщика, исходящих нет; доля seed-денег ~3%",1.0,2,False,0.0,0,0,380000.0,1,1,1,380000.0,380000.0,380000.0,0.0,0,0.0,0,False,True,False,False,0,0.027418520434557683,10419.03776513192,False,False,0,,1,False
100000004906181100,peripheral,0.6,0.2745,B,True,43,0.06,0.2866043613707165,0.018691588785046728,0.960836671117045,0.9821984868713841,0.0,0.0,"выраженных признаков нет: 1 вх./7 исх., оборот 2.5 млн",1.0,3,False,2473417.91,33,7,100000.0,1,1,8,2473417.91,2573417.91,-2373417.91,24.734179100000002,0,0.0,0,True,False,False,False,0,4.832834906982415e-05,119.53620415003489,False,False,0,0.6420265631536565,1,False
100000004908173100,peripheral,0.3,0.0741,A,True,13,0.03,0.19314641744548286,0.018691588785046728,0.0,0.23052959501557632,0.0,0.0,"обрыв выгрузки на последнем колене: получил 21 тыс от 1 плательщика, исходящие неизвестны",1.0,4,False,0.0,0,0,21000.0,1,1,1,21000.0,21000.0,21000.0,0.0,0,0.0,0,False,True,True,False,0,0.0020004285237071743,42.00899899785066,False,False,0,,1,False
100000004911971100,peripheral,0.3,0.0567,A,True,43,0.03,0.04227859368046284,0.018691588785046728,0.0,0.3591455273698264,0.0,0.0,"обрыв выгрузки на последнем колене: получил 35 тыс от 1 плательщика, исходящие неизвестны",1.0,4,False,0.0,0,0,35000.0,3,1,1,35000.0,35000.0,35000.0,0.0,0,0.0,0,False,True,True,False,0,4.832834906982415e-05,1.6914922174438451,False,False,0,,1,False
100000004917367100,terminal,0.304,0.2811,B,True,5,0.152,0.4210057854917668,0.8019581664441477,0.0,0.6350689808633734,0.0,0.0,"конечная точка в пределах выгрузки: получил 120 тыс от 2 плательщиков, исходящих нет; доля seed-денег ~0%",0.6666666666666666,3,False,0.0,0,0,120000.0,2,2,2,120000.0,120000.0,120000.0,0.0,0,0.0,0,False,True,False,False,0,0.0030178714052036407,362.1445686244369,False,False,0,,1,False
100000004921657100,peripheral,0.9,0.2566,B,False,3,0.09000000000000001,0.650200267022697,0.018691588785046728,0.6915887850467289,0.2398753894080997,0.0,0.0,"выраженных признаков нет: 1 вх./1 исх., оборот 22 тыс",1.0,3,False,22190.0,1,1,8300.0,1,1,2,22190.0,30490.0,-13890.0,2.6734939759036145,0,0.0,0,True,False,False,False,0,0.2971299467697884,6593.313518821605,False,False,0,1.0,1,False
100000004931931100,peripheral,0.9,0.2211,B,True,2,0.09000000000000001,0.3902981753449043,0.018691588785046728,0.6915887850467289,0.4054294615042279,0.0,0.0,"выраженных признаков нет: 1 вх./1 исх., оборот 45 тыс",1.0,3,False,45000.0,1,1,23938.0,1,1,2,45000.0,68938.0,-21062.0,1.8798562954298605,0,0.0,0,True,False,False,False,0,0.006452843365320261,290.37795143941173,False,False,0,0.0,1,False
100000004948177100,terminal,0.808,0.5477,B,False,4,0.404,0.9808633733867379,0.9114374721851357,0.0,0.8562527814864264,0.3333333333333333,0.0,"конечная точка в пределах выгрузки: получил 437 тыс от 3 плательщиков, исходящих нет; доля seed-денег ~79%; связан с 1 seed",1.0,1,False,0.0,0,0,437163.0,8,3,3,437163.0,437163.0,437163.0,0.0,1,341163.0,1,False,True,False,False,0,0.7857560961126095,343503.49224487675,False,False,0,,1,False
100000004950490100,peripheral,0.9,0.178,B,False,9,0.09000000000000001,0.6880284824210058,0.018691588785046728,0.0,0.06987093902981753,0.0,0.0,"выраженных признаков нет: 1 вх./0 исх., оборот 10 тыс",1.0,2,False,0.0,0,0,10000.0,1,1,1,10000.0,10000.0,10000.0,0.0,0,0.0,0,False,True,False,False,0,1.0,10000.0,False,False,0,,1,True
100000004959752100,peripheral,0.9,0.1851,B,False,3,0.09000000000000001,0.6381842456608812,0.018691588785046728,0.0,0.24076546506453048,0.0,0.0,"выраженных признаков нет: 1 вх./0 исх., оборот 22 тыс",1.0,3,False,0.0,0,0,22200.0,1,1,1,22200.0,22200.0,22200.0,0.0,0,0.0,0,False,True,False,False,0,0.2592465974235752,5755.27446280337,False,False,0,,1,True
100000004962193100,consolidator,0.638,0.5328,B,True,2,0.5742,0.6964842011570983,0.9928793947485536,0.0,0.9323542501112595,0.0,0.0,"признаки консолидации: 8 плательщиков, получил 900 тыс; отдал дальше 0%; до 5 плательщиков в день; связь с seed-деньгами слабая, возможна легальная активность",1.0,2,False,0.0,0,0,900468.0,11,8,8,900468.0,900468.0,900468.0,0.0,0,0.0,0,False,True,False,False,0,0.011747294176863134,10578.062492851592,False,False,0,,5,False
100000004970752100,peripheral,0.9,0.1707,B,False,2,0.09000000000000001,0.6515353805073432,0.018691588785046728,0.0,0.06987093902981753,0.0,0.0,"выраженных признаков нет: 1 вх./0 исх., оборот 10 тыс",1.0,3,False,0.0,0,0,10000.0,1,1,1,10000.0,10000.0,10000.0,0.0,0,0.0,0,False,True,False,False,0,0.6706265473269859,6706.265473269859,False,False,0,,1,False
100000004971871100,peripheral,0.9,0.2137,B,False,70,0.09000000000000001,0.6016911437472185,0.018691588785046728,0.6915887850467289,0.28526924788607033,0.0,0.0,"[seed] выраженных признаков нет: 1 вх./1 исх., оборот 25 тыс; взаимные переводы с 1",1.0,0,True,5650.0,1,1,25400.0,3,1,1,25400.0,31050.0,19750.0,0.22244094488188976,0,0.0,0,False,False,False,False,11,1.0,3306.682027649769,True,False,1,1.0,1,False
100000004975919100,peripheral,0.6,0.1928,B,True,6,0.06,0.3119715175789942,0.018691588785046728,0.833555852247441,0.2421005785491767,0.0,0.0,"выраженных признаков нет: 1 вх./2 исх., оборот 22 тыс",1.0,3,False,15000.0,2,2,22351.0,1,1,3,22351.0,37351.0,7351.0,0.6711109122634334,0,0.0,0,False,True,False,False,0,0.006651503710631661,148.66775943632825,False,False,0,0.0,1,False
100000004976946100,peripheral,0.3,0.0967,A,True,49,0.03,0.039163328882955054,0.018691588785046728,0.0,0.7645749888740543,0.0,0.0,"обрыв выгрузки на последнем колене: получил 246 тыс от 1 плательщика, исходящие неизвестны",1.0,4,False,0.0,0,0,246000.0,1,1,1,246000.0,246000.0,246000.0,0.0,0,0.0,0,False,True,True,False,0,4.608548103680518e-06,1.1337028335054073,False,False,0,,1,False
100000004979264100,peripheral,0.3,0.0865,A,True,13,0.03,0.1802403204272363,0.018691588785046728,0.0,0.38095238095238093,0.0,0.0,"обрыв выгрузки на последнем колене: получил 40 тыс от 1 плательщика, исходящие неизвестны",1.0,4,False,0.0,0,0,39800.0,1,1,1,39800.0,39800.0,39800.0,0.0,0,0.0,0,False,True,True,False,0,0.0009123696551145647,36.31231227355968,False,False,0,,1,False
100000004979283100,peripheral,0.9,0.1525,B,True,8,0.09000000000000001,0.4014241210502893,0.018691588785046728,0.0,0.38807298620382735,0.0,0.0,"выраженных признаков нет: 1 вх./0 исх., оборот 40 тыс",1.0,3,False,0.0,0,0,40132.0,1,1,1,40132.0,40132.0,40132.0,0.0,0,0.0,0,False,True,False,False,0,0.007716123310628142,309.6634607021286,False,False,0,,1,False
100000004979498100,peripheral,0.6,0.4652,B,False,62,0.06,0.9942145082331998,0.018691588785046728,0.6915887850467289,0.9096573208722741,0.3333333333333333,1.0,"выраженных признаков нет: 1 вх./1 исх., оборот 700 тыс; связан с 1 seed; участвует в круговых потоках (3+ участника)",1.0,2,False,200000.0,1,1,700000.0,2,1,2,700000.0,900000.0,500000.0,0.2857142857142857,1,0.0,0,False,True,False,False,8,0.9772226304188096,684055.8412931667,True,True,0,1.0,1,False
100000004981068100,peripheral,0.3,0.0739,A,True,6,0.03,0.2728081886960392,0.018691588785046728,0.0,0.06987093902981753,0.0,0.0,"обрыв выгрузки на последнем колене: получил 10 тыс от 1 плательщика, исходящие неизвестны",1.0,4,False,0.0,0,0,10000.0,1,1,1,10000.0,10000.0,10000.0,0.0,0,0.0,0,False,True,True,False,0,0.01083999208765978,108.3999208765978,False,False,0,,1,False
100000004984689100,peripheral,0.9,0.1634,B,True,6,0.09000000000000001,0.415665331553182,0.018691588785046728,0.0,0.4690698709390298,0.0,0.0,"выраженных признаков нет: 1 вх./0 исх., оборот 53 тыс",1.0,3,False,0.0,0,0,53030.0,1,1,1,53030.0,53030.0,53030.0,0.0,0,0.0,0,False,True,False,False,0,0.006651503710631661,352.72924177479695,False,False,0,,1,False
100000004988240100,peripheral,0.3,0.0571,A,True,2,0.03,0.12149532710280374,0.018691588785046728,0.0,0.20382732532265244,0.0,0.0,"обрыв выгрузки на последнем колене: получил 20 тыс от 1 плательщика, исходящие неизвестны",1.0,4,False,0.0,0,0,20000.0,1,1,1,20000.0,20000.0,20000.0,0.0,0,0.0,0,False,True,True,False,0,0.0008464425810733717,16.928851621467434,False,False,0,,1,False
100000004991593100,peripheral,0.3,0.0818,A,True,6,0.03,0.14419225634178906,0.018691588785046728,0.0,0.4054294615042279,0.0,0.0,"обрыв выгрузки на последнем колене: получил 45 тыс от 1 плательщика, исходящие неизвестны",1.0,4,False,0.0,0,0,45000.0,2,1,1,45000.0,45000.0,45000.0,0.0,0,0.0,0,False,True,True,False,0,0.0004946347490009027,22.258563705040622,False,False,0,,1,False
100000004991812100,peripheral,0.9,0.1234,B,True,26,0.09000000000000001,0.4152202937249666,0.018691588785046728,0.0,0.06987093902981753,0.0,0.0,"выраженных признаков нет: 1 вх./0 исх., оборот 10 тыс",1.0,3,False,0.0,0,0,10000.0,1,1,1,10000.0,10000.0,10000.0,0.0,0,0.0,0,False,True,False,False,0,0.035264594243382505,352.64594243382504,False,False,0,,1,False
100000004993576100,terminal,0.219,0.2344,B,True,18,0.1095,0.6226079216733422,0.018691588785046728,0.0,0.6964842011570983,0.0,0.0,"конечная точка в пределах выгрузки: получил 167 тыс от 1 плательщика, исходящих нет; доля seed-денег ~3%; вход в конце периода, мог переслать позже",1.0,2,False,0.0,0,0,167000.0,1,1,1,167000.0,167000.0,167000.0,0.0,0,0.0,0,False,True,False,False,0,0.027720312200029226,4629.292137404881,False,False,0,,1,True
100000004997515100,peripheral,0.6,0.4032,B,True,7,0.06,0.5456163773920784,0.960836671117045,0.9274588340008901,0.8429016466399644,0.0,0.0,"выраженных признаков нет: 4 вх./4 исх., оборот 395 тыс",0.6666666666666666,3,False,54500.0,4,4,395000.0,4,4,8,395000.0,449500.0,340500.0,0.1379746835443038,0,0.0,0,False,True,False,False,0,0.0037947605764307966,1498.9304276901646,False,False,0,0.0,1,True
100000005008589100,peripheral,0.9,0.1078,B,True,2,0.09000000000000001,0.17311971517578995,0.018691588785046728,0.0,0.3978638184245661,0.0,0.0,"выраженных признаков нет: 1 вх./0 исх., оборот 43 тыс",1.0,3,False,0.0,0,0,42806.68,1,1,1,42806.68,42806.68,42806.68,0.0,0,0.0,0,False,True,False,False,0,0.00078284294613197,33.51090748532848,False,False,0,,1,False
100000005010159100,peripheral,0.3,0.0376,A,True,6,0.03,0.10146862483311081,0.018691588785046728,0.0,0.04984423676012461,0.0,0.0,"обрыв выгрузки на последнем колене: получил 7 тыс от 1 плательщика, исходящие неизвестны",1.0,4,False,0.0,0,0,7092.0,1,1,1,7092.0,7092.0,7092.0,0.0,0,0.0,0,False,True,True,False,0,0.0016712267427537674,11.852340059609718,False,False,0,,1,False
100000005017150100,peripheral,0.2,0.006,A,False,0,0.020000000000000004,0.0,0.0,0.0,0.0,0.0,0.0,[seed] нет переводов в выгрузке: роль определить нельзя,1.0,0,True,0.0,0,0,0.0,0,0,0,0.0,0.0,0.0,,0,0.0,0,False,False,False,True,22,1.0,0.0,False,False,0,,0,False
100000005022552100,peripheral,0.6,0.2848,B,True,4,0.06,0.5829995549621718,0.018691588785046728,0.6915887850467289,0.7619047619047619,0.0,0.0,"выраженных признаков нет: 1 вх./1 исх., оборот 241 тыс",1.0,3,False,5000.0,1,1,241000.0,3,1,2,241000.0,246000.0,236000.0,0.02074688796680498,0,0.0,0,False,True,False,False,0,0.010432239086998881,2514.1696199667304,False,False,0,0.0,1,False
100000005022964100,peripheral,0.9,0.1942,B,False,3,0.09000000000000001,0.7022696929238985,0.018691588785046728,0.0,0.20382732532265244,0.0,0.0,"выраженных признаков нет: 1 вх./0 исх., оборот 20 тыс",1.0,2,False,0.0,0,0,20000.0,1,1,1,20000.0,20000.0,20000.0,0.0,0,0.0,0,False,True,False,False,0,0.5737704918032787,11475.409836065573,False,False,0,,1,False
100000005025629100,peripheral,0.3,0.0376,A,True,5,0.03,0.11303960836671118,0.018691588785046728,0.0,0.0262572318647085,0.0,0.0,"обрыв выгрузки на последнем колене: получил 5 тыс от 1 плательщика, исходящие неизвестны",1.0,4,False,0.0,0,0,5227.0,1,1,1,5227.0,5227.0,5227.0,0.0,0,0.0,0,False,True,True,False,0,0.0028617994024691764,14.958625476706386,False,False,0,,1,False
100000005030592100,peripheral,0.9,0.1175,B,True,18,0.09000000000000001,0.38584779706275035,0.018691588785046728,0.0,0.06987093902981753,0.0,0.0,"выраженных признаков нет: 1 вх./0 исх., оборот 10 тыс",1.0,2,False,0.0,0,0,10000.0,1,1,1,10000.0,10000.0,10000.0,0.0,0,0.0,0,False,True,False,False,0,0.02772031220002923,277.2031220002923,False,False,0,,1,True
100000005031696100,peripheral,0.6,0.2946,B,True,60,0.06,0.6266132621272809,0.018691588785046728,0.833555852247441,0.6306186025812194,0.0,0.0,"выраженных признаков нет: 1 вх./2 исх., оборот 115 тыс",1.0,2,False,115000.0,3,2,5000.0,1,1,3,115000.0,120000.0,-110000.0,23.0,0,0.0,0,True,False,False,False,0,0.043478260869565216,5000.0,False,False,0,0.043478260869565216,1,False
100000005032294100,peripheral,0.9,0.1627,B,False,15,0.09000000000000001,0.6119270137961726,0.018691588785046728,0.0,0.06987093902981753,0.0,0.0,"выраженных признаков нет: 1 вх./0 исх., оборот 10 тыс",1.0,2,False,0.0,0,0,10000.0,1,1,1,10000.0,10000.0,10000.0,0.0,0,0.0,0,False,True,False,False,0,0.3937260793678754,3937.260793678754,False,False,0,,1,False
100000005034574100,terminal,0.527,0.3994,B,False,80,0.2635,0.9732977303070761,0.018691588785046728,0.0,0.7734757454383623,0.3333333333333333,0.0,"конечная точка в пределах выгрузки: получил 259 тыс от 1 плательщика, исходящих нет; доля seed-денег ~100%; вход в конце периода, мог переслать позже; связан с 1 seed",1.0,1,False,0.0,0,0,258816.0,16,1,1,258816.0,258816.0,258816.0,0.0,1,258816.0,1,False,True,False,False,13,1.0,258816.0,False,False,0,,1,True
100000005037490100,peripheral,0.6,0.1956,B,True,12,0.06,0.28749443702714733,0.018691588785046728,0.833555852247441,0.3186470850022252,0.0,0.0,"выраженных признаков нет: 1 вх./2 исх., оборот 30 тыс; взаимные переводы с 1",1.0,3,False,30000.0,3,2,15000.0,1,1,2,30000.0,45000.0,-15000.0,2.0,0,0.0,0,True,False,False,False,0,0.003995641282485077,119.86923847455232,True,False,1,0.4666666666666667,1,False
100000005041147100,peripheral,0.3,0.0769,A,True,2,0.03,0.2879394748553627,0.018691588785046728,0.0,0.06987093902981753,0.0,0.0,"обрыв выгрузки на последнем колене: получил 10 тыс от 1 плательщика, исходящие неизвестны",1.0,4,False,0.0,0,0,10000.0,1,1,1,10000.0,10000.0,10000.0,0.0,0,0.0,0,False,True,True,False,0,0.012130418223720098,121.30418223720099,False,False,0,,1,False
100000005041905100,peripheral,0.6,0.1963,B,True,1,0.06,0.05028927458834001,0.018691588785046728,0.6915887850467289,0.9421450823319982,0.0,0.0,"выраженных признаков нет: 1 вх./1 исх., оборот 1.1 млн; взаимные переводы с 1",1.0,3,False,1080351.0,5,1,5000.0,1,1,1,1080351.0,1085351.0,-1075351.0,216.0702,0,0.0,0,True,False,False,False,1,3.0754249401372397e-06,3.322538409502207,True,False,1,0.0,1,True
100000005042822100,peripheral,0.3,0.1889,A,True,37,0.03,0.4143302180685358,0.018691588785046728,0.0,0.9368046283934134,0.0,0.0,"обрыв выгрузки на последнем колене: получил 1.0 млн от 1 плательщика, исходящие неизвестны",1.0,4,False,0.0,0,0,1000000.0,1,1,1,1000000.0,1000000.0,1000000.0,0.0,0,0.0,0,False,True,True,False,0,0.0003442700072480274,344.2700072480274,False,False,0,,1,False
100000005048668100,peripheral,0.6,0.3651,B,True,6,0.06,0.24388072986203826,0.8019581664441477,0.9657320872274143,0.6853582554517134,0.0,1.0,"выраженных признаков нет: 2 вх./8 исх., оборот 159 тыс; участвует в круговых потоках (3+ участника)",0.6666666666666666,3,False,159400.0,11,8,16668.0,2,2,9,159400.0,176068.0,-142732.0,9.563234941204703,0,0.0,0,True,False,False,False,0,0.0004946347490009027,78.84477899074389,True,True,1,0.30050188205771644,1,False
100000005049404100,peripheral,0.3,0.114,A,True,5,0.03,0.21272808188696038,0.018691588785046728,0.0,0.591010235870049,0.0,0.0,"обрыв выгрузки на последнем колене: получил 98 тыс от 1 плательщика, исходящие неизвестны",1.0,4,False,0.0,0,0,98000.0,2,1,1,98000.0,98000.0,98000.0,0.0,0,0.0,0,False,True,True,False,0,0.0005591587629772298,54.79755877176852,False,False,0,,1,False
100000005052998100,peripheral,0.9,0.1982,B,True,2,0.09000000000000001,0.07343124165554073,0.018691588785046728,0.6915887850467289,0.31019136626613264,0.0,1.0,"выраженных признаков нет: 1 вх./1 исх., оборот 28 тыс; участвует в круговых потоках (3+ участника)",1.0,3,False,28400.0,1,1,9500.0,1,1,2,28400.0,37900.0,-18900.0,2.9894736842105263,0,0.0,0,True,False,False,False,0,0.0002831410042322898,8.04120452019703,True,True,0,0.0,1,False
100000005053653100,peripheral,0.6,0.33,B,True,12,0.06,0.5460614152202937,0.8019581664441477,0.6915887850467289,0.5042278593680463,0.0,0.0,"выраженных признаков нет: 2 вх./1 исх., оборот 63 тыс",1.0,2,False,25000.0,1,1,63073.0,2,2,3,63073.0,88073.0,38073.0,0.3963661154535221,0,0.0,0,False,True,False,False,0,0.023843177502615154,1503.8607346224455,False,False,0,0.0,1,False
100000005055454100,peripheral,0.9,0.1522,B,False,34,0.09000000000000001,0.573208722741433,0.018691588785046728,0.0,0.04183355585224744,0.0,0.0,"выраженных признаков нет: 1 вх./0 исх., оборот 6 тыс",1.0,3,False,0.0,0,0,6500.0,1,1,1,6500.0,6500.0,6500.0,0.0,0,0.0,0,False,True,False,False,3,0.3399915002124947,2209.9447513812156,False,False,0,,1,False
100000005056870100,peripheral,0.9,0.2392,B,False,55,0.09000000000000001,0.7605696484201158,0.018691588785046728,0.0,0.20382732532265244,0.3333333333333333,0.0,"выраженных признаков нет: 1 вх./0 исх., оборот 20 тыс; связан с 1 seed",1.0,1,False,0.0,0,0,20000.0,1,1,1,20000.0,20000.0,20000.0,0.0,1,20000.0,1,False,True,False,False,6,1.0,20000.0,False,False,0,,1,False
100000005059998100,peripheral,0.9,0.1398,B,True,36,0.09000000000000001,0.4379172229639519,0.018691588785046728,0.0,0.1882510013351135,0.0,0.0,"выраженных признаков нет: 1 вх./0 исх., оборот 18 тыс",1.0,2,False,0.0,0,0,18000.0,1,1,1,18000.0,18000.0,18000.0,0.0,0,0.0,0,False,True,False,False,0,0.023501762632197415,423.03172737955344,False,False,0,,1,False
100000005061890100,peripheral,0.9,0.1851,B,True,3,0.09000000000000001,0.4744103248776146,0.018691588785046728,0.0,0.5687583444592791,0.0,0.0,"выраженных признаков нет: 1 вх./0 исх., оборот 90 тыс",0.6666666666666666,3,False,0.0,0,0,90000.0,1,1,1,90000.0,90000.0,90000.0,0.0,0,0.0,0,False,True,False,False,0,0.007068587482302718,636.1728734072447,False,False,0,,1,False
100000005074393100,peripheral,0.6,0.5795,B,False,12,0.06,0.9648420115709835,0.960836671117045,0.9528259902091678,0.9078771695594126,0.3333333333333333,1.0,"выраженных признаков нет: 4 вх./6 исх., оборот 686 тыс; связан с 1 seed; участвует в круговых потоках (3+ участника)",1.0,1,False,685500.0,10,6,563026.0,5,4,8,685500.0,1248526.0,-122474.0,1.2175281425724567,1,193893.0,1,True,False,False,False,0,0.29331991497830256,201070.8017176264,True,True,2,0.06637490882567469,1,False
100000005075949100,peripheral,0.3,0.2435,A,True,56,0.03,0.6671117044948821,0.018691588785046728,0.0,0.9773030707610146,0.0,0.0,"обрыв выгрузки на последнем колене: получил 2.2 млн от 1 плательщика, исходящие неизвестны",1.0,4,False,0.0,0,0,2226000.0,7,1,1,2226000.0,2226000.0,2226000.0,0.0,0,0.0,0,False,True,True,False,0,0.003464152501965917,7711.203469376132,False,False,0,,1,False
100000005077484100,peripheral,0.6,0.3487,B,False,34,0.06,0.8767245215843347,0.018691588785046728,0.833555852247441,0.6711170449488206,0.0,0.0,"выраженных признаков нет: 1 вх./2 исх., оборот 150 тыс; взаимные переводы с 1",1.0,2,False,13550.0,2,2,150000.0,1,1,2,150000.0,163550.0,136450.0,0.09033333333333333,0,0.0,0,False,True,False,False,3,0.3399915002124947,50998.7250318742,True,False,1,0.5202952029520295,1,False
100000005079473100,peripheral,0.3,0.0763,A,True,6,0.03,0.1299510458388963,0.018691588785046728,0.0,0.37917222963951935,0.0,0.0,"обрыв выгрузки на последнем колене: получил 39 тыс от 1 плательщика, исходящие неизвестны",1.0,4,False,0.0,0,0,39312.0,1,1,1,39312.0,39312.0,39312.0,0.0,0,0.0,0,False,True,True,False,0,0.0004505760023359412,17.71304380383052,False,False,0,,1,False
100000005079754100,peripheral,0.6,0.3835,B,False,3,0.06,0.9003115264797508,0.018691588785046728,0.833555852247441,0.639074321317312,0.3333333333333333,0.0,"выраженных признаков нет: 1 вх./2 исх., оборот 122 тыс; связан с 1 seed",1.0,1,False,122000.0,2,2,70000.0,1,1,3,122000.0,192000.0,-52000.0,1.7428571428571429,1,70000.0,1,True,False,False,False,0,0.5737704918032787,70000.0,False,False,0,0.16393442622950818,1,False
100000005082652100,peripheral,0.9,0.2128,B,False,9,0.09000000000000001,0.7378727191811304,0.018691588785046728,0.0,0.3186470850022252,0.0,0.0,"выраженных признаков нет: 1 вх./0 исх., оборот 30 тыс",1.0,3,False,0.0,0,0,30000.0,1,1,1,30000.0,30000.0,30000.0,0.0,0,0.0,0,False,True,False,False,0,0.5405405405405406,16216.216216216217,False,False,0,,1,False
100000005087431100,peripheral,0.2,0.006,A,False,0,0.020000000000000004,0.0,0.0,0.0,0.0,0.0,0.0,[seed] нет переводов в выгрузке: роль определить нельзя,1.0,0,True,0.0,0,0,0.0,0,0,0,0.0,0.0,0.0,,0,0.0,0,False,False,False,True,23,1.0,0.0,False,False,0,,0,False
100000005087923100,peripheral,0.3,0.1429,A,True,32,0.03,0.5505117935024477,0.018691588785046728,0.0,0.20382732532265244,0.0,0.0,"обрыв выгрузки на последнем колене: получил 20 тыс от 1 плательщика, исходящие неизвестны",1.0,4,False,0.0,0,0,20000.0,1,1,1,20000.0,20000.0,20000.0,0.0,0,0.0,0,False,True,True,False,0,0.07825203252032521,1565.0406504065043,False,False,0,,1,False
100000005089460100,peripheral,0.9,0.0599,B,True,1,0.09000000000000001,0.07565643079661771,0.018691588785046728,0.0,0.11392968402314196,0.0,0.0,"выраженных признаков нет: 1 вх./0 исх., оборот 12 тыс",1.0,3,False,0.0,0,0,12300.0,1,1,1,12300.0,12300.0,12300.0,0.0,0,0.0,0,False,True,False,False,1,0.0006645076819004413,8.173444487375429,False,False,0,,1,False
100000005092518100,peripheral,0.9,0.2558,B,False,1,0.09000000000000001,0.8006230529595015,0.018691588785046728,0.0,0.2897196261682243,0.3333333333333333,0.0,"выраженных признаков нет: 1 вх./0 исх., оборот 26 тыс; связан с 1 seed",1.0,1,False,0.0,0,0,26144.0,1,1,1,26144.0,26144.0,26144.0,0.0,1,26144.0,1,False,True,False,False,1,1.0,26144.0,False,False,0,,1,False
100000005093521100,peripheral,0.9,0.228,B,False,3,0.09000000000000001,0.730752113929684,0.018691588785046728,0.0,0.15131286159323543,0.3333333333333333,0.0,"выраженных признаков нет: 1 вх./0 исх., оборот 15 тыс; связан с 1 seed",1.0,1,False,0.0,0,0,15200.0,1,1,1,15200.0,15200.0,15200.0,0.0,1,15200.0,1,False,True,False,False,0,1.0,15200.0,False,False,0,,1,False
100000005100475100,peripheral,0.9,0.1811,B,True,14,0.09000000000000001,0.5478415665331553,0.018691588785046728,0.0,0.3818424566088118,0.0,0.0,"выраженных признаков нет: 1 вх./0 исх., оборот 40 тыс",1.0,3,False,0.0,0,0,40000.0,1,1,1,40000.0,40000.0,40000.0,0.0,0,0.0,0,False,True,False,False,0,0.037895747395369134,1515.8298958147655,False,False,0,,1,False
100000005105153100,peripheral,0.9,0.1838,B,True,2,0.09000000000000001,0.5927903871829105,0.018691588785046728,0.0,0.3186470850022252,0.0,0.0,"выраженных признаков нет: 1 вх./0 исх., оборот 30 тыс",1.0,2,False,0.0,0,0,30000.0,1,1,1,30000.0,30000.0,30000.0,0.0,0,0.0,0,False,True,False,False,0,0.09665127718941685,2899.5383156825055,False,False,0,,1,False
100000005124479100,peripheral,0.6,0.4576,B,False,2,0.06,0.8704939919893191,0.8019581664441477,0.833555852247441,0.655985758789497,0.3333333333333333,0.0,"выраженных признаков нет: 2 вх./2 исх., оборот 138 тыс; связан с 1 seed",1.0,1,False,22000.0,2,2,137753.0,2,2,4,137753.0,159753.0,115753.0,0.15970614070110994,1,48806.0,1,False,True,False,False,0,0.3574324293881896,49237.38944551128,False,False,0,0.0,1,False
100000005127767100,peripheral,0.9,0.1477,B,False,45,0.09000000000000001,0.5487316421895861,0.018691588785046728,0.0,0.045838896306186025,0.0,0.0,"выраженных признаков нет: 1 вх./0 исх., оборот 7 тыс",1.0,3,False,0.0,0,0,7000.0,1,1,1,7000.0,7000.0,7000.0,0.0,0,0.0,0,False,True,False,False,0,0.21784015296367112,1524.8810707456978,False,False,0,,1,False
100000005133757100,peripheral,0.9,0.3543,B,False,6,0.09000000000000001,0.7926123720516244,0.8019581664441477,0.0,0.507343124165554,0.3333333333333333,0.0,"выраженных признаков нет: 2 вх./0 исх., оборот 65 тыс; связан с 1 seed",1.0,1,False,0.0,0,0,65000.0,2,2,2,65000.0,65000.0,65000.0,0.0,1,25000.0,1,False,True,False,False,0,0.38564383184169465,25066.84906971015,False,False,0,,1,False
100000005140601100,peripheral,0.6,0.41,B,True,6,0.06,0.7116154873164219,0.9114374721851357,0.833555852247441,0.7218513573653761,0.0,0.0,"выраженных признаков нет: 3 вх./2 исх., оборот 195 тыс; взаимные переводы с 2",1.0,2,False,195300.0,5,2,52685.0,4,3,3,195300.0,247985.0,-142615.0,3.706937458479643,0,0.0,0,True,False,False,False,0,0.0635221350736463,12405.872979883123,True,False,2,0.9743983614951357,2,False
100000005142492100,peripheral,0.9,0.2573,B,True,14,0.09000000000000001,0.5309301290609701,0.018691588785046728,0.6915887850467289,0.48598130841121495,0.0,0.0,"выраженных признаков нет: 1 вх./1 исх., оборот 57 тыс; взаимные переводы с 1",1.0,3,False,57000.0,1,1,10000.0,1,1,1,57000.0,67000.0,-47000.0,5.7,0,0.0,0,True,False,False,False,0,0.021478910617564732,1224.2979052011897,True,False,1,1.0,1,True
100000005142589100,peripheral,0.9,0.2014,B,True,2,0.09000000000000001,0.6199376947040498,0.018691588785046728,0.0,0.4401424121050289,0.0,0.0,"выраженных признаков нет: 1 вх./0 исх., оборот 50 тыс",1.0,2,False,0.0,0,0,50000.0,2,1,1,50000.0,50000.0,50000.0,0.0,0,0.0,0,False,True,False,False,0,0.0903591688956017,4517.958444780084,False,False,0,,1,False
100000005146665100,peripheral,0.3,0.0195,A,True,68,0.03,0.020471740097908322,0.018691588785046728,0.0,0.030262572318647086,0.0,0.0,"обрыв выгрузки на последнем колене: получил 6 тыс от 1 плательщика, исходящие неизвестны",1.0,4,False,0.0,0,0,5500.0,1,1,1,5500.0,5500.0,5500.0,0.0,0,0.0,0,False,True,True,False,0,3.916314193935571e-05,0.21539728066645641,False,False,0,,1,False
100000005168487100,peripheral,0.6,0.2735,B,True,16,0.06,0.6012461059190031,0.018691588785046728,0.6915887850467289,0.6123720516243881,0.0,0.0,"выраженных признаков нет: 1 вх./1 исх., оборот 104 тыс; взаимные переводы с 1",1.0,2,False,103510.0,14,1,15000.0,1,1,1,103510.0,118510.0,-88510.0,6.900666666666667,0,0.0,0,True,False,False,False,0,0.03191646879661746,3303.6736851378732,True,False,1,0.17399285093227707,1,False
100000005171642100,transit,0.698,0.633,B,True,32,0.4885999999999999,0.8589230084557188,0.8019581664441477,0.6915887850467289,0.9087672452158434,0.0,1.0,"признаки транзита: получил 697 тыс, отправил 684 тыс (98%); 96% отправлено в течение 2 дней после входа; участвует в круговых потоках (3+ участника)",1.0,3,False,683600.0,4,1,696800.0,5,2,2,696800.0,1380400.0,13200.0,0.9810562571756601,0,0.0,0,False,True,False,False,0,0.06486713458224908,45199.419376917074,True,True,1,0.96255119953189,1,False
100000005172860100,peripheral,0.9,0.069,B,True,2,0.09000000000000001,0.10191366266132622,0.018691588785046728,0.0,0.15220293724966621,0.0,0.0,"выраженных признаков нет: 1 вх./0 исх., оборот 15 тыс",1.0,3,False,0.0,0,0,15209.2,1,1,1,15209.2,15209.2,15209.2,0.0,0,0.0,0,False,True,False,False,0,0.0007828429461319701,11.90641493631036,False,False,0,,1,False
100000005175148100,peripheral,0.6,0.4209,B,False,18,0.06,0.7303070761014686,0.8019581664441477,0.6915887850467289,0.5451713395638629,0.0,1.0,"выраженных признаков нет: 2 вх./1 исх., оборот 79 тыс; участвует в круговых потоках (3+ участника)",1.0,2,False,15000.0,1,1,79000.0,4,2,2,79000.0,94000.0,64000.0,0.189873417721519,0,0.0,0,False,True,False,False,0,0.19141122539118238,15121.486805903409,True,True,1,1.0,1,False
100000005182219100,peripheral,0.9,0.2522,B,True,5,0.09000000000000001,0.46372941700044507,0.8019581664441477,0.0,0.4779706275033378,0.0,0.0,"выраженных признаков нет: 2 вх./0 исх., оборот 55 тыс",1.0,3,False,0.0,0,0,55000.0,2,2,2,55000.0,55000.0,55000.0,0.0,0,0.0,0,False,True,False,False,0,0.009976299993958123,548.6964996676968,False,False,0,,1,False
100000005183943100,terminal,0.626,0.4342,B,False,53,0.313,0.9937694704049844,0.018691588785046728,0.0,0.9074321317311972,0.3333333333333333,0.0,"конечная точка в пределах выгрузки: получил 681 тыс от 1 плательщика, исходящих нет; доля seed-денег ~100%; вход в конце периода, мог переслать позже; связан с 1 seed",1.0,1,False,0.0,0,0,680900.0,9,1,1,680900.0,680900.0,680900.0,0.0,1,680900.0,1,False,True,False,False,5,1.0,680900.0,False,False,0,,1,True
100000005186109100,peripheral,0.9,0.095,B,True,18,0.09000000000000001,0.30396083667111706,0.018691588785046728,0.0,0.008455718736092568,0.0,0.0,"выраженных признаков нет: 1 вх./0 исх., оборот 5 тыс",1.0,3,False,0.0,0,0,5000.0,1,1,1,5000.0,5000.0,5000.0,0.0,0,0.0,0,False,True,False,False,0,0.02772031220002923,138.60156100014615,False,False,0,,1,True
100000005186131100,peripheral,0.9,0.1252,B,True,2,0.09000000000000001,0.07832665776591011,0.018691588785046728,0.6915887850467289,0.06987093902981753,0.0,0.0,"выраженных признаков нет: 1 вх./1 исх., оборот 10 тыс",1.0,3,False,10000.0,1,1,10000.0,1,1,2,10000.0,20000.0,0.0,1.0,0,0.0,0,False,True,False,False,0,0.0008464425810733717,8.464425810733717,False,False,0,1.0,1,False
100000005187208100,peripheral,0.9,0.0967,B,True,5,0.09000000000000001,0.25011125945705387,0.018691588785046728,0.0,0.1326212728081887,0.0,0.0,"выраженных признаков нет: 1 вх./0 исх., оборот 14 тыс",1.0,3,False,0.0,0,0,14160.0,1,1,1,14160.0,14160.0,14160.0,0.0,0,0.0,0,False,True,False,False,0,0.006050002162301773,85.66803061819311,False,False,0,,1,False
100000005189258100,peripheral,0.3,0.1158,A,True,47,0.03,0.2968402314196707,0.018691588785046728,0.0,0.4401424121050289,0.0,0.0,"обрыв выгрузки на последнем колене: получил 50 тыс от 1 плательщика, исходящие неизвестны",1.0,4,False,0.0,0,0,50000.0,1,1,1,50000.0,50000.0,50000.0,0.0,0,0.0,0,False,True,True,False,0,0.0025898892431499326,129.49446215749663,False,False,0,,1,False
100000005198498100,peripheral,0.9,0.0917,B,True,1,0.09000000000000001,0.1352914997774811,0.018691588785046728,0.0,0.312861593235425,0.0,0.0,"выраженных признаков нет: 1 вх./0 исх., оборот 29 тыс",1.0,3,False,0.0,0,0,28800.0,1,1,1,28800.0,28800.0,28800.0,0.0,0,0.0,0,False,True,False,False,1,0.0006645076819004414,19.137821238732712,False,False,0,,1,False
100000005198906100,peripheral,0.6,0.2436,B,True,5,0.06,0.3840676457498887,0.018691588785046728,0.6915887850467289,0.7476635514018691,0.0,0.0,"выраженных признаков нет: 1 вх./1 исх., оборот 228 тыс",1.0,3,False,60000.0,1,1,227970.0,1,1,2,227970.0,287970.0,167970.0,0.26319252533228055,0,0.0,0,False,True,False,False,0,0.0011953620415003489,272.50668460083455,False,False,0,0.0,1,False
100000005203590100,peripheral,0.9,0.245,B,False,14,0.09000000000000001,0.7739207832665776,0.018691588785046728,0.0,0.5687583444592791,0.0,0.0,"выраженных признаков нет: 1 вх./0 исх., оборот 90 тыс",0.6666666666666666,2,False,0.0,0,0,90000.0,1,1,1,90000.0,90000.0,90000.0,0.0,0,0.0,0,False,True,False,False,0,0.2400064001706712,21600.57601536041,False,False,0,,1,False
100000005205745100,peripheral,0.9,0.1507,B,False,14,0.09000000000000001,0.5687583444592791,0.018691588785046728,0.0,0.035603026257231864,0.0,0.0,"выраженных признаков нет: 1 вх./0 исх., оборот 6 тыс",1.0,2,False,0.0,0,0,6000.0,1,1,1,6000.0,6000.0,6000.0,0.0,0,0.0,0,False,True,False,False,0,0.34786309065724463,2087.178543943468,False,False,0,,1,False
100000005209352100,peripheral,0.3,0.0573,A,True,2,0.03,0.22029372496662217,0.018691588785046728,0.0,0.008455718736092568,0.0,0.0,"обрыв выгрузки на последнем колене: получил 5 тыс от 1 плательщика, исходящие неизвестны",1.0,4,False,0.0,0,0,5000.0,1,1,1,5000.0,5000.0,5000.0,0.0,0,0.0,0,False,True,True,False,0,0.012130418223720098,60.652091118600495,False,False,0,,1,False
100000005222360100,peripheral,0.9,0.2208,B,True,15,0.09000000000000001,0.4410324877614597,0.018691588785046728,0.6915887850467289,0.30040053404539385,0.0,0.0,"выраженных признаков нет: 1 вх./1 исх., оборот 27 тыс",1.0,3,False,27000.0,1,1,5000.0,1,1,2,27000.0,32000.0,-22000.0,5.4,0,0.0,0,True,False,False,False,0,0.016348952152241684,441.4217081105255,False,False,0,0.0,1,False
100000005226217100,peripheral,0.3,0.0764,A,True,7,0.03,0.22963951935914553,0.018691588785046728,0.0,0.1806853582554517,0.0,0.0,"обрыв выгрузки на последнем колене: получил 18 тыс от 1 плательщика, исходящие неизвестны",1.0,4,False,0.0,0,0,17500.0,1,1,1,17500.0,17500.0,17500.0,0.0,0,0.0,0,False,True,True,False,0,0.003794760576430796,66.40831008753894,False,False,0,,1,False
100000005228059100,peripheral,0.9,0.2551,B,False,1,0.09000000000000001,0.7983978638184246,0.018691588785046728,0.0,0.2870493991989319,0.3333333333333333,0.0,"выраженных признаков нет: 1 вх./0 исх., оборот 26 тыс; связан с 1 seed",1.0,1,False,0.0,0,0,26000.0,1,1,1,26000.0,26000.0,26000.0,0.0,1,26000.0,1,False,True,False,False,1,1.0,26000.0,False,False,0,,1,False
100000005233755100,peripheral,0.9,0.1805,B,True,17,0.09000000000000001,0.25634178905206945,0.018691588785046728,0.6915887850467289,0.2674677347574544,0.0,0.0,"выраженных признаков нет: 1 вх./1 исх., оборот 25 тыс",1.0,3,False,5000.0,1,1,25000.0,1,1,2,25000.0,30000.0,20000.0,0.2,0,0.0,0,False,True,False,False,0,0.003759829013807918,93.99572534519795,False,False,0,1.0,1,False
100000005235389100,peripheral,0.2,0.006,A,False,0,0.020000000000000004,0.0,0.0,0.0,0.0,0.0,0.0,[seed] нет переводов в выгрузке: роль определить нельзя,1.0,0,True,0.0,0,0,0.0,0,0,0,0.0,0.0,0.0,,0,0.0,0,False,False,False,True,24,1.0,0.0,False,False,0,,0,False
100000005237935150,peripheral,0.9,0.1594,B,True,11,0.09000000000000001,0.45260347129506007,0.018691588785046728,0.0,0.35558522474410326,0.0,0.0,"выраженных признаков нет: 1 вх./0 исх., оборот 35 тыс",1.0,2,False,0.0,0,0,34508.0,1,1,1,34508.0,34508.0,34508.0,0.0,0,0.0,0,False,True,False,False,0,0.014564327988666305,502.58583023289685,False,False,0,,1,False
100000005241556100,terminal,0.3,0.243,B,True,23,0.15,0.6466399643969737,0.018691588785046728,0.0,0.5927903871829105,0.0,0.0,"конечная точка в пределах выгрузки: получил 100 тыс от 1 плательщика, исходящих нет; доля seed-денег ~6%",0.6666666666666666,3,False,0.0,0,0,100000.0,1,1,1,100000.0,100000.0,100000.0,0.0,0,0.0,0,False,True,False,False,0,0.06362441091622753,6362.441091622753,False,False,0,,1,False
100000005242320100,distributor,0.458,0.5255,B,True,11,0.36640000000000006,0.5919003115264797,0.8019581664441477,0.9879839786381842,0.9986648865153538,0.0,0.0,"веерная рассылка: 21 получатель, отправил 8.9 млн; видимый вход 366 тыс, источник вне выгрузки; связь с seed-деньгами слабая, возможна легальная активность",1.0,2,False,8936295.0,29,21,365700.0,2,2,23,8936295.0,9301995.0,-8570595.0,24.43613617719442,0,0.0,0,True,False,False,False,0,0.0003207443319761952,2866.2659701172133,False,False,0,0.19270178524768933,1,False
100000005264874100,peripheral,0.6,0.2935,B,True,44,0.06,0.6644414775255897,0.018691588785046728,0.833555852247441,0.5442812639074321,0.0,0.0,"выраженных признаков нет: 1 вх./2 исх., оборот 78 тыс; взаимные переводы с 1",1.0,3,False,78000.0,3,2,30000.0,1,1,2,78000.0,108000.0,-48000.0,2.6,0,0.0,0,True,False,False,False,0,0.0971542907959093,7578.034682080925,True,False,1,0.0,1,False
100000005264990100,peripheral,0.6,0.273,B,False,22,0.06,0.5887850467289719,0.018691588785046728,0.833555852247441,0.639074321317312,0.3333333333333333,0.0,"[seed] выраженных признаков нет: 1 вх./2 исх., оборот 122 тыс; связан ещё с 1 seed",1.0,0,True,122000.0,2,2,17070.0,1,1,3,122000.0,139070.0,-104930.0,7.147041593438781,1,0.0,0,False,False,False,False,0,1.0,2736.9098473542444,False,False,0,0.0,1,False
100000005265073100,peripheral,0.9,0.1958,B,True,22,0.09000000000000001,0.43524699599465955,0.018691588785046728,0.6915887850467289,0.06186025812194036,0.0,0.0,"выраженных признаков нет: 1 вх./1 исх., оборот 9 тыс",1.0,3,False,9000.0,1,1,5000.0,1,1,2,9000.0,14000.0,-4000.0,1.8,0,0.0,0,True,False,False,False,0,0.04690009515646509,422.1008564081858,False,False,0,0.0,1,False
100000005268319100,peripheral,0.6,0.1975,B,True,82,0.06,0.11526479750778816,0.018691588785046728,0.9421450823319982,0.5740987983978638,0.0,0.0,"выраженных признаков нет: 1 вх./5 исх., оборот 91 тыс; взаимные переводы с 1",1.0,3,False,91000.0,10,5,19712.8,2,1,5,91000.0,110712.8,-71287.2,4.6162899232985675,0,0.0,0,True,False,False,False,0,0.0001695827080056077,15.4320264285103,True,False,1,0.26373626373626374,1,False
100000005272139100,peripheral,0.3,0.201,A,True,4,0.03,0.5972407654650645,0.018691588785046728,0.0,0.6915887850467289,0.0,0.0,"обрыв выгрузки на последнем колене: получил 165 тыс от 1 плательщика, исходящие неизвестны",1.0,4,False,0.0,0,0,165000.0,1,1,1,165000.0,165000.0,165000.0,0.0,0,0.0,0,False,True,True,False,0,0.019326319115843444,3188.8426541141685,False,False,0,,1,False
100000005287097100,peripheral,0.6,0.5928,B,False,4,0.06,0.9350244770805518,0.8019581664441477,0.969737427681353,0.9092122830440588,0.6666666666666666,1.0,"выраженных признаков нет: 2 вх./9 исх., оборот 697 тыс; связан с 2 seed; участвует в круговых потоках (3+ участника)",0.6666666666666666,1,False,697300.0,42,9,127173.0,5,2,9,697300.0,824473.0,-570127.0,5.483082100760382,2,110723.0,1,True,False,False,False,0,0.15944213270570842,111178.99913569048,True,True,2,0.24422773555141258,1,True
100000005293969100,peripheral,0.3,0.0264,A,True,2,0.03,0.05562972852692479,0.018691588785046728,0.0,0.029372496662216287,0.0,0.0,"обрыв выгрузки на последнем колене: получил 5 тыс от 1 плательщика, исходящие неизвестны",1.0,4,False,0.0,0,0,5466.97,1,1,1,5466.97,5466.97,5466.97,0.0,0,0.0,0,False,True,True,False,0,0.0007821885448340257,4.276201308951274,False,False,0,,1,False
100000005308954100,peripheral,0.9,0.269,B,True,4,0.09000000000000001,0.5736537605696485,0.018691588785046728,0.6915887850467289,0.5171339563862928,0.0,0.0,"выраженных признаков нет: 1 вх./1 исх., оборот 69 тыс",1.0,3,False,30000.0,1,1,69020.0,1,1,2,69020.0,99020.0,39020.0,0.43465662126919735,0,0.0,0,False,True,False,False,0,0.0326883726212321,2256.15147831744,False,False,0,0.0,1,False
100000005314565100,terminal,0.324,0.1985,B,True,2,0.162,0.32843791722296395,0.018691588785046728,0.0,0.7427681352914998,0.0,0.0,"конечная точка в пределах выгрузки: получил 218 тыс от 1 плательщика, исходящих нет; доля seed-денег ~0%",1.0,3,False,0.0,0,0,218500.0,3,1,1,218500.0,218500.0,218500.0,0.0,0,0.0,0,False,True,False,False,0,0.0007828429461319701,171.0511837298355,False,False,0,,1,False
100000005316708100,peripheral,0.6,0.4338,B,False,73,0.06,0.9181130396083668,0.018691588785046728,0.833555852247441,0.7730307076101469,0.6666666666666666,0.0,"выраженных признаков нет: 1 вх./2 исх., оборот 258 тыс; связан с 2 seed",1.0,1,False,257500.0,4,2,90000.0,1,1,3,257500.0,347500.0,-167500.0,2.861111111111111,2,90000.0,1,True,False,False,False,0,0.34951456310679613,90000.0,False,False,0,0.0,1,False
100000005317181100,peripheral,0.6,0.2697,B,True,2,0.06,0.5562972852692479,0.018691588785046728,0.6915887850467289,0.6639964396973743,0.0,0.0,"выраженных признаков нет: 1 вх./1 исх., оборот 141 тыс",1.0,3,False,14500.0,1,1,141250.0,1,1,2,141250.0,155750.0,126750.0,0.10265486725663717,0,0.0,0,False,True,False,False,0,0.012130418223720098,1713.4215741004639,False,False,0,0.0,1,False
100000005326681100,peripheral,0.9,0.1679,B,True,18,0.09000000000000001,0.5024477080551847,0.018691588785046728,0.0,0.3400089007565643,0.0,0.0,"выраженных признаков нет: 1 вх./0 исх., оборот 31 тыс",1.0,2,False,0.0,0,0,31228.0,1,1,1,31228.0,31228.0,31228.0,0.0,0,0.0,0,False,True,False,False,0,0.02772031220002923,865.6499093825128,False,False,0,,1,False
100000005328215100,peripheral,0.9,0.1579,B,True,29,0.09000000000000001,0.472630173564753,0.018691588785046728,0.0,0.30040053404539385,0.0,0.0,"выраженных признаков нет: 1 вх./0 исх., оборот 27 тыс",1.0,2,False,0.0,0,0,27000.0,1,1,1,27000.0,27000.0,27000.0,0.0,0,0.0,0,False,True,False,False,0,0.0233145192228211,629.4920190161697,False,False,0,,1,False
100000005339662100,transit,0.528,0.6921,C,False,18,0.3696,0.8874054294615042,0.960836671117045,0.9274588340008901,0.7975077881619937,0.6666666666666666,1.0,"признаки транзита: получил 203 тыс, отправил 295 тыс; 77% отправлено в течение 2 дней после входа; связан с 2 seed; участвует в круговых потоках (3+ участника)",1.0,1,False,295160.0,15,4,202939.0,9,4,6,295160.0,498099.0,-92221.0,1.4544271924075707,2,26925.0,1,True,False,False,False,0,0.1914112253911824,56496.9372864614,True,True,2,0.7669060848353435,2,True
100000005342513100,peripheral,0.6,0.2487,B,True,1,0.06,0.40631953716065866,0.018691588785046728,0.6915887850467289,0.7543391188251002,0.0,0.0,"выраженных признаков нет: 1 вх./1 исх., оборот 235 тыс; взаимные переводы с 1",1.0,3,False,30000.0,1,1,235000.0,2,1,1,235000.0,265000.0,205000.0,0.1276595744680851,0,0.0,0,False,True,False,False,1,0.0013638173951758376,320.49708786632186,True,False,1,1.0,1,False
100000005357034100,peripheral,0.9,0.0557,B,True,2,0.09000000000000001,0.07699154428126391,0.018691588785046728,0.0,0.06898086337338674,0.0,0.0,"выраженных признаков нет: 1 вх./0 исх., оборот 10 тыс",1.0,3,False,0.0,0,0,9754.0,1,1,1,9754.0,9754.0,9754.0,0.0,0,0.0,0,False,True,False,False,0,0.0008464425810733717,8.256200935789668,False,False,0,,1,False
100000005357705100,peripheral,0.6,0.2826,B,True,6,0.06,0.41477525589675124,0.018691588785046728,0.9274588340008901,0.840231419670672,0.0,0.0,"выраженных признаков нет: 1 вх./4 исх., оборот 387 тыс",1.0,3,False,387080.0,5,4,52595.0,1,1,5,387080.0,439675.0,-334485.0,7.35963494628767,0,0.0,0,True,False,False,False,0,0.0009037817444989981,349.8358376606722,False,False,0,0.2724630567324584,1,False
100000005360814100,peripheral,0.3,0.1244,A,True,6,0.03,0.22696929238985314,0.018691588785046728,0.0,0.6666666666666666,0.0,0.0,"обрыв выгрузки на последнем колене: получил 144 тыс от 1 плательщика, исходящие неизвестны",1.0,4,False,0.0,0,0,144000.0,3,1,1,144000.0,144000.0,144000.0,0.0,0,0.0,0,False,True,True,False,0,0.0004505760023359412,64.88294433637553,False,False,0,,1,False
100000005362848100,peripheral,0.9,0.1368,B,True,8,0.09000000000000001,0.36003560302625726,0.018691588785046728,0.0,0.3137516688918558,0.0,0.0,"выраженных признаков нет: 1 вх./0 исх., оборот 29 тыс",1.0,3,False,0.0,0,0,29000.0,1,1,1,29000.0,29000.0,29000.0,0.0,0,0.0,0,False,True,False,False,0,0.007716123310628141,223.7675760082161,False,False,0,,1,False
100000005363908100,peripheral,0.9,0.3077,B,False,58,0.09000000000000001,0.7578994214508233,0.018691588785046728,0.6915887850467289,0.20293724966622162,0.3333333333333333,0.0,"выраженных признаков нет: 1 вх./1 исх., оборот 20 тыс; связан с 1 seed",1.0,1,False,19500.0,1,1,19500.0,1,1,2,19500.0,39000.0,0.0,1.0,1,19500.0,1,False,True,False,False,7,1.0,19500.0,False,False,0,1.0,1,False
100000005367180100,peripheral,0.3,0.0628,A,True,6,0.03,0.22652425456163774,0.018691588785046728,0.0,0.0516243880729862,0.0,0.0,"обрыв выгрузки на последнем колене: получил 8 тыс от 1 плательщика, исходящие неизвестны",1.0,4,False,0.0,0,0,7700.0,1,1,1,7700.0,7700.0,7700.0,0.0,0,0.0,0,False,True,True,False,0,0.008422185050733,64.8508248906441,False,False,0,,1,False
100000005367284100,peripheral,0.6,0.2138,B,True,2,0.06,0.3226524254561638,0.018691588785046728,0.833555852247441,0.4303515798842902,0.0,0.0,"выраженных признаков нет: 1 вх./2 исх., оборот 48 тыс",1.0,3,False,48300.0,5,2,13700.0,1,1,3,48300.0,62000.0,-34600.0,3.5255474452554743,0,0.0,0,True,False,False,False,0,0.0034407190406825125,166.18672966496536,False,False,0,0.2836438923395445,1,False
100000005367445100,peripheral,0.9,0.184,B,True,13,0.09000000000000001,0.4032042723631509,0.018691588785046728,0.6915887850467289,0.008455718736092568,0.0,0.0,"выраженных признаков нет: 1 вх./1 исх., оборот 5 тыс; взаимные переводы с 1",1.0,3,False,5000.0,1,1,5000.0,1,1,1,5000.0,10000.0,0.0,1.0,0,0.0,0,False,True,False,False,0,0.06248367240942953,312.41836204714764,True,False,1,1.0,1,False
100000005370558100,peripheral,0.3,0.0203,A,True,82,0.03,0.035603026257231864,0.018691588785046728,0.0,0.008455718736092568,0.0,0.0,"обрыв выгрузки на последнем колене: получил 5 тыс от 1 плательщика, исходящие неизвестны",1.0,4,False,0.0,0,0,5000.0,1,1,1,5000.0,5000.0,5000.0,0.0,0,0.0,0,False,True,True,False,0,0.0001695827080056077,0.8479135400280384,False,False,0,,1,False
100000005370580100,peripheral,0.9,0.109,B,False,12,0.09000000000000001,0.3422340898976413,0.018691588785046728,0.0,0.2643524699599466,0.0,0.0,"[seed] выраженных признаков нет: 1 вх./0 исх., оборот 24 тыс",1.0,0,True,0.0,0,0,24075.0,1,1,1,24075.0,24075.0,24075.0,0.0,0,0.0,0,False,False,False,False,0,1.0,192.39012775165648,False,False,0,,1,True
100000005375968100,peripheral,0.6,0.2384,B,True,2,0.06,0.30930129060970185,0.018691588785046728,0.833555852247441,0.7027147307521139,0.0,0.0,"выраженных признаков нет: 1 вх./2 исх., оборот 170 тыс",1.0,3,False,86000.0,4,2,170082.0,1,1,3,170082.0,256082.0,84082.0,0.5056384567443939,0,0.0,0,False,True,False,False,0,0.0008464425810733718,143.96464707412122,False,False,0,0.3488372093023256,1,False
100000005382566100,consolidator,0.662,0.6434,B,False,22,0.5958,0.9799732977303071,0.9906542056074766,0.6915887850467289,0.8420115709835336,1.0,0.0,"[seed] признаки консолидации: 7 плательщиков (из них seed: 6), получил 393 тыс; видимый вход неполный; связан ещё с 6 seed; взаимные переводы с 1; доля seed-денег ~100%",1.0,0,True,50000.0,1,1,393066.0,11,7,7,393066.0,443066.0,343066.0,0.12720510041570626,6,335066.0,6,False,False,False,False,0,1.0,339962.36993433494,True,False,1,1.0,2,False
100000005386383100,peripheral,0.6,0.2819,B,False,22,0.06,0.45349354695149086,0.8019581664441477,0.6915887850467289,0.3724966622162884,0.3333333333333333,0.0,"[seed] выраженных признаков нет: 2 вх./1 исх., оборот 38 тыс; связан ещё с 1 seed",1.0,0,True,29000.0,1,1,37500.0,2,2,3,37500.0,66500.0,8500.0,0.7733333333333333,1,0.0,0,False,False,False,False,0,1.0,504.8101013095187,False,False,0,0.0,2,False
100000005392290100,peripheral,0.9,0.1324,B,False,85,0.09000000000000001,0.0,0.0,0.6915887850467289,0.5509568313306631,0.0,0.0,"[seed] выраженных признаков нет: 0 вх./1 исх., оборот 81 тыс",1.0,0,True,81465.0,1,1,0.0,0,0,1,81465.0,81465.0,-81465.0,,0,0.0,0,False,False,False,False,15,1.0,0.0,False,False,0,0.0,0,False
100000005394708100,peripheral,0.9,0.3796,B,False,22,0.09000000000000001,0.7983978638184246,0.018691588785046728,0.6915887850467289,0.507343124165554,0.6666666666666666,0.0,"выраженных признаков нет: 1 вх./1 исх., оборот 65 тыс; связан с 2 seed",1.0,1,False,65000.0,1,1,26000.0,1,1,2,65000.0,91000.0,-39000.0,2.5,2,26000.0,1,True,False,False,False,0,0.4,26000.0,False,False,0,1.0,1,False
100000005395727100,peripheral,0.9,0.111,B,False,18,0.09000000000000001,0.40053404539385845,0.018691588785046728,0.0,0.17133956386292834,0.0,0.0,"[seed] выраженных признаков нет: 1 вх./0 исх., оборот 17 тыс",1.0,0,True,0.0,0,0,17000.0,1,1,1,17000.0,17000.0,17000.0,0.0,0,0.0,0,False,False,False,False,0,1.0,308.19443103992495,False,False,0,,1,True
100000005402643100,peripheral,0.6,0.3018,B,False,19,0.06,0.7267467734757455,0.018691588785046728,0.6915887850467289,0.6444147752558967,0.0,0.0,"выраженных признаков нет: 1 вх./1 исх., оборот 128 тыс",1.0,2,False,90000.0,1,1,127800.0,1,1,2,127800.0,217800.0,37800.0,0.704225352112676,0,0.0,0,False,True,False,False,0,0.11406838869879403,14577.940075705877,False,False,0,0.0,1,True
100000005409156100,terminal,0.332,0.3111,B,True,5,0.166,0.4766355140186916,0.8019581664441477,0.0,0.774365821094793,0.0,0.0,"конечная точка в пределах выгрузки: получил 260 тыс от 2 плательщиков, исходящих нет; доля seed-денег ~0%",1.0,3,False,0.0,0,0,260080.0,2,2,2,260080.0,260080.0,260080.0,0.0,0,0.0,0,False,True,False,False,0,0.0025191511731799746,655.1808371206478,False,False,0,,1,False
100000005409680100,peripheral,0.9,0.2395,B,False,20,0.09000000000000001,0.6092567868268803,0.8019581664441477,0.0,0.4819759679572764,0.0,0.0,"[seed] выраженных признаков нет: 2 вх./0 исх., оборот 55 тыс",1.0,0,True,0.0,0,0,55060.0,2,2,2,55060.0,55060.0,55060.0,0.0,0,0.0,0,False,False,False,False,0,1.0,3606.066654444956,False,False,0,,1,False
100000005413948100,peripheral,0.6,0.3128,B,True,13,0.06,0.557632398753894,0.8019581664441477,0.6915887850467289,0.30885625278148643,0.0,0.0,"выраженных признаков нет: 2 вх./1 исх., оборот 28 тыс; взаимные переводы с 1",1.0,2,False,5000.0,1,1,28215.0,2,2,2,28215.0,33215.0,23215.0,0.177210703526493,0,0.0,0,False,True,False,False,0,0.06248367240942953,1762.9768170320542,True,False,1,0.0,1,False
100000005417257100,peripheral,0.6,0.1694,B,False,22,0.06,0.0,0.0,0.833555852247441,0.6163773920783266,0.3333333333333333,0.0,"[seed] выраженных признаков нет: 0 вх./2 исх., оборот 106 тыс; связан ещё с 1 seed",1.0,0,True,106000.0,2,2,0.0,0,0,2,106000.0,106000.0,-106000.0,,1,0.0,0,False,False,False,False,0,1.0,0.0,False,False,0,0.0,0,False
100000005432267100,terminal,0.755,0.5227,B,False,3,0.3775,0.9719626168224299,0.8019581664441477,0.0,0.8264352469959947,0.3333333333333333,0.0,"конечная точка в пределах выгрузки: получил 350 тыс от 2 плательщиков, исходящих нет; доля seed-денег ~71%; связан с 1 seed",1.0,1,False,0.0,0,0,350001.0,2,2,2,350001.0,350001.0,350001.0,0.0,1,250000.0,1,False,True,False,False,0,0.7142959015934157,250004.2798535971,False,False,0,,2,False
100000005454368100,peripheral,0.9,0.2256,B,False,12,0.09000000000000001,0.5522919448153093,0.8019581664441477,0.0,0.4325767690253672,0.0,0.0,"[seed] выраженных признаков нет: 2 вх./0 исх., оборот 49 тыс",1.0,0,True,0.0,0,0,48600.0,2,2,2,48600.0,48600.0,48600.0,0.0,0,0.0,0,False,False,False,False,0,1.0,1608.1871620383538,False,False,0,,1,False
100000005456919100,peripheral,0.6,0.5363,B,False,51,0.06,0.9786381842456608,0.8019581664441477,0.6915887850467289,0.8691588785046729,0.3333333333333333,1.0,"выраженных признаков нет: 2 вх./1 исх., оборот 480 тыс; связан с 1 seed; участвует в круговых потоках (3+ участника)",1.0,1,False,5000.0,1,1,479950.0,10,2,2,479950.0,484950.0,474950.0,0.010417751849150954,1,263950.0,1,False,True,False,False,4,0.6804004554333298,326558.19858522667,True,True,1,1.0,2,False
100000005473151100,peripheral,0.6,0.5113,B,False,8,0.06,0.8914107699154428,0.9114374721851357,0.9274588340008901,0.9483756119270138,0.3333333333333333,0.0,"выраженных признаков нет: 3 вх./4 исх., оборот 1.2 млн; связан с 1 seed; взаимные переводы с 1",1.0,1,False,225000.0,6,4,1220000.0,4,3,6,1220000.0,1445000.0,995000.0,0.18442622950819673,1,60000.0,1,False,True,False,False,0,0.05013761734864999,61167.893165352994,True,False,1,0.9111111111111111,2,False
100000005474472100,terminal,0.512,0.3069,B,False,27,0.256,0.7805963506898086,0.018691588785046728,0.0,0.5927903871829105,0.0,0.0,"конечная точка в пределах выгрузки: получил 100 тыс от 1 плательщика, исходящих нет; доля seed-денег ~24%",0.6666666666666666,2,False,0.0,0,0,100000.0,1,1,1,100000.0,100000.0,100000.0,0.0,0,0.0,0,False,True,False,False,0,0.235,23500.0,False,False,0,,1,False
100000005475379100,peripheral,0.6,0.2667,B,True,16,0.06,0.46239430351579885,0.018691588785046728,0.894971072541166,0.6186025812194037,0.0,0.0,"выраженных признаков нет: 1 вх./3 исх., оборот 108 тыс",1.0,3,False,81000.0,3,3,108370.0,1,1,4,108370.0,189370.0,27370.0,0.7474393282273692,0,0.0,0,False,True,False,False,0,0.00504212626999253,546.4152238790905,False,False,0,0.0,1,False
100000005480435100,peripheral,0.2,0.006,A,False,0,0.020000000000000004,0.0,0.0,0.0,0.0,0.0,0.0,[seed] нет переводов в выгрузке: роль определить нельзя,1.0,0,True,0.0,0,0,0.0,0,0,0,0.0,0.0,0.0,,0,0.0,0,False,False,False,True,25,1.0,0.0,False,False,0,,0,False
100000005481280100,peripheral,0.6,0.3242,B,False,18,0.06,0.5055629728526925,0.018691588785046728,0.894971072541166,0.4401424121050289,0.6666666666666666,0.0,"выраженных признаков нет: 1 вх./3 исх., оборот 50 тыс; связан с 2 seed",1.0,2,False,50000.0,3,3,32700.0,1,1,4,50000.0,82700.0,-17300.0,1.529051987767584,2,0.0,0,True,False,False,False,0,0.018129084178819116,906.4542089409558,False,False,0,0.34,1,True
100000005485830100,peripheral,0.6,0.1647,B,False,55,0.06,0.0,0.0,0.9421450823319982,0.7859368046283934,0.0,0.0,"[seed] выраженных признаков нет: 0 вх./5 исх., оборот 276 тыс",1.0,0,True,275885.0,9,5,0.0,0,0,5,275885.0,275885.0,-275885.0,,0,0.0,0,False,False,False,False,6,1.0,0.0,False,False,0,0.0,0,False
100000005493505100,peripheral,0.6,0.2988,B,False,86,0.06,0.778816199376947,0.9114374721851357,0.0,0.5024477080551847,0.3333333333333333,0.0,"[seed] выраженных признаков нет: 3 вх./0 исх., оборот 62 тыс; связан ещё с 1 seed",1.0,0,True,0.0,0,0,62020.0,3,3,3,62020.0,62020.0,62020.0,0.0,1,10000.0,1,False,False,False,False,0,1.0,23099.749971394096,False,False,0,,1,False
100000005495211100,peripheral,0.3,0.0923,A,True,2,0.03,0.33199821984868716,0.018691588785046728,0.0,0.1348464619492657,0.0,0.0,"обрыв выгрузки на последнем колене: получил 14 тыс от 1 плательщика, исходящие неизвестны",1.0,4,False,0.0,0,0,14500.0,1,1,1,14500.0,14500.0,14500.0,0.0,0,0.0,0,False,True,True,False,0,0.012130418223720098,175.89106424394143,False,False,0,,1,False
100000005495722100,peripheral,0.2,0.006,A,False,0,0.020000000000000004,0.0,0.0,0.0,0.0,0.0,0.0,[seed] нет переводов в выгрузке: роль определить нельзя,1.0,0,True,0.0,0,0,0.0,0,0,0,0.0,0.0,0.0,,0,0.0,0,False,False,False,True,26,1.0,0.0,False,False,0,,0,False
100000005496254100,peripheral,0.9,0.2213,B,False,2,0.09000000000000001,0.7138406764574989,0.018691588785046728,0.0,0.11838006230529595,0.3333333333333333,0.0,"выраженных признаков нет: 1 вх./0 исх., оборот 13 тыс; связан с 1 seed",1.0,1,False,0.0,0,0,12700.0,1,1,1,12700.0,12700.0,12700.0,0.0,1,12700.0,1,False,True,False,False,0,1.0,12700.0,False,False,0,,1,False
100000005497148100,peripheral,0.3,0.0704,A,True,5,0.03,0.16110369381397419,0.018691588785046728,0.0,0.2585669781931464,0.0,0.0,"обрыв выгрузки на последнем колене: получил 24 тыс от 1 плательщика, исходящие неизвестны",1.0,4,False,0.0,0,0,24000.0,2,1,1,24000.0,24000.0,24000.0,0.0,0,0.0,0,False,True,True,False,0,0.0011953620415003489,28.688688996008374,False,False,0,,1,False
100000005498992100,distributor,0.56,0.3,B,False,19,0.44800000000000006,0.0,0.0,0.9830885625278148,0.9781931464174455,0.0,0.0,"[seed] веерная рассылка: 16 получателей, отправил 2.3 млн; доля seed-денег ~100%",1.0,0,True,2262868.0,19,16,0.0,0,0,16,2262868.0,2262868.0,-2262868.0,,0,0.0,0,False,False,False,False,0,1.0,0.0,False,False,0,0.0,0,False
100000005505655100,peripheral,0.6,0.3821,B,False,30,0.06,0.7178460169114375,0.8019581664441477,0.6915887850467289,0.34890965732087226,0.3333333333333333,0.0,"выраженных признаков нет: 2 вх./1 исх., оборот 33 тыс; связан с 1 seed; взаимные переводы с 1",1.0,1,False,20000.0,1,1,33070.0,2,2,2,33070.0,53070.0,13070.0,0.6047777441790142,1,13070.0,1,False,True,False,False,0,0.4067931044189233,13452.647963133793,True,False,1,1.0,1,False
100000005507142100,peripheral,0.6,0.4195,B,False,44,0.06,0.7930574098798397,0.9114374721851357,0.894971072541166,0.5927903871829105,0.0,0.0,"выраженных признаков нет: 3 вх./3 исх., оборот 100 тыс; взаимные переводы с 2",1.0,2,False,100000.0,4,3,51000.0,3,3,4,100000.0,151000.0,-49000.0,1.9607843137254901,0,0.0,0,True,False,False,False,0,0.2526011560693642,25260.11560693642,True,False,2,0.0,1,True
100000005514161100,peripheral,0.6,0.4914,B,False,73,0.06,0.936359590565198,0.960836671117045,0.6915887850467289,0.8460169114374722,0.3333333333333333,0.0,"выраженных признаков нет: 4 вх./1 исх., оборот 402 тыс; связан с 1 seed",0.6666666666666666,1,False,50000.0,1,1,401500.0,7,4,5,401500.0,451500.0,351500.0,0.12453300124533001,1,30000.0,1,False,True,False,False,0,0.28933718098846906,116168.87816687033,False,False,0,0.0,2,True
100000005519347100,peripheral,0.6,0.4055,B,False,4,0.06,0.9043168669336894,0.8019581664441477,0.6915887850467289,0.5919003115264797,0.6666666666666666,0.0,"[seed] выраженных признаков нет: 2 вх./1 исх., оборот 99 тыс; связан ещё с 2 seed",1.0,0,True,99000.0,1,1,73100.0,2,2,3,99000.0,172100.0,-25900.0,1.3543091655266757,2,50100.0,1,False,False,False,False,0,1.0,73097.88405867269,False,False,0,0.0,1,False
100000005519998100,peripheral,0.6,0.4643,B,True,41,0.06,0.7058299955496217,0.9114374721851357,0.894971072541166,0.7147307521139297,0.0,1.0,"выраженных признаков нет: 3 вх./3 исх., оборот 188 тыс; участвует в круговых потоках (3+ участника)",1.0,2,False,188000.0,8,3,182000.0,5,3,4,188000.0,370000.0,-6000.0,1.032967032967033,0,0.0,0,True,False,False,False,0,0.06297577629444626,11839.445943355897,True,True,2,0.32978723404255317,1,True
100000005523088100,peripheral,0.6,0.2942,B,False,22,0.06,0.9946595460614153,0.018691588785046728,0.0,0.9096573208722741,0.3333333333333333,0.0,"[seed] выраженных признаков нет: 1 вх./0 исх., оборот 700 тыс; связан ещё с 1 seed",1.0,0,True,0.0,0,0,700000.0,2,1,1,700000.0,700000.0,700000.0,0.0,1,700000.0,1,False,False,False,False,0,1.0,700000.0,False,False,0,,1,False
100000005527892100,peripheral,0.6,0.5117,B,False,23,0.06,0.9025367156208278,0.9114374721851357,0.9657320872274143,0.8909657320872274,0.3333333333333333,0.0,"выраженных признаков нет: 3 вх./8 исх., оборот 552 тыс; связан с 1 seed",0.6666666666666666,1,False,552419.0,8,8,220001.0,3,3,11,552419.0,772420.0,-332418.0,2.510984040981632,1,70000.0,1,True,False,False,False,0,0.12724882183245506,70294.666907863,False,False,0,0.6232949989048168,1,True
100000005530114100,peripheral,0.6,0.3048,B,True,17,0.06,0.3453493546951491,0.8019581664441477,0.6915887850467289,0.6542056074766355,0.0,0.0,"выраженных признаков нет: 2 вх./1 исх., оборот 137 тыс",1.0,3,False,25000.0,1,1,136970.0,2,2,3,136970.0,161970.0,111970.0,0.1825217200846901,0,0.0,0,False,True,False,False,0,0.0014384754764376426,197.0279860076639,False,False,0,1.0,1,False
100000005532138100,peripheral,0.9,0.1071,B,True,9,0.09000000000000001,0.22741433021806853,0.018691588785046728,0.0,0.2825990209167779,0.0,0.0,"выраженных признаков нет: 1 вх./0 исх., оборот 25 тыс",1.0,3,False,0.0,0,0,25046.0,1,1,1,25046.0,25046.0,25046.0,0.0,0,0.0,0,False,True,False,False,0,0.002606720696540984,65.28792656556548,False,False,0,,1,False
100000005539201100,peripheral,0.9,0.3491,B,False,4,0.09000000000000001,0.8593680462839342,0.018691588785046728,0.6915887850467289,0.413440142412105,0.3333333333333333,0.0,"выраженных признаков нет: 1 вх./1 исх., оборот 46 тыс; связан с 1 seed",1.0,1,False,25000.0,1,1,45504.0,1,1,2,45504.0,70504.0,20504.0,0.5494022503516175,1,45504.0,1,False,True,False,False,0,1.0,45504.0,False,False,0,0.0,1,False
100000005539910100,peripheral,0.6,0.3452,B,False,3,0.06,0.8896306186025812,0.018691588785046728,0.833555852247441,0.6105919003115264,0.0,0.0,"выраженных признаков нет: 1 вх./2 исх., оборот 102 тыс",1.0,2,False,22000.0,2,2,102000.0,1,1,3,102000.0,124000.0,80000.0,0.21568627450980393,0,0.0,0,False,True,False,False,0,0.5737704918032787,58524.59016393442,False,False,0,0.0,1,False
100000005543136100,peripheral,0.9,0.1198,B,False,86,0.09000000000000001,0.0,0.0,0.6915887850467289,0.06987093902981753,0.3333333333333333,0.0,"[seed] выраженных признаков нет: 0 вх./1 исх., оборот 10 тыс; связан ещё с 1 seed",1.0,0,True,10000.0,1,1,0.0,0,0,1,10000.0,10000.0,-10000.0,,1,0.0,0,False,False,False,False,0,1.0,0.0,False,False,0,0.0,0,False
100000005546031100,peripheral,0.6,0.4413,B,False,58,0.06,0.8758344459279038,0.9114374721851357,0.6915887850467289,0.5153538050734312,0.3333333333333333,0.0,"выраженных признаков нет: 3 вх./1 исх., оборот 67 тыс; связан с 1 seed; взаимные переводы с 1",1.0,1,False,8000.0,1,1,66800.0,6,3,3,66800.0,74800.0,58800.0,0.11976047904191617,1,31000.0,1,False,True,False,False,7,0.7625660263544911,50939.410560480006,True,False,1,1.0,2,False
100000005547096100,peripheral,0.6,0.3095,B,True,58,0.06,0.6430796617712505,0.018691588785046728,0.833555852247441,0.7467734757454384,0.0,0.0,"выраженных признаков нет: 1 вх./2 исх., оборот 226 тыс; взаимные переводы с 1",1.0,2,False,226300.0,3,2,8000.0,1,1,2,226300.0,234300.0,-218300.0,28.2875,0,0.0,0,True,False,False,False,7,0.02695770309693296,6100.528210835929,True,False,1,0.0,1,False
100000005550592100,peripheral,0.2,0.006,A,False,0,0.020000000000000004,0.0,0.0,0.0,0.0,0.0,0.0,[seed] нет переводов в выгрузке: роль определить нельзя,1.0,0,True,0.0,0,0,0.0,0,0,0,0.0,0.0,0.0,,0,0.0,0,False,False,False,True,27,1.0,0.0,False,False,0,,0,False
100000005553088100,peripheral,0.3,0.0417,A,True,6,0.03,0.05651980418335559,0.018691588785046728,0.0,0.1806853582554517,0.0,0.0,"обрыв выгрузки на последнем колене: получил 18 тыс от 1 плательщика, исходящие неизвестны",1.0,4,False,0.0,0,0,17500.0,1,1,1,17500.0,17500.0,17500.0,0.0,0,0.0,0,False,True,True,False,0,0.00025803726716068477,4.515652175311984,False,False,0,,1,False
100000005560900100,peripheral,0.2,0.006,A,False,0,0.020000000000000004,0.0,0.0,0.0,0.0,0.0,0.0,[seed] нет переводов в выгрузке: роль определить нельзя,1.0,0,True,0.0,0,0,0.0,0,0,0,0.0,0.0,0.0,,0,0.0,0,False,False,False,True,28,1.0,0.0,False,False,0,,0,False
100000005561741100,peripheral,0.9,0.1668,B,True,8,0.09000000000000001,0.5336003560302626,0.018691588785046728,0.0,0.2674677347574544,0.0,0.0,"выраженных признаков нет: 1 вх./0 исх., оборот 25 тыс",1.0,2,False,0.0,0,0,25000.0,1,1,1,25000.0,25000.0,25000.0,0.0,0,0.0,0,False,True,False,False,0,0.05013761734864999,1253.4404337162498,False,False,0,,1,False
100000005567828100,peripheral,0.3,0.142,A,True,8,0.03,0.35781041388518026,0.018691588785046728,0.0,0.5803293279928794,0.0,0.0,"обрыв выгрузки на последнем колене: получил 94 тыс от 1 плательщика, исходящие неизвестны",1.0,4,False,0.0,0,0,94000.0,1,1,1,94000.0,94000.0,94000.0,0.0,0,0.0,0,False,True,True,False,0,0.00236057430792627,221.89398494506938,False,False,0,,1,True
100000005568407100,peripheral,0.2,0.006,A,False,0,0.020000000000000004,0.0,0.0,0.0,0.0,0.0,0.0,[seed] нет переводов в выгрузке: роль определить нельзя,1.0,0,True,0.0,0,0,0.0,0,0,0,0.0,0.0,0.0,,0,0.0,0,False,False,False,True,29,1.0,0.0,False,False,0,,0,False
100000005572303100,peripheral,0.9,0.2971,B,False,4,0.09000000000000001,0.7062750333778371,0.018691588785046728,0.6915887850467289,0.5331553182020472,0.0,0.0,"выраженных признаков нет: 1 вх./1 исх., оборот 75 тыс",1.0,2,False,20000.0,1,1,75000.0,1,1,2,75000.0,95000.0,55000.0,0.26666666666666666,0,0.0,0,False,True,False,False,0,0.15944213270570842,11958.159952928132,False,False,0,0.0,1,False
100000005578559100,distributor,0.458,0.5811,B,True,8,0.36640000000000006,0.6537605696484201,0.8019581664441477,0.9879839786381842,0.9314641744548287,0.0,1.0,"веерная рассылка: 21 получатель, отправил 893 тыс; видимый вход 131 тыс, источник вне выгрузки; участвует в круговых потоках (3+ участника); связь с seed-деньгами слабая, возможна легальная активность",1.0,2,False,893163.67,23,21,131000.0,2,2,23,893163.67,1024163.67,-762163.67,6.818043282442749,0,0.0,0,True,False,False,False,0,0.007716123310628142,6891.761014293182,True,True,0,0.4550061916423448,1,False
100000005584222100,peripheral,0.6,0.4817,B,False,2,0.06,0.9590565198041834,0.8019581664441477,0.833555852247441,0.719626168224299,0.3333333333333333,0.0,"выраженных признаков нет: 2 вх./2 исх., оборот 193 тыс; связан с 1 seed; взаимные переводы с 1",1.0,1,False,108587.0,3,2,192717.0,6,2,3,192717.0,301304.0,84130.0,0.5634531463233653,1,136217.0,1,False,True,False,False,0,0.9891080984918347,190617.9454170509,True,False,1,0.8618619171724056,1,False
100000005588444100,peripheral,0.9,0.2202,B,False,9,0.09000000000000001,0.7102803738317757,0.018691588785046728,0.0,0.11392968402314196,0.3333333333333333,0.0,"выраженных признаков нет: 1 вх./0 исх., оборот 12 тыс; связан с 1 seed",1.0,1,False,0.0,0,0,12300.0,1,1,1,12300.0,12300.0,12300.0,0.0,1,12300.0,1,False,True,False,False,0,1.0,12300.0,False,False,0,,1,False
100000005589319100,peripheral,0.3,0.054,A,True,3,0.03,0.06453048509123276,0.018691588785046728,0.0,0.2870493991989319,0.0,0.0,"обрыв выгрузки на последнем колене: получил 26 тыс от 1 плательщика, исходящие неизвестны",1.0,4,False,0.0,0,0,26000.0,1,1,1,26000.0,26000.0,26000.0,0.0,0,0.0,0,False,True,True,False,0,0.00022949675534038064,5.966915638849897,False,False,0,,1,False
100000005602999100,peripheral,0.6,0.2242,B,True,40,0.06,0.5086782376502003,0.018691588785046728,0.833555852247441,0.16199376947040497,0.0,0.0,"выраженных признаков нет: 1 вх./2 исх., оборот 16 тыс; взаимные переводы с 1",1.0,2,False,16000.0,3,2,5000.0,1,1,2,16000.0,21000.0,-11000.0,3.2,0,0.0,0,True,False,False,False,0,0.06007453776610375,961.1926042576599,True,False,1,0.6875,1,False
100000005608515100,peripheral,0.9,0.2099,B,True,9,0.09000000000000001,0.630173564753004,0.018691588785046728,0.0,0.5051179350244771,0.0,0.0,"выраженных признаков нет: 1 вх./0 исх., оборот 64 тыс",1.0,2,False,0.0,0,0,64000.0,4,1,1,64000.0,64000.0,64000.0,0.0,0,0.0,0,False,True,False,False,0,0.08156762832521543,5220.328212813787,False,False,0,,1,False
100000005610717100,peripheral,0.6,0.3914,B,True,2,0.06,0.5901201602136181,0.960836671117045,0.6915887850467289,0.8713840676457499,0.0,0.0,"выраженных признаков нет: 4 вх./1 исх., оборот 484 тыс",1.0,3,False,265200.0,7,1,484500.0,6,4,5,484500.0,749700.0,219300.0,0.5473684210526316,0,0.0,0,False,True,False,False,0,0.005682425252076707,2753.1350346311647,False,False,0,0.8378582202111614,1,False
100000005612411100,peripheral,0.6,0.5098,B,False,3,0.06,0.8985313751668892,0.9114374721851357,0.9657320872274143,0.8807298620382733,0.3333333333333333,0.0,"выраженных признаков нет: 3 вх./8 исх., оборот 507 тыс; связан с 1 seed",0.6666666666666666,1,False,506997.0,8,8,115500.0,4,3,11,506997.0,622497.0,-391497.0,4.389584415584416,1,65000.0,1,True,False,False,False,0,0.13578708805921993,68843.64628476033,False,False,0,0.5143955486916096,2,False
100000005614315100,terminal,0.818,0.4287,B,False,4,0.409,0.9870939029817535,0.018691588785046728,0.0,0.8624833110814419,0.0,0.0,"конечная точка в пределах выгрузки: получил 455 тыс от 1 плательщика, исходящих нет; доля seed-денег ~99%",1.0,2,False,0.0,0,0,455000.0,1,1,1,455000.0,455000.0,455000.0,0.0,0,0.0,0,False,True,False,False,0,0.987620248246787,449367.21295228804,False,False,0,,1,False
100000005616568100,peripheral,0.3,0.18,A,True,5,0.03,0.3947485536270583,0.018691588785046728,0.0,0.8865153538050734,0.0,0.0,"обрыв выгрузки на последнем колене: получил 530 тыс от 1 плательщика, исходящие неизвестны",1.0,4,False,0.0,0,0,530000.0,1,1,1,530000.0,530000.0,530000.0,0.0,0,0.0,0,False,True,True,False,0,0.0005591587629772298,296.3541443779318,False,False,0,,1,False
100000005619339100,peripheral,0.9,0.1932,B,True,4,0.09000000000000001,0.43880729862038276,0.018691588785046728,0.6915887850467289,0.02892745883400089,0.0,0.0,"выраженных признаков нет: 1 вх./1 исх., оборот 5 тыс",1.0,2,False,5442.6,1,1,5000.0,1,1,2,5442.6,10442.6,-442.60000000000036,1.0885200000000002,0,0.0,0,True,False,False,False,0,0.07838450621014684,426.61551349934524,False,False,0,0.0,1,True
100000005620225100,peripheral,0.9,0.3599,B,False,2,0.09000000000000001,0.8549176680017802,0.8019581664441477,0.0,0.4392523364485981,0.3333333333333333,0.0,"выраженных признаков нет: 2 вх./0 исх., оборот 50 тыс; связан с 1 seed",1.0,1,False,0.0,0,0,49845.66,2,2,2,49845.66,49845.66,49845.66,0.0,1,43923.0,1,False,True,False,False,0,0.8812730438839277,43927.63651260334,False,False,0,,1,False
100000005621418100,peripheral,0.3,0.0612,A,True,31,0.03,0.08500222518914108,0.018691588785046728,0.0,0.3186470850022252,0.0,0.0,"обрыв выгрузки на последнем колене: получил 30 тыс от 1 плательщика, исходящие неизвестны",1.0,4,False,0.0,0,0,30000.0,1,1,1,30000.0,30000.0,30000.0,0.0,0,0.0,0,False,True,True,False,0,0.0003227185896603177,9.68155768980953,False,False,0,,1,False
100000005628518100,peripheral,0.9,0.1775,B,True,20,0.09000000000000001,0.4499332443257677,0.018691588785046728,0.0,0.5416110369381397,0.0,0.0,"выраженных признаков нет: 1 вх./0 исх., оборот 77 тыс",0.6666666666666666,3,False,0.0,0,0,77000.0,3,1,1,77000.0,77000.0,77000.0,0.0,0,0.0,0,False,True,False,False,0,0.00639396966669694,492.3356643356644,False,False,0,,1,False
100000005634552100,peripheral,0.6,0.4,B,False,2,0.06,0.7975077881619937,0.018691588785046728,0.894971072541166,0.9479305740987984,0.3333333333333333,0.0,"выраженных признаков нет: 1 вх./3 исх., оборот 1.2 млн; связан с 1 seed",1.0,1,False,1196000.0,4,3,25850.0,1,1,4,1196000.0,1221850.0,-1170150.0,46.2669245647969,1,25850.0,1,True,False,False,False,0,0.02161371237458194,25850.0,False,False,0,0.0,1,False
100000005636951100,peripheral,0.3,0.1697,A,True,32,0.03,0.5959056519804183,0.018691588785046728,0.0,0.3818424566088118,0.0,0.0,"обрыв выгрузки на последнем колене: получил 40 тыс от 1 плательщика, исходящие неизвестны",1.0,4,False,0.0,0,0,40000.0,1,1,1,40000.0,40000.0,40000.0,0.0,0,0.0,0,False,True,True,False,0,0.07825203252032521,3130.0813008130085,False,False,0,,1,False
100000005660203100,peripheral,0.6,0.3938,B,False,4,0.06,0.9906542056074766,0.018691588785046728,0.833555852247441,0.8945260347129506,0.0,0.0,"выраженных признаков нет: 1 вх./2 исх., оборот 573 тыс; взаимные переводы с 1",1.0,2,False,41000.0,5,2,572899.0,12,1,2,572899.0,613899.0,531899.0,0.07156584319400104,0,0.0,0,False,True,False,False,0,0.9121782645981255,522586.01561000146,True,False,1,1.0,1,True
100000005661528100,peripheral,0.9,0.0987,B,True,6,0.09000000000000001,0.19270137961726747,0.018691588785046728,0.0,0.2674677347574544,0.0,0.0,"выраженных признаков нет: 1 вх./0 исх., оборот 25 тыс",1.0,3,False,0.0,0,0,25000.0,1,1,1,25000.0,25000.0,25000.0,0.0,0,0.0,0,False,True,False,False,0,0.0016712267427537674,41.780668568844185,False,False,0,,1,False
100000005661829100,peripheral,0.6,0.2225,B,True,20,0.06,0.38673787271918114,0.018691588785046728,0.833555852247441,0.38896306186025814,0.0,0.0,"выраженных признаков нет: 1 вх./2 исх., оборот 40 тыс",1.0,3,False,40362.0,4,2,37790.0,1,1,3,40362.0,78152.0,-2572.0,1.0680603334215402,0,0.0,0,True,False,False,False,0,0.006945465499407598,280.3328784870895,False,False,0,0.837173579109063,1,False
100000005664632100,terminal,0.224,0.2609,B,True,81,0.112,0.7365376056964842,0.018691588785046728,0.0,0.7249666221628839,0.0,0.0,"конечная точка в пределах выгрузки: получил 199 тыс от 1 плательщика, исходящих нет; доля seed-денег ~8%; вход в конце периода, мог переслать позже",1.0,2,False,0.0,0,0,198620.0,18,1,1,198620.0,198620.0,198620.0,0.0,0,0.0,0,False,True,False,False,0,0.0796343192062051,15816.968480736457,False,False,0,,1,True
100000005664922100,peripheral,0.6,0.4284,B,True,27,0.06,0.7445482866043613,0.8019581664441477,0.894971072541166,0.8878504672897196,0.0,0.0,"выраженных признаков нет: 2 вх./3 исх., оборот 537 тыс; взаимные переводы с 1",1.0,2,False,537000.0,4,3,22000.0,2,2,4,537000.0,559000.0,-515000.0,24.40909090909091,0,0.0,0,True,False,False,False,0,0.03195488721804511,17159.774436090225,True,False,1,0.0,1,False
100000005665181100,distributor,0.382,0.4763,B,True,5,0.30560000000000004,0.5242545616377392,0.960836671117045,0.9746328437917223,0.7089452603471295,0.0,0.0,"веерная рассылка: 11 получателей, отправил 182 тыс; видимый вход 45 тыс, источник вне выгрузки; взаимные переводы с 1; связь с seed-деньгами слабая, возможна легальная активность",0.6666666666666666,2,False,181915.0,11,11,45498.0,5,4,14,181915.0,227413.0,-136417.0,3.998307617917271,0,0.0,0,True,False,False,False,0,0.006050002162301774,1100.5861433551272,True,False,1,0.07695901932221093,2,True
100000005667841100,terminal,0.317,0.2836,B,True,13,0.1585,0.38317757009345793,0.8019581664441477,0.0,0.7125055629728527,0.0,0.0,"конечная точка в пределах выгрузки: получил 186 тыс от 2 плательщиков, исходящих нет; доля seed-денег ~0%",1.0,3,False,0.0,0,0,186000.0,2,2,2,186000.0,186000.0,186000.0,0.0,0,0.0,0,False,True,False,False,0,0.0014549249210915845,270.61603532303474,False,False,0,,2,False
100000005668605100,peripheral,0.6,0.3249,B,False,22,0.06,0.8931909212283045,0.9114374721851357,0.0,0.5816644414775256,0.3333333333333333,0.0,"[seed] выраженных признаков нет: 3 вх./0 исх., оборот 94 тыс; связан ещё с 1 seed",1.0,0,True,0.0,0,0,94500.0,3,3,3,94500.0,94500.0,94500.0,0.0,1,54000.0,1,False,False,False,False,0,1.0,63068.23749604789,False,False,0,,1,False
100000005669845100,peripheral,0.9,0.2392,B,False,34,0.09000000000000001,0.7605696484201158,0.018691588785046728,0.0,0.20382732532265244,0.3333333333333333,0.0,"выраженных признаков нет: 1 вх./0 исх., оборот 20 тыс; связан с 1 seed",1.0,1,False,0.0,0,0,20000.0,1,1,1,20000.0,20000.0,20000.0,0.0,1,20000.0,1,False,True,False,False,3,1.0,20000.0,False,False,0,,1,False
100000005674387100,peripheral,0.9,0.0882,B,True,1,0.09000000000000001,0.1272808188696039,0.018691588785046728,0.0,0.2932799287939475,0.0,0.0,"выраженных признаков нет: 1 вх./0 исх., оборот 26 тыс",1.0,3,False,0.0,0,0,26200.0,1,1,1,26200.0,26200.0,26200.0,0.0,0,0.0,0,False,True,False,False,1,0.0006645076819004415,17.410101265791567,False,False,0,,1,False
100000005685783100,peripheral,0.3,0.0664,A,True,1,0.03,0.12461059190031153,0.018691588785046728,0.0,0.2906097018246551,0.0,0.0,"обрыв выгрузки на последнем колене: получил 26 тыс от 1 плательщика, исходящие неизвестны",1.0,4,False,0.0,0,0,26150.0,1,1,1,26150.0,26150.0,26150.0,0.0,0,0.0,0,False,True,True,False,1,0.0006645076819004415,17.376875881696545,False,False,0,,1,True
100000005704413100,distributor,0.54,0.607,B,True,8,0.43200000000000005,0.5985758789497108,0.9114374721851357,0.9937694704049844,0.9554962171784601,0.0,1.0,"веерная рассылка: 32 получателя, отправил 1.4 млн; видимый вход 98 тыс, источник вне выгрузки; участвует в круговых потоках (3+ участника); связь с seed-деньгами слабая, возможна легальная активность",1.0,3,False,1363593.0,35,32,97834.67,4,3,34,1363593.0,1461427.67,-1265758.33,13.9377278014021,0,0.0,0,True,False,False,False,0,0.00236057430792627,3218.862602268106,True,True,1,0.44522449147216214,2,False
100000005709551100,peripheral,0.9,0.1364,B,True,12,0.09000000000000001,0.38228749443702714,0.018691588785046728,0.0,0.2656875834445928,0.0,0.0,"выраженных признаков нет: 1 вх./0 исх., оборот 25 тыс",1.0,3,False,0.0,0,0,24560.0,1,1,1,24560.0,24560.0,24560.0,0.0,0,0.0,0,False,True,False,False,0,0.01080586935790613,265.3921514301745,False,False,0,,1,False
100000005711521100,peripheral,0.3,0.1553,A,True,12,0.03,0.33600356030262574,0.018691588785046728,0.0,0.7570093457943925,0.0,0.0,"обрыв выгрузки на последнем колене: получил 238 тыс от 1 плательщика, исходящие неизвестны",1.0,4,False,0.0,0,0,238000.0,1,1,1,238000.0,238000.0,238000.0,0.0,0,0.0,0,False,True,True,False,0,0.0007573189113019926,180.24190088987424,False,False,0,,1,False
100000005723580100,peripheral,0.3,0.0952,A,True,13,0.03,0.2345349354695149,0.018691588785046728,0.0,0.3591455273698264,0.0,0.0,"обрыв выгрузки на последнем колене: получил 35 тыс от 1 плательщика, исходящие неизвестны",1.0,4,False,0.0,0,0,35000.0,1,1,1,35000.0,35000.0,35000.0,0.0,0,0.0,0,False,True,True,False,0,0.0020004285237071743,70.0149983297511,False,False,0,,1,False
100000005730108100,peripheral,0.9,0.1395,B,False,2,0.09000000000000001,0.5042278593680463,0.018691588785046728,0.0,0.0529595015576324,0.0,0.0,"выраженных признаков нет: 1 вх./0 исх., оборот 8 тыс",1.0,2,False,0.0,0,0,8000.0,1,1,1,8000.0,8000.0,8000.0,0.0,0,0.0,0,False,True,False,False,0,0.11151733516156032,892.1386812924825,False,False,0,,1,False
100000005744674100,peripheral,0.9,0.1526,B,False,22,0.09000000000000001,0.0,0.0,0.6915887850467289,0.4552736982643525,0.3333333333333333,0.0,"[seed] выраженных признаков нет: 0 вх./1 исх., оборот 50 тыс; связан ещё с 1 seed",1.0,0,True,50066.0,2,1,0.0,0,0,1,50066.0,50066.0,-50066.0,,1,0.0,0,False,False,False,False,0,1.0,0.0,False,False,0,0.0,0,False
100000005745873100,peripheral,0.3,0.0947,A,True,49,0.03,0.03871829105473965,0.018691588785046728,0.0,0.7458834000890076,0.0,0.0,"обрыв выгрузки на последнем колене: получил 223 тыс от 1 плательщика, исходящие неизвестны",1.0,4,False,0.0,0,0,223000.0,1,1,1,223000.0,223000.0,223000.0,0.0,0,0.0,0,False,True,True,False,0,4.608548103680518e-06,1.0277062271207555,False,False,0,,1,False
100000005754335100,peripheral,0.9,0.1745,B,True,50,0.09000000000000001,0.5051179350244771,0.018691588785046728,0.0,0.4009790832220739,0.0,0.0,"выраженных признаков нет: 1 вх./0 исх., оборот 44 тыс",1.0,3,False,0.0,0,0,44037.0,1,1,1,44037.0,44037.0,44037.0,0.0,0,0.0,0,False,True,False,False,0,0.020513425536907454,903.3497203687936,False,False,0,,1,False
100000005756189100,peripheral,0.9,0.2017,B,True,5,0.09000000000000001,0.2421005785491767,0.018691588785046728,0.6915887850467289,0.507343124165554,0.0,0.0,"выраженных признаков нет: 1 вх./1 исх., оборот 65 тыс",1.0,3,False,49050.0,1,1,65000.0,1,1,2,65000.0,114050.0,15950.0,0.7546153846153846,0,0.0,0,False,True,False,False,0,0.0011953620415003489,77.69853269752268,False,False,0,1.0,1,False
100000005756535100,peripheral,0.9,0.1364,B,True,1,0.09000000000000001,0.413440142412105,0.018691588785046728,0.0,0.20382732532265244,0.0,0.0,"выраженных признаков нет: 1 вх./0 исх., оборот 20 тыс",1.0,3,False,0.0,0,0,20000.0,1,1,1,20000.0,20000.0,20000.0,0.0,0,0.0,0,False,True,False,False,1,0.017185010363675823,343.70020727351647,False,False,0,,1,False
100000005767403100,peripheral,0.3,0.2476,A,True,41,0.03,0.7044948820649756,0.018691588785046728,0.0,0.9434801958166444,0.0,0.0,"обрыв выгрузки на последнем колене: получил 1.1 млн от 1 плательщика, исходящие неизвестны",1.0,4,False,0.0,0,0,1100000.0,2,1,1,1100000.0,1100000.0,1100000.0,0.0,0,0.0,0,False,True,True,False,0,0.010727121317214665,11799.833448936131,False,False,0,,1,True
100000005778283100,terminal,0.793,0.5831,B,False,9,0.3965,0.9813084112149533,0.9114374721851357,0.0,0.9025367156208278,0.6666666666666666,0.0,"конечная точка в пределах выгрузки: получил 616 тыс от 3 плательщиков, исходящих нет; доля seed-денег ~56%; связан с 2 seed",1.0,1,False,0.0,0,0,615760.0,3,3,3,615760.0,615760.0,615760.0,0.0,2,345760.0,2,False,True,False,False,0,0.56266047581536,346463.8145880661,False,False,0,,1,False
100000005782781100,distributor,0.375,0.5659,B,True,9,0.30000000000000004,0.6008010680907877,0.9853137516688919,0.9719626168224299,0.9501557632398754,0.0,1.0,"веерная рассылка: 10 получателей, отправил 1.3 млн; видимый вход 172 тыс, источник вне выгрузки; участвует в круговых потоках (3+ участника)",0.6666666666666666,2,False,1263597.0,10,10,171888.0,10,6,16,1263597.0,1435485.0,-1091709.0,7.351281066741134,0,0.0,0,True,False,False,False,0,0.002606720696540984,3293.8444519870977,True,True,0,1.0,3,False
100000005782886100,peripheral,0.3,0.0671,A,True,7,0.03,0.2096128170894526,0.018691588785046728,0.0,0.1277258566978193,0.0,0.0,"обрыв выгрузки на последнем колене: получил 14 тыс от 1 плательщика, исходящие неизвестны",1.0,4,False,0.0,0,0,14000.0,1,1,1,14000.0,14000.0,14000.0,0.0,0,0.0,0,False,True,True,False,0,0.0037947605764307966,53.12664807003115,False,False,0,,1,False
100000005783452100,peripheral,0.3,0.2136,A,True,11,0.03,0.21762349799732977,0.8019581664441477,0.0,0.7939474855362706,0.0,0.0,"обрыв выгрузки на последнем колене: получил 286 тыс от 2 плательщиков, исходящие неизвестны",1.0,4,False,0.0,0,0,286500.0,2,2,2,286500.0,286500.0,286500.0,0.0,0,0.0,0,False,True,True,False,0,0.00020279640651212015,58.101170465722426,False,False,0,,2,True
100000005799271100,peripheral,0.9,0.2433,B,False,16,0.09000000000000001,0.846906987093903,0.018691588785046728,0.0,0.4054294615042279,0.0,0.0,"выраженных признаков нет: 1 вх./0 исх., оборот 45 тыс",1.0,2,False,0.0,0,0,45000.0,2,1,1,45000.0,45000.0,45000.0,0.0,0,0.0,0,False,True,False,False,0,0.8897223934094113,40037.50770342351,False,False,0,,1,False
100000005807278100,peripheral,0.9,0.2071,B,False,55,0.09000000000000001,0.6733422340898977,0.018691588785046728,0.0,0.05696484201157098,0.3333333333333333,0.0,"выраженных признаков нет: 1 вх./0 исх., оборот 8 тыс; связан с 1 seed",1.0,1,False,0.0,0,0,8385.0,1,1,1,8385.0,8385.0,8385.0,0.0,1,8385.0,1,False,True,False,False,6,1.0,8385.0,False,False,0,,1,False
100000005809252100,peripheral,0.9,0.1745,B,True,5,0.09000000000000001,0.5718736092567869,0.018691588785046728,0.0,0.2674677347574544,0.0,0.0,"выраженных признаков нет: 1 вх./0 исх., оборот 25 тыс",1.0,2,False,0.0,0,0,25000.0,1,1,1,25000.0,25000.0,25000.0,0.0,0,0.0,0,False,True,False,False,0,0.08756018575156388,2189.004643789097,False,False,0,,1,True
100000005815602100,peripheral,0.6,0.2806,B,True,4,0.06,0.5972407654650645,0.018691588785046728,0.6915887850467289,0.6915887850467289,0.0,0.0,"выраженных признаков нет: 1 вх./1 исх., оборот 165 тыс",1.0,3,False,165000.0,1,1,20000.0,1,1,2,165000.0,185000.0,-145000.0,8.25,0,0.0,0,True,False,False,False,0,0.019326319115843444,3188.8426541141685,False,False,0,0.0,1,False
100000005820746100,peripheral,0.6,0.3676,B,True,27,0.06,0.890520694259012,0.018691588785046728,0.6915887850467289,0.9746328437917223,0.0,0.0,"выраженных признаков нет: 1 вх./1 исх., оборот 2.0 млн; взаимные переводы с 1",1.0,3,False,60000.0,1,1,1989000.0,2,1,1,1989000.0,2049000.0,1929000.0,0.030165912518853696,0,0.0,0,False,True,False,False,0,0.030380546082895164,60426.90615887848,True,False,1,0.0,1,False
100000005830339100,peripheral,0.6,0.3902,B,True,3,0.06,0.577659101023587,0.9777481085892301,0.6915887850467289,0.8673787271918113,0.0,0.0,"выраженных признаков нет: 5 вх./1 исх., оборот 476 тыс",1.0,3,False,339251.0,1,1,476341.0,12,5,6,476341.0,815592.0,137090.0,0.7122019729563485,0,0.0,0,False,True,False,False,0,0.004954806960703392,2360.1777024684143,False,False,0,0.0,1,False
100000005834479100,peripheral,0.6,0.1736,B,True,6,0.06,0.2696929238985314,0.018691588785046728,0.833555852247441,0.1344014241210503,0.0,0.0,"выраженных признаков нет: 1 вх./2 исх., оборот 14 тыс",1.0,2,False,14470.0,2,2,7500.0,1,1,3,14470.0,21970.0,-6970.0,1.9293333333333333,0,0.0,0,True,False,False,False,0,0.007327492206948221,106.02881223454077,False,False,0,0.0,1,False
100000005844459100,terminal,0.482,0.4642,B,False,2,0.241,0.9501557632398754,0.8019581664441477,0.0,0.7632398753894081,0.3333333333333333,0.0,"конечная точка в пределах выгрузки: получил 243 тыс от 2 плательщиков, исходящих нет; доля seed-денег ~62%; вход в конце периода, мог переслать позже; связан с 1 seed",1.0,1,False,0.0,0,0,243400.0,2,2,2,243400.0,243400.0,243400.0,0.0,1,150000.0,1,False,True,False,False,0,0.6209243264671137,151132.98106209547,False,False,0,,1,True
100000005847078100,peripheral,0.9,0.0684,B,True,1,0.09000000000000001,0.09212283044058744,0.018691588785046728,0.0,0.16644414775255897,0.0,0.0,"выраженных признаков нет: 1 вх./0 исх., оборот 16 тыс",1.0,3,False,0.0,0,0,16300.0,1,1,1,16300.0,16300.0,16300.0,0.0,0,0.0,0,False,True,False,False,1,0.0006645076819004414,10.831475214977196,False,False,0,,1,False
100000005849100100,peripheral,0.9,0.2327,B,False,3,0.09000000000000001,0.8219848687138407,0.018691588785046728,0.0,0.34979973297730305,0.0,0.0,"выраженных признаков нет: 1 вх./0 исх., оборот 33 тыс",1.0,2,False,0.0,0,0,33300.0,1,1,1,33300.0,33300.0,33300.0,0.0,0,0.0,0,False,True,False,False,0,1.0,33300.0,False,False,0,,1,False
100000005849862100,peripheral,0.3,0.0593,A,True,9,0.03,0.17445482866043613,0.018691588785046728,0.0,0.12016021361815754,0.0,0.0,"обрыв выгрузки на последнем колене: получил 13 тыс от 1 плательщика, исходящие неизвестны",1.0,4,False,0.0,0,0,13000.0,2,1,1,13000.0,13000.0,13000.0,0.0,0,0.0,0,False,True,True,False,0,0.002606720696540984,33.88736905503279,False,False,0,,1,False
100000005852946100,peripheral,0.9,0.2497,B,False,3,0.09000000000000001,0.7859368046283934,0.018691588785046728,0.0,0.2576769025367156,0.3333333333333333,0.0,"выраженных признаков нет: 1 вх./0 исх., оборот 24 тыс; связан с 1 seed",1.0,1,False,0.0,0,0,23746.0,1,1,1,23746.0,23746.0,23746.0,0.0,1,23746.0,1,False,True,False,False,0,1.0,23746.0,False,False,0,,1,False
100000005857058100,peripheral,0.6,0.2935,B,True,2,0.06,0.632398753894081,0.9114374721851357,0.0,0.5487316421895861,0.0,0.0,"выраженных признаков нет: 3 вх./0 исх., оборот 80 тыс",0.6666666666666666,3,False,0.0,0,0,80222.0,3,3,3,80222.0,80222.0,80222.0,0.0,0,0.0,0,False,True,False,False,0,0.0680452302489843,5458.7244610340185,False,False,0,,1,False
100000005873152100,peripheral,0.9,0.2818,B,False,16,0.09000000000000001,0.6114819759679573,0.018691588785046728,0.6915887850467289,0.06987093902981753,0.0,1.0,"выраженных признаков нет: 1 вх./1 исх., оборот 10 тыс; участвует в круговых потоках (3+ участника)",1.0,3,False,10000.0,1,1,10000.0,1,1,2,10000.0,20000.0,0.0,1.0,0,0.0,0,False,True,False,False,0,0.39325783483589166,3932.5783483589166,True,True,0,0.0,1,False
100000005877725100,peripheral,0.9,0.2987,B,False,1,0.09000000000000001,0.9003115264797508,0.018691588785046728,0.0,0.5189141076991545,0.3333333333333333,0.0,"выраженных признаков нет: 1 вх./0 исх., оборот 70 тыс; связан с 1 seed",1.0,1,False,0.0,0,0,70000.0,1,1,1,70000.0,70000.0,70000.0,0.0,1,70000.0,1,False,True,False,False,1,1.0,70000.0,False,False,0,,1,False
100000005878334100,peripheral,0.3,0.1409,A,True,23,0.03,0.3729417000445038,0.018691588785046728,0.0,0.5393858477970628,0.0,0.0,"обрыв выгрузки на последнем колене: получил 76 тыс от 1 плательщика, исходящие неизвестны",1.0,4,False,0.0,0,0,76400.0,2,1,1,76400.0,76400.0,76400.0,0.0,0,0.0,0,False,True,True,False,0,0.003184334109309539,243.28312595124876,False,False,0,,1,True
100000005882013100,peripheral,0.6,0.4518,B,False,12,0.06,0.831330663106364,0.8019581664441477,0.6915887850467289,0.6519804183355585,0.0,1.0,"выраженных признаков нет: 2 вх./1 исх., оборот 135 тыс; участвует в круговых потоках (3+ участника)",1.0,2,False,10000.0,1,1,135000.0,3,2,2,135000.0,145000.0,125000.0,0.07407407407407407,0,0.0,0,False,True,False,False,0,0.2643500468322974,35687.25632236015,True,True,1,1.0,1,True
100000005888829100,peripheral,0.3,0.1441,A,True,7,0.03,0.29728526924788606,0.018691588785046728,0.0,0.7227414330218068,0.0,0.0,"обрыв выгрузки на последнем колене: получил 197 тыс от 1 плательщика, исходящие неизвестны",1.0,4,False,0.0,0,0,197000.0,1,1,1,197000.0,197000.0,197000.0,0.0,0,0.0,0,False,True,True,False,0,0.0006623694689706608,130.48678538722018,False,False,0,,1,False
100000005893892100,terminal,0.301,0.1735,B,True,5,0.1505,0.2892745883400089,0.018691588785046728,0.0,0.6114819759679573,0.0,0.0,"конечная точка в пределах выгрузки: получил 103 тыс от 1 плательщика, исходящих нет; доля seed-денег ~0%",0.6666666666666666,3,False,0.0,0,0,102780.0,1,1,1,102780.0,102780.0,102780.0,0.0,0,0.0,0,False,True,False,False,0,0.0011953620415003489,122.85931062540585,False,False,0,,1,False
100000005895525100,terminal,0.707,0.4101,B,False,55,0.3535,0.9381397418780596,0.018691588785046728,0.0,0.6350689808633734,0.3333333333333333,0.0,"конечная точка в пределах выгрузки: получил 120 тыс от 1 плательщика, исходящих нет; доля seed-денег ~100%; связан с 1 seed",0.6666666666666666,1,False,0.0,0,0,120000.0,3,1,1,120000.0,120000.0,120000.0,0.0,1,120000.0,1,False,True,False,False,6,1.0,120000.0,False,False,0,,1,False
100000005897462100,peripheral,0.9,0.3113,B,False,16,0.09000000000000001,0.9274588340008901,0.018691588785046728,0.0,0.5914552736982643,0.3333333333333333,0.0,"выраженных признаков нет: 1 вх./0 исх., оборот 98 тыс; связан с 1 seed",0.6666666666666666,1,False,0.0,0,0,98400.0,1,1,1,98400.0,98400.0,98400.0,0.0,1,98400.0,1,False,True,False,False,0,1.0,98400.0,False,False,0,,1,False
100000005901606100,peripheral,0.9,0.2694,B,False,1,0.09000000000000001,0.8308856252781487,0.018691588785046728,0.0,0.3649310191366266,0.3333333333333333,0.0,"выраженных признаков нет: 1 вх./0 исх., оборот 36 тыс; связан с 1 seed",1.0,1,False,0.0,0,0,35660.0,1,1,1,35660.0,35660.0,35660.0,0.0,1,35660.0,1,False,True,False,False,1,1.0,35660.0,False,False,0,,1,False
100000005904580100,peripheral,0.9,0.3054,B,False,10,0.09000000000000001,0.7036048064085447,0.8019581664441477,0.0,0.5295950155763239,0.0,0.0,"выраженных признаков нет: 2 вх./0 исх., оборот 72 тыс",1.0,2,False,0.0,0,0,72000.0,2,2,2,72000.0,72000.0,72000.0,0.0,0,0.0,0,False,True,False,False,0,0.16215503292474545,11675.162370581673,False,False,0,,2,False
100000005910114100,distributor,0.59,0.686,B,False,2,0.472,0.5914552736982643,0.9114374721851357,0.986648865153538,0.9599465954606141,0.6666666666666666,1.0,"веерная рассылка: 19 получателей, отправил 1.5 млн; видимый вход 326 тыс, источник вне выгрузки; связан с 2 seed; участвует в круговых потоках (3+ участника)",1.0,3,False,1469993.0,56,19,326144.0,3,3,22,1469993.0,1796137.0,-1143849.0,4.507190075549451,2,0.0,0,True,False,False,False,0,0.001893265656291003,2783.0872618881804,True,True,0,0.42215711231277975,1,False
100000005910895100,peripheral,0.3,0.0944,A,True,40,0.03,0.3978638184245661,0.018691588785046728,0.0,0.024477080551846907,0.0,0.0,"обрыв выгрузки на последнем колене: получил 5 тыс от 1 плательщика, исходящие неизвестны",1.0,4,False,0.0,0,0,5100.0,1,1,1,5100.0,5100.0,5100.0,0.0,0,0.0,0,False,True,True,False,0,0.05889660565304288,300.3726888305187,False,False,0,,1,True
100000005911352100,peripheral,0.6,0.3427,B,False,45,0.06,0.6306186025812194,0.8019581664441477,0.894971072541166,0.2585669781931464,0.0,0.0,"выраженных признаков нет: 2 вх./3 исх., оборот 24 тыс; взаимные переводы с 1",1.0,2,False,24000.0,3,3,15000.0,2,2,4,24000.0,39000.0,-9000.0,1.6,0,0.0,0,True,False,False,False,0,0.21784015296367112,5228.163671128107,True,False,1,0.0,1,False
100000005931985100,peripheral,0.9,0.1922,B,True,11,0.09000000000000001,0.52514463729417,0.018691588785046728,0.0,0.5380507343124166,0.0,0.0,"выраженных признаков нет: 1 вх./0 исх., оборот 76 тыс",0.6666666666666666,2,False,0.0,0,0,76000.0,1,1,1,76000.0,76000.0,76000.0,0.0,0,0.0,0,False,True,False,False,0,0.014564327988666305,1106.8889271386392,False,False,0,,1,True
100000005932987100,peripheral,0.9,0.1991,B,False,41,0.09000000000000001,0.6951490876724522,0.018691588785046728,0.0,0.2674677347574544,0.0,0.0,"выраженных признаков нет: 1 вх./0 исх., оборот 25 тыс",1.0,2,False,0.0,0,0,25000.0,3,1,1,25000.0,25000.0,25000.0,0.0,0,0.0,0,False,True,False,False,0,0.4132968733201513,10332.421833003782,False,False,0,,1,True
100000005933757100,distributor,0.555,0.6201,B,True,15,0.44400000000000006,0.6025812194036493,0.960836671117045,0.9942145082331998,0.9870939029817535,0.0,1.0,"веерная рассылка: 34 получателя, отправил 3.0 млн; видимый вход 1.2 млн, источник вне выгрузки; участвует в круговых потоках (3+ участника); связь с seed-деньгами слабая, возможна легальная активность",1.0,2,False,3002628.0,46,34,1246000.0,6,4,36,3002628.0,4248628.0,-1756628.0,2.409813804173355,0,0.0,0,True,False,False,False,0,0.0011056727811859502,3319.9240516268073,True,True,2,0.6113238136725562,2,False
100000005939154100,peripheral,0.9,0.1786,B,False,4,0.09000000000000001,0.6070315976858033,0.018691588785046728,0.0,0.23809523809523808,0.0,0.0,"выраженных признаков нет: 1 вх./0 исх., оборот 22 тыс",1.0,2,False,0.0,0,0,22000.0,2,1,1,22000.0,22000.0,22000.0,0.0,0,0.0,0,False,True,False,False,0,0.15944213270570842,3507.7269195255853,False,False,0,,1,False
100000005940652100,peripheral,0.9,0.2072,B,False,48,0.09000000000000001,0.673787271918113,0.018691588785046728,0.0,0.05740987983978638,0.3333333333333333,0.0,"выраженных признаков нет: 1 вх./0 исх., оборот 8 тыс; связан с 1 seed",1.0,1,False,0.0,0,0,8395.0,1,1,1,8395.0,8395.0,8395.0,0.0,1,8395.0,1,False,True,False,False,0,1.0,8395.0,False,False,0,,1,False
100000005941908100,peripheral,0.9,0.1627,B,False,15,0.09000000000000001,0.6119270137961726,0.018691588785046728,0.0,0.06987093902981753,0.0,0.0,"выраженных признаков нет: 1 вх./0 исх., оборот 10 тыс",1.0,3,False,0.0,0,0,10000.0,1,1,1,10000.0,10000.0,10000.0,0.0,0,0.0,0,False,True,False,False,0,0.3937260793678754,3937.260793678754,False,False,0,,1,False
100000005942793100,peripheral,0.6,0.2743,B,True,2,0.06,0.5469514908767246,0.960836671117045,0.0,0.4779706275033378,0.0,0.0,"выраженных признаков нет: 4 вх./0 исх., оборот 55 тыс",0.6666666666666666,2,False,0.0,0,0,55000.0,4,4,4,55000.0,55000.0,55000.0,0.0,0,0.0,0,False,True,False,False,0,0.027399137090884568,1506.9525399986512,False,False,0,,2,False
100000005958064100,peripheral,0.6,0.3359,B,False,15,0.06,0.636849132176235,0.018691588785046728,0.833555852247441,0.6898086337338674,0.3333333333333333,0.0,"выраженных признаков нет: 1 вх./2 исх., оборот 164 тыс; связан с 1 seed",1.0,1,False,163986.84,3,2,5746.0,1,1,3,163986.84,169732.84,-158240.84,28.539303863557258,1,5746.0,1,True,False,False,False,0,0.03503939706381317,5746.0,False,False,0,0.0,1,False
100000005961971100,peripheral,0.9,0.2826,B,False,1,0.09000000000000001,0.8660436137071651,0.018691588785046728,0.0,0.4272363150867824,0.3333333333333333,0.0,"выраженных признаков нет: 1 вх./0 исх., оборот 47 тыс; связан с 1 seed",1.0,1,False,0.0,0,0,47353.0,1,1,1,47353.0,47353.0,47353.0,0.0,1,47353.0,1,False,True,False,False,1,1.0,47353.0,False,False,0,,1,False
100000005974542100,peripheral,0.9,0.2236,B,True,26,0.09000000000000001,0.660436137071651,0.018691588785046728,0.0,0.5816644414775256,0.0,0.0,"выраженных признаков нет: 1 вх./0 исх., оборот 94 тыс",0.6666666666666666,3,False,0.0,0,0,94500.0,3,1,1,94500.0,94500.0,94500.0,0.0,0,0.0,0,False,True,False,False,0,0.07628757666226421,7209.175994583968,False,False,0,,1,False
100000005979037100,peripheral,0.3,0.1047,A,True,6,0.03,0.21228304405874499,0.018691588785046728,0.0,0.49888740542946153,0.0,0.0,"обрыв выгрузки на последнем колене: получил 60 тыс от 1 плательщика, исходящие неизвестны",1.0,4,False,0.0,0,0,60300.0,1,1,1,60300.0,60300.0,60300.0,0.0,0,0.0,0,False,True,True,False,0,0.0009037817444989981,54.498039193289586,False,False,0,,1,False
100000005995391100,peripheral,0.9,0.0701,B,True,1,0.09000000000000001,0.09523809523809523,0.018691588785046728,0.0,0.17668001780151313,0.0,0.0,"выраженных признаков нет: 1 вх./0 исх., оборот 17 тыс",1.0,3,False,0.0,0,0,17200.0,1,1,1,17200.0,17200.0,17200.0,0.0,0,0.0,0,False,True,False,False,1,0.0006645076819004414,11.429532128687592,False,False,0,,1,False
100000005996909100,peripheral,0.9,0.1404,B,False,18,0.09000000000000001,0.5198041833555852,0.018691588785046728,0.0,0.030262572318647086,0.0,0.0,"выраженных признаков нет: 1 вх./0 исх., оборот 6 тыс",1.0,3,False,0.0,0,0,5500.0,1,1,1,5500.0,5500.0,5500.0,0.0,0,0.0,0,False,True,False,False,0,0.19141122539118238,1052.7617396515031,False,False,0,,1,True
100000006008169100,peripheral,0.9,0.2987,B,False,10,0.09000000000000001,0.9003115264797508,0.018691588785046728,0.0,0.5189141076991545,0.3333333333333333,0.0,"выраженных признаков нет: 1 вх./0 исх., оборот 70 тыс; связан с 1 seed",1.0,1,False,0.0,0,0,70000.0,1,1,1,70000.0,70000.0,70000.0,0.0,1,70000.0,1,False,True,False,False,0,1.0,70000.0,False,False,0,,1,False
100000006020215100,peripheral,0.6,0.2562,B,False,12,0.06,0.40720961281708945,0.018691588785046728,0.833555852247441,0.3515798842901647,0.3333333333333333,0.0,"выраженных признаков нет: 1 вх./2 исх., оборот 34 тыс; связан с 1 seed",1.0,3,False,33800.0,2,2,30000.0,1,1,3,33800.0,63800.0,-3800.0,1.1266666666666667,1,0.0,0,True,False,False,False,0,0.009591008305833842,324.1760807371839,False,False,0,0.0,1,False
100000006030946100,peripheral,0.9,0.3008,B,False,1,0.09000000000000001,0.9052069425901201,0.018691588785046728,0.0,0.5309301290609701,0.3333333333333333,0.0,"выраженных признаков нет: 1 вх./0 исх., оборот 73 тыс; связан с 1 seed",1.0,1,False,0.0,0,0,73289.0,1,1,1,73289.0,73289.0,73289.0,0.0,1,73289.0,1,False,True,False,False,1,1.0,73289.0,False,False,0,,1,False
100000006048193100,peripheral,0.9,0.1634,B,True,2,0.09000000000000001,0.4530485091232755,0.018691588785046728,0.0,0.3938584779706275,0.0,0.0,"выраженных признаков нет: 1 вх./0 исх., оборот 42 тыс",1.0,3,False,0.0,0,0,41559.0,1,1,1,41559.0,41559.0,41559.0,0.0,0,0.0,0,False,True,False,False,0,0.012130418223720098,504.12805095958356,False,False,0,,1,False
100000006069103100,peripheral,0.6,0.5014,B,False,65,0.06,0.940809968847352,0.9114374721851357,0.894971072541166,0.7828215398308856,0.3333333333333333,0.0,"выраженных признаков нет: 3 вх./3 исх., оборот 270 тыс; связан с 1 seed; взаимные переводы с 1",1.0,1,False,270000.0,4,3,228818.0,3,3,5,270000.0,498818.0,-41182.0,1.1799770997036947,1,29118.0,1,True,False,False,False,0,0.4732217074902592,127769.86102848589,True,False,1,0.16666666666666666,1,False
100000006100920100,terminal,0.3,0.1622,B,True,2,0.15,0.24254561637739208,0.018691588785046728,0.0,0.5927903871829105,0.0,0.0,"конечная точка в пределах выгрузки: получил 100 тыс от 1 плательщика, исходящих нет; доля seed-денег ~0%",0.6666666666666666,3,False,0.0,0,0,100000.0,1,1,1,100000.0,100000.0,100000.0,0.0,0,0.0,0,False,True,False,False,0,0.0007828429461319701,78.28429461319702,False,False,0,,1,False
100000006111439100,peripheral,0.6,0.2711,B,True,47,0.06,0.20160213618157544,0.9114374721851357,0.9274588340008901,0.2585669781931464,0.0,0.0,"выраженных признаков нет: 3 вх./4 исх., оборот 24 тыс; взаимные переводы с 1",1.0,3,False,24000.0,4,4,20570.0,3,3,6,24000.0,44570.0,-3430.0,1.166747690811862,0,0.0,0,True,False,False,False,0,0.0020715662332025588,49.71758959686141,True,False,1,0.0,1,False
100000006111442100,peripheral,0.9,0.1538,B,True,13,0.09000000000000001,0.3493546951490877,0.018691588785046728,0.0,0.5051179350244771,0.0,0.0,"выраженных признаков нет: 1 вх./0 исх., оборот 64 тыс",1.0,3,False,0.0,0,0,64000.0,1,1,1,64000.0,64000.0,64000.0,0.0,0,0.0,0,False,True,False,False,0,0.0031368677280701304,200.75953459648835,False,False,0,,1,False
100000006122699100,peripheral,0.9,0.2813,B,False,87,0.09000000000000001,0.641299510458389,0.8019581664441477,0.0,0.41388518024032045,0.0,0.0,"выраженных признаков нет: 2 вх./0 исх., оборот 46 тыс",1.0,2,False,0.0,0,0,45865.0,2,2,2,45865.0,45865.0,45865.0,0.0,0,0.0,0,False,True,False,False,0,0.13023076799052433,5973.034173885399,False,False,0,,2,False
100000006126743100,peripheral,0.9,0.1268,B,True,5,0.09000000000000001,0.22830440587449932,0.018691588785046728,0.0,0.4779706275033378,0.0,0.0,"выраженных признаков нет: 1 вх./0 исх., оборот 55 тыс",1.0,3,False,0.0,0,0,55000.0,1,1,1,55000.0,55000.0,55000.0,0.0,0,0.0,0,False,True,False,False,0,0.0011953620415003489,65.7449122825192,False,False,0,,1,False
100000006161893100,peripheral,0.9,0.1905,B,False,4,0.09000000000000001,0.7218513573653761,0.018691588785046728,0.0,0.1277258566978193,0.0,0.0,"выраженных признаков нет: 1 вх./0 исх., оборот 14 тыс",1.0,2,False,0.0,0,0,14000.0,1,1,1,14000.0,14000.0,14000.0,0.0,0,0.0,0,False,True,False,False,0,1.0,14000.0,False,False,0,,1,False
100000006165886100,peripheral,0.6,0.331,B,True,2,0.06,0.4477080551846907,0.8019581664441477,0.6915887850467289,0.7107254116599911,0.0,0.0,"выраженных признаков нет: 2 вх./1 исх., оборот 184 тыс",1.0,3,False,75000.0,1,1,184481.0,2,2,3,184481.0,259481.0,109481.0,0.4065459315593476,0,0.0,0,False,True,False,False,0,0.0025915485702800393,478.09147179383194,False,False,0,1.0,1,True
100000006169033100,peripheral,0.6,0.3101,B,True,50,0.06,0.5157988429016467,0.018691588785046728,0.894971072541166,0.9461504227859368,0.0,0.0,"выраженных признаков нет: 1 вх./3 исх., оборот 1.1 млн; взаимные переводы с 1",1.0,3,False,1140271.0,10,3,49000.0,1,1,3,1140271.0,1189271.0,-1091271.0,23.270836734693876,0,0.0,0,True,False,False,False,0,0.0008815078619981261,1005.1578513084653,True,False,1,0.0,1,False
100000006171671100,peripheral,0.3,0.035,A,True,2,0.03,0.07832665776591011,0.018691588785046728,0.0,0.06987093902981753,0.0,0.0,"обрыв выгрузки на последнем колене: получил 10 тыс от 1 плательщика, исходящие неизвестны",1.0,4,False,0.0,0,0,10000.0,1,1,1,10000.0,10000.0,10000.0,0.0,0,0.0,0,False,True,True,False,0,0.0008464425810733717,8.464425810733717,False,False,0,,1,False
100000006177176100,peripheral,0.9,0.2085,B,False,4,0.09000000000000001,0.678237650200267,0.018691588785046728,0.0,0.06141522029372497,0.3333333333333333,0.0,"выраженных признаков нет: 1 вх./0 исх., оборот 9 тыс; связан с 1 seed",1.0,1,False,0.0,0,0,8911.0,1,1,1,8911.0,8911.0,8911.0,0.0,1,8911.0,1,False,True,False,False,0,1.0,8911.0,False,False,0,,1,False
100000006209210100,terminal,0.326,0.2276,B,True,9,0.163,0.4690698709390298,0.018691588785046728,0.0,0.7485536270583,0.0,0.0,"конечная точка в пределах выгрузки: получил 229 тыс от 1 плательщика, исходящих нет; доля seed-денег ~0%",1.0,3,False,0.0,0,0,229111.0,1,1,1,229111.0,229111.0,229111.0,0.0,0,0.0,0,False,True,False,False,0,0.0026067206965409836,597.2283855052013,False,False,0,,1,False
100000006225798100,peripheral,0.6,0.3949,B,True,17,0.06,0.5393858477970628,0.9114374721851357,0.833555852247441,0.914997774810859,0.0,0.0,"выраженных признаков нет: 3 вх./2 исх., оборот 722 тыс",1.0,3,False,26300.0,2,2,722000.0,4,3,5,722000.0,748300.0,695700.0,0.03642659279778394,0,0.0,0,False,True,False,False,0,0.0018750453329112505,1353.7827303619229,False,False,0,0.0,1,False
100000006232642100,peripheral,0.3,0.1844,A,True,50,0.03,0.4281263907432132,0.018691588785046728,0.0,0.8638184245660881,0.0,0.0,"обрыв выгрузки на последнем колене: получил 456 тыс от 1 плательщика, исходящие неизвестны",1.0,4,False,0.0,0,0,456000.0,4,1,1,456000.0,456000.0,456000.0,0.0,0,0.0,0,False,True,True,False,0,0.0008815078619981261,401.9675850711455,False,False,0,,1,False
100000006232815100,peripheral,0.6,0.3176,B,False,34,0.06,0.8834000890075656,0.018691588785046728,0.9421450823319982,0.79884290164664,0.0,0.0,"[seed] выраженных признаков нет: 1 вх./5 исх., оборот 296 тыс; взаимные переводы с 1",1.0,0,True,296500.0,5,5,160000.0,2,1,5,296500.0,456500.0,-136500.0,1.853125,0,0.0,0,False,False,False,False,3,1.0,54398.64003399915,True,False,1,0.0,1,False
100000006240939100,peripheral,0.6,0.3532,B,True,32,0.06,0.7200712060525145,0.018691588785046728,0.9421450823319982,0.9207832665776591,0.0,0.0,"выраженных признаков нет: 1 вх./5 исх., оборот 778 тыс",1.0,2,False,778015.0,5,5,160000.0,1,1,6,778015.0,938015.0,-618015.0,4.86259375,0,0.0,0,True,False,False,False,0,0.01755562114530678,13658.536585365855,False,False,0,0.2120331870208158,1,False
100000006248077100,peripheral,0.9,0.2169,B,False,4,0.09000000000000001,0.6973742768135291,0.018691588785046728,0.0,0.4401424121050289,0.0,0.0,"выраженных признаков нет: 1 вх./0 исх., оборот 50 тыс",1.0,2,False,0.0,0,0,50000.0,1,1,1,50000.0,50000.0,50000.0,0.0,0,0.0,0,False,True,False,False,0,0.21505044049875338,10752.522024937669,False,False,0,,1,False
100000006249740100,peripheral,0.6,0.1432,B,False,63,0.06,0.0,0.0,0.894971072541166,0.5794392523364486,0.0,0.0,"[seed] выраженных признаков нет: 0 вх./3 исх., оборот 93 тыс",1.0,0,True,93007.0,5,3,0.0,0,0,3,93007.0,93007.0,-93007.0,,0,0.0,0,False,False,False,False,9,1.0,0.0,False,False,0,0.0,0,False
100000006257675100,peripheral,0.3,0.1679,A,True,25,0.03,0.5180240320427236,0.018691588785046728,0.0,0.5189141076991545,0.0,0.0,"обрыв выгрузки на последнем колене: получил 70 тыс от 1 плательщика, исходящие неизвестны",1.0,4,False,0.0,0,0,70000.0,2,1,1,70000.0,70000.0,70000.0,0.0,0,0.0,0,False,True,True,False,0,0.014688435872330433,1028.1905110631303,False,False,0,,1,False
100000006274203100,peripheral,0.6,0.4547,B,False,20,0.06,0.6582109479305741,0.8019581664441477,0.894971072541166,0.9906542056074766,0.3333333333333333,0.0,"выраженных признаков нет: 2 вх./3 исх., оборот 3.4 млн; связан с 1 seed; взаимные переводы с 1",1.0,3,False,72000.0,3,3,3417512.0,41,2,4,3417512.0,3489512.0,3345512.0,0.02106795821053445,1,0.0,0,False,True,False,False,0,0.002093565814100168,7154.7862924770925,True,False,1,0.06944444444444445,1,True
100000006288612100,peripheral,0.3,0.0745,A,True,10,0.03,0.14241210502892745,0.018691588785046728,0.0,0.33600356030262574,0.0,0.0,"обрыв выгрузки на последнем колене: получил 31 тыс от 1 плательщика, исходящие неизвестны",1.0,4,False,0.0,0,0,30805.0,3,1,1,30805.0,30805.0,30805.0,0.0,0,0.0,0,False,True,True,False,0,0.0007106107656919252,21.890364637139754,False,False,0,,1,False
100000006308406100,peripheral,0.3,0.201,A,True,25,0.03,0.5878949710725412,0.018691588785046728,0.0,0.7102803738317757,0.0,0.0,"обрыв выгрузки на последнем колене: получил 183 тыс от 1 плательщика, исходящие неизвестны",1.0,4,False,0.0,0,0,183000.0,2,1,1,183000.0,183000.0,183000.0,0.0,0,0.0,0,False,True,True,False,0,0.014688435872330432,2687.983764636469,False,False,0,,1,False
100000006326645100,peripheral,0.9,0.2538,B,False,1,0.09000000000000001,0.7935024477080552,0.018691588785046728,0.0,0.2834890965732087,0.3333333333333333,0.0,"выраженных признаков нет: 1 вх./0 исх., оборот 25 тыс; связан с 1 seed",1.0,1,False,0.0,0,0,25264.0,1,1,1,25264.0,25264.0,25264.0,0.0,1,25264.0,1,False,True,False,False,1,1.0,25264.0,False,False,0,,1,False
100000006351075100,peripheral,0.3,0.0546,A,True,49,0.03,0.020026702269692925,0.018691588785046728,0.0,0.3818424566088118,0.0,0.0,"обрыв выгрузки на последнем колене: получил 40 тыс от 1 плательщика, исходящие неизвестны",1.0,4,False,0.0,0,0,40000.0,2,1,1,40000.0,40000.0,40000.0,0.0,0,0.0,0,False,True,True,False,0,4.608548103680518e-06,0.18434192414722073,False,False,0,,1,True
100000006369769100,peripheral,0.9,0.2738,B,False,1,0.09000000000000001,0.8446817979528259,0.018691588785046728,0.0,0.3818424566088118,0.3333333333333333,0.0,"выраженных признаков нет: 1 вх./0 исх., оборот 40 тыс; связан с 1 seed",1.0,1,False,0.0,0,0,40000.0,1,1,1,40000.0,40000.0,40000.0,0.0,1,40000.0,1,False,True,False,False,1,1.0,40000.0,False,False,0,,1,False
100000006381453100,peripheral,0.3,0.0843,A,True,7,0.03,0.1570983533600356,0.018691588785046728,0.0,0.4054294615042279,0.0,0.0,"обрыв выгрузки на последнем колене: получил 45 тыс от 1 плательщика, исходящие неизвестны",1.0,4,False,0.0,0,0,45000.0,1,1,1,45000.0,45000.0,45000.0,0.0,0,0.0,0,False,True,True,False,0,0.0005861204561496211,26.37542052673295,False,False,0,,1,False
100000006385877100,peripheral,0.9,0.3125,B,False,19,0.09000000000000001,0.8135291499777481,0.018691588785046728,0.6915887850467289,0.472630173564753,0.0,0.0,"выраженных признаков нет: 1 вх./1 исх., оборот 54 тыс; взаимные переводы с 1",1.0,2,False,36602.93,5,1,53706.62,5,1,1,53706.62,90309.55,17103.690000000002,0.6815347903107661,0,0.0,0,False,True,False,False,0,0.5607238274214438,30114.581524269062,True,False,1,0.3033344598369584,1,True
100000006412162100,peripheral,0.3,0.0327,A,True,21,0.03,0.032487761459724075,0.018691588785046728,0.0,0.13840676457498888,0.0,0.0,"обрыв выгрузки на последнем колене: получил 15 тыс от 1 плательщика, исходящие неизвестны",1.0,4,False,0.0,0,0,15000.0,2,1,1,15000.0,15000.0,15000.0,0.0,0,0.0,0,False,True,True,False,0,4.838494154612191e-05,0.7257741231918287,False,False,0,,1,True
100000006416061100,peripheral,0.3,0.1254,A,True,64,0.03,0.40587449933244324,0.018691588785046728,0.0,0.3186470850022252,0.0,0.0,"обрыв выгрузки на последнем колене: получил 30 тыс от 1 плательщика, исходящие неизвестны",1.0,4,False,0.0,0,0,30000.0,1,1,1,30000.0,30000.0,30000.0,0.0,0,0.0,0,False,True,True,False,0,0.01067726850094838,320.3180550284514,False,False,0,,1,True
100000006424479100,peripheral,0.6,0.3832,B,False,12,0.06,0.9470404984423676,0.018691588785046728,0.833555852247441,0.8758344459279038,0.0,0.0,"выраженных признаков нет: 1 вх./2 исх., оборот 500 тыс",1.0,2,False,220000.0,3,2,500000.0,2,1,3,500000.0,720000.0,280000.0,0.44,0,0.0,0,False,True,False,False,0,0.29331991497830256,146659.95748915127,False,False,0,0.0,1,True
100000006443391100,peripheral,0.6,0.4591,B,False,19,0.06,0.8696039163328882,0.9114374721851357,0.833555852247441,0.5634178905206942,0.3333333333333333,0.0,"выраженных признаков нет: 3 вх./2 исх., оборот 87 тыс; связан с 1 seed; взаимные переводы с 2",1.0,1,False,60041.71000000001,6,2,86775.93,7,3,3,86775.93,146817.64,26734.219999999987,0.6919166409394865,1,25173.0,1,False,True,False,False,0,0.5607238274214438,48657.331597655284,True,False,2,0.8944885147341739,1,True
100000006444163100,peripheral,0.9,0.0966,B,True,38,0.09000000000000001,0.2963951935914553,0.018691588785046728,0.0,0.039163328882955054,0.0,0.0,"выраженных признаков нет: 1 вх./0 исх., оборот 6 тыс",1.0,3,False,0.0,0,0,6026.0,1,1,1,6026.0,6026.0,6026.0,0.0,0,0.0,0,False,True,False,False,0,0.021399489664792135,128.95332472003741,False,False,0,,1,False
100000006445501100,peripheral,0.9,0.3079,B,False,16,0.09000000000000001,0.9190031152647975,0.018691588785046728,0.0,0.5740987983978638,0.3333333333333333,0.0,"выраженных признаков нет: 1 вх./0 исх., оборот 91 тыс; связан с 1 seed",0.6666666666666666,1,False,0.0,0,0,91000.0,1,1,1,91000.0,91000.0,91000.0,0.0,1,91000.0,1,False,True,False,False,0,1.0,91000.0,False,False,0,,1,False
100000006446271100,peripheral,0.9,0.3765,B,False,3,0.09000000000000001,0.8842901646639965,0.8019581664441477,0.0,0.5460614152202937,0.3333333333333333,0.0,"выраженных признаков нет: 2 вх./0 исх., оборот 80 тыс; связан с 1 seed",0.6666666666666666,1,False,0.0,0,0,80000.0,2,2,2,80000.0,80000.0,80000.0,0.0,1,50000.0,1,False,True,False,False,0,0.6808665387343663,54469.32309874931,False,False,0,,2,False
100000006471232100,peripheral,0.9,0.1049,B,True,1,0.09000000000000001,0.1602136181575434,0.018691588785046728,0.0,0.3947485536270583,0.0,0.0,"выраженных признаков нет: 1 вх./0 исх., оборот 42 тыс",1.0,3,False,0.0,0,0,41800.0,1,1,1,41800.0,41800.0,41800.0,0.0,0,0.0,0,False,True,False,False,1,0.0006645076819004414,27.77642110343845,False,False,0,,1,False
100000006476758100,peripheral,0.9,0.1458,B,False,16,0.09000000000000001,0.5496217178460169,0.018691588785046728,0.0,0.025367156208277702,0.0,0.0,"выраженных признаков нет: 1 вх./0 исх., оборот 5 тыс",1.0,3,False,0.0,0,0,5200.0,1,1,1,5200.0,5200.0,5200.0,0.0,0,0.0,0,False,True,False,False,0,0.3,1560.0,False,False,0,,1,False
100000006490557100,peripheral,0.9,0.1201,B,True,9,0.09000000000000001,0.4294615042278594,0.018691588785046728,0.0,0.008455718736092568,0.0,0.0,"выраженных признаков нет: 1 вх./0 исх., оборот 5 тыс",1.0,2,False,0.0,0,0,5000.0,1,1,1,5000.0,5000.0,5000.0,0.0,0,0.0,0,False,True,False,False,0,0.08156762832521543,407.8381416260771,False,False,0,,1,False
100000006490615100,peripheral,0.3,0.1087,A,True,12,0.03,0.28437917222963954,0.018691588785046728,0.0,0.3943035157988429,0.0,0.0,"обрыв выгрузки на последнем колене: получил 42 тыс от 1 плательщика, исходящие неизвестны",1.0,4,False,0.0,0,0,41600.0,6,1,1,41600.0,41600.0,41600.0,0.0,0,0.0,0,False,True,True,False,0,0.002825802656356205,117.55339050441813,False,False,0,,1,False
100000006491272100,peripheral,0.9,0.0882,B,True,1,0.09000000000000001,0.1272808188696039,0.018691588785046728,0.0,0.2932799287939475,0.0,0.0,"выраженных признаков нет: 1 вх./0 исх., оборот 26 тыс",1.0,3,False,0.0,0,0,26200.0,1,1,1,26200.0,26200.0,26200.0,0.0,0,0.0,0,False,True,False,False,1,0.0006645076819004415,17.410101265791567,False,False,0,,1,False
100000006491963100,peripheral,0.3,0.0353,A,True,21,0.03,0.03382287494437027,0.018691588785046728,0.0,0.16199376947040497,0.0,0.0,"обрыв выгрузки на последнем колене: получил 16 тыс от 1 плательщика, исходящие неизвестны",1.0,4,False,0.0,0,0,16000.0,3,1,1,16000.0,16000.0,16000.0,0.0,0,0.0,0,False,True,True,False,0,4.838494154612191e-05,0.7741590647379505,False,False,0,,1,True
100000006492770100,peripheral,0.6,0.2431,B,True,2,0.06,0.3644859813084112,0.018691588785046728,0.6915887850467289,0.7819314641744548,0.0,0.0,"выраженных признаков нет: 1 вх./1 исх., оборот 269 тыс",1.0,3,False,20000.0,1,1,269000.0,1,1,2,269000.0,289000.0,249000.0,0.07434944237918216,0,0.0,0,False,True,False,False,0,0.0008464425810733717,227.69305430873698,False,False,0,1.0,1,False
100000006512787100,peripheral,0.3,0.0571,A,True,2,0.03,0.12149532710280374,0.018691588785046728,0.0,0.20382732532265244,0.0,0.0,"обрыв выгрузки на последнем колене: получил 20 тыс от 1 плательщика, исходящие неизвестны",1.0,4,False,0.0,0,0,20000.0,2,1,1,20000.0,20000.0,20000.0,0.0,0,0.0,0,False,True,True,False,0,0.0008464425810733717,16.928851621467434,False,False,0,,1,False
100000006518161100,transit,0.467,0.6102,C,False,4,0.3269,0.9915442812639075,0.9114374721851357,0.833555852247441,0.8967512238540276,0.3333333333333333,0.0,"признаки транзита: получил 594 тыс, отправил 596 тыс; 71% отправлено в течение 2 дней после входа; связан с 1 seed; взаимные переводы с 1; доля seed-денег ~91%",1.0,1,False,595899.0,13,2,594200.0,13,3,4,595899.0,1190099.0,-1699.0,1.002859306630764,1,521200.0,1,True,False,False,False,0,0.9121782645981255,543566.1156957584,True,False,1,0.7147167556918202,2,True
100000006522972100,peripheral,0.9,0.0836,B,True,5,0.09000000000000001,0.21673342234089898,0.018691588785046728,0.0,0.06853582554517133,0.0,0.0,"выраженных признаков нет: 1 вх./0 исх., оборот 10 тыс",1.0,3,False,0.0,0,0,9515.0,1,1,1,9515.0,9515.0,9515.0,0.0,0,0.0,0,False,True,False,False,0,0.006050002162301774,57.56577057430138,False,False,0,,1,False
100000006523053100,peripheral,0.9,0.1553,B,False,3,0.09000000000000001,0.6052514463729417,0.018691588785046728,0.0,0.008455718736092568,0.0,0.0,"выраженных признаков нет: 1 вх./0 исх., оборот 5 тыс",1.0,2,False,0.0,0,0,5000.0,1,1,1,5000.0,5000.0,5000.0,0.0,0,0.0,0,False,True,False,False,0,0.6878735506379688,3439.3677531898443,False,False,0,,1,False
100000006527156100,peripheral,0.3,0.1206,A,True,56,0.03,0.32532265242545616,0.018691588785046728,0.0,0.43124165554072097,0.0,0.0,"обрыв выгрузки на последнем колене: получил 48 тыс от 1 плательщика, исходящие неизвестны",1.0,4,False,0.0,0,0,48500.0,1,1,1,48500.0,48500.0,48500.0,0.0,0,0.0,0,False,True,True,False,0,0.003464152501965917,168.01139634534698,False,False,0,,1,False
100000006530134100,terminal,0.309,0.2653,B,True,5,0.1545,0.3213173119715176,0.8019581664441477,0.0,0.6680017801513128,0.0,0.0,"конечная точка в пределах выгрузки: получил 145 тыс от 2 плательщиков, исходящих нет; доля seed-денег ~0%",0.6666666666666666,3,False,0.0,0,0,144663.0,2,2,2,144663.0,144663.0,144663.0,0.0,0,0.0,0,False,True,False,False,0,0.001128569324836008,163.26222423875143,False,False,0,,1,False
100000006532229100,terminal,0.301,0.1586,B,True,13,0.1505,0.2131731197151758,0.018691588785046728,0.0,0.6145972407654651,0.0,0.0,"конечная точка в пределах выгрузки: получил 105 тыс от 1 плательщика, исходящих нет; доля seed-денег ~0%",0.6666666666666666,3,False,0.0,0,0,105000.0,1,1,1,105000.0,105000.0,105000.0,0.0,0,0.0,0,False,True,False,False,0,0.0005218969528553998,54.79918004981698,False,False,0,,1,False
100000006534886100,peripheral,0.6,0.3285,B,False,4,0.06,0.8340008900756565,0.018691588785046728,0.6915887850467289,0.6969292389853138,0.0,0.0,"выраженных признаков нет: 1 вх./1 исх., оборот 168 тыс; взаимные переводы с 1",1.0,2,False,167500.0,8,1,71700.0,5,1,1,167500.0,239200.0,-95800.0,2.336122733612273,0,0.0,0,True,False,False,False,0,0.2149984122438449,36012.23405084402,True,False,1,0.4835820895522388,1,True
100000006557763100,peripheral,0.9,0.178,B,False,3,0.09000000000000001,0.6880284824210058,0.018691588785046728,0.0,0.06987093902981753,0.0,0.0,"выраженных признаков нет: 1 вх./0 исх., оборот 10 тыс",1.0,2,False,0.0,0,0,10000.0,1,1,1,10000.0,10000.0,10000.0,0.0,0,0.0,0,False,True,False,False,0,1.0,10000.0,False,False,0,,1,False
100000006562026100,peripheral,0.9,0.4132,B,False,63,0.09000000000000001,0.9074321317311972,0.8019581664441477,0.0,0.5331553182020472,0.6666666666666666,0.0,"выраженных признаков нет: 2 вх./0 исх., оборот 75 тыс; связан с 2 seed",0.6666666666666666,1,False,0.0,0,0,75000.0,6,2,2,75000.0,75000.0,75000.0,0.0,2,75000.0,2,False,True,False,False,9,1.0,75000.0,False,False,0,,1,False
100000006564102100,terminal,0.327,0.2997,B,False,3,0.1635,0.82688028482421,0.018691588785046728,0.0,0.7521139296840231,0.0,0.0,"конечная точка в пределах выгрузки: получил 233 тыс от 1 плательщика, исходящих нет; доля seed-денег ~15%",1.0,2,False,0.0,0,0,233235.0,1,1,1,233235.0,233235.0,233235.0,0.0,0,0.0,0,False,True,False,False,0,0.14897743662497684,34746.75243122647,False,False,0,,1,False
100000006567935100,terminal,0.32,0.2124,B,True,35,0.16,0.40898976412995103,0.018691588785046728,0.0,0.7271918113039608,0.0,0.0,"конечная точка в пределах выгрузки: получил 200 тыс от 1 плательщика, исходящих нет; доля seed-денег ~0%",1.0,2,False,0.0,0,0,200000.0,1,1,1,200000.0,200000.0,200000.0,0.0,0,0.0,0,False,True,False,False,0,0.0016500185893891888,330.00371787783774,False,False,0,,1,False
100000006573438100,peripheral,0.9,0.0873,B,True,50,0.09000000000000001,0.2652425456163774,0.018691588785046728,0.0,0.008455718736092568,0.0,0.0,"выраженных признаков нет: 1 вх./0 исх., оборот 5 тыс",1.0,3,False,0.0,0,0,5000.0,1,1,1,5000.0,5000.0,5000.0,0.0,0,0.0,0,False,True,False,False,0,0.020513425536907454,102.56712768453727,False,False,0,,1,False
100000006579678100,peripheral,0.6,0.4994,B,False,4,0.06,0.8651535380507344,0.8019581664441477,0.9528259902091678,0.9657320872274143,0.3333333333333333,0.0,"выраженных признаков нет: 2 вх./6 исх., оборот 1.7 млн; связан с 1 seed; взаимные переводы с 2",1.0,1,False,1668800.0,15,6,192930.0,2,2,6,1668800.0,1861730.0,-1475870.0,8.649769346395066,1,42930.0,1,True,False,False,False,0,0.028265736107453254,47169.86041611799,True,False,2,0.12080536912751678,1,False
100000006595426100,peripheral,0.9,0.2024,B,True,36,0.09000000000000001,0.5660881174899867,0.018691588785046728,0.0,0.5585224744103249,0.0,0.0,"выраженных признаков нет: 1 вх./0 исх., оборот 85 тыс",0.6666666666666666,2,False,0.0,0,0,84800.0,3,1,1,84800.0,84800.0,84800.0,0.0,0,0.0,0,False,True,False,False,0,0.023501762632197415,1992.9494712103408,False,False,0,,1,False
100000006612238100,peripheral,0.6,0.2785,B,True,1,0.06,0.5892300845571874,0.018691588785046728,0.6915887850467289,0.6862483311081442,0.0,0.0,"выраженных признаков нет: 1 вх./1 исх., оборот 160 тыс; взаимные переводы с 1",1.0,2,False,25000.0,1,1,160000.0,1,1,1,160000.0,185000.0,135000.0,0.15625,0,0.0,0,False,True,False,False,1,0.017185010363675823,2749.6016581881318,True,False,1,1.0,1,False
100000006638021100,peripheral,0.3,0.2316,A,True,57,0.03,0.2839341344014241,0.8019581664441477,0.0,0.8406764574988874,0.0,0.0,"обрыв выгрузки на последнем колене: получил 388 тыс от 2 плательщиков, исходящие неизвестны",1.0,4,False,0.0,0,0,388500.0,2,2,2,388500.0,388500.0,388500.0,0.0,0,0.0,0,False,True,True,False,0,0.00030241664433809873,117.48886632535137,False,False,0,,2,True
100000006641671100,peripheral,0.6,0.2599,B,True,6,0.06,0.3141967067200712,0.8019581664441477,0.6915887850467289,0.2674677347574544,0.0,0.0,"выраженных признаков нет: 2 вх./1 исх., оборот 25 тыс",1.0,3,False,25000.0,3,1,22000.0,2,2,3,25000.0,47000.0,-3000.0,1.1363636363636365,0,0.0,0,True,False,False,False,0,0.0060966791240298236,152.41697810074558,False,False,0,0.8,1,False
100000006656003100,peripheral,0.9,0.3084,B,False,1,0.09000000000000001,0.7605696484201158,0.018691588785046728,0.6915887850467289,0.20382732532265244,0.3333333333333333,0.0,"выраженных признаков нет: 1 вх./1 исх., оборот 20 тыс; связан с 1 seed; взаимные переводы с 1",1.0,1,False,9000.0,1,1,20000.0,1,1,1,20000.0,29000.0,11000.0,0.45,1,20000.0,1,False,True,False,False,1,1.0,20000.0,True,False,1,1.0,1,False
100000006658598100,peripheral,0.9,0.2087,B,False,4,0.09000000000000001,0.6791277258566978,0.018691588785046728,0.0,0.06186025812194036,0.3333333333333333,0.0,"выраженных признаков нет: 1 вх./0 исх., оборот 9 тыс; связан с 1 seed",1.0,1,False,0.0,0,0,9000.0,1,1,1,9000.0,9000.0,9000.0,0.0,1,9000.0,1,False,True,False,False,0,1.0,9000.0,False,False,0,,1,False
100000006664478100,peripheral,0.6,0.2801,B,True,32,0.06,0.6230529595015576,0.018691588785046728,0.833555852247441,0.4931019136626613,0.0,0.0,"выраженных признаков нет: 1 вх./2 исх., оборот 60 тыс",1.0,3,False,60000.0,2,2,55000.0,3,1,3,60000.0,115000.0,-5000.0,1.0909090909090908,0,0.0,0,True,False,False,False,0,0.07825203252032521,4695.121951219513,False,False,0,0.6666666666666666,1,False
100000006679055100,peripheral,0.9,0.1821,B,False,3,0.09000000000000001,0.6101468624833111,0.018691588785046728,0.0,0.2674677347574544,0.0,0.0,"выраженных признаков нет: 1 вх./0 исх., оборот 25 тыс",1.0,2,False,0.0,0,0,25000.0,1,1,1,25000.0,25000.0,25000.0,0.0,0,0.0,0,False,True,False,False,0,0.14897743662497684,3724.435915624421,False,False,0,,1,False
100000006684930100,peripheral,0.9,0.1591,B,False,12,0.09000000000000001,0.5936804628393414,0.018691588785046728,0.0,0.06987093902981753,0.0,0.0,"выраженных признаков нет: 1 вх./0 исх., оборот 10 тыс",1.0,2,False,0.0,0,0,10000.0,1,1,1,10000.0,10000.0,10000.0,0.0,0,0.0,0,False,True,False,False,0,0.29331991497830256,2933.199149783026,False,False,0,,1,False
100000006687202100,peripheral,0.9,0.285,B,False,2,0.09000000000000001,0.8713840676457499,0.018691588785046728,0.0,0.4401424121050289,0.3333333333333333,0.0,"выраженных признаков нет: 1 вх./0 исх., оборот 50 тыс; связан с 1 seed",1.0,1,False,0.0,0,0,50000.0,1,1,1,50000.0,50000.0,50000.0,0.0,1,50000.0,1,False,True,False,False,0,1.0,50000.0,False,False,0,,1,False
100000006689603100,peripheral,0.3,0.1214,A,True,6,0.03,0.12327547841566533,0.018691588785046728,0.0,0.8442367601246106,0.0,0.0,"обрыв выгрузки на последнем колене: получил 400 тыс от 1 плательщика, исходящие неизвестны",1.0,4,False,0.0,0,0,400000.0,2,1,1,400000.0,400000.0,400000.0,0.0,0,0.0,0,False,True,True,False,0,4.279810799009265e-05,17.11924319603706,False,False,0,,1,False
100000006693788100,peripheral,0.3,0.0638,A,True,2,0.03,0.20694259012016022,0.018691588785046728,0.0,0.10057854917668002,0.0,0.0,"обрыв выгрузки на последнем колене: получил 11 тыс от 1 плательщика, исходящие неизвестны",1.0,4,False,0.0,0,0,10764.0,1,1,1,10764.0,10764.0,10764.0,0.0,0,0.0,0,False,True,True,False,0,0.004849960600259524,52.204975901193514,False,False,0,,1,False
100000006701983100,peripheral,0.9,0.0896,B,True,1,0.09000000000000001,0.1308411214953271,0.018691588785046728,0.0,0.30040053404539385,0.0,0.0,"выраженных признаков нет: 1 вх./0 исх., оборот 27 тыс",1.0,3,False,0.0,0,0,27000.0,1,1,1,27000.0,27000.0,27000.0,0.0,0,0.0,0,False,True,False,False,1,0.0006645076819004415,17.94170741131192,False,False,0,,1,False
100000006704530100,transit,0.569,0.3788,B,True,31,0.39829999999999993,0.3097463284379172,0.018691588785046728,0.894971072541166,0.8607031597685804,0.0,0.0,"признаки транзита: получил 450 тыс, отправил 428 тыс (95%); связь с seed-деньгами слабая, возможна легальная активность",1.0,3,False,428000.0,5,3,450500.0,1,1,4,450500.0,878500.0,22500.0,0.9500554938956715,0,0.0,0,False,True,False,False,0,0.0003227185896603177,145.38472464197312,False,False,0,0.0,1,False
100000006706519100,peripheral,0.3,0.0821,A,True,2,0.03,0.16510903426791276,0.018691588785046728,0.0,0.3667111704494882,0.0,0.0,"обрыв выгрузки на последнем колене: получил 36 тыс от 1 плательщика, исходящие неизвестны",1.0,4,False,0.0,0,0,36000.0,3,1,1,36000.0,36000.0,36000.0,0.0,0,0.0,0,False,True,True,False,0,0.0008464425810733718,30.471932918641386,False,False,0,,1,False
100000006707582100,distributor,0.54,0.6115,B,False,29,0.43200000000000005,0.7765910102358701,0.8019581664441477,0.9799732977303071,0.9350244770805518,0.3333333333333333,0.0,"веерная рассылка: 14 получателей, отправил 961 тыс; видимый вход 40 тыс, источник вне выгрузки; связан с 1 seed; взаимные переводы с 1",1.0,1,False,961138.0,15,14,39520.0,2,2,15,961138.0,1000658.0,-921618.0,24.320293522267207,1,22000.0,1,True,False,False,False,0,0.0233145192228211,22408.470376783825,True,False,1,0.9479783340165512,1,False
100000006710485100,peripheral,0.9,0.0755,B,True,1,0.09000000000000001,0.10858923008455719,0.018691588785046728,0.0,0.20382732532265244,0.0,0.0,"выраженных признаков нет: 1 вх./0 исх., оборот 20 тыс",1.0,3,False,0.0,0,0,20000.0,1,1,1,20000.0,20000.0,20000.0,0.0,0,0.0,0,False,True,False,False,1,0.0006645076819004414,13.290153638008828,False,False,0,,1,False
100000006714366100,peripheral,0.9,0.1686,B,True,12,0.09000000000000001,0.28081886960391633,0.018691588785046728,0.6915887850467289,0.09924343569203382,0.0,0.0,"выраженных признаков нет: 1 вх./1 исх., оборот 10 тыс",1.0,3,False,5000.0,1,1,10500.0,1,1,2,10500.0,15500.0,5500.0,0.47619047619047616,0,0.0,0,False,True,False,False,0,0.01080586935790613,113.46162825801436,False,False,0,1.0,1,False
100000006734214100,consolidator,0.437,0.5225,B,True,5,0.3933,0.5371606586559857,0.9777481085892301,0.894971072541166,0.901646639964397,0.0,0.0,"признаки консолидации: 5 плательщиков, получил 610 тыс; отдал дальше 6%; связь с seed-деньгами слабая, возможна легальная активность",0.6666666666666666,3,False,36000.0,4,3,610000.0,10,5,8,610000.0,646000.0,574000.0,0.05901639344262295,0,0.0,0,False,True,False,False,0,0.0021707553498128344,1324.160763385829,False,False,0,0.7222222222222222,2,True
100000006734554100,peripheral,0.9,0.3105,B,False,34,0.09000000000000001,0.739652870493992,0.018691588785046728,0.6915887850467289,0.2674677347574544,0.3333333333333333,0.0,"выраженных признаков нет: 1 вх./1 исх., оборот 25 тыс; связан с 1 seed",1.0,1,False,25000.0,1,1,16500.0,1,1,2,25000.0,41500.0,-8500.0,1.5151515151515151,1,16500.0,1,True,False,False,False,3,0.66,16500.0,False,False,0,0.0,1,False
100000006735545100,peripheral,0.3,0.0226,A,True,6,0.03,0.04672897196261682,0.018691588785046728,0.0,0.008455718736092568,0.0,0.0,"обрыв выгрузки на последнем колене: получил 5 тыс от 1 плательщика, исходящие неизвестны",1.0,4,False,0.0,0,0,5000.0,1,1,1,5000.0,5000.0,5000.0,0.0,0,0.0,0,False,True,True,False,0,0.0004946347490009027,2.4731737450045137,False,False,0,,1,False
100000006745291100,peripheral,0.9,0.3048,B,False,16,0.09000000000000001,0.9132176234979973,0.018691588785046728,0.0,0.5545171339563862,0.3333333333333333,0.0,"выраженных признаков нет: 1 вх./0 исх., оборот 83 тыс; связан с 1 seed",0.6666666666666666,1,False,0.0,0,0,82534.0,1,1,1,82534.0,82534.0,82534.0,0.0,1,82534.0,1,False,True,False,False,0,1.0,82534.0,False,False,0,,1,False
100000006746688100,peripheral,0.9,0.1043,B,True,1,0.09000000000000001,0.1588785046728972,0.018691588785046728,0.0,0.39118825100133514,0.0,0.0,"выраженных признаков нет: 1 вх./0 исх., оборот 41 тыс",1.0,3,False,0.0,0,0,41000.0,1,1,1,41000.0,41000.0,41000.0,0.0,0,0.0,0,False,True,False,False,1,0.0006645076819004414,27.2448149579181,False,False,0,,1,False
100000006755850100,terminal,0.672,0.3958,B,False,5,0.336,0.9528259902091678,0.018691588785046728,0.0,0.8575878949710726,0.0,0.0,"конечная точка в пределах выгрузки: получил 443 тыс от 1 плательщика, исходящих нет; доля seed-денег ~37%",1.0,2,False,0.0,0,0,443475.8,3,1,1,443475.8,443475.8,443475.8,0.0,0,0.0,0,False,True,False,False,0,0.37258714563590356,165233.38248059884,False,False,0,,1,False
100000006756956100,peripheral,0.3,0.1493,A,True,2,0.03,0.365376056964842,0.018691588785046728,0.0,0.6386292834890965,0.0,0.0,"обрыв выгрузки на последнем колене: получил 121 тыс от 1 плательщика, исходящие неизвестны",1.0,4,False,0.0,0,0,121200.0,9,1,1,121200.0,121200.0,121200.0,0.0,0,0.0,0,False,True,True,False,0,0.001893265656291003,229.46379754246956,False,False,0,,1,False
100000006787636100,peripheral,0.9,0.1906,B,False,65,0.09000000000000001,0.6840231419670671,0.018691588785046728,0.0,0.20382732532265244,0.0,0.0,"выраженных признаков нет: 1 вх./0 исх., оборот 20 тыс",1.0,2,False,0.0,0,0,20000.0,1,1,1,20000.0,20000.0,20000.0,0.0,0,0.0,0,False,True,False,False,0,0.4732217074150638,9464.434149805184,False,False,0,,1,False
100000006788200100,peripheral,0.6,0.5026,B,False,14,0.06,0.9216733422340899,0.960836671117045,0.894971072541166,0.7837116154873164,0.3333333333333333,0.0,"выраженных признаков нет: 4 вх./3 исх., оборот 272 тыс; связан с 1 seed",0.6666666666666666,1,False,64500.0,4,3,272155.8,4,4,7,272155.8,336655.8,207655.8,0.23699660268125833,1,93200.0,1,False,True,False,False,0,0.34786309065724463,94672.95772829493,False,False,0,0.0,1,True
100000006789108100,peripheral,0.9,0.2716,B,False,16,0.09000000000000001,0.838006230529595,0.018691588785046728,0.0,0.3724966622162884,0.3333333333333333,0.0,"выраженных признаков нет: 1 вх./0 исх., оборот 38 тыс; связан с 1 seed",1.0,1,False,0.0,0,0,37500.0,1,1,1,37500.0,37500.0,37500.0,0.0,1,37500.0,1,False,True,False,False,0,1.0,37500.0,False,False,0,,1,False
100000006831291100,peripheral,0.9,0.0973,B,False,63,0.09000000000000001,0.0,0.0,0.6915887850467289,0.13840676457498888,0.0,0.0,"[seed] выраженных признаков нет: 0 вх./1 исх., оборот 15 тыс",1.0,0,True,15000.0,3,1,0.0,0,0,1,15000.0,15000.0,-15000.0,,0,0.0,0,False,False,False,False,9,1.0,0.0,False,False,0,0.0,0,False
100000006844004100,peripheral,0.9,0.1505,B,True,36,0.09000000000000001,0.4712950600801068,0.018691588785046728,0.0,0.22919448153093014,0.0,0.0,"выраженных признаков нет: 1 вх./0 исх., оборот 21 тыс",1.0,3,False,0.0,0,0,20600.0,1,1,1,20600.0,20600.0,20600.0,0.0,0,0.0,0,False,True,False,False,0,0.03001797280134173,618.3702397076396,False,False,0,,1,False
100000006844768100,peripheral,0.6,0.3464,B,True,2,0.06,0.8059635068980864,0.018691588785046728,0.833555852247441,0.789942145082332,0.0,0.0,"выраженных признаков нет: 1 вх./2 исх., оборот 282 тыс; взаимные переводы с 1",1.0,2,False,188000.0,5,2,282000.0,5,1,2,282000.0,470000.0,94000.0,0.6666666666666666,0,0.0,0,False,True,False,False,0,0.09665127718941685,27255.660167415554,True,False,1,0.8670212765957447,1,False
100000006852430100,peripheral,0.9,0.2377,B,False,16,0.09000000000000001,0.8366711170449488,0.018691588785046728,0.0,0.3702714730752114,0.0,0.0,"выраженных признаков нет: 1 вх./0 исх., оборот 37 тыс",1.0,2,False,0.0,0,0,37000.0,1,1,1,37000.0,37000.0,37000.0,0.0,0,0.0,0,False,True,False,False,0,1.0,37000.0,False,False,0,,1,False
100000006866783100,coordinator,0.86,0.6953,B,False,2,0.86,0.8411214953271028,0.9982198486871384,0.9977748108589231,0.9919893190921228,0.0,1.0,[seed] признаки координации: 13 плательщиков и 67 получателей; участвует в круговых потоках (3+ участника); доля seed-денег ~100%,1.0,0,True,3948037.0,90,67,838812.0,31,13,72,3948037.0,4786849.0,-3109225.0,4.706700667133994,0,0.0,0,False,False,False,False,0,1.0,38421.92524504723,True,True,8,1.0,5,False
100000006866831100,peripheral,0.3,0.0957,A,True,64,0.03,0.3324432576769025,0.018691588785046728,0.0,0.16822429906542055,0.0,0.0,"обрыв выгрузки на последнем колене: получил 16 тыс от 1 плательщика, исходящие неизвестны",1.0,4,False,0.0,0,0,16500.0,1,1,1,16500.0,16500.0,16500.0,0.0,0,0.0,0,False,True,True,False,0,0.01067726850094838,176.17493026564827,False,False,0,,1,False
100000006882208100,peripheral,0.9,0.2,B,False,4,0.09000000000000001,0.7392078326657766,0.018691588785046728,0.0,0.1882510013351135,0.0,0.0,"выраженных признаков нет: 1 вх./0 исх., оборот 18 тыс",1.0,3,False,0.0,0,0,18000.0,1,1,1,18000.0,18000.0,18000.0,0.0,0,0.0,0,False,True,False,False,0,0.9121782645981255,16419.20876276626,False,False,0,,1,False
100000006888238100,peripheral,0.9,0.2496,B,True,70,0.09000000000000001,0.5758789497107254,0.018691588785046728,0.6915887850467289,0.3186470850022252,0.0,0.0,"выраженных признаков нет: 1 вх./1 исх., оборот 30 тыс",1.0,2,False,30000.0,1,1,18000.0,1,1,2,30000.0,48000.0,-12000.0,1.6666666666666667,0,0.0,0,True,False,False,False,11,0.07811059907834102,2343.3179723502303,False,False,0,0.0,1,False
100000006889963100,peripheral,0.6,0.5469,B,False,5,0.06,0.991099243435692,0.960836671117045,0.6915887850467289,0.9581664441477525,0.6666666666666666,0.0,"выраженных признаков нет: 4 вх./1 исх., оборот 1.4 млн; связан с 2 seed",0.6666666666666666,1,False,443475.8,3,1,1431000.0,6,4,5,1431000.0,1874475.8,987524.2,0.30990621942697416,2,531000.0,2,False,True,False,False,0,0.37258714563590356,533172.205404978,False,False,0,1.0,4,False
100000006894637100,peripheral,0.9,0.1554,B,True,2,0.09000000000000001,0.37694704049844235,0.018691588785046728,0.0,0.46639964396973743,0.0,0.0,"выраженных признаков нет: 1 вх./0 исх., оборот 53 тыс",1.0,3,False,0.0,0,0,52831.0,1,1,1,52831.0,52831.0,52831.0,0.0,0,0.0,0,False,True,False,False,0,0.004849960600259524,256.2282684723109,False,False,0,,1,False
100000006901046100,peripheral,0.9,0.332,B,False,4,0.09000000000000001,0.8785046728971962,0.018691588785046728,0.6915887850467289,0.5376056964842012,0.0,0.0,"выраженных признаков нет: 1 вх./1 исх., оборот 76 тыс; взаимные переводы с 1",1.0,2,False,5500.0,1,1,75800.0,3,1,1,75800.0,81300.0,70300.0,0.07255936675461741,0,0.0,0,False,True,False,False,0,0.6825889290308093,51740.24082053534,True,False,1,1.0,1,True
100000006903193100,peripheral,0.3,0.0734,A,True,2,0.03,0.27414330218068533,0.018691588785046728,0.0,0.06186025812194036,0.0,0.0,"обрыв выгрузки на последнем колене: получил 9 тыс от 1 плательщика, исходящие неизвестны",1.0,4,False,0.0,0,0,9000.0,1,1,1,9000.0,9000.0,9000.0,0.0,0,0.0,0,False,True,True,False,0,0.012130418223720098,109.17376401348089,False,False,0,,1,False
100000006912294100,peripheral,0.6,0.2599,B,False,19,0.06,0.6088117489986649,0.018691588785046728,0.833555852247441,0.3186470850022252,0.0,0.0,"выраженных признаков нет: 1 вх./2 исх., оборот 30 тыс; взаимные переводы с 1",1.0,2,False,30000.0,2,2,6335.09,1,1,2,30000.0,36335.09,-23664.91,4.7355286191672095,0,0.0,0,True,False,False,False,0,0.11840786372864381,3552.2359118593145,True,False,1,0.0,1,True
100000006918814100,peripheral,0.3,0.0441,A,True,3,0.03,0.05696484201157098,0.018691588785046728,0.0,0.20382732532265244,0.0,0.0,"обрыв выгрузки на последнем колене: получил 20 тыс от 1 плательщика, исходящие неизвестны",1.0,4,False,0.0,0,0,20000.0,2,1,1,20000.0,20000.0,20000.0,0.0,0,0.0,0,False,True,True,False,0,0.00022949675534038064,4.589935106807613,False,False,0,,1,True
100000006919124100,peripheral,0.9,0.0882,B,True,2,0.09000000000000001,0.14063195371606588,0.018691588785046728,0.0,0.2674677347574544,0.0,0.0,"выраженных признаков нет: 1 вх./0 исх., оборот 25 тыс",1.0,3,False,0.0,0,0,25000.0,1,1,1,25000.0,25000.0,25000.0,0.0,0,0.0,0,False,True,False,False,0,0.0008464425810733717,21.16106452683429,False,False,0,,1,False
100000006952718100,peripheral,0.9,0.3003,B,False,4,0.09000000000000001,0.9034267912772586,0.018691588785046728,0.0,0.5287049399198932,0.3333333333333333,0.0,"выраженных признаков нет: 1 вх./0 исх., оборот 71 тыс; связан с 1 seed",1.0,1,False,0.0,0,0,71489.0,1,1,1,71489.0,71489.0,71489.0,0.0,1,71489.0,1,False,True,False,False,0,1.0,71489.0,False,False,0,,1,False
100000006965162100,peripheral,0.9,0.0956,B,True,33,0.09000000000000001,0.27636849132176233,0.018691588785046728,0.0,0.06987093902981753,0.0,0.0,"выраженных признаков нет: 1 вх./0 исх., оборот 10 тыс",1.0,3,False,0.0,0,0,10000.0,1,1,1,10000.0,10000.0,10000.0,0.0,0,0.0,0,False,True,False,False,0,0.011040802685025448,110.40802685025449,False,False,0,,1,False
100000006967370100,peripheral,0.9,0.1959,B,True,17,0.09000000000000001,0.2923898531375167,0.018691588785046728,0.6915887850467289,0.3493546951490877,0.0,0.0,"выраженных признаков нет: 1 вх./1 исх., оборот 33 тыс",1.0,3,False,13526.27,1,1,33225.0,1,1,2,33225.0,46751.270000000004,19698.73,0.40711121143717083,0,0.0,0,False,True,False,False,0,0.003759829013807918,124.92031898376808,False,False,0,1.0,1,False
100000006972210100,terminal,0.83,0.6215,B,False,19,0.415,0.9893190921228304,0.9114374721851357,0.0,0.872719181130396,1.0,0.0,"конечная точка в пределах выгрузки: получил 489 тыс от 3 плательщиков, исходящих нет; доля seed-денег ~100%; связан с 3 seed",1.0,1,False,0.0,0,0,488775.0,4,3,3,488775.0,488775.0,488775.0,0.0,3,488775.0,3,False,True,False,False,0,1.0,488775.0,False,False,0,,1,False
100000006977207100,distributor,0.413,0.4507,B,True,23,0.3304,0.6786826880284824,0.018691588785046728,0.9813084112149533,0.9928793947485536,0.0,0.0,"веерная рассылка: 15 получателей, отправил 4.2 млн; видимый вход 414 тыс, источник вне выгрузки; связь с seed-деньгами слабая, возможна легальная активность",1.0,2,False,4157018.0,15,15,414000.0,1,1,16,4157018.0,4571018.0,-3743018.0,10.041106280193237,0,0.0,0,True,False,False,False,0,0.002156699082657562,8965.436907190973,False,False,0,0.0,1,False
100000006989106100,peripheral,0.9,0.2627,B,False,9,0.09000000000000001,0.8940809968847352,0.018691588785046728,0.0,0.5051179350244771,0.0,0.0,"выраженных признаков нет: 1 вх./0 исх., оборот 64 тыс",1.0,2,False,0.0,0,0,64000.0,2,1,1,64000.0,64000.0,64000.0,0.0,0,0.0,0,False,True,False,False,0,1.0,64000.0,False,False,0,,1,False
100000006989232100,peripheral,0.9,0.1116,B,True,2,0.09000000000000001,0.27102803738317754,0.018691588785046728,0.0,0.24032042723631508,0.0,0.0,"выраженных признаков нет: 1 вх./0 исх., оборот 22 тыс",1.0,3,False,0.0,0,0,22194.0,1,1,1,22194.0,22194.0,22194.0,0.0,0,0.0,0,False,True,False,False,0,0.004849960600259524,107.64002556215988,False,False,0,,1,False
100000006994985100,peripheral,0.9,0.2938,B,False,14,0.09000000000000001,0.7409879839786382,0.018691588785046728,0.6915887850467289,0.43124165554072097,0.0,0.0,"выраженных признаков нет: 1 вх./1 исх., оборот 48 тыс",1.0,2,False,10200.0,2,1,48500.0,2,1,2,48500.0,58700.0,38300.0,0.21030927835051547,0,0.0,0,False,True,False,False,0,0.34786309065724463,16871.359896876365,False,False,0,1.0,1,False
100000007005380100,peripheral,0.9,0.0833,B,True,5,0.09000000000000001,0.21584334668446817,0.018691588785046728,0.0,0.06720071206052515,0.0,0.0,"выраженных признаков нет: 1 вх./0 исх., оборот 9 тыс",1.0,3,False,0.0,0,0,9400.0,1,1,1,9400.0,9400.0,9400.0,0.0,0,0.0,0,False,True,False,False,0,0.006050002162301774,56.87002032563667,False,False,0,,1,False
100000007018630100,peripheral,0.6,0.1384,B,False,75,0.06,0.0,0.0,0.6915887850467289,0.7271918113039608,0.0,0.0,"[seed] выраженных признаков нет: 0 вх./1 исх., оборот 200 тыс",1.0,0,True,200000.0,5,1,0.0,0,0,1,200000.0,200000.0,-200000.0,,0,0.0,0,False,False,False,False,12,1.0,0.0,False,False,0,0.0,0,False
100000007020162100,peripheral,0.9,0.1411,B,True,15,0.09000000000000001,0.25723186470850024,0.018691588785046728,0.0,0.5629728526924789,0.0,0.0,"выраженных признаков нет: 1 вх./0 исх., оборот 86 тыс",0.6666666666666666,3,False,0.0,0,0,86395.0,1,1,1,86395.0,86395.0,86395.0,0.0,0,0.0,0,False,True,False,False,0,0.0011056727811859502,95.52459993056017,False,False,0,,1,False
100000007022818100,peripheral,0.9,0.0701,B,True,1,0.09000000000000001,0.09523809523809523,0.018691588785046728,0.0,0.17668001780151313,0.0,0.0,"выраженных признаков нет: 1 вх./0 исх., оборот 17 тыс",1.0,3,False,0.0,0,0,17200.0,1,1,1,17200.0,17200.0,17200.0,0.0,0,0.0,0,False,True,False,False,1,0.0006645076819004414,11.429532128687592,False,False,0,,1,False
100000007034089100,peripheral,0.3,0.1972,A,True,7,0.03,0.17044948820649755,0.8019581664441477,0.0,0.724076546506453,0.0,0.0,"обрыв выгрузки на последнем колене: получил 198 тыс от 2 плательщиков, исходящие неизвестны",1.0,4,False,0.0,0,0,198000.0,2,2,2,198000.0,198000.0,198000.0,0.0,0,0.0,0,False,True,True,False,0,0.00016792626660854553,33.24940078849202,False,False,0,,2,False
100000007042175100,peripheral,0.3,0.1189,A,True,2,0.03,0.2861593235425011,0.018691588785046728,0.0,0.4931019136626613,0.0,0.0,"обрыв выгрузки на последнем колене: получил 60 тыс от 1 плательщика, исходящие неизвестны",1.0,4,False,0.0,0,0,60000.0,1,1,1,60000.0,60000.0,60000.0,0.0,0,0.0,0,False,True,True,False,0,0.0019830598735533487,118.98359241320092,False,False,0,,1,False
100000007055802100,consolidator,0.66,0.701,B,False,2,0.5940000000000001,0.9724076546506453,0.9853137516688919,0.6915887850467289,0.9755229194481531,0.3333333333333333,0.0,"признаки консолидации: 6 плательщиков (из них seed: 1), получил 2.0 млн; отдал дальше 30%; до 4 плательщиков в день; связан с 1 seed; взаимные переводы с 1",1.0,1,False,605000.0,7,1,2024999.0,34,6,6,2024999.0,2629999.0,1419999.0,0.29876557963732325,1,200000.0,1,False,True,False,False,0,0.12576641034217625,254676.85517649658,True,False,1,1.0,4,False
100000007071852100,peripheral,0.3,0.1645,A,True,6,0.03,0.4000890075656431,0.018691588785046728,0.0,0.7214063195371606,0.0,0.0,"обрыв выгрузки на последнем колене: получил 195 тыс от 1 плательщика, исходящие неизвестны",1.0,4,False,0.0,0,0,195000.0,1,1,1,195000.0,195000.0,195000.0,0.0,0,0.0,0,False,True,True,False,0,0.001560182408195511,304.23556959812464,False,False,0,,1,False
100000007129492100,peripheral,0.6,0.4581,B,False,16,0.06,0.8762794837561193,0.8019581664441477,0.6915887850467289,0.4583889630618603,0.6666666666666666,0.0,"выраженных признаков нет: 2 вх./1 исх., оборот 51 тыс; связан с 2 seed",1.0,1,False,37000.0,1,1,50990.0,2,2,3,50990.0,87990.0,13990.0,0.725632476956266,2,50990.0,2,False,True,False,False,0,1.0,50990.0,False,False,0,1.0,1,False
100000007131370100,peripheral,0.9,0.2307,B,True,18,0.09000000000000001,0.48153093012906095,0.018691588785046728,0.6915887850467289,0.3186470850022252,0.0,0.0,"выраженных признаков нет: 1 вх./1 исх., оборот 30 тыс; взаимные переводы с 1",1.0,3,False,30000.0,1,1,30000.0,1,1,1,30000.0,60000.0,0.0,1.0,0,0.0,0,False,True,False,False,0,0.022460989491465043,673.8296847439512,True,False,1,0.0,1,True
100000007138613100,peripheral,0.6,0.4034,B,True,2,0.06,0.5700934579439252,0.9114374721851357,0.833555852247441,0.9385847797062751,0.0,0.0,"выраженных признаков нет: 3 вх./2 исх., оборот 1.0 млн",1.0,3,False,179000.0,2,2,1002000.0,3,3,5,1002000.0,1181000.0,823000.0,0.17864271457085829,0,0.0,0,False,True,False,False,0,0.00214407989108974,2148.3680508719194,False,False,0,0.0,1,True
100000007140834100,peripheral,0.9,0.1649,B,False,14,0.09000000000000001,0.6083667111704495,0.018691588785046728,0.0,0.09835336003560302,0.0,0.0,"выраженных признаков нет: 1 вх./0 исх., оборот 10 тыс",1.0,3,False,0.0,0,0,10200.0,2,1,1,10200.0,10200.0,10200.0,0.0,0,0.0,0,False,True,False,False,0,0.34786309065724463,3548.2035247038953,False,False,0,,1,False
100000007153161100,peripheral,0.3,0.0897,A,True,2,0.03,0.1842456608811749,0.018691588785046728,0.0,0.40498442367601245,0.0,0.0,"обрыв выгрузки на последнем колене: получил 45 тыс от 1 плательщика, исходящие неизвестны",1.0,4,False,0.0,0,0,44997.0,1,1,1,44997.0,44997.0,44997.0,0.0,0,0.0,0,False,True,True,False,0,0.0008464425810733716,38.087376820558504,False,False,0,,1,False
100000007170072100,transit,0.634,0.3646,B,True,6,0.4438,0.32398753894080995,0.018691588785046728,0.833555852247441,0.5927903871829105,0.0,0.0,"признаки транзита: получил 100 тыс, отправил 100 тыс (100%); 100% отправлено в течение 2 дней после входа; связь с seed-деньгами слабая, возможна легальная активность",0.6666666666666666,3,False,99500.0,9,2,100000.0,1,1,3,100000.0,199500.0,500.0,0.995,0,0.0,0,False,True,False,False,0,0.0016712267427537674,167.12267427537674,False,False,0,1.0,1,False
100000007173936100,peripheral,0.9,0.0645,B,True,35,0.09000000000000001,0.12060525144637294,0.018691588785046728,0.0,0.06987093902981753,0.0,0.0,"выраженных признаков нет: 1 вх./0 исх., оборот 10 тыс",1.0,2,False,0.0,0,0,10000.0,1,1,1,10000.0,10000.0,10000.0,0.0,0,0.0,0,False,True,False,False,0,0.0016500185893891888,16.50018589389189,False,False,0,,1,False
100000007175718100,peripheral,0.9,0.2392,B,False,55,0.09000000000000001,0.7605696484201158,0.018691588785046728,0.0,0.20382732532265244,0.3333333333333333,0.0,"выраженных признаков нет: 1 вх./0 исх., оборот 20 тыс; связан с 1 seed",1.0,1,False,0.0,0,0,20000.0,1,1,1,20000.0,20000.0,20000.0,0.0,1,20000.0,1,False,True,False,False,6,1.0,20000.0,False,False,0,,1,False
100000007181706100,terminal,0.725,0.5012,B,False,3,0.3625,0.951935914552737,0.8019581664441477,0.0,0.7044948820649756,0.3333333333333333,0.0,"конечная точка в пределах выгрузки: получил 176 тыс от 2 плательщиков, исходящих нет; доля seed-денег ~93%; связан с 1 seed",1.0,1,False,0.0,0,0,176272.0,2,2,2,176272.0,176272.0,176272.0,0.0,1,163772.0,1,False,True,False,False,0,0.9291468896493114,163782.5805322634,False,False,0,,2,False
100000007197866100,peripheral,0.9,0.183,B,True,6,0.09000000000000001,0.30040053404539385,0.018691588785046728,0.6915887850467289,0.20382732532265244,0.0,0.0,"выраженных признаков нет: 1 вх./1 исх., оборот 20 тыс",1.0,3,False,15000.0,1,1,20000.0,1,1,2,20000.0,35000.0,5000.0,0.75,0,0.0,0,False,True,False,False,0,0.006651503710631662,133.03007421263322,False,False,0,1.0,1,False
100000007229557100,terminal,0.319,0.3588,B,True,24,0.1595,0.5941255006675568,0.9114374721851357,0.0,0.9301290609701824,0.0,0.0,"конечная точка в пределах выгрузки: получил 878 тыс от 3 плательщиков, исходящих нет; доля seed-денег ~0%; вход в конце периода, мог переслать позже",1.0,3,False,0.0,0,0,878000.0,3,3,3,878000.0,878000.0,878000.0,0.0,0,0.0,0,False,True,False,False,0,0.003341353182648419,2933.708094365312,False,False,0,,3,True
100000007242833100,peripheral,0.6,0.3345,B,False,10,0.06,0.9038718291054739,0.018691588785046728,0.6915887850467289,0.6172674677347575,0.0,0.0,"выраженных признаков нет: 1 вх./1 исх., оборот 108 тыс",1.0,2,False,45000.0,2,1,107500.0,3,1,2,107500.0,152500.0,62500.0,0.4186046511627907,0,0.0,0,False,True,False,False,0,0.6658818333237057,71582.29708229836,False,False,0,1.0,1,False
100000007267915100,peripheral,0.6,0.2287,B,True,17,0.06,0.17668001780151313,0.8019581664441477,0.6915887850467289,0.23052959501557632,0.0,0.0,"выраженных признаков нет: 2 вх./1 исх., оборот 21 тыс",1.0,3,False,10000.0,1,1,21000.0,3,2,3,21000.0,31000.0,11000.0,0.47619047619047616,0,0.0,0,False,True,False,False,0,0.0016607393164561975,34.87552564558015,False,False,0,1.0,1,False
100000007274584100,peripheral,0.9,0.2722,B,False,3,0.09000000000000001,0.8397863818424566,0.018691588785046728,0.0,0.3751668891855808,0.3333333333333333,0.0,"выраженных признаков нет: 1 вх./0 исх., оборот 38 тыс; связан с 1 seed",1.0,1,False,0.0,0,0,38000.0,1,1,1,38000.0,38000.0,38000.0,0.0,1,38000.0,1,False,True,False,False,0,1.0,38000.0,False,False,0,,1,False
100000007281639100,terminal,0.491,0.4635,B,False,4,0.2455,0.9488206497552292,0.8019581664441477,0.0,0.7423230974632844,0.3333333333333333,0.0,"конечная точка в пределах выгрузки: получил 217 тыс от 2 плательщиков, исходящих нет; доля seed-денег ~69%; вход в конце периода, мог переслать позже; связан с 1 seed",1.0,1,False,0.0,0,0,216770.0,4,2,2,216770.0,216770.0,216770.0,0.0,1,147000.0,1,False,True,False,False,0,0.6870602305770911,148934.04618219603,False,False,0,,1,True
100000007283257100,terminal,0.511,0.3884,B,False,80,0.2555,0.9595015576323987,0.018691588785046728,0.0,0.7182910547396528,0.3333333333333333,0.0,"конечная точка в пределах выгрузки: получил 192 тыс от 1 плательщика, исходящих нет; доля seed-денег ~100%; вход в конце периода, мог переслать позже; связан с 1 seed",1.0,1,False,0.0,0,0,192000.0,7,1,1,192000.0,192000.0,192000.0,0.0,1,192000.0,1,False,True,False,False,13,1.0,192000.0,False,False,0,,1,True
100000007289427100,peripheral,0.9,0.1868,B,False,3,0.09000000000000001,0.7102803738317757,0.018691588785046728,0.0,0.11392968402314196,0.0,0.0,"выраженных признаков нет: 1 вх./0 исх., оборот 12 тыс",1.0,2,False,0.0,0,0,12300.0,1,1,1,12300.0,12300.0,12300.0,0.0,0,0.0,0,False,True,False,False,0,1.0,12300.0,False,False,0,,1,False
100000007303047100,peripheral,0.9,0.1151,B,True,1,0.09000000000000001,0.17623497997329773,0.018691588785046728,0.0,0.4650645304850912,0.0,0.0,"выраженных признаков нет: 1 вх./0 исх., оборот 52 тыс",1.0,3,False,0.0,0,0,52250.0,1,1,1,52250.0,52250.0,52250.0,0.0,0,0.0,0,False,True,False,False,1,0.0006645076819004414,34.720526379298065,False,False,0,,1,True
100000007311010100,peripheral,0.6,0.4246,B,False,3,0.06,0.8509123275478415,0.8019581664441477,0.6915887850467289,0.5068980863373387,0.3333333333333333,0.0,"выраженных признаков нет: 2 вх./1 исх., оборот 64 тыс; связан с 1 seed",1.0,1,False,20000.0,1,1,64480.0,2,2,3,64480.0,84480.0,44480.0,0.31017369727047145,1,38000.0,1,False,True,False,False,0,0.6505105850159645,41944.92252182939,False,False,0,0.0,1,False
100000007322059100,peripheral,0.6,0.3252,B,False,39,0.06,0.6172674677347575,0.8019581664441477,0.6915887850467289,0.3137516688918558,0.0,0.0,"выраженных признаков нет: 2 вх./1 исх., оборот 29 тыс; взаимные переводы с 1",1.0,2,False,22500.0,2,1,29000.0,2,2,2,29000.0,51500.0,6500.0,0.7758620689655172,0,0.0,0,False,True,False,False,0,0.1489035959730716,4318.204283219076,True,False,1,0.6888888888888889,1,False
100000007330432100,peripheral,0.3,0.1966,A,True,88,0.03,0.4730752113929684,0.018691588785046728,0.0,0.8963061860258122,0.0,0.0,"обрыв выгрузки на последнем колене: получил 585 тыс от 1 плательщика, исходящие неизвестны",1.0,4,False,0.0,0,0,584900.0,1,1,1,584900.0,584900.0,584900.0,0.0,0,0.0,0,False,True,True,False,0,0.001080786001693903,632.1517323907639,False,False,0,,1,False
100000007333038100,peripheral,0.6,0.1714,B,True,11,0.06,0.14641744548286603,0.018691588785046728,0.833555852247441,0.35870048954161105,0.0,0.0,"выраженных признаков нет: 1 вх./2 исх., оборот 35 тыс",1.0,3,False,34994.0,2,2,17500.0,1,1,3,34994.0,52494.0,-17494.0,1.9996571428571428,0,0.0,0,True,False,False,False,0,0.000658936148843668,23.05881159263532,False,False,0,0.0,1,False
100000007334196100,terminal,0.717,0.4182,B,False,16,0.3585,0.9492656875834445,0.018691588785046728,0.0,0.6769025367156208,0.3333333333333333,0.0,"конечная точка в пределах выгрузки: получил 150 тыс от 1 плательщика, исходящих нет; доля seed-денег ~100%; связан с 1 seed",1.0,1,False,0.0,0,0,150002.0,1,1,1,150002.0,150002.0,150002.0,0.0,1,150002.0,1,False,True,False,False,0,1.0,150002.0,False,False,0,,1,False
100000007337374100,peripheral,0.9,0.1364,B,True,1,0.09000000000000001,0.413440142412105,0.018691588785046728,0.0,0.20382732532265244,0.0,0.0,"выраженных признаков нет: 1 вх./0 исх., оборот 20 тыс",1.0,2,False,0.0,0,0,20000.0,2,1,1,20000.0,20000.0,20000.0,0.0,0,0.0,0,False,True,False,False,1,0.017185010363675823,343.70020727351647,False,False,0,,1,False
100000007347733100,peripheral,0.9,0.2471,B,False,63,0.09000000000000001,0.7783711615487316,0.018691588785046728,0.0,0.24744103248776145,0.3333333333333333,0.0,"выраженных признаков нет: 1 вх./0 исх., оборот 23 тыс; связан с 1 seed",1.0,1,False,0.0,0,0,23007.0,1,1,1,23007.0,23007.0,23007.0,0.0,1,23007.0,1,False,True,False,False,9,1.0,23007.0,False,False,0,,1,True
100000007357489100,peripheral,0.3,0.2,A,True,7,0.03,0.20115709835336004,0.8019581664441477,0.0,0.6902536715620827,0.0,0.0,"обрыв выгрузки на последнем колене: получил 164 тыс от 2 плательщиков, исходящие неизвестны",1.0,4,False,0.0,0,0,164500.0,2,2,2,164500.0,164500.0,164500.0,0.0,0,0.0,0,False,True,True,False,0,0.00030215600815525966,49.70466334154021,False,False,0,,2,False
100000007381662100,peripheral,0.3,0.0318,A,True,2,0.03,0.046283934134401426,0.018691588785046728,0.0,0.10191366266132622,0.0,0.0,"обрыв выгрузки на последнем колене: получил 11 тыс от 1 плательщика, исходящие неизвестны",1.0,4,False,0.0,0,0,11000.0,1,1,1,11000.0,11000.0,11000.0,0.0,0,0.0,0,False,True,True,False,0,0.00020279353504882867,2.2307288855371152,False,False,0,,1,True
100000007382152100,peripheral,0.9,0.1098,B,True,2,0.09000000000000001,0.3649310191366266,0.018691588785046728,0.0,0.03471295060080107,0.0,0.0,"выраженных признаков нет: 1 вх./0 исх., оборот 6 тыс",1.0,2,False,0.0,0,0,5860.0,1,1,1,5860.0,5860.0,5860.0,0.0,0,0.0,0,False,True,False,False,0,0.03898876281632227,228.4741501036485,False,False,0,,1,True
100000007382543100,peripheral,0.6,0.4164,B,True,33,0.06,0.6239430351579884,0.9114374721851357,0.9421450823319982,0.8522474410324877,0.0,0.0,"выраженных признаков нет: 3 вх./5 исх., оборот 427 тыс; взаимные переводы с 2",1.0,2,False,427000.0,8,5,218000.0,3,3,6,427000.0,645000.0,-209000.0,1.9587155963302751,0,0.0,0,True,False,False,False,0,0.011040802685025448,4714.422746505867,True,False,2,0.234192037470726,1,False
100000007390016100,peripheral,0.6,0.2996,B,True,89,0.06,0.5967957276368492,0.018691588785046728,0.6915887850467289,0.8825100133511349,0.0,0.0,"выраженных признаков нет: 1 вх./1 исх., оборот 511 тыс; взаимные переводы с 1",1.0,3,False,346500.0,14,1,511000.0,13,1,1,511000.0,857500.0,164500.0,0.678082191780822,0,0.0,0,False,True,False,False,0,0.006228289289288275,3182.6558268293547,True,False,1,0.7157287157287158,1,False
100000007392365100,peripheral,0.6,0.23,B,True,49,0.06,0.07476635514018691,0.018691588785046728,0.9528259902091678,0.9688473520249221,0.0,0.0,"выраженных признаков нет: 1 вх./6 исх., оборот 1.8 млн",1.0,3,False,1765600.0,9,6,9613.0,1,1,7,1765600.0,1775213.0,-1755987.0,183.66794965151357,0,0.0,0,True,False,False,False,0,4.608548103680518e-06,8.136852531858322,False,False,0,0.0,1,False
100000007442518100,transit,0.683,0.6771,C,False,35,0.4781,0.6613262127280819,0.9777481085892301,0.969737427681353,0.9937694704049844,0.3333333333333333,1.0,"признаки транзита: получил 510 тыс, отправил 4.4 млн; 90% отправлено в течение 2 дней после входа; связан с 1 seed; участвует в круговых потоках (3+ участника)",0.6666666666666666,1,False,4419999.0,12,9,510000.0,8,5,14,4419999.0,4929999.0,-3909999.0,8.666664705882352,1,6000.0,1,True,False,False,False,0,0.0016500185893891888,7293.080515081625,True,True,0,0.8993212441903268,1,False
100000007472293100,peripheral,0.6,0.2259,B,True,57,0.06,0.1557632398753894,0.018691588785046728,0.894971072541166,0.8237650200267023,0.0,0.0,"выраженных признаков нет: 1 вх./3 исх., оборот 346 тыс",1.0,3,False,345900.0,3,3,5000.0,1,1,4,345900.0,350900.0,-340900.0,69.18,0,0.0,0,True,False,False,False,0,7.617763988572999e-05,26.349845636474004,False,False,0,0.0,1,False
100000007484343100,peripheral,0.9,0.2022,B,True,2,0.09000000000000001,0.30262572318647085,0.8019581664441477,0.0,0.2999554962171785,0.0,0.0,"выраженных признаков нет: 2 вх./0 исх., оборот 27 тыс",1.0,3,False,0.0,0,0,26757.0,2,2,2,26757.0,26757.0,26757.0,0.0,0,0.0,0,False,True,False,False,0,0.005087685733822116,136.13120717987834,False,False,0,,2,False
100000007487729100,peripheral,0.9,0.1446,B,True,52,0.09000000000000001,0.42234089897641297,0.018691588785046728,0.0,0.2674677347574544,0.0,0.0,"выраженных признаков нет: 1 вх./0 исх., оборот 25 тыс",1.0,3,False,0.0,0,0,25000.0,1,1,1,25000.0,25000.0,25000.0,0.0,0,0.0,0,False,True,False,False,0,0.014703033291265101,367.5758322816275,False,False,0,,1,False
100000007507343100,terminal,0.79,0.4534,B,False,62,0.395,0.9830885625278148,0.018691588785046728,0.0,0.8331108144192256,0.3333333333333333,0.0,"конечная точка в пределах выгрузки: получил 370 тыс от 1 плательщика, исходящих нет; доля seed-денег ~100%; связан с 1 seed",1.0,1,False,0.0,0,0,370000.0,1,1,1,370000.0,370000.0,370000.0,0.0,1,370000.0,1,False,True,False,False,8,1.0,370000.0,False,False,0,,1,False
100000007510567100,peripheral,0.3,0.1164,A,True,8,0.03,0.2888295505117935,0.018691588785046728,0.0,0.4628393413440142,0.0,0.0,"обрыв выгрузки на последнем колене: получил 52 тыс от 1 плательщика, исходящие неизвестны",1.0,4,False,0.0,0,0,52000.0,1,1,1,52000.0,52000.0,52000.0,0.0,0,0.0,0,False,True,True,False,0,0.00236057430792627,122.74986401216603,False,False,0,,1,False
100000007510875100,peripheral,0.9,0.1279,B,False,19,0.09000000000000001,0.468179795282599,0.018691588785046728,0.0,0.008455718736092568,0.0,0.0,"выраженных признаков нет: 1 вх./0 исх., оборот 5 тыс",1.0,3,False,0.0,0,0,5000.0,1,1,1,5000.0,5000.0,5000.0,0.0,0,0.0,0,False,True,False,False,0,0.11840786372864381,592.0393186432191,False,False,0,,1,False
100000007511163100,peripheral,0.6,0.4604,B,False,4,0.06,0.7387627948375612,0.8019581664441477,0.894971072541166,0.5527369826435247,0.6666666666666666,0.0,"выраженных признаков нет: 2 вх./3 исх., оборот 82 тыс; связан с 2 seed; взаимные переводы с 1",1.0,1,False,82052.0,3,3,63666.0,2,2,4,82052.0,145718.0,-18386.0,1.2887883642760658,2,14666.0,1,True,False,False,False,0,0.19826122773899935,16267.730258440373,True,False,1,0.5971822746550968,1,False
100000007511780100,peripheral,0.3,0.1506,A,True,38,0.03,0.34979973297730305,0.018691588785046728,0.0,0.682688028482421,0.0,0.0,"обрыв выгрузки на последнем колене: получил 155 тыс от 1 плательщика, исходящие неизвестны",1.0,4,False,0.0,0,0,155000.0,2,1,1,155000.0,155000.0,155000.0,0.0,0,0.0,0,False,True,True,False,0,0.00129693876756316,201.0255089722898,False,False,0,,1,False
100000007534354100,peripheral,0.6,0.2772,B,True,29,0.06,0.48909657320872274,0.018691588785046728,0.894971072541166,0.6702269692923899,0.0,0.0,"выраженных признаков нет: 1 вх./3 исх., оборот 148 тыс",1.0,2,False,147810.0,3,3,50000.0,1,1,4,147810.0,197810.0,-97810.0,2.9562,0,0.0,0,True,False,False,False,0,0.004926705902397099,728.2163994333152,False,False,0,0.0,1,False
100000007536804100,peripheral,0.6,0.3844,B,False,9,0.06,0.9279038718291055,0.018691588785046728,0.833555852247441,0.5927903871829105,0.3333333333333333,0.0,"выраженных признаков нет: 1 вх./2 исх., оборот 100 тыс; связан с 1 seed",1.0,1,False,55000.0,2,2,100000.0,1,1,3,100000.0,155000.0,45000.0,0.55,1,100000.0,1,False,True,False,False,0,1.0,100000.0,False,False,0,0.8181818181818182,1,False
100000007539296100,peripheral,0.3,0.1088,A,True,5,0.03,0.2750333778371162,0.018691588785046728,0.0,0.4143302180685358,0.0,0.0,"обрыв выгрузки на последнем колене: получил 46 тыс от 1 плательщика, исходящие неизвестны",1.0,4,False,0.0,0,0,46000.0,2,1,1,46000.0,46000.0,46000.0,0.0,0,0.0,0,False,True,True,False,0,0.002381201938010296,109.53528914847362,False,False,0,,1,False
100000007544358100,peripheral,0.6,0.4814,B,False,4,0.06,0.9759679572763685,0.8019581664441477,0.6915887850467289,0.8251001335113485,0.3333333333333333,0.0,"выраженных признаков нет: 2 вх./1 исх., оборот 350 тыс; связан с 1 seed",1.0,1,False,350000.0,3,1,322500.0,2,2,3,350000.0,672500.0,-27500.0,1.0852713178294573,1,300000.0,1,True,False,False,False,0,0.8581760495880234,300361.6173558082,False,False,0,0.2857142857142857,1,False
100000007591246100,peripheral,0.6,0.2244,B,True,12,0.06,0.3444592790387183,0.018691588785046728,0.6915887850467289,0.6350689808633734,0.0,0.0,"выраженных признаков нет: 1 вх./1 исх., оборот 120 тыс",1.0,3,False,120000.0,1,1,12190.0,1,1,2,120000.0,132190.0,-107810.0,9.844134536505333,0,0.0,0,True,False,False,False,0,0.001632635395297174,195.9162474356609,False,False,0,0.0,1,True
100000007593823100,distributor,0.398,0.4868,B,True,2,0.3184,0.3377837116154873,0.9114374721851357,0.9781931464174455,0.6884735202492211,0.0,1.0,"веерная рассылка: 13 получателей, отправил 163 тыс; видимый вход 25 тыс, источник вне выгрузки; участвует в круговых потоках (3+ участника); связь с seed-деньгами слабая, возможна легальная активность",1.0,3,False,162900.0,21,13,25000.0,3,3,15,162900.0,187900.0,-137900.0,6.516,0,0.0,0,True,False,False,False,0,0.0011282870155768284,183.79795483746534,True,True,1,0.40085942295887045,1,False
100000007594394100,peripheral,0.6,0.4193,B,True,20,0.06,0.6577659101023587,0.9853137516688919,0.6915887850467289,0.9902091677792613,0.0,0.0,"выраженных признаков нет: 6 вх./1 исх., оборот 3.4 млн; взаимные переводы с 1",1.0,2,False,3376312.0,40,1,395385.0,6,6,6,3376312.0,3771697.0,-2980927.0,8.539302199122375,0,0.0,0,True,False,False,False,0,0.0021045262927025933,7105.537376367279,True,False,1,0.4527164551143378,2,False
100000007597382100,peripheral,0.9,0.0758,B,True,5,0.09000000000000001,0.1326212728081887,0.018691588785046728,0.0,0.1593235425011126,0.0,0.0,"выраженных признаков нет: 1 вх./0 исх., оборот 16 тыс",1.0,3,False,0.0,0,0,15700.0,1,1,1,15700.0,15700.0,15700.0,0.0,0,0.0,0,False,True,False,False,0,0.0011953620415003489,18.76718405155548,False,False,0,,1,False
100000007617808100,terminal,0.622,0.3817,B,False,4,0.311,0.9247886070315977,0.018691588785046728,0.0,0.8598130841121495,0.0,0.0,"конечная точка в пределах выгрузки: получил 450 тыс от 1 плательщика, исходящих нет; доля seed-денег ~22%",1.0,2,False,0.0,0,0,450000.0,1,1,1,450000.0,450000.0,450000.0,0.0,0,0.0,0,False,True,False,False,0,0.21505044049875338,96772.69822443902,False,False,0,,1,False
100000007618425100,peripheral,0.9,0.1336,B,True,17,0.09000000000000001,0.3115264797507788,0.018691588785046728,0.0,0.3796172674677348,0.0,0.0,"выраженных признаков нет: 1 вх./0 исх., оборот 39 тыс",1.0,3,False,0.0,0,0,39348.0,1,1,1,39348.0,39348.0,39348.0,0.0,0,0.0,0,False,True,False,False,0,0.003759829013807918,147.94175203531395,False,False,0,,1,False
100000007629096100,peripheral,0.6,0.4378,B,True,38,0.06,0.7868268802848242,0.960836671117045,0.6915887850467289,0.9417000445037829,0.0,0.0,"выраженных признаков нет: 4 вх./1 исх., оборот 1.1 млн; взаимные переводы с 1",1.0,2,False,765205.0,5,1,1075170.0,5,4,4,1075170.0,1840375.0,309965.0,0.7117060557865268,0,0.0,0,False,True,False,False,0,0.022183881190081217,23851.443539139622,True,False,1,0.9346122934377062,2,True
100000007629121100,peripheral,0.9,0.2266,B,False,3,0.09000000000000001,0.8090787716955942,0.018691588785046728,0.0,0.3137516688918558,0.0,0.0,"выраженных признаков нет: 1 вх./0 исх., оборот 29 тыс",1.0,2,False,0.0,0,0,29000.0,1,1,1,29000.0,29000.0,29000.0,0.0,0,0.0,0,False,True,False,False,0,1.0,29000.0,False,False,0,,1,False
100000007631637100,peripheral,0.9,0.2283,B,False,1,0.09000000000000001,0.7311971517578995,0.018691588785046728,0.0,0.15309301290609703,0.3333333333333333,0.0,"выраженных признаков нет: 1 вх./0 исх., оборот 15 тыс; связан с 1 seed",1.0,1,False,0.0,0,0,15341.0,1,1,1,15341.0,15341.0,15341.0,0.0,1,15341.0,1,False,True,False,False,1,1.0,15341.0,False,False,0,,1,False
100000007639767100,distributor,0.5,0.699,B,False,38,0.4,0.7823765020026703,0.960836671117045,0.9719626168224299,0.9256786826880284,0.6666666666666666,1.0,"веерная рассылка: 10 получателей, отправил 822 тыс; видимый вход 91 тыс, источник вне выгрузки; связан с 2 seed; участвует в круговых потоках (3+ участника)",0.4444444444444444,1,False,822244.0,13,10,90913.0,4,4,11,822244.0,913157.0,-731331.0,9.044295095310902,2,23018.0,1,True,False,False,False,0,0.02859094398033843,23508.732142169392,True,True,3,0.0951663982953965,1,False
100000007641183100,peripheral,0.9,0.2588,B,False,4,0.09000000000000001,0.8068535825545171,0.018691588785046728,0.0,0.30707610146862485,0.3333333333333333,0.0,"выраженных признаков нет: 1 вх./0 исх., оборот 28 тыс; связан с 1 seed",1.0,1,False,0.0,0,0,28000.0,1,1,1,28000.0,28000.0,28000.0,0.0,1,28000.0,1,False,True,False,False,0,1.0,28000.0,False,False,0,,1,False
100000007641801100,terminal,0.733,0.4284,B,False,9,0.3665,0.960836671117045,0.018691588785046728,0.0,0.7271918113039608,0.3333333333333333,0.0,"конечная точка в пределах выгрузки: получил 200 тыс от 1 плательщика, исходящих нет; доля seed-денег ~100%; связан с 1 seed",1.0,1,False,0.0,0,0,200000.0,1,1,1,200000.0,200000.0,200000.0,0.0,1,200000.0,1,False,True,False,False,0,1.0,200000.0,False,False,0,,1,False
100000007647294100,terminal,0.357,0.2547,B,True,42,0.1785,0.5322652425456164,0.018691588785046728,0.0,0.8388963061860258,0.0,0.0,"конечная точка в пределах выгрузки: получил 385 тыс от 1 плательщика, исходящих нет; доля seed-денег ~0%",1.0,3,False,0.0,0,0,385000.0,1,1,1,385000.0,385000.0,385000.0,0.0,0,0.0,0,False,True,False,False,0,0.0032062230141422393,1234.395860444762,False,False,0,,1,False
100000007648946100,peripheral,0.9,0.3143,B,False,12,0.09000000000000001,0.7583444592790387,0.018691588785046728,0.6915887850467289,0.2674677347574544,0.3333333333333333,0.0,"выраженных признаков нет: 1 вх./1 исх., оборот 25 тыс; связан с 1 seed",1.0,1,False,25000.0,1,1,19550.0,1,1,2,25000.0,44550.0,-5450.0,1.278772378516624,1,19550.0,1,True,False,False,False,0,0.782,19550.0,False,False,0,0.0,1,False
100000007653003100,terminal,0.3,0.1885,B,True,17,0.15,0.37427681352915,0.018691588785046728,0.0,0.5927903871829105,0.0,0.0,"конечная точка в пределах выгрузки: получил 100 тыс от 1 плательщика, исходящих нет; доля seed-денег ~0%",0.6666666666666666,3,False,0.0,0,0,100000.0,1,1,1,100000.0,100000.0,100000.0,0.0,0,0.0,0,False,True,False,False,0,0.002458826925841859,245.8826925841859,False,False,0,,1,False
100000007653094100,peripheral,0.3,0.1459,A,False,12,0.03,0.586559857587895,0.018691588785046728,0.0,0.16199376947040497,0.0,0.0,"обрыв выгрузки на последнем колене: получил 16 тыс от 1 плательщика, исходящие неизвестны",1.0,4,False,0.0,0,0,16000.0,1,1,1,16000.0,16000.0,16000.0,0.0,0,0.0,0,False,True,True,False,0,0.16697737550679517,2671.6380081087227,False,False,0,,1,False
100000007689942100,peripheral,0.6,0.1867,B,True,20,0.06,0.2688028482421006,0.018691588785046728,0.833555852247441,0.2674677347574544,0.0,0.0,"выраженных признаков нет: 1 вх./2 исх., оборот 25 тыс; взаимные переводы с 1",1.0,3,False,25000.0,2,2,5000.0,1,1,2,25000.0,30000.0,-20000.0,5.0,0,0.0,0,True,False,False,False,0,0.00423135087776033,105.78377194400825,True,False,1,0.0,1,True
100000007731977100,peripheral,0.3,0.0738,A,True,2,0.03,0.08722741433021806,0.018691588785046728,0.0,0.4401424121050289,0.0,0.0,"обрыв выгрузки на последнем колене: получил 50 тыс от 1 плательщика, исходящие неизвестны",1.0,4,False,0.0,0,0,50000.0,1,1,1,50000.0,50000.0,50000.0,0.0,0,0.0,0,False,True,True,False,0,0.00020279353504882864,10.139676752441432,False,False,0,,1,False
100000007737775100,peripheral,0.9,0.1329,B,False,40,0.09000000000000001,0.4797507788161994,0.018691588785046728,0.0,0.035603026257231864,0.0,0.0,"выраженных признаков нет: 1 вх./0 исх., оборот 6 тыс",1.0,3,False,0.0,0,0,6000.0,1,1,1,6000.0,6000.0,6000.0,0.0,0,0.0,0,False,True,False,False,0,0.11163536745466321,669.8122047279793,False,False,0,,1,False
100000007745062100,peripheral,0.3,0.1983,A,True,10,0.03,0.6332888295505118,0.018691588785046728,0.0,0.5927903871829105,0.0,0.0,"обрыв выгрузки на последнем колене: получил 100 тыс от 1 плательщика, исходящие неизвестны",1.0,4,False,0.0,0,0,100000.0,1,1,1,100000.0,100000.0,100000.0,0.0,0,0.0,0,False,True,True,False,0,0.05554395797742266,5554.395797742266,False,False,0,,1,False
100000007747786100,distributor,0.71,0.3378,B,False,9,0.568,0.0,0.0,0.9924343569203382,0.9933244325767691,0.0,0.0,"[seed] веерная рассылка: 31 получатель, отправил 4.2 млн; доля seed-денег ~100%",1.0,0,True,4238009.4,35,31,0.0,0,0,31,4238009.4,4238009.4,-4238009.4,,0,0.0,0,False,False,False,False,0,1.0,0.0,False,False,0,0.0,0,False
100000007749092100,peripheral,0.9,0.2551,B,True,4,0.09000000000000001,0.4997774810858923,0.018691588785046728,0.6915887850467289,0.5260347129506008,0.0,0.0,"выраженных признаков нет: 1 вх./1 исх., оборот 70 тыс; взаимные переводы с 1",1.0,2,False,70375.0,5,1,7650.0,1,1,1,70375.0,78025.0,-62725.0,9.199346405228757,0,0.0,0,True,False,False,False,0,0.012012895993147286,845.4075555177402,True,False,1,0.0,1,False
100000007749747100,peripheral,0.3,0.0956,A,True,13,0.03,0.19626168224299065,0.018691588785046728,0.0,0.4401424121050289,0.0,0.0,"обрыв выгрузки на последнем колене: получил 50 тыс от 1 плательщика, исходящие неизвестны",1.0,4,False,0.0,0,0,50000.0,1,1,1,50000.0,50000.0,50000.0,0.0,0,0.0,0,False,True,True,False,0,0.0009123696551145647,45.61848275572824,False,False,0,,1,False
100000007754369100,peripheral,0.9,0.1743,B,True,2,0.09000000000000001,0.42768135291499776,0.018691588785046728,0.0,0.5540720961281709,0.0,0.0,"выраженных признаков нет: 1 вх./0 исх., оборот 82 тыс",0.6666666666666666,3,False,0.0,0,0,82424.0,1,1,1,82424.0,82424.0,82424.0,0.0,0,0.0,0,False,True,False,False,0,0.004849960600259524,399.753152515791,False,False,0,,1,False
100000007777377100,peripheral,0.6,0.3781,B,False,4,0.06,0.9270137961726747,0.018691588785046728,0.833555852247441,0.8647085002225189,0.0,0.0,"выраженных признаков нет: 1 вх./2 исх., оборот 456 тыс",1.0,2,False,10000.0,2,2,456290.0,7,1,3,456290.0,466290.0,446290.0,0.021915886826360427,0,0.0,0,False,True,False,False,0,0.21505044049875338,98125.36549517619,False,False,0,1.0,1,False
100000007793871100,peripheral,0.9,0.1434,B,True,29,0.09000000000000001,0.40676457498887403,0.018691588785046728,0.0,0.2870493991989319,0.0,0.0,"выраженных признаков нет: 1 вх./0 исх., оборот 26 тыс",1.0,3,False,0.0,0,0,26000.0,3,1,1,26000.0,26000.0,26000.0,0.0,0,0.0,0,False,True,False,False,0,0.012450902196328068,323.72345710452976,False,False,0,,1,False
100000007797290100,peripheral,0.6,0.2735,B,True,2,0.06,0.6110369381397419,0.018691588785046728,0.6915887850467289,0.5927903871829105,0.0,0.0,"выраженных признаков нет: 1 вх./1 исх., оборот 100 тыс",1.0,2,False,20000.0,1,1,100000.0,1,1,2,100000.0,120000.0,80000.0,0.2,0,0.0,0,False,True,False,False,0,0.03898876281632227,3898.876281632227,False,False,0,0.0,1,False
100000007811950100,peripheral,0.3,0.1295,A,True,30,0.03,0.3658210947930574,0.018691588785046728,0.0,0.4401424121050289,0.0,0.0,"обрыв выгрузки на последнем колене: получил 50 тыс от 1 плательщика, исходящие неизвестны",1.0,4,False,0.0,0,0,50000.0,1,1,1,50000.0,50000.0,50000.0,0.0,0,0.0,0,False,True,True,False,0,0.00459177555760553,229.5887778802765,False,False,0,,1,True
100000007841978100,peripheral,0.3,0.1896,A,True,5,0.03,0.45660881174899864,0.018691588785046728,0.0,0.8593680462839342,0.0,0.0,"обрыв выгрузки на последнем колене: получил 449 тыс от 1 плательщика, исходящие неизвестны",1.0,4,False,0.0,0,0,449000.0,1,1,1,449000.0,449000.0,449000.0,0.0,0,0.0,0,False,True,True,False,0,0.0011506389422899607,516.6368850881923,False,False,0,,1,True
100000007861311100,peripheral,0.9,0.2315,B,False,9,0.09000000000000001,0.7881619937694704,0.018691588785046728,0.0,0.4054294615042279,0.0,0.0,"выраженных признаков нет: 1 вх./0 исх., оборот 45 тыс",1.0,2,False,0.0,0,0,45000.0,1,1,1,45000.0,45000.0,45000.0,0.0,0,0.0,0,False,True,False,False,0,0.5405405405405406,24324.324324324327,False,False,0,,1,False
100000007863304100,peripheral,0.9,0.0928,B,True,5,0.09000000000000001,0.16332888295505119,0.018691588785046728,0.0,0.2674677347574544,0.0,0.0,"выраженных признаков нет: 1 вх./0 исх., оборот 25 тыс",1.0,3,False,0.0,0,0,25000.0,1,1,1,25000.0,25000.0,25000.0,0.0,0,0.0,0,False,True,False,False,0,0.0011953620415003489,29.884051037508723,False,False,0,,1,False
100000007864477100,peripheral,0.6,0.4038,B,False,2,0.06,0.5020026702269693,0.8019581664441477,0.9528259902091678,0.7360925678682688,0.3333333333333333,0.0,"выраженных признаков нет: 2 вх./6 исх., оборот 204 тыс; связан с 1 seed",1.0,3,False,203500.0,10,6,76000.0,2,2,8,203500.0,279500.0,-127500.0,2.6776315789473686,1,0.0,0,True,False,False,False,0,0.004245121558798319,863.882237215458,False,False,0,0.371007371007371,1,False
100000007865484100,peripheral,0.3,0.1114,A,True,49,0.03,0.04717400979083222,0.018691588785046728,0.0,0.8958611481975968,0.0,0.0,"обрыв выгрузки на последнем колене: получил 585 тыс от 1 плательщика, исходящие неизвестны",1.0,4,False,0.0,0,0,584600.0,2,1,1,584600.0,584600.0,584600.0,0.0,0,0.0,0,False,True,True,False,0,4.608548103680518e-06,2.6941572214116305,False,False,0,,1,False
100000007867364100,peripheral,0.3,0.1323,A,True,20,0.03,0.40186915887850466,0.018691588785046728,0.0,0.3951935914552737,0.0,0.0,"обрыв выгрузки на последнем колене: получил 42 тыс от 1 плательщика, исходящие неизвестны",1.0,4,False,0.0,0,0,41852.0,1,1,1,41852.0,41852.0,41852.0,0.0,0,0.0,0,False,True,True,False,0,0.0074181761970650816,310.4655101995678,False,False,0,,1,False
100000007898453100,peripheral,0.6,0.3393,B,True,3,0.06,0.7587894971072541,0.018691588785046728,0.833555852247441,0.8130841121495327,0.0,0.0,"выраженных признаков нет: 1 вх./2 исх., оборот 320 тыс; взаимные переводы с 1",1.0,2,False,320000.0,2,2,24750.0,1,1,2,320000.0,344750.0,-295250.0,12.929292929292929,0,0.0,0,True,False,False,False,0,0.06143995090016367,19660.784288052375,True,False,1,0.9375,1,False
100000007908818100,peripheral,0.6,0.5679,B,False,3,0.06,0.986648865153538,0.960836671117045,0.9528259902091678,0.9154428126390743,0.6666666666666666,0.0,"выраженных признаков нет: 4 вх./6 исх., оборот 727 тыс; связан с 2 seed",0.6666666666666666,1,False,302000.0,13,6,727475.0,4,4,10,727475.0,1029475.0,425475.0,0.4151345407058662,2,400975.0,2,False,True,False,False,0,0.5755274462803369,418681.82898278814,False,False,0,0.04966887417218543,2,False
100000007930878100,peripheral,0.9,0.1595,B,False,53,0.09000000000000001,0.6266132621272809,0.018691588785046728,0.0,0.008455718736092568,0.0,0.0,"выраженных признаков нет: 1 вх./0 исх., оборот 5 тыс",1.0,2,False,0.0,0,0,5000.0,1,1,1,5000.0,5000.0,5000.0,0.0,0,0.0,0,False,True,False,False,5,1.0,5000.0,False,False,0,,1,False
100000007938486100,peripheral,0.9,0.2735,B,False,1,0.09000000000000001,0.8437917222963952,0.018691588785046728,0.0,0.38006230529595014,0.3333333333333333,0.0,"выраженных признаков нет: 1 вх./0 исх., оборот 40 тыс; связан с 1 seed",1.0,1,False,0.0,0,0,39500.0,1,1,1,39500.0,39500.0,39500.0,0.0,1,39500.0,1,False,True,False,False,1,1.0,39500.0,False,False,0,,1,False
100000007939160100,peripheral,0.6,0.4311,B,False,53,0.06,0.9964396973742768,0.018691588785046728,0.833555852247441,0.9225634178905207,0.3333333333333333,0.0,"выраженных признаков нет: 1 вх./2 исх., оборот 795 тыс; связан с 1 seed; взаимные переводы с 1",1.0,1,False,14300.0,2,2,795000.0,2,1,2,795000.0,809300.0,780700.0,0.017987421383647798,1,795000.0,1,False,True,False,False,5,1.0,795000.0,True,False,1,0.0,1,False
100000007953156100,peripheral,0.9,0.2527,B,False,15,0.09000000000000001,0.6568758344459279,0.018691588785046728,0.6915887850467289,0.1882510013351135,0.0,0.0,"выраженных признаков нет: 1 вх./1 исх., оборот 18 тыс",1.0,2,False,10000.0,1,1,18000.0,1,1,2,18000.0,28000.0,8000.0,0.5555555555555556,0,0.0,0,False,True,False,False,0,0.3937260793678754,7087.069428621758,False,False,0,0.0,1,False
100000007960337100,peripheral,0.3,0.0702,A,True,6,0.03,0.10725411659991099,0.018691588785046728,0.0,0.36404094348019583,0.0,0.0,"обрыв выгрузки на последнем колене: получил 36 тыс от 1 плательщика, исходящие неизвестны",1.0,4,False,0.0,0,0,35500.0,1,1,1,35500.0,35500.0,35500.0,0.0,0,0.0,0,False,True,True,False,0,0.00036632830054888224,13.00465466948532,False,False,0,,1,False
100000007982728100,peripheral,0.6,0.2107,B,False,14,0.06,0.0,0.0,0.9657320872274143,0.9692923898531375,0.3333333333333333,0.0,"[seed] выраженных признаков нет: 0 вх./8 исх., оборот 1.8 млн; связан ещё с 1 seed",0.6666666666666666,0,True,1804384.0,12,8,0.0,0,0,8,1804384.0,1804384.0,-1804384.0,,1,0.0,0,False,False,False,False,0,1.0,0.0,False,False,0,0.0,0,False
100000007982908100,peripheral,0.9,0.1589,B,True,1,0.09000000000000001,0.4583889630618603,0.018691588785046728,0.0,0.3386737872719181,0.0,0.0,"выраженных признаков нет: 1 вх./0 исх., оборот 31 тыс",1.0,2,False,0.0,0,0,31080.0,1,1,1,31080.0,31080.0,31080.0,0.0,0,0.0,0,False,True,False,False,1,0.017185010363675823,534.1101221030445,False,False,0,,1,False
100000007988344100,peripheral,0.3,0.0795,A,True,2,0.03,0.2336448598130841,0.018691588785046728,0.0,0.20382732532265244,0.0,0.0,"обрыв выгрузки на последнем колене: получил 20 тыс от 1 плательщика, исходящие неизвестны",1.0,4,False,0.0,0,0,20000.0,3,1,1,20000.0,20000.0,20000.0,0.0,0,0.0,0,False,True,True,False,0,0.003440719040682512,68.81438081365025,False,False,0,,1,False
100000007997939100,peripheral,0.3,0.0644,A,True,7,0.03,0.20026702269692923,0.018691588785046728,0.0,0.12016021361815754,0.0,0.0,"обрыв выгрузки на последнем колене: получил 13 тыс от 1 плательщика, исходящие неизвестны",1.0,4,False,0.0,0,0,13000.0,1,1,1,13000.0,13000.0,13000.0,0.0,0,0.0,0,False,True,True,False,0,0.0037947605764307966,49.331887493600355,False,False,0,,1,False
100000007998965100,consolidator,0.429,0.502,B,True,29,0.3861,0.6061415220293725,0.9777481085892301,0.6915887850467289,0.7868268802848242,0.0,0.0,"признаки консолидации: 5 плательщиков, получил 278 тыс; отдал дальше 9%; связь с seed-деньгами слабая, возможна легальная активность",0.6666666666666666,2,False,26000.0,3,1,278000.0,7,5,6,278000.0,304000.0,252000.0,0.09352517985611511,0,0.0,0,False,True,False,False,0,0.012450902196328068,3461.350810579203,False,False,0,0.38461538461538464,2,False
100000007999728100,peripheral,0.9,0.0891,B,True,15,0.09000000000000001,0.15398308856252782,0.018691588785046728,0.0,0.24922118380062305,0.0,0.0,"выраженных признаков нет: 1 вх./0 исх., оборот 23 тыс",1.0,3,False,0.0,0,0,23250.0,1,1,1,23250.0,23250.0,23250.0,0.0,0,0.0,0,False,True,False,False,0,0.0011056727811859502,25.70689216257334,False,False,0,,1,False
100000008002020100,peripheral,0.9,0.3704,B,False,10,0.09000000000000001,0.9065420560747663,0.018691588785046728,0.6915887850467289,0.5322652425456164,0.3333333333333333,0.0,"выраженных признаков нет: 1 вх./1 исх., оборот 74 тыс; связан с 1 seed",1.0,1,False,17000.0,1,1,73860.0,1,1,2,73860.0,90860.0,56860.0,0.23016517736257786,1,73860.0,1,False,True,False,False,0,1.0,73860.0,False,False,0,0.0,1,False
100000008003034100,peripheral,0.6,0.356,B,False,12,0.06,0.7093902981753449,0.018691588785046728,0.9274588340008901,0.6519804183355585,0.3333333333333333,0.0,"выраженных признаков нет: 1 вх./4 исх., оборот 135 тыс; связан с 1 seed",1.0,1,False,135000.0,4,4,12201.0,1,1,5,135000.0,147201.0,-122799.0,11.064666830587656,1,12201.0,1,True,False,False,False,0,0.09037777777777778,12201.0,False,False,0,0.3592592592592593,1,False
100000008008463100,peripheral,0.9,0.224,B,False,14,0.09000000000000001,0.715175789942145,0.018691588785046728,0.0,0.4757454383622608,0.0,0.0,"выраженных признаков нет: 1 вх./0 исх., оборот 54 тыс",1.0,2,False,0.0,0,0,54180.0,1,1,1,54180.0,54180.0,54180.0,0.0,0,0.0,0,False,True,False,False,0,0.2400064001706712,13003.546761246966,False,False,0,,1,True
100000008011159100,peripheral,0.6,0.4221,B,True,50,0.06,0.6631063640409435,0.9114374721851357,0.9421450823319982,0.8308856252781487,0.0,0.0,"выраженных признаков нет: 3 вх./5 исх., оборот 363 тыс; взаимные переводы с 1",1.0,2,False,153037.0,5,5,363000.0,6,3,7,363000.0,516037.0,209963.0,0.4215895316804408,0,0.0,0,False,True,False,False,0,0.020513425536907454,7446.373469897406,True,False,1,0.3593902128243497,1,False
100000008011573100,peripheral,0.9,0.0901,B,True,17,0.09000000000000001,0.21450823319982198,0.018691588785046728,0.0,0.13840676457498888,0.0,0.0,"выраженных признаков нет: 1 вх./0 исх., оборот 15 тыс",1.0,3,False,0.0,0,0,15000.0,1,1,1,15000.0,15000.0,15000.0,0.0,0,0.0,0,False,True,False,False,0,0.003759829013807918,56.39743520711877,False,False,0,,1,False
100000008027922100,peripheral,0.3,0.1716,A,True,26,0.03,0.5367156208277704,0.018691588785046728,0.0,0.5189141076991545,0.0,0.0,"обрыв выгрузки на последнем колене: получил 70 тыс от 1 плательщика, исходящие неизвестны",1.0,4,False,0.0,0,0,70000.0,1,1,1,70000.0,70000.0,70000.0,0.0,0,0.0,0,False,True,True,False,0,0.018851020578037624,1319.5714404626337,False,False,0,,1,False
100000008028628100,peripheral,0.9,0.293,B,False,1,0.09000000000000001,0.8878504672897196,0.018691588785046728,0.0,0.48687138406764574,0.3333333333333333,0.0,"выраженных признаков нет: 1 вх./0 исх., оборот 57 тыс; связан с 1 seed",1.0,1,False,0.0,0,0,57224.0,1,1,1,57224.0,57224.0,57224.0,0.0,1,57224.0,1,False,True,False,False,1,1.0,57224.0,False,False,0,,1,False
100000008029279100,peripheral,0.9,0.1066,B,True,6,0.09000000000000001,0.2803738317757009,0.018691588785046728,0.0,0.17133956386292834,0.0,0.0,"выраженных признаков нет: 1 вх./0 исх., оборот 17 тыс",1.0,3,False,0.0,0,0,17000.0,1,1,1,17000.0,17000.0,17000.0,0.0,0,0.0,0,False,True,False,False,0,0.006651503710631661,113.07556308073823,False,False,0,,1,False
100000008038077100,terminal,0.38,0.2498,B,True,5,0.19,0.4695149087672452,0.018691588785046728,0.0,0.8753894080996885,0.0,0.0,"конечная точка в пределах выгрузки: получил 500 тыс от 1 плательщика, исходящих нет; доля seed-денег ~0%",1.0,3,False,0.0,0,0,499850.0,2,1,1,499850.0,499850.0,499850.0,0.0,0,0.0,0,False,True,False,False,0,0.0011953620415003489,597.5017164439494,False,False,0,,1,False
100000008042075100,peripheral,0.9,0.0979,B,True,27,0.09000000000000001,0.3182020471740098,0.018691588785046728,0.0,0.008455718736092568,0.0,0.0,"выраженных признаков нет: 1 вх./0 исх., оборот 5 тыс",1.0,3,False,0.0,0,0,5000.0,1,1,1,5000.0,5000.0,5000.0,0.0,0,0.0,0,False,True,False,False,0,0.03195488721804511,159.77443609022555,False,False,0,,1,False
100000008043184100,peripheral,0.9,0.1373,B,True,17,0.09000000000000001,0.2910547396528705,0.018691588785046728,0.0,0.4574988874054295,0.0,0.0,"выраженных признаков нет: 1 вх./0 исх., оборот 51 тыс",1.0,3,False,0.0,0,0,50564.0,1,1,1,50564.0,50564.0,50564.0,0.0,0,0.0,0,False,True,False,False,0,0.002458826925841859,124.32812467826774,False,False,0,,1,False
100000008050986100,peripheral,0.3,0.1126,A,True,5,0.03,0.2091677792612372,0.018691588785046728,0.0,0.584334668446818,0.0,0.0,"обрыв выгрузки на последнем колене: получил 95 тыс от 1 плательщика, исходящие неизвестны",1.0,4,False,0.0,0,0,95000.0,2,1,1,95000.0,95000.0,95000.0,0.0,0,0.0,0,False,True,True,False,0,0.0005591587629772298,53.120082482836835,False,False,0,,1,False
100000008055972100,peripheral,0.9,0.091,B,True,1,0.09000000000000001,0.13351134846461948,0.018691588785046728,0.0,0.30930129060970185,0.0,0.0,"выраженных признаков нет: 1 вх./0 исх., оборот 28 тыс",1.0,3,False,0.0,0,0,28300.0,1,1,1,28300.0,28300.0,28300.0,0.0,0,0.0,0,False,True,False,False,1,0.0006645076819004414,18.805567397782493,False,False,0,,1,False
100000008060273100,peripheral,0.9,0.1678,B,False,3,0.09000000000000001,0.6372941700044504,0.018691588785046728,0.0,0.06987093902981753,0.0,0.0,"выраженных признаков нет: 1 вх./0 исх., оборот 10 тыс",1.0,2,False,0.0,0,0,10000.0,2,1,1,10000.0,10000.0,10000.0,0.0,0,0.0,0,False,True,False,False,0,0.5755274462803369,5755.274462803369,False,False,0,,1,True
100000008066326100,peripheral,0.9,0.2382,B,False,2,0.09000000000000001,0.7565643079661771,0.018691588785046728,0.0,0.20204717400979083,0.3333333333333333,0.0,"выраженных признаков нет: 1 вх./0 исх., оборот 19 тыс; связан с 1 seed",1.0,1,False,0.0,0,0,19320.0,1,1,1,19320.0,19320.0,19320.0,0.0,1,19320.0,1,False,True,False,False,0,1.0,19320.0,False,False,0,,1,False
100000008070101100,terminal,0.21,0.1538,B,True,7,0.105,0.2794837561192701,0.018691588785046728,0.0,0.5927903871829105,0.0,0.0,"конечная точка в пределах выгрузки: получил 100 тыс от 1 плательщика, исходящих нет; доля seed-денег ~0%; вход в конце периода, мог переслать позже",0.6666666666666666,3,False,0.0,0,0,100000.0,1,1,1,100000.0,100000.0,100000.0,0.0,0,0.0,0,False,True,False,False,0,0.0011242617969656912,112.42617969656912,False,False,0,,1,True
100000008071620100,peripheral,0.9,0.2814,B,False,2,0.09000000000000001,0.8629283489096573,0.018691588785046728,0.0,0.4210057854917668,0.3333333333333333,0.0,"выраженных признаков нет: 1 вх./0 исх., оборот 47 тыс; связан с 1 seed",1.0,1,False,0.0,0,0,46968.0,1,1,1,46968.0,46968.0,46968.0,0.0,1,46968.0,1,False,True,False,False,0,1.0,46968.0,False,False,0,,1,False
100000008071749100,peripheral,0.3,0.0828,A,True,8,0.03,0.21851357365376056,0.018691588785046728,0.0,0.26702269692923897,0.0,0.0,"обрыв выгрузки на последнем колене: получил 25 тыс от 1 плательщика, исходящие неизвестны",1.0,4,False,0.0,0,0,24943.0,1,1,1,24943.0,24943.0,24943.0,0.0,0,0.0,0,False,True,True,False,0,0.00236057430792627,58.87980496260495,False,False,0,,1,False
100000008074304100,peripheral,0.3,0.0287,A,True,5,0.03,0.06631063640409435,0.018691588785046728,0.0,0.030262572318647086,0.0,0.0,"обрыв выгрузки на последнем колене: получил 6 тыс от 1 плательщика, исходящие неизвестны",1.0,4,False,0.0,0,0,5500.0,1,1,1,5500.0,5500.0,5500.0,0.0,0,0.0,0,False,True,True,False,0,0.0011953620415003489,6.574491228251919,False,False,0,,1,False
100000008077552100,terminal,0.323,0.2408,B,True,6,0.1615,0.5420560747663551,0.018691588785046728,0.0,0.7400979083222073,0.0,0.0,"конечная точка в пределах выгрузки: получил 214 тыс от 1 плательщика, исходящих нет; доля seed-денег ~1%",1.0,3,False,0.0,0,0,214000.0,1,1,1,214000.0,214000.0,214000.0,0.0,0,0.0,0,False,True,False,False,0,0.00665150371063166,1423.4217940751753,False,False,0,,1,False
100000008086440100,transit,0.431,0.4404,B,True,2,0.30169999999999997,0.5803293279928794,0.018691588785046728,0.9421450823319982,0.7267467734757455,0.0,1.0,"признаки транзита: получил 200 тыс, отправил 161 тыс (81%); участвует в круговых потоках (3+ участника); связь с seed-деньгами слабая, возможна легальная активность",1.0,3,False,161300.0,6,5,199733.0,1,1,5,199733.0,361033.0,38433.0,0.8075781167859092,0,0.0,0,False,True,False,False,0,0.012130418223720098,2422.8448230782865,True,True,1,0.23558586484810912,1,False
100000008088082100,peripheral,0.9,0.2339,B,True,12,0.09000000000000001,0.4370271473075211,0.018691588785046728,0.6915887850467289,0.4401424121050289,0.0,0.0,"выраженных признаков нет: 1 вх./1 исх., оборот 50 тыс",1.0,3,False,50000.0,1,1,39138.0,1,1,2,50000.0,89138.0,-10862.0,1.2775307884920026,0,0.0,0,True,False,False,False,0,0.0084584022985946,422.92011492973006,False,False,0,0.0,1,False
100000008094734100,terminal,0.745,0.5607,B,False,2,0.3725,0.9599465954606141,0.960836671117045,0.0,0.7561192701379618,0.6666666666666666,0.0,"конечная точка в пределах выгрузки: получил 236 тыс от 4 плательщиков, исходящих нет; доля seed-денег ~84%; связан с 2 seed",0.6666666666666666,1,False,0.0,0,0,236249.0,4,4,4,236249.0,236249.0,236249.0,0.0,2,197000.0,2,False,True,False,False,0,0.8414584116652816,198793.7082975111,False,False,0,,1,False
100000008097580100,peripheral,0.9,0.2266,B,True,6,0.09000000000000001,0.4023141967067201,0.8019581664441477,0.0,0.3440142412105029,0.0,0.0,"выраженных признаков нет: 2 вх./0 исх., оборот 32 тыс",1.0,3,False,0.0,0,0,32000.0,4,2,2,32000.0,32000.0,32000.0,0.0,0,0.0,0,False,True,False,False,0,0.009703820899367877,310.52226877977205,False,False,0,,1,True
100000008104567100,peripheral,0.6,0.4656,B,False,8,0.06,0.6675567423230975,0.9114374721851357,0.894971072541166,0.47085002225189143,0.3333333333333333,1.0,"выраженных признаков нет: 3 вх./3 исх., оборот 54 тыс; связан с 1 seed; участвует в круговых потоках (3+ участника)",1.0,2,False,40000.0,4,3,53550.0,3,3,6,53550.0,93550.0,13550.0,0.7469654528478058,1,0.0,0,False,True,False,False,0,0.14422012498285483,7722.987692831876,True,True,0,0.3,1,True
100000008106997100,peripheral,0.6,0.311,B,True,36,0.06,0.5211392968402314,0.8019581664441477,0.6915887850467289,0.3644859813084112,0.0,0.0,"выраженных признаков нет: 2 вх./1 исх., оборот 36 тыс",1.0,2,False,20600.0,1,1,35600.0,2,2,3,35600.0,56200.0,15000.0,0.5786516853932584,0,0.0,0,False,True,False,False,0,0.03001797280134173,1068.6398317277656,False,False,0,1.0,1,True
100000008111003100,consolidator,0.452,0.5818,B,True,36,0.4068,0.7360925678682688,0.9853137516688919,0.6915887850467289,0.7454383622607922,0.0,1.0,"признаки консолидации: 6 плательщиков, получил 223 тыс; отдал дальше 16%; участвует в круговых потоках (3+ участника); связь с seed-деньгами слабая, возможна легальная активность",1.0,2,False,35000.0,1,1,222716.0,9,6,6,222716.0,257716.0,187716.0,0.15715081089818422,0,0.0,0,False,True,False,False,0,0.07097406478763593,15807.059813243124,True,True,1,1.0,2,False
100000008116374100,peripheral,0.9,0.2642,B,False,4,0.09000000000000001,0.8170894526034713,0.018691588785046728,0.0,0.3404539385847797,0.3333333333333333,0.0,"выраженных признаков нет: 1 вх./0 исх., оборот 31 тыс; связан с 1 seed",1.0,1,False,0.0,0,0,31284.0,1,1,1,31284.0,31284.0,31284.0,0.0,1,31284.0,1,False,True,False,False,0,1.0,31284.0,False,False,0,,1,False
100000008117324100,peripheral,0.2,0.006,A,False,0,0.020000000000000004,0.0,0.0,0.0,0.0,0.0,0.0,[seed] нет переводов в выгрузке: роль определить нельзя,1.0,0,True,0.0,0,0,0.0,0,0,0,0.0,0.0,0.0,,0,0.0,0,False,False,False,True,30,1.0,0.0,False,False,0,,0,False
100000008121806100,peripheral,0.6,0.2977,B,True,6,0.06,0.27770360480640854,0.018691588785046728,0.9274588340008901,0.7659101023587005,0.0,1.0,"выраженных признаков нет: 1 вх./4 исх., оборот 249 тыс; участвует в круговых потоках (3+ участника)",1.0,3,False,248509.0,6,4,67000.0,1,1,5,248509.0,315509.0,-181509.0,3.709089552238806,0,0.0,0,True,False,False,False,0,0.0004505760023359412,111.97219176450241,True,True,0,0.34203992611937595,1,False
100000008129393100,peripheral,0.9,0.2113,B,False,63,0.09000000000000001,0.6880284824210058,0.018691588785046728,0.0,0.06987093902981753,0.3333333333333333,0.0,"выраженных признаков нет: 1 вх./0 исх., оборот 10 тыс; связан с 1 seed",1.0,1,False,0.0,0,0,10000.0,1,1,1,10000.0,10000.0,10000.0,0.0,1,10000.0,1,False,True,False,False,9,1.0,10000.0,False,False,0,,1,True
100000008130868100,peripheral,0.3,0.0595,A,True,11,0.03,0.11348464619492657,0.018691588785046728,0.0,0.24432576769025366,0.0,0.0,"обрыв выгрузки на последнем колене: получил 23 тыс от 1 плательщика, исходящие неизвестны",1.0,4,False,0.0,0,0,22782.0,1,1,1,22782.0,22782.0,22782.0,0.0,0,0.0,0,False,True,True,False,0,0.000658936148843668,15.011883342956445,False,False,0,,1,False
100000008136608100,peripheral,0.3,0.183,A,True,8,0.03,0.5028927458834,0.018691588785046728,0.0,0.7004895416110369,0.0,0.0,"обрыв выгрузки на последнем колене: получил 170 тыс от 1 плательщика, исходящие неизвестны",1.0,4,False,0.0,0,0,170000.0,1,1,1,170000.0,170000.0,170000.0,0.0,0,0.0,0,False,True,True,False,0,0.005121826486713009,870.7105027412115,False,False,0,,1,False
100000008137435100,peripheral,0.6,0.5466,B,False,26,0.06,0.8553627058299955,0.8019581664441477,0.9528259902091678,0.9572763684913218,0.3333333333333333,1.0,"выраженных признаков нет: 2 вх./6 исх., оборот 1.4 млн; связан с 1 seed; участвует в круговых потоках (3+ участника)",1.0,1,False,1419700.0,7,6,93906.0,2,2,8,1419700.0,1513606.0,-1325794.0,15.118309799160864,1,43906.0,1,True,False,False,False,0,0.03095382274234458,43945.1421473066,True,True,0,0.29442840036627455,2,False
100000008141170100,peripheral,0.9,0.1665,B,False,4,0.09000000000000001,0.6145972407654651,0.018691588785046728,0.0,0.10191366266132622,0.0,0.0,"выраженных признаков нет: 1 вх./0 исх., оборот 11 тыс",1.0,2,False,0.0,0,0,11000.0,1,1,1,11000.0,11000.0,11000.0,0.0,0,0.0,0,False,True,False,False,0,0.3685514427050622,4054.065869755684,False,False,0,,1,False
100000008144528100,consolidator,0.45,0.5005,B,True,4,0.405,0.8344459279038718,0.9777481085892301,0.0,0.940809968847352,0.0,0.0,"признаки консолидации: 5 плательщиков, получил 1.1 млн; отдал дальше 0%; связь с seed-деньгами слабая, возможна легальная активность",0.6666666666666666,2,False,0.0,0,0,1068202.6,13,5,5,1068202.6,1068202.6,1068202.6,0.0,0,0.0,0,False,True,False,False,0,0.03371860316081756,36018.29956475354,False,False,0,,2,False
100000008151098100,peripheral,0.3,0.0612,A,True,31,0.03,0.08500222518914108,0.018691588785046728,0.0,0.3186470850022252,0.0,0.0,"обрыв выгрузки на последнем колене: получил 30 тыс от 1 плательщика, исходящие неизвестны",1.0,4,False,0.0,0,0,30000.0,1,1,1,30000.0,30000.0,30000.0,0.0,0,0.0,0,False,True,True,False,0,0.0003227185896603177,9.68155768980953,False,False,0,,1,False
100000008165763100,coordinator,0.761,0.7849,B,False,3,0.761,0.9586114819759679,0.9991099243435692,0.9848687138406764,0.9510458388963062,0.3333333333333333,0.0,признаки координации: 15 плательщиков и 17 получателей; связан с 1 seed,1.0,1,False,1267858.0,17,17,1165815.0,26,15,32,1267858.0,2433673.0,-102043.0,1.087529324978663,1,148000.0,1,True,False,False,False,0,0.14897743662497684,188882.2348444699,False,False,0,0.6805848919989462,4,True
100000008168850100,peripheral,0.3,0.1525,A,True,5,0.03,0.34356920338228747,0.018691588785046728,0.0,0.7138406764574989,0.0,0.0,"обрыв выгрузки на последнем колене: получил 188 тыс от 1 плательщика, исходящие неизвестны",1.0,4,False,0.0,0,0,187910.0,2,1,1,187910.0,187910.0,187910.0,0.0,0,0.0,0,False,True,True,False,0,0.001035692054582895,194.6168939766718,False,False,0,,1,False
100000008169544100,peripheral,0.6,0.4866,B,False,4,0.06,0.9439252336448598,0.018691588785046728,0.9274588340008901,0.6550956831330663,0.6666666666666666,1.0,"выраженных признаков нет: 1 вх./4 исх., оборот 137 тыс; связан с 2 seed; участвует в круговых потоках (3+ участника)",1.0,1,False,42800.0,7,4,137104.0,2,1,4,137104.0,179904.0,94304.0,0.31217178200490137,2,137104.0,1,False,True,False,False,0,1.0,137104.0,True,True,1,0.28738317757009346,1,False
100000008172352100,peripheral,0.6,0.4918,B,False,39,0.06,0.8531375166889186,0.9114374721851357,0.960836671117045,0.7957276368491322,0.3333333333333333,0.0,"выраженных признаков нет: 3 вх./7 исх., оборот 290 тыс; связан с 1 seed",0.6666666666666666,1,False,289510.0,8,7,90265.0,3,3,10,289510.0,379775.0,-199245.0,3.207333961114496,1,43000.0,1,True,False,False,False,0,0.14890359597307162,43109.08007016397,False,False,0,0.7666747262616145,2,True
100000008172721100,peripheral,0.3,0.1449,A,True,6,0.03,0.31330663106364043,0.018691588785046728,0.0,0.6991544281263907,0.0,0.0,"обрыв выгрузки на последнем колене: получил 168 тыс от 1 плательщика, исходящие неизвестны",1.0,4,False,0.0,0,0,168335.0,1,1,1,168335.0,168335.0,168335.0,0.0,0,0.0,0,False,True,True,False,0,0.0009037817444989982,152.13809996023886,False,False,0,,1,False
100000008173359100,peripheral,0.9,0.1995,B,False,4,0.09000000000000001,0.6435246995994659,0.018691588785046728,0.0,0.040498442367601244,0.3333333333333333,0.0,"выраженных признаков нет: 1 вх./0 исх., оборот 6 тыс; связан с 1 seed",1.0,1,False,0.0,0,0,6110.0,1,1,1,6110.0,6110.0,6110.0,0.0,1,6110.0,1,False,True,False,False,0,1.0,6110.0,False,False,0,,1,False
100000008174521100,peripheral,0.9,0.2627,B,False,4,0.09000000000000001,0.8700489541611037,0.018691588785046728,0.0,0.5531820204717401,0.0,0.0,"выраженных признаков нет: 1 вх./0 исх., оборот 82 тыс",0.6666666666666666,2,False,0.0,0,0,82110.0,1,1,1,82110.0,82110.0,82110.0,0.0,0,0.0,0,False,True,False,False,0,0.59396914875992,48770.806804677035,False,False,0,,1,False
100000008175078100,peripheral,0.3,0.1598,A,True,43,0.03,0.25189141076991545,0.018691588785046728,0.0,0.9706275033377837,0.0,0.0,"обрыв выгрузки на последнем колене: получил 1.8 млн от 1 плательщика, исходящие неизвестны",1.0,4,False,0.0,0,0,1846711.0,15,1,1,1846711.0,1846711.0,1846711.0,0.0,0,0.0,0,False,True,True,False,0,4.832834906982415e-05,89.24849383908402,False,False,0,,1,False
100000008183752100,peripheral,0.3,0.0884,A,True,24,0.03,0.051179350244770806,0.018691588785046728,0.0,0.6582109479305741,0.0,0.0,"обрыв выгрузки на последнем колене: получил 140 тыс от 1 плательщика, исходящие неизвестны",1.0,4,False,0.0,0,0,140000.0,1,1,1,140000.0,140000.0,140000.0,0.0,0,0.0,0,False,True,True,False,0,2.49410518956208e-05,3.491747265386912,False,False,0,,1,False
100000008188026100,peripheral,0.6,0.5378,B,False,18,0.06,0.8936359590565198,0.8019581664441477,0.9274588340008901,0.8179795282599021,0.3333333333333333,1.0,"выраженных признаков нет: 2 вх./4 исх., оборот 338 тыс; связан с 1 seed; участвует в круговых потоках (3+ участника)",1.0,1,False,337983.17,4,4,86468.0,5,2,6,337983.17,424451.17,-251515.16999999998,3.9087659018365173,1,63358.0,1,True,False,False,False,0,0.18817235498826923,63599.08904530054,True,True,0,0.0,1,False
100000008190411100,peripheral,0.3,0.1017,A,True,61,0.03,0.08455718736092568,0.018691588785046728,0.0,0.7245215843346684,0.0,0.0,"обрыв выгрузки на последнем колене: получил 198 тыс от 1 плательщика, исходящие неизвестны",1.0,4,False,0.0,0,0,198450.0,12,1,1,198450.0,198450.0,198450.0,0.0,0,0.0,0,False,True,True,False,0,4.8684206569566896e-05,9.661380793730551,False,False,0,,1,False
100000008190442100,peripheral,0.9,0.0613,B,True,1,0.09000000000000001,0.0796617712505563,0.018691588785046728,0.0,0.12016021361815754,0.0,0.0,"выраженных признаков нет: 1 вх./0 исх., оборот 13 тыс",1.0,3,False,0.0,0,0,13000.0,1,1,1,13000.0,13000.0,13000.0,0.0,0,0.0,0,False,True,False,False,1,0.0006645076819004414,8.63859986470574,False,False,0,,1,False
100000008192264100,transit,0.491,0.3314,C,True,5,0.34369999999999995,0.34356920338228747,0.018691588785046728,0.6915887850467289,0.7138406764574989,0.0,0.0,"признаки транзита: получил 163 тыс, отправил 188 тыс; 87% отправлено в течение 2 дней после входа; связь с seed-деньгами слабая, возможна легальная активность",1.0,3,False,187910.0,2,1,162810.0,1,1,2,187910.0,350720.0,-25100.0,1.1541674344327744,0,0.0,0,True,False,False,False,0,0.001035692054582895,194.6168939766718,False,False,0,0.8749933478793039,1,False
100000008193258100,peripheral,0.9,0.2235,B,True,17,0.09000000000000001,0.33822874944370274,0.018691588785046728,0.6915887850467289,0.5331553182020472,0.0,0.0,"выраженных признаков нет: 1 вх./1 исх., оборот 75 тыс",1.0,3,False,30000.0,1,1,75000.0,2,1,2,75000.0,105000.0,45000.0,0.4,0,0.0,0,False,True,False,False,0,0.002458826925841859,184.41201943813942,False,False,0,0.0,1,False
100000008193577100,peripheral,0.6,0.5547,B,False,51,0.06,0.9448153093012907,0.8019581664441477,0.9421450823319982,0.8700489541611037,0.3333333333333333,1.0,"выраженных признаков нет: 2 вх./5 исх., оборот 480 тыс; связан с 1 seed; участвует в круговых потоках (3+ участника)",1.0,1,False,480180.0,16,5,154300.0,6,2,5,480180.0,634480.0,-325880.0,3.1119896305897603,1,87000.0,1,True,False,False,False,4,0.28985277122790126,139181.50368821362,True,True,2,0.10410679328585114,1,True
100000008200810100,terminal,0.375,0.2169,B,True,11,0.1875,0.3137516688918558,0.018691588785046728,0.0,0.8669336893635959,0.0,0.0,"конечная точка в пределах выгрузки: получил 475 тыс от 1 плательщика, исходящих нет; доля seed-денег ~0%",1.0,3,False,0.0,0,0,475000.0,1,1,1,475000.0,475000.0,475000.0,0.0,0,0.0,0,False,True,False,False,0,0.0003207443319761952,152.35355768869272,False,False,0,,1,False
100000008205000100,peripheral,0.2,0.006,A,False,0,0.020000000000000004,0.0,0.0,0.0,0.0,0.0,0.0,[seed] нет переводов в выгрузке: роль определить нельзя,1.0,0,True,0.0,0,0,0.0,0,0,0,0.0,0.0,0.0,,0,0.0,0,False,False,False,True,31,1.0,0.0,False,False,0,,0,False
100000008205937100,peripheral,0.9,0.2081,B,False,12,0.09000000000000001,0.6942590120160214,0.018691588785046728,0.0,0.3591455273698264,0.0,0.0,"выраженных признаков нет: 1 вх./0 исх., оборот 35 тыс",1.0,2,False,0.0,0,0,35000.0,3,1,1,35000.0,35000.0,35000.0,0.0,0,0.0,0,False,True,False,False,0,0.29331991497830256,10266.19702424059,False,False,0,,1,False
100000008213966100,transit,0.469,0.5259,C,True,33,0.3283,0.8259902091677792,0.9114374721851357,0.6915887850467289,0.8553627058299955,0.0,0.0,"признаки транзита: получил 187 тыс, отправил 437 тыс; 85% отправлено в течение 2 дней после входа; взаимные переводы с 1; связь с seed-деньгами слабая, возможна легальная активность",1.0,2,False,436900.0,8,1,187004.0,7,3,3,436900.0,623904.0,-249896.0,2.336313661739856,0,0.0,0,True,False,False,False,0,0.07950566451832446,34736.02482805595,True,False,1,0.8498512245365072,1,True
100000008219168100,peripheral,0.9,0.29,B,False,9,0.09000000000000001,0.881619937694704,0.018691588785046728,0.0,0.4699599465954606,0.3333333333333333,0.0,"выраженных признаков нет: 1 вх./0 исх., оборот 53 тыс; связан с 1 seed",1.0,1,False,0.0,0,0,53200.0,2,1,1,53200.0,53200.0,53200.0,0.0,1,53200.0,1,False,True,False,False,0,1.0,53200.0,False,False,0,,1,False
100000008221543100,terminal,0.388,0.4246,B,False,17,0.194,0.7716955941255007,0.8019581664441477,0.0,0.8887405429461505,0.3333333333333333,0.0,"конечная точка в пределах выгрузки: получил 542 тыс от 2 плательщиков, исходящих нет; доля seed-денег ~4%; связан с 1 seed",1.0,1,False,0.0,0,0,542000.0,2,2,2,542000.0,542000.0,542000.0,0.0,1,20000.0,1,False,True,False,False,0,0.03926846430865212,21283.50765528945,False,False,0,,1,False
100000008221765100,peripheral,0.3,0.1486,A,True,5,0.03,0.3391188251001335,0.018691588785046728,0.0,0.6840231419670671,0.0,0.0,"обрыв выгрузки на последнем колене: получил 156 тыс от 1 плательщика, исходящие неизвестны",1.0,4,False,0.0,0,0,156354.0,1,1,1,156354.0,156354.0,156354.0,0.0,0,0.0,0,False,True,True,False,0,0.001195362041500349,186.89963663674558,False,False,0,,1,False
100000008223661100,peripheral,0.6,0.3871,B,False,13,0.06,0.40409434801958166,0.8019581664441477,0.9421450823319982,0.7752558967512239,0.3333333333333333,0.0,"выраженных признаков нет: 2 вх./5 исх., оборот 263 тыс; связан с 1 seed",1.0,3,False,262580.0,5,5,202000.0,2,2,7,262580.0,464580.0,-60580.0,1.29990099009901,1,0.0,0,True,False,False,False,0,0.0011979171746903672,314.5490917301966,False,False,0,0.18748952700129484,2,False
100000008223756100,terminal,0.346,0.3144,B,True,6,0.173,0.46016911437472185,0.8019581664441477,0.0,0.8161993769470405,0.0,0.0,"конечная точка в пределах выгрузки: получил 332 тыс от 2 плательщиков, исходящих нет; доля seed-денег ~0%",1.0,3,False,0.0,0,0,331682.0,2,2,2,331682.0,331682.0,331682.0,0.0,0,0.0,0,False,True,False,False,0,0.0016326534951371155,541.5217765740688,False,False,0,,1,False
100000008229700100,peripheral,0.9,0.317,B,False,10,0.09000000000000001,0.7805963506898086,0.018691588785046728,0.6915887850467289,0.25055629728526924,0.3333333333333333,0.0,"выраженных признаков нет: 1 вх./1 исх., оборот 24 тыс; связан с 1 seed",1.0,1,False,7200.0,1,1,23500.0,1,1,2,23500.0,30700.0,16300.0,0.30638297872340425,1,23500.0,1,False,True,False,False,0,1.0,23500.0,False,False,0,0.0,1,False
100000008232832100,peripheral,0.6,0.403,B,False,48,0.06,0.9795282599020917,0.018691588785046728,0.6915887850467289,0.8175344904316867,0.3333333333333333,0.0,"выраженных признаков нет: 1 вх./1 исх., оборот 337 тыс; связан с 1 seed",1.0,1,False,138000.0,1,1,337000.0,2,1,2,337000.0,475000.0,199000.0,0.4094955489614243,1,337000.0,1,False,True,False,False,0,1.0,337000.0,False,False,0,0.0,1,False
100000008237827100,peripheral,0.9,0.2748,B,False,3,0.09000000000000001,0.8464619492656876,0.018691588785046728,0.0,0.38762794837561193,0.3333333333333333,0.0,"выраженных признаков нет: 1 вх./0 исх., оборот 40 тыс; связан с 1 seed",1.0,1,False,0.0,0,0,40001.0,1,1,1,40001.0,40001.0,40001.0,0.0,1,40001.0,1,False,True,False,False,0,1.0,40001.0,False,False,0,,1,False
100000008238112100,terminal,0.318,0.2019,B,True,5,0.159,0.36404094348019583,0.018691588785046728,0.0,0.7160658655985759,0.0,0.0,"конечная точка в пределах выгрузки: получил 190 тыс от 1 плательщика, исходящих нет; доля seed-денег ~0%",1.0,3,False,0.0,0,0,190000.0,1,1,1,190000.0,190000.0,190000.0,0.0,0,0.0,0,False,True,False,False,0,0.0011953620415003489,227.1187878850663,False,False,0,,1,False
100000008238989100,terminal,0.32,0.2594,B,True,26,0.16,0.6439697374276814,0.018691588785046728,0.0,0.7271918113039608,0.0,0.0,"конечная точка в пределах выгрузки: получил 200 тыс от 1 плательщика, исходящих нет; доля seed-денег ~3%",1.0,2,False,0.0,0,0,200000.0,2,1,1,200000.0,200000.0,200000.0,0.0,0,0.0,0,False,True,False,False,0,0.030953822742344584,6190.7645484689165,False,False,0,,1,False
100000008244300100,consolidator,0.6,0.5076,B,False,47,0.54,0.6817979528259902,0.9777481085892301,0.0,0.511793502447708,0.3333333333333333,0.0,"признаки консолидации: 5 плательщиков (из них seed: 1), получил 65 тыс; отдал дальше 0%; связан с 1 seed",0.6666666666666666,1,False,0.0,0,0,65430.0,6,5,5,65430.0,65430.0,65430.0,0.0,1,9000.0,1,False,True,False,False,0,0.13953829870859422,9129.990884503319,False,False,0,,1,False
100000008251939100,peripheral,0.3,0.1062,A,True,8,0.03,0.2683578104138852,0.018691588785046728,0.0,0.40186915887850466,0.0,0.0,"обрыв выгрузки на последнем колене: получил 44 тыс от 1 плательщика, исходящие неизвестны",1.0,4,False,0.0,0,0,44360.0,1,1,1,44360.0,44360.0,44360.0,0.0,0,0.0,0,False,True,True,False,0,0.00236057430792627,104.71507629960932,False,False,0,,1,False
100000008254069100,peripheral,0.6,0.3817,B,False,22,0.06,0.6809078771695594,0.018691588785046728,0.9421450823319982,0.6172674677347575,0.6666666666666666,0.0,"выраженных признаков нет: 1 вх./5 исх., оборот 108 тыс; связан с 2 seed; взаимные переводы с 1",1.0,2,False,107500.0,6,5,10200.0,2,1,5,107500.0,117700.0,-97300.0,10.53921568627451,2,0.0,0,True,False,False,False,0,0.08442017128163716,9075.168412775995,True,False,1,0.09302325581395349,1,False
100000008254576100,peripheral,0.9,0.1825,B,True,42,0.09000000000000001,0.15309301290609703,0.018691588785046728,0.6915887850467289,0.4931019136626613,0.0,0.0,"выраженных признаков нет: 1 вх./1 исх., оборот 60 тыс",1.0,3,False,60000.0,1,1,8000.0,1,1,2,60000.0,68000.0,-52000.0,7.5,0,0.0,0,True,False,False,False,0,0.0004274964018856319,25.649784113137915,False,False,0,0.0,1,True
100000008255655100,peripheral,0.3,0.0534,A,True,17,0.03,0.1909212283044059,0.018691588785046728,0.0,0.02848242100578549,0.0,0.0,"обрыв выгрузки на последнем колене: получил 5 тыс от 1 плательщика, исходящие неизвестны",1.0,4,False,0.0,0,0,5400.0,1,1,1,5400.0,5400.0,5400.0,0.0,0,0.0,0,False,True,True,False,0,0.007631054267027446,41.20769304194821,False,False,0,,1,False
100000008258083100,peripheral,0.6,0.4594,B,True,35,0.06,0.6297285269247886,0.8019581664441477,0.833555852247441,0.9888740542946151,0.0,1.0,"выраженных признаков нет: 2 вх./2 исх., оборот 3.1 млн; участвует в круговых потоках (3+ участника)",1.0,2,False,2045650.0,6,2,3149500.0,13,2,3,3149500.0,5195150.0,1103850.0,0.6495157961581204,0,0.0,0,False,True,False,False,0,0.0016500185893891888,5196.73354728125,True,True,1,0.7646713758463081,1,False
100000008258458100,peripheral,0.6,0.2719,B,True,79,0.06,0.3462394303515799,0.018691588785046728,0.833555852247441,0.9639519359145527,0.0,0.0,"выраженных признаков нет: 1 вх./2 исх., оборот 1.6 млн",1.0,3,False,1557988.0,4,2,19000.0,1,1,3,1557988.0,1576988.0,-1538988.0,81.99936842105264,0,0.0,0,True,False,False,False,0,0.00012722340778810795,198.21254265297875,False,False,0,0.364308325866438,1,False
100000008259451100,peripheral,0.9,0.1254,B,True,15,0.09000000000000001,0.22118380062305296,0.018691588785046728,0.0,0.4779706275033378,0.0,0.0,"выраженных признаков нет: 1 вх./0 исх., оборот 55 тыс",1.0,3,False,0.0,0,0,55000.0,1,1,1,55000.0,55000.0,55000.0,0.0,0,0.0,0,False,True,False,False,0,0.0011056727811859502,60.81200296522726,False,False,0,,1,False
100000008279405100,terminal,0.229,0.2273,B,True,6,0.1145,0.5500667556742324,0.018691588785046728,0.0,0.7538940809968847,0.0,0.0,"конечная точка в пределах выгрузки: получил 235 тыс от 1 плательщика, исходящих нет; доля seed-денег ~1%; вход в конце периода, мог переслать позже",1.0,3,False,0.0,0,0,234738.0,2,1,1,234738.0,234738.0,234738.0,0.0,0,0.0,0,False,True,False,False,0,0.006651503710631661,1561.3606780262548,False,False,0,,1,True
100000008283183100,peripheral,0.9,0.155,B,True,1,0.09000000000000001,0.4512683578104139,0.018691588785046728,0.0,0.3137516688918558,0.0,0.0,"выраженных признаков нет: 1 вх./0 исх., оборот 29 тыс",1.0,2,False,0.0,0,0,29000.0,1,1,1,29000.0,29000.0,29000.0,0.0,0,0.0,0,False,True,False,False,1,0.017185010363675823,498.36530054659886,False,False,0,,1,False
100000008289539100,peripheral,0.9,0.1339,B,True,18,0.09000000000000001,0.43346684468179797,0.018691588785046728,0.0,0.13796172674677348,0.0,0.0,"выраженных признаков нет: 1 вх./0 исх., оборот 15 тыс",1.0,2,False,0.0,0,0,14912.0,1,1,1,14912.0,14912.0,14912.0,0.0,0,0.0,0,False,True,False,False,0,0.02772031220002923,413.3652955268359,False,False,0,,1,True
100000008293431100,peripheral,0.6,0.2444,B,True,2,0.06,0.2363150867823765,0.018691588785046728,0.9421450823319982,0.8001780151312862,0.0,0.0,"выраженных признаков нет: 1 вх./5 исх., оборот 297 тыс; взаимные переводы с 1",1.0,3,False,297000.0,7,5,15000.0,1,1,5,297000.0,312000.0,-282000.0,19.8,0,0.0,0,True,False,False,False,0,0.0002449475050636123,72.74940900389286,True,False,1,0.0,1,True
100000008295429100,terminal,0.35,0.2328,B,True,5,0.175,0.4348019581664441,0.018691588785046728,0.0,0.8273253226524254,0.0,0.0,"конечная точка в пределах выгрузки: получил 352 тыс от 1 плательщика, исходящих нет; доля seed-денег ~0%",1.0,3,False,0.0,0,0,352000.0,1,1,1,352000.0,352000.0,352000.0,0.0,0,0.0,0,False,True,False,False,0,0.0011953620415003489,420.7674386081228,False,False,0,,1,False
100000008297199100,peripheral,0.9,0.1639,B,True,2,0.09000000000000001,0.4543836226079217,0.018691588785046728,0.0,0.3960836671117045,0.0,0.0,"выраженных признаков нет: 1 вх./0 исх., оборот 42 тыс",1.0,3,False,0.0,0,0,42268.0,1,1,1,42268.0,42268.0,42268.0,0.0,0,0.0,0,False,True,False,False,0,0.0121304182237201,512.7285174802012,False,False,0,,1,False
100000008304115100,peripheral,0.9,0.288,B,False,10,0.09000000000000001,0.87716955941255,0.018691588785046728,0.0,0.45883400089007564,0.3333333333333333,0.0,"выраженных признаков нет: 1 вх./0 исх., оборот 51 тыс; связан с 1 seed",1.0,1,False,0.0,0,0,51000.0,1,1,1,51000.0,51000.0,51000.0,0.0,1,51000.0,1,False,True,False,False,0,1.0,51000.0,False,False,0,,1,False
100000008304139100,distributor,0.64,0.7451,B,False,3,0.512,0.7872719181130396,0.960836671117045,0.9902091677792613,0.9666221628838452,0.6666666666666666,1.0,"веерная рассылка: 24 получателя, отправил 1.7 млн; видимый вход 189 тыс, источник вне выгрузки; связан с 2 seed; участвует в круговых потоках (3+ участника)",0.6666666666666666,1,False,1692997.0,43,24,189329.75,4,4,27,1692997.0,1882326.75,-1503667.25,8.942054801213228,2,23567.0,1,True,False,False,False,0,0.014137174964605436,23934.19480355211,True,True,1,0.28186700862435077,1,False
100000008306857100,terminal,0.305,0.1571,B,True,11,0.1525,0.1886960391633289,0.018691588785046728,0.0,0.6408544726301736,0.0,0.0,"конечная точка в пределах выгрузки: получил 125 тыс от 1 плательщика, исходящих нет; доля seed-денег ~0%",0.6666666666666666,3,False,0.0,0,0,125000.0,1,1,1,125000.0,125000.0,125000.0,0.0,0,0.0,0,False,True,False,False,0,0.0003207443319761952,40.0930414970244,False,False,0,,1,False
100000008308418100,peripheral,0.3,0.0951,A,True,2,0.03,0.19359145527369825,0.018691588785046728,0.0,0.4401424121050289,0.0,0.0,"обрыв выгрузки на последнем колене: получил 50 тыс от 1 плательщика, исходящие неизвестны",1.0,4,False,0.0,0,0,50000.0,1,1,1,50000.0,50000.0,50000.0,0.0,0,0.0,0,False,True,True,False,0,0.0008464425810733718,42.32212905366859,False,False,0,,1,False
100000008309514100,peripheral,0.9,0.0701,B,True,1,0.09000000000000001,0.09523809523809523,0.018691588785046728,0.0,0.17668001780151313,0.0,0.0,"выраженных признаков нет: 1 вх./0 исх., оборот 17 тыс",1.0,3,False,0.0,0,0,17200.0,1,1,1,17200.0,17200.0,17200.0,0.0,0,0.0,0,False,True,False,False,1,0.0006645076819004414,11.429532128687592,False,False,0,,1,False
100000008314203100,peripheral,0.6,0.4945,B,False,48,0.06,0.9835336003560302,0.8019581664441477,0.833555852247441,0.838006230529595,0.6666666666666666,1.0,"[seed] выраженных признаков нет: 2 вх./2 исх., оборот 382 тыс; связан ещё с 2 seed; участвует в круговых потоках (3+ участника)",1.0,0,True,327000.0,13,2,382076.0,10,2,2,382076.0,709076.0,55076.0,0.8558506684533967,2,382076.0,2,False,False,False,False,0,1.0,382076.0,True,True,2,0.48623853211009177,1,False
100000008314863100,peripheral,0.9,0.1748,B,False,3,0.09000000000000001,0.6533155318202047,0.018691588785046728,0.0,0.1081441922563418,0.0,0.0,"выраженных признаков нет: 1 вх./0 исх., оборот 12 тыс",1.0,3,False,0.0,0,0,12000.0,1,1,1,12000.0,12000.0,12000.0,0.0,0,0.0,0,False,True,False,False,0,0.5737704918032787,6885.245901639344,False,False,0,,1,False
100000008321975100,peripheral,0.3,0.0567,A,True,25,0.03,0.20382732532265244,0.018691588785046728,0.0,0.03515798842901647,0.0,0.0,"обрыв выгрузки на последнем колене: получил 6 тыс от 1 плательщика, исходящие неизвестны",1.0,4,False,0.0,0,0,5900.0,1,1,1,5900.0,5900.0,5900.0,0.0,0,0.0,0,False,True,True,False,0,0.00860890474374513,50.79253798809627,False,False,0,,1,False
100000008324800100,transit,0.669,0.5327,B,True,89,0.4683,0.599910992434357,0.9114374721851357,0.6915887850467289,0.8851802403204272,0.0,0.0,"признаки транзита: получил 526 тыс, отправил 511 тыс (97%); 100% отправлено в течение 2 дней после входа; взаимные переводы с 1; связь с seed-деньгами слабая, возможна легальная активность",1.0,2,False,511000.0,13,1,526500.0,17,3,3,526500.0,1037500.0,15500.0,0.9705603038936372,0,0.0,0,False,True,False,False,0,0.006228289289294236,3279.194310825806,True,False,1,1.0,2,False
100000008327791100,peripheral,0.3,0.0723,A,True,17,0.03,0.24877614597240766,0.018691588785046728,0.0,0.10191366266132622,0.0,0.0,"обрыв выгрузки на последнем колене: получил 11 тыс от 1 плательщика, исходящие неизвестны",1.0,4,False,0.0,0,0,11000.0,1,1,1,11000.0,11000.0,11000.0,0.0,0,0.0,0,False,True,True,False,0,0.007631054267027446,83.94159693730191,False,False,0,,1,True
100000008331280100,peripheral,0.3,0.0731,A,True,31,0.03,0.1081441922563418,0.018691588785046728,0.0,0.39118825100133514,0.0,0.0,"обрыв выгрузки на последнем колене: получил 41 тыс от 1 плательщика, исходящие неизвестны",1.0,4,False,0.0,0,0,41000.0,2,1,1,41000.0,41000.0,41000.0,0.0,0,0.0,0,False,True,True,False,0,0.0003227185896603177,13.231462176073025,False,False,0,,1,False
100000008332511100,terminal,0.3,0.2588,B,False,73,0.15,0.7258566978193146,0.018691588785046728,0.0,0.5927903871829105,0.0,0.0,"конечная точка в пределах выгрузки: получил 100 тыс от 1 плательщика, исходящих нет; доля seed-денег ~14%",0.6666666666666666,3,False,0.0,0,0,100000.0,1,1,1,100000.0,100000.0,100000.0,0.0,0,0.0,0,False,True,False,False,0,0.14466859049423453,14466.859049423452,False,False,0,,1,False
100000008333492100,peripheral,0.3,0.1106,A,True,57,0.03,0.12016021361815754,0.018691588785046728,0.0,0.741878059635069,0.0,0.0,"обрыв выгрузки на последнем колене: получил 216 тыс от 1 плательщика, исходящие неизвестны",1.0,4,False,0.0,0,0,216400.0,1,1,1,216400.0,216400.0,216400.0,0.0,0,0.0,0,False,True,True,False,0,7.617763988572999e-05,16.484841271271968,False,False,0,,1,True
100000008335401100,terminal,0.31,0.256,B,True,8,0.155,0.6639964396973743,0.018691588785046728,0.0,0.6711170449488206,0.0,0.0,"конечная точка в пределах выгрузки: получил 150 тыс от 1 плательщика, исходящих нет; доля seed-денег ~5%",1.0,2,False,0.0,0,0,150000.0,3,1,1,150000.0,150000.0,150000.0,0.0,0,0.0,0,False,True,False,False,0,0.05013761734864999,7520.642602297499,False,False,0,,1,False
100000008336318100,peripheral,0.3,0.0896,A,True,7,0.03,0.036048064085447265,0.018691588785046728,0.0,0.7004895416110369,0.0,0.0,"обрыв выгрузки на последнем колене: получил 170 тыс от 1 плательщика, исходящие неизвестны",1.0,4,False,0.0,0,0,170000.0,1,1,1,170000.0,170000.0,170000.0,0.0,0,0.0,0,False,True,True,False,0,5.1724177686362716e-06,0.8793110206681661,False,False,0,,1,False
100000008337304100,peripheral,0.3,0.1253,A,True,6,0.03,0.2567868268802848,0.018691588785046728,0.0,0.6154873164218959,0.0,0.0,"обрыв выгрузки на последнем колене: получил 105 тыс от 1 плательщика, исходящие неизвестны",1.0,4,False,0.0,0,0,105465.0,2,1,1,105465.0,105465.0,105465.0,0.0,0,0.0,0,False,True,True,False,0,0.000903781744498998,95.31734168358683,False,False,0,,1,False
100000008343415100,peripheral,0.3,0.1526,A,True,23,0.03,0.4045393858477971,0.018691588785046728,0.0,0.5927903871829105,0.0,0.0,"обрыв выгрузки на последнем колене: получил 100 тыс от 1 плательщика, исходящие неизвестны",1.0,4,False,0.0,0,0,100000.0,3,1,1,100000.0,100000.0,100000.0,0.0,0,0.0,0,False,True,True,False,0,0.003184334109309539,318.43341093095387,False,False,0,,1,False
100000008343874100,peripheral,0.6,0.3646,B,True,23,0.06,0.5046728971962616,0.8019581664441477,0.833555852247441,0.7912772585669782,0.0,0.0,"выраженных признаков нет: 2 вх./2 исх., оборот 284 тыс",1.0,3,False,176400.0,5,2,283535.0,2,2,4,283535.0,459935.0,107135.0,0.6221454141464017,0,0.0,0,False,True,False,False,0,0.003184334109309539,902.8701716830801,False,False,0,0.8129251700680272,1,False
100000008346837100,coordinator,0.673,0.7563,B,False,12,0.673,0.7191811303960837,0.9951045838896306,0.9906542056074766,0.94971072541166,0.3333333333333333,1.0,признаки координации: 9 плательщиков и 25 получателей; связан с 1 seed; участвует в круговых потоках (3+ участника),1.0,2,False,1258643.0,26,25,254359.0,12,9,32,1258643.0,1513002.0,-1004284.0,4.948293553599441,1,0.0,0,True,False,False,False,0,0.01080586935790613,13600.731826243045,True,True,2,0.8516124111443832,4,False
100000008349675100,peripheral,0.9,0.3502,B,False,9,0.09000000000000001,0.8620382732532266,0.018691588785046728,0.6915887850467289,0.4196706720071206,0.3333333333333333,0.0,"выраженных признаков нет: 1 вх./1 исх., оборот 47 тыс; связан с 1 seed",1.0,1,False,36650.0,2,1,46520.0,1,1,2,46520.0,83170.0,9870.0,0.7878331900257953,1,46520.0,1,False,True,False,False,0,1.0,46520.0,False,False,0,0.504774897680764,1,False
100000008349740100,peripheral,0.3,0.0744,A,True,43,0.03,0.050734312416555405,0.018691588785046728,0.0,0.5189141076991545,0.0,0.0,"обрыв выгрузки на последнем колене: получил 70 тыс от 1 плательщика, исходящие неизвестны",1.0,4,False,0.0,0,0,70000.0,2,1,1,70000.0,70000.0,70000.0,0.0,0,0.0,0,False,True,True,False,0,4.832834906982415e-05,3.3829844348876903,False,False,0,,1,False
100000008352542100,peripheral,0.9,0.2339,B,False,3,0.09000000000000001,0.774365821094793,0.018691588785046728,0.0,0.45660881174899864,0.0,0.0,"выраженных признаков нет: 1 вх./0 исх., оборот 50 тыс",1.0,2,False,0.0,0,0,50220.0,1,1,1,50220.0,50220.0,50220.0,0.0,0,0.0,0,False,True,False,False,0,0.43227167410173944,21708.683473389356,False,False,0,,1,False
100000008356606100,terminal,0.314,0.3295,B,True,12,0.157,0.6221628838451269,0.8019581664441477,0.0,0.6995994659546061,0.0,0.0,"конечная точка в пределах выгрузки: получил 168 тыс от 2 плательщиков, исходящих нет; доля seed-денег ~3%",1.0,2,False,0.0,0,0,168500.0,2,2,2,168500.0,168500.0,168500.0,0.0,0,0.0,0,False,True,False,False,0,0.027176489434171412,4579.238469657883,False,False,0,,1,False
100000008376089100,terminal,0.307,0.1924,B,True,35,0.1535,0.3582554517133956,0.018691588785046728,0.0,0.6519804183355585,0.0,0.0,"конечная точка в пределах выгрузки: получил 135 тыс от 1 плательщика, исходящих нет; доля seed-денег ~0%",0.6666666666666666,2,False,0.0,0,0,135000.0,1,1,1,135000.0,135000.0,135000.0,0.0,0,0.0,0,False,True,False,False,0,0.0016500185893891888,222.75250956754047,False,False,0,,1,False
100000008376785100,peripheral,0.3,0.1487,A,True,5,0.03,0.3052959501557632,0.018691588785046728,0.0,0.753004005340454,0.0,0.0,"обрыв выгрузки на последнем колене: получил 234 тыс от 1 плательщика, исходящие неизвестны",1.0,4,False,0.0,0,0,234250.0,2,1,1,234250.0,234250.0,234250.0,0.0,0,0.0,0,False,True,True,False,0,0.0005955122742501204,139.4987502430907,False,False,0,,1,True
100000008379273100,peripheral,0.6,0.2971,B,True,8,0.06,0.3279928793947485,0.8019581664441477,0.9274588340008901,0.3751668891855808,0.0,0.0,"выраженных признаков нет: 2 вх./4 исх., оборот 38 тыс",1.0,3,False,38000.0,4,4,36000.0,2,2,6,38000.0,74000.0,-2000.0,1.0555555555555556,0,0.0,0,True,False,False,False,0,0.004491301556015149,170.66945912857568,False,False,0,0.0,1,False
100000008383405100,peripheral,0.9,0.2516,B,False,27,0.09000000000000001,0.7908322207387628,0.018691588785046728,0.0,0.2674677347574544,0.3333333333333333,0.0,"выраженных признаков нет: 1 вх./0 исх., оборот 25 тыс; связан с 1 seed",1.0,1,False,0.0,0,0,25000.0,2,1,1,25000.0,25000.0,25000.0,0.0,1,25000.0,1,False,True,False,False,0,1.0,25000.0,False,False,0,,1,False
100000008388049100,terminal,0.379,0.2192,B,True,11,0.1895,0.3177570093457944,0.018691588785046728,0.0,0.8749443702714731,0.0,0.0,"конечная точка в пределах выгрузки: получил 496 тыс от 1 плательщика, исходящих нет; доля seed-денег ~0%",1.0,3,False,0.0,0,0,496400.0,1,1,1,496400.0,496400.0,496400.0,0.0,0,0.0,0,False,True,False,False,0,0.0003207443319761952,159.2174863929833,False,False,0,,1,False
100000008389800100,peripheral,0.6,0.4361,B,True,4,0.06,0.7160658655985759,0.9114374721851357,0.960836671117045,0.8464619492656876,0.0,0.0,"выраженных признаков нет: 3 вх./7 исх., оборот 402 тыс; взаимные переводы с 2",1.0,2,False,401620.0,8,7,189000.0,3,3,8,401620.0,590620.0,-212620.0,2.124973544973545,0,0.0,0,True,False,False,False,0,0.0326883726212321,13128.304212139237,True,False,2,0.5363278721179224,1,False
100000008405209100,peripheral,0.9,0.1413,B,True,17,0.09000000000000001,0.30129060970182464,0.018691588785046728,0.0,0.4766355140186916,0.0,0.0,"выраженных признаков нет: 1 вх./0 исх., оборот 54 тыс",1.0,3,False,0.0,0,0,54400.0,1,1,1,54400.0,54400.0,54400.0,0.0,0,0.0,0,False,True,False,False,0,0.0024588269258418584,133.7601847657971,False,False,0,,1,False
100000008406609100,peripheral,0.9,0.2279,B,False,22,0.09000000000000001,0.7961726746773475,0.018691588785046728,0.0,0.35246995994659547,0.0,0.0,"выраженных признаков нет: 1 вх./0 исх., оборот 34 тыс",1.0,2,False,0.0,0,0,34000.0,1,1,1,34000.0,34000.0,34000.0,0.0,0,0.0,0,False,True,False,False,0,0.75,25500.0,False,False,0,,1,False
100000008413748100,distributor,0.435,0.5722,B,True,17,0.34800000000000003,0.6292834890965732,0.8019581664441477,0.9862038273253226,0.9568313306631063,0.0,1.0,"веерная рассылка: 18 получателей, отправил 1.4 млн; видимый вход 26 тыс, источник вне выгрузки; участвует в круговых потоках (3+ участника); связь с seed-деньгами слабая, возможна легальная активность",1.0,2,False,1377320.22,21,18,26480.0,2,2,20,1377320.22,1403800.22,-1350840.22,52.01360347432024,0,0.0,0,True,False,False,False,0,0.003759829013807918,5178.488524460305,True,True,0,0.3328092576757495,2,False
100000008416433100,peripheral,0.9,0.0823,B,True,15,0.09000000000000001,0.14285714285714285,0.018691588785046728,0.0,0.20382732532265244,0.0,0.0,"выраженных признаков нет: 1 вх./0 исх., оборот 20 тыс",1.0,3,False,0.0,0,0,20000.0,1,1,1,20000.0,20000.0,20000.0,0.0,0,0.0,0,False,True,False,False,0,0.0011056727811859502,22.113455623719002,False,False,0,,1,False
100000008417029100,terminal,0.21,0.1906,B,True,7,0.105,0.46328437917222964,0.018691588785046728,0.0,0.5927903871829105,0.0,0.0,"конечная точка в пределах выгрузки: получил 100 тыс от 1 плательщика, исходящих нет; доля seed-денег ~1%; вход в конце периода, мог переслать позже",0.6666666666666666,3,False,0.0,0,0,100000.0,1,1,1,100000.0,100000.0,100000.0,0.0,0,0.0,0,False,True,False,False,0,0.005485107596519671,548.5107596519671,False,False,0,,1,True
100000008417359100,peripheral,0.6,0.2711,B,True,17,0.06,0.2621272808188696,0.018691588785046728,0.833555852247441,0.6243880729862038,0.0,1.0,"выраженных признаков нет: 1 вх./2 исх., оборот 111 тыс; участвует в круговых потоках (3+ участника)",1.0,3,False,110760.0,3,2,40810.0,2,1,3,110760.0,151570.0,-69950.0,2.714040676304827,0,0.0,0,True,False,False,False,0,0.0009059653922319091,100.34472684360625,True,True,0,0.8125677139761647,1,True
100000008418835100,transit,0.631,0.5197,C,False,72,0.4417,0.9995549621717846,0.018691588785046728,0.9274588340008901,0.9559412550066756,0.6666666666666666,0.0,"[seed] признаки транзита: получил 1.4 млн, отправил 186 тыс; 85% отправлено в течение 2 дней после входа; связан ещё с 2 seed; доля seed-денег ~100%",1.0,0,True,186179.0,6,4,1372000.0,67,1,5,1372000.0,1558179.0,1185821.0,0.13569897959183674,2,1372000.0,1,False,False,False,False,0,1.0,1372000.0,False,False,0,0.8549782735969148,1,True
100000008418934100,terminal,0.352,0.3162,B,False,19,0.176,0.8491321762349799,0.018691588785046728,0.0,0.829105473965287,0.0,0.0,"конечная точка в пределах выгрузки: получил 360 тыс от 1 плательщика, исходящих нет; доля seed-денег ~11%",1.0,2,False,0.0,0,0,360000.0,1,1,1,360000.0,360000.0,360000.0,0.0,0,0.0,0,False,True,False,False,0,0.11406838869879403,41064.61993156585,False,False,0,,1,False
100000008422226100,peripheral,0.9,0.1375,B,True,2,0.09000000000000001,0.2385402759234535,0.018691588785046728,0.0,0.5643079661771251,0.0,0.0,"выраженных признаков нет: 1 вх./0 исх., оборот 87 тыс",0.6666666666666666,3,False,0.0,0,0,87450.0,1,1,1,87450.0,87450.0,87450.0,0.0,0,0.0,0,False,True,False,False,0,0.0008464425810733717,74.02140371486635,False,False,0,,1,False
100000008427027100,terminal,0.34,0.2917,B,True,3,0.17,0.7512238540275924,0.018691588785046728,0.0,0.8010680907877169,0.0,0.0,"конечная точка в пределах выгрузки: получил 300 тыс от 1 плательщика, исходящих нет; доля seed-денег ~6%",1.0,3,False,0.0,0,0,300000.0,1,1,1,300000.0,300000.0,300000.0,0.0,0,0.0,0,False,True,False,False,0,0.06143995090016367,18431.985270049103,False,False,0,,1,False
100000008430691100,peripheral,0.6,0.2916,B,True,88,0.06,0.47619047619047616,0.018691588785046728,0.833555852247441,0.9012016021361816,0.0,0.0,"выраженных признаков нет: 1 вх./2 исх., оборот 605 тыс; взаимные переводы с 1",1.0,3,False,604900.0,2,2,20000.0,1,1,2,604900.0,624900.0,-584900.0,30.245,0,0.0,0,True,False,False,False,0,0.001080786001693903,653.767452424642,True,False,1,0.96693668374938,1,False
100000008432942100,peripheral,0.9,0.1104,B,True,2,0.09000000000000001,0.1829105473965287,0.018691588785046728,0.0,0.4045393858477971,0.0,0.0,"выраженных признаков нет: 1 вх./0 исх., оборот 45 тыс",1.0,3,False,0.0,0,0,44542.0,2,1,1,44542.0,44542.0,44542.0,0.0,0,0.0,0,False,True,False,False,0,0.0008464425810733717,37.702245446170124,False,False,0,,1,False
100000008436257100,peripheral,0.9,0.2215,B,True,17,0.09000000000000001,0.3693813974187806,0.8019581664441477,0.0,0.3591455273698264,0.0,0.0,"выраженных признаков нет: 2 вх./0 исх., оборот 35 тыс",1.0,3,False,0.0,0,0,35000.0,2,2,2,35000.0,35000.0,35000.0,0.0,0,0.0,0,False,True,False,False,0,0.006737588938318644,235.81561284115256,False,False,0,,2,False
100000008438656100,peripheral,0.6,0.4354,B,False,3,0.06,0.8856252781486427,0.8019581664441477,0.6915887850467289,0.5460614152202937,0.3333333333333333,0.0,"выраженных признаков нет: 2 вх./1 исх., оборот 80 тыс; связан с 1 seed",1.0,1,False,5000.0,1,1,80000.0,2,2,3,80000.0,85000.0,75000.0,0.0625,1,55000.0,1,False,True,False,False,0,0.6878735506379688,55029.88405103751,False,False,0,1.0,1,False
100000008443341100,peripheral,0.6,0.4813,B,False,2,0.06,0.8161993769470405,0.8019581664441477,0.894971072541166,0.4401424121050289,0.3333333333333333,1.0,"выраженных признаков нет: 2 вх./3 исх., оборот 50 тыс; связан с 1 seed; участвует в круговых потоках (3+ участника)",1.0,1,False,50000.0,4,3,34500.0,2,2,4,50000.0,84500.0,-15500.0,1.4492753623188406,1,24500.0,1,True,False,False,False,0,0.6125,30625.0,True,True,1,0.62,1,False
100000008454065100,peripheral,0.9,0.0912,B,True,15,0.09000000000000001,0.157543391188251,0.018691588785046728,0.0,0.2634623943035158,0.0,0.0,"выраженных признаков нет: 1 вх./0 исх., оборот 24 тыс",1.0,3,False,0.0,0,0,24050.0,1,1,1,24050.0,24050.0,24050.0,0.0,0,0.0,0,False,True,False,False,0,0.0011056727811859502,26.591430387522102,False,False,0,,1,False
100000008459449100,peripheral,0.9,0.1757,B,True,2,0.09000000000000001,0.4757454383622608,0.018691588785046728,0.0,0.4721851357365376,0.0,0.0,"выраженных признаков нет: 1 вх./0 исх., оборот 54 тыс",1.0,3,False,0.0,0,0,53700.0,1,1,1,53700.0,53700.0,53700.0,0.0,0,0.0,0,False,True,False,False,0,0.012130418223720098,651.4034586137693,False,False,0,,1,False
100000008460102100,distributor,0.532,0.3662,B,True,21,0.42560000000000003,0.14641744548286603,0.018691588785046728,0.9924343569203382,0.8682688028482421,0.0,0.0,"веерная рассылка: 31 получатель, отправил 477 тыс; видимый вход 18 тыс, источник вне выгрузки; связь с seed-деньгами слабая, возможна легальная активность",1.0,3,False,476570.0,34,31,17500.0,1,1,32,476570.0,494070.0,-459070.0,27.23257142857143,0,0.0,0,True,False,False,False,0,4.838494154612191e-05,23.05881159263532,False,False,0,0.1874016408922089,1,False
100000008461217100,peripheral,0.3,0.1024,A,True,60,0.03,0.3560302625723186,0.018691588785046728,0.0,0.1882510013351135,0.0,0.0,"обрыв выгрузки на последнем колене: получил 18 тыс от 1 плательщика, исходящие неизвестны",1.0,4,False,0.0,0,0,18000.0,1,1,1,18000.0,18000.0,18000.0,0.0,0,0.0,0,False,True,True,False,0,0.012077294685990338,217.3913043478261,False,False,0,,1,False
100000008461532100,transit,0.596,0.5206,C,True,31,0.41719999999999996,0.4971072541165999,0.8019581664441477,0.9657320872274143,0.9835336003560302,0.0,0.0,"признаки транзита: получил 565 тыс, отправил 2.5 млн; 100% отправлено в течение 2 дней после входа; взаимные переводы с 1; связь с seed-деньгами слабая, возможна легальная активность",0.6666666666666666,2,False,2530090.0,9,8,565300.0,2,2,9,2530090.0,3095390.0,-1964790.0,4.475658942154608,0,0.0,0,True,False,False,False,0,0.0003227185896603177,816.5070765136732,True,False,1,0.9954033255733986,1,True
100000008463968100,peripheral,0.9,0.0541,B,True,1,0.09000000000000001,0.06853582554517133,0.018691588785046728,0.0,0.06987093902981753,0.0,0.0,"выраженных признаков нет: 1 вх./0 исх., оборот 10 тыс",1.0,3,False,0.0,0,0,10000.0,1,1,1,10000.0,10000.0,10000.0,0.0,0,0.0,0,False,True,False,False,1,0.0006645076819004414,6.645076819004414,False,False,0,,1,True
100000008465789100,distributor,0.42,0.3882,B,True,13,0.336,0.11659991099243436,0.018691588785046728,0.9830885625278148,0.9715175789942145,0.0,1.0,"веерная рассылка: 16 получателей, отправил 1.9 млн; видимый вход 30 тыс, источник вне выгрузки; участвует в круговых потоках (3+ участника); связь с seed-деньгами слабая, возможна легальная активность",1.0,3,False,1858100.0,17,16,30099.0,1,1,17,1858100.0,1888199.0,-1828001.0,61.732947938469714,0,0.0,0,True,False,False,False,0,8.454107090035347e-06,15.708576383994679,True,True,0,0.47796135837683656,1,False
100000008466579100,distributor,0.428,0.5742,B,True,13,0.34240000000000004,0.6421895861148198,0.8019581664441477,0.9848687138406764,0.9728526924788607,0.0,1.0,"веерная рассылка: 17 получателей, отправил 1.9 млн; видимый вход 37 тыс, источник вне выгрузки; участвует в круговых потоках (3+ участника); связь с seed-деньгами слабая, возможна легальная активность",1.0,2,False,1933000.0,20,17,36952.0,2,2,19,1933000.0,1969952.0,-1896048.0,52.31110630006495,0,0.0,0,True,False,False,False,0,0.0031368677280701304,6063.565318359562,True,True,0,0.06466632177961718,1,False
100000008468762100,terminal,0.314,0.2389,B,True,24,0.157,0.16866933689363595,0.8019581664441477,0.0,0.7004895416110369,0.0,0.0,"конечная точка в пределах выгрузки: получил 170 тыс от 2 плательщиков, исходящих нет; доля seed-денег ~0%",1.0,3,False,0.0,0,0,170000.0,2,2,2,170000.0,170000.0,170000.0,0.0,0,0.0,0,False,True,False,False,0,0.00019261655103923686,32.74481367667027,False,False,0,,2,False
100000008469048100,peripheral,0.3,0.1996,A,True,2,0.03,0.5473965287049399,0.018691588785046728,0.0,0.7779261237205163,0.0,0.0,"обрыв выгрузки на последнем колене: получил 265 тыс от 1 плательщика, исходящие неизвестны",1.0,4,False,0.0,0,0,265200.0,7,1,1,265200.0,265200.0,265200.0,0.0,0,0.0,0,False,True,True,False,0,0.005682425252076707,1506.9791768507428,False,False,0,,1,False
100000008470470100,peripheral,0.9,0.2664,B,False,1,0.09000000000000001,0.8233199821984869,0.018691588785046728,0.0,0.35024477080551847,0.3333333333333333,0.0,"выраженных признаков нет: 1 вх./0 исх., оборот 34 тыс; связан с 1 seed",1.0,1,False,0.0,0,0,33547.0,1,1,1,33547.0,33547.0,33547.0,0.0,1,33547.0,1,False,True,False,False,1,1.0,33547.0,False,False,0,,1,False
100000008471634100,peripheral,0.3,0.1069,A,True,30,0.03,0.3707165109034268,0.018691588785046728,0.0,0.20382732532265244,0.0,0.0,"обрыв выгрузки на последнем колене: получил 20 тыс от 1 плательщика, исходящие неизвестны",1.0,4,False,0.0,0,0,20000.0,1,1,1,20000.0,20000.0,20000.0,0.0,0,0.0,0,False,True,True,False,0,0.011984452456498044,239.68904912996086,False,False,0,,1,False
100000008472324100,terminal,0.321,0.2065,B,True,5,0.1605,0.37383177570093457,0.018691588785046728,0.0,0.7369826435246996,0.0,0.0,"конечная точка в пределах выгрузки: получил 205 тыс от 1 плательщика, исходящих нет; доля seed-денег ~0%",1.0,3,False,0.0,0,0,205200.0,1,1,1,205200.0,205200.0,205200.0,0.0,0,0.0,0,False,True,False,False,0,0.0011953620415003489,245.28829091587158,False,False,0,,1,False
100000008473207100,terminal,0.659,0.3781,B,False,3,0.3295,0.9368046283934134,0.018691588785046728,0.0,0.735202492211838,0.0,0.0,"конечная точка в пределах выгрузки: получил 202 тыс от 1 плательщика, исходящих нет; доля seed-денег ~58%",1.0,2,False,0.0,0,0,202000.0,4,1,1,202000.0,202000.0,202000.0,0.0,0,0.0,0,False,True,False,False,0,0.5755274462803369,116256.54414862806,False,False,0,,1,False
100000008473765100,peripheral,0.9,0.1348,B,True,6,0.09000000000000001,0.34801958166444147,0.018691588785046728,0.0,0.3186470850022252,0.0,0.0,"выраженных признаков нет: 1 вх./0 исх., оборот 30 тыс",1.0,3,False,0.0,0,0,30000.0,1,1,1,30000.0,30000.0,30000.0,0.0,0,0.0,0,False,True,False,False,0,0.006651503710631662,199.54511131894984,False,False,0,,1,False
100000008474308100,peripheral,0.9,0.2504,B,False,2,0.09000000000000001,0.6755674232309746,0.018691588785046728,0.6915887850467289,0.1277258566978193,0.0,0.0,"выраженных признаков нет: 1 вх./1 исх., оборот 14 тыс; взаимные переводы с 1",1.0,2,False,10000.0,1,1,14000.0,2,1,1,14000.0,24000.0,4000.0,0.7142857142857143,0,0.0,0,False,True,False,False,0,0.6125,8575.0,True,False,1,0.0,1,False
100000008474391100,peripheral,0.9,0.1509,B,True,26,0.09000000000000001,0.48598130841121495,0.018691588785046728,0.0,0.20382732532265244,0.0,0.0,"выраженных признаков нет: 1 вх./0 исх., оборот 20 тыс",1.0,3,False,0.0,0,0,20000.0,1,1,1,20000.0,20000.0,20000.0,0.0,0,0.0,0,False,True,False,False,0,0.035264594243382505,705.2918848676501,False,False,0,,1,False
100000008477350100,distributor,0.592,0.6839,B,True,2,0.4736,0.8486871384067646,0.9977748108589231,0.9959946595460614,0.9897641299510458,0.0,1.0,"веерная рассылка: 39 получателей, отправил 3.4 млн; видимый вход 610 тыс, источник вне выгрузки; участвует в круговых потоках (3+ участника)",1.0,2,False,3374866.0,44,39,610100.0,14,11,49,3374866.0,3984966.0,-2764766.0,5.531660383543682,0,0.0,0,True,False,False,False,0,0.012130418223720098,40938.536029013354,True,True,1,0.5698872192258893,2,True
100000008478414100,peripheral,0.9,0.1061,B,True,1,0.09000000000000001,0.32888295505117937,0.018691588785046728,0.0,0.06987093902981753,0.0,0.0,"выраженных признаков нет: 1 вх./0 исх., оборот 10 тыс",1.0,2,False,0.0,0,0,10000.0,1,1,1,10000.0,10000.0,10000.0,0.0,0,0.0,0,False,True,False,False,1,0.017185010363675823,171.85010363675823,False,False,0,,1,False
100000008486520100,peripheral,0.9,0.3388,B,False,4,0.09000000000000001,0.8317757009345794,0.018691588785046728,0.6915887850467289,0.3658210947930574,0.3333333333333333,0.0,"выраженных признаков нет: 1 вх./1 исх., оборот 36 тыс; связан с 1 seed",1.0,1,False,14000.0,1,1,35720.0,2,1,2,35720.0,49720.0,21720.0,0.3919372900335946,1,35720.0,1,False,True,False,False,0,1.0,35720.0,False,False,0,0.0,1,False
100000008488166100,peripheral,0.9,0.0474,B,True,1,0.09000000000000001,0.0534045393858478,0.018691588785046728,0.0,0.03337783711615487,0.0,0.0,"выраженных признаков нет: 1 вх./0 исх., оборот 6 тыс",1.0,3,False,0.0,0,0,5600.0,1,1,1,5600.0,5600.0,5600.0,0.0,0,0.0,0,False,True,False,False,1,0.0006645076819004414,3.721243018642472,False,False,0,,1,False
100000008489604100,peripheral,0.9,0.0578,B,True,1,0.09000000000000001,0.07120605251446373,0.018691588785046728,0.0,0.10191366266132622,0.0,0.0,"выраженных признаков нет: 1 вх./0 исх., оборот 11 тыс",1.0,3,False,0.0,0,0,11000.0,1,1,1,11000.0,11000.0,11000.0,0.0,0,0.0,0,False,True,False,False,1,0.0006645076819004414,7.3095845009048555,False,False,0,,1,False
100000008489922100,distributor,0.57,0.6159,B,True,7,0.45599999999999996,0.5825545171339563,0.9114374721851357,0.9951045838896306,0.991099243435692,0.0,1.0,"веерная рассылка: 36 получателей, отправил 3.8 млн; видимый вход 262 тыс, источник вне выгрузки; участвует в круговых потоках (3+ участника)",1.0,3,False,3789900.0,41,36,262010.0,5,3,38,3789900.0,4051910.0,-3527890.0,14.464715087210411,0,0.0,0,True,False,False,False,0,0.0006623694689706608,2510.3140504519074,True,True,1,0.2690572310615056,2,False
100000008490127100,peripheral,0.6,0.3027,B,True,5,0.06,0.45571873609256786,0.018691588785046728,0.9528259902091678,0.9341344014241211,0.0,0.0,"выраженных признаков нет: 1 вх./6 исх., оборот 923 тыс",1.0,3,False,923000.0,9,6,431755.0,2,1,7,923000.0,1354755.0,-491245.0,2.137786476126507,0,0.0,0,True,False,False,False,0,0.0005591587629772298,516.1035382279831,False,False,0,0.0,1,False
100000008491390100,peripheral,0.9,0.103,B,True,2,0.09000000000000001,0.16466399643969737,0.018691588785046728,0.0,0.3667111704494882,0.0,0.0,"выраженных признаков нет: 1 вх./0 исх., оборот 36 тыс",1.0,3,False,0.0,0,0,36000.0,1,1,1,36000.0,36000.0,36000.0,0.0,0,0.0,0,False,True,False,False,0,0.0008464425810733717,30.471932918641382,False,False,0,,1,False
100000008493007100,peripheral,0.9,0.1565,B,True,1,0.09000000000000001,0.12461059190031153,0.018691588785046728,0.6915887850467289,0.2906097018246551,0.0,0.0,"выраженных признаков нет: 1 вх./1 исх., оборот 26 тыс",1.0,3,False,26150.0,1,1,26150.0,1,1,2,26150.0,52300.0,0.0,1.0,0,0.0,0,False,True,False,False,1,0.0006645076819004415,17.376875881696545,False,False,0,1.0,1,True
100000008497298100,terminal,0.28,0.3202,B,False,19,0.14,0.8976412995104583,0.018691588785046728,0.0,0.8980863373386738,0.0,0.0,"конечная точка в пределах выгрузки: получил 600 тыс от 1 плательщика, исходящих нет; доля seed-денег ~11%; вход в конце периода, мог переслать позже",1.0,2,False,0.0,0,0,600000.0,1,1,1,600000.0,600000.0,600000.0,0.0,0,0.0,0,False,True,False,False,0,0.11406838869879403,68441.03321927642,False,False,0,,1,True
100000008501413100,peripheral,0.9,0.1845,B,True,40,0.09000000000000001,0.3978638184245661,0.018691588785046728,0.6915887850467289,0.024477080551846907,0.0,0.0,"выраженных признаков нет: 1 вх./1 исх., оборот 5 тыс",1.0,3,False,5100.0,1,1,5000.0,1,1,2,5100.0,10100.0,-100.0,1.02,0,0.0,0,True,False,False,False,0,0.05889660565304288,300.3726888305187,False,False,0,1.0,1,True
100000008502995100,peripheral,0.9,0.2104,B,False,2,0.09000000000000001,0.7516688918558078,0.018691588785046728,0.0,0.2674677347574544,0.0,0.0,"выраженных признаков нет: 1 вх./0 исх., оборот 25 тыс",1.0,3,False,0.0,0,0,25000.0,2,1,1,25000.0,25000.0,25000.0,0.0,0,0.0,0,False,True,False,False,0,0.7431644128174693,18579.110320436732,False,False,0,,1,False
100000008503177100,peripheral,0.9,0.1411,B,True,6,0.09000000000000001,0.3627058299955496,0.018691588785046728,0.0,0.35202492211838005,0.0,0.0,"выраженных признаков нет: 1 вх./0 исх., оборот 34 тыс",1.0,3,False,0.0,0,0,33951.0,1,1,1,33951.0,33951.0,33951.0,0.0,0,0.0,0,False,True,False,False,0,0.006651503710631661,225.8252024796555,False,False,0,,1,True
100000008507703100,peripheral,0.9,0.0914,B,True,1,0.09000000000000001,0.1344014241210503,0.018691588785046728,0.0,0.31108144192256343,0.0,0.0,"выраженных признаков нет: 1 вх./0 исх., оборот 28 тыс",1.0,3,False,0.0,0,0,28500.0,1,1,1,28500.0,28500.0,28500.0,0.0,0,0.0,0,False,True,False,False,1,0.0006645076819004414,18.938468934162582,False,False,0,,1,False
100000008512552100,transit,0.6,0.6211,C,True,17,0.42,0.6875834445927904,0.960836671117045,0.9528259902091678,0.951935914552737,0.0,1.0,"признаки транзита: получил 394 тыс, отправил 1.3 млн; 100% отправлено в течение 2 дней после входа; участвует в круговых потоках (3+ участника)",1.0,2,False,1302275.0,11,6,394360.0,9,4,9,1302275.0,1696635.0,-907915.0,3.3022492139162187,0,0.0,0,True,False,False,False,0,0.007631054267027446,9937.731195593167,True,True,1,1.0,2,False
100000008512827100,distributor,0.375,0.5217,B,True,11,0.30000000000000004,0.6550956831330663,0.9114374721851357,0.9719626168224299,0.9737427681352915,0.0,0.0,"веерная рассылка: 10 получателей, отправил 1.9 млн; видимый вход 108 тыс, источник вне выгрузки; связь с seed-деньгами слабая, возможна легальная активность",0.6666666666666666,2,False,1944500.0,10,10,107949.0,3,3,13,1944500.0,2052449.0,-1836551.0,18.01313583266172,0,0.0,0,True,False,False,False,0,0.0035736761301053653,6949.013234989883,False,False,0,0.7986628953458472,1,True
100000008513251100,peripheral,0.2,0.006,A,False,0,0.020000000000000004,0.0,0.0,0.0,0.0,0.0,0.0,[seed] нет переводов в выгрузке: роль определить нельзя,1.0,0,True,0.0,0,0,0.0,0,0,0,0.0,0.0,0.0,,0,0.0,0,False,False,False,True,32,1.0,0.0,False,False,0,,0,False
100000008514970100,peripheral,0.6,0.2753,B,True,23,0.06,0.4975522919448153,0.018691588785046728,0.6915887850467289,0.8371161548731643,0.0,0.0,"выраженных признаков нет: 1 вх./1 исх., оборот 380 тыс",1.0,3,False,31000.0,1,1,379966.0,1,1,2,379966.0,410966.0,348966.0,0.0815862471905381,0,0.0,0,False,True,False,False,0,0.002156699082657562,819.4723236410632,False,False,0,1.0,1,False
100000008516839100,peripheral,0.6,0.3397,B,False,22,0.06,0.9296840231419671,0.9114374721851357,0.0,0.682688028482421,0.3333333333333333,0.0,"[seed] выраженных признаков нет: 3 вх./0 исх., оборот 155 тыс; связан ещё с 1 seed",1.0,0,True,0.0,0,0,155000.0,4,3,3,155000.0,155000.0,155000.0,0.0,1,32000.0,1,False,False,False,False,0,1.0,101500.0,False,False,0,,2,False
100000008517061100,peripheral,0.3,0.1777,A,True,15,0.03,0.3417890520694259,0.018691588785046728,0.0,0.9701824655095683,0.0,0.0,"обрыв выгрузки на последнем колене: получил 1.8 млн от 1 плательщика, исходящие неизвестны",1.0,4,False,0.0,0,0,1844000.0,4,1,1,1844000.0,1844000.0,1844000.0,0.0,0,0.0,0,False,True,True,False,0,0.00010380909422899321,191.4239697582635,False,False,0,,1,False
100000008517538100,distributor,0.428,0.476,B,True,7,0.34240000000000004,0.35291499777481083,0.9114374721851357,0.9848687138406764,0.9590565198041834,0.0,0.0,"веерная рассылка: 17 получателей, отправил 1.4 млн; видимый вход 156 тыс, источник вне выгрузки; связь с seed-деньгами слабая, возможна легальная активность",1.0,3,False,1439000.0,18,17,155500.0,6,3,20,1439000.0,1594500.0,-1283500.0,9.254019292604502,0,0.0,0,True,False,False,False,0,0.00014710760545645648,211.6878442518409,False,False,0,0.592077831827658,1,False
100000008522127100,peripheral,0.6,0.1335,B,False,78,0.06,0.0,0.0,0.6915887850467289,0.6688918558077437,0.0,0.0,"[seed] выраженных признаков нет: 0 вх./1 исх., оборот 145 тыс",1.0,0,True,145000.0,3,1,0.0,0,0,1,145000.0,145000.0,-145000.0,,0,0.0,0,False,False,False,False,0,1.0,0.0,False,False,0,0.0,0,False
100000008524903100,peripheral,0.3,0.045,A,True,2,0.03,0.09390298175344905,0.018691588785046728,0.0,0.13840676457498888,0.0,0.0,"обрыв выгрузки на последнем колене: получил 15 тыс от 1 плательщика, исходящие неизвестны",1.0,4,False,0.0,0,0,15000.0,1,1,1,15000.0,15000.0,15000.0,0.0,0,0.0,0,False,True,True,False,0,0.0007512177907026174,11.268266860539262,False,False,0,,1,False
100000008525136100,peripheral,0.3,0.0573,A,True,2,0.03,0.1584334668446818,0.018691588785046728,0.0,0.1321762349799733,0.0,0.0,"обрыв выгрузки на последнем колене: получил 14 тыс от 1 плательщика, исходящие неизвестны",1.0,4,False,0.0,0,0,14100.0,1,1,1,14100.0,14100.0,14100.0,0.0,0,0.0,0,False,True,True,False,0,0.001893265656291003,26.69504575370314,False,False,0,,1,False
100000008531133100,peripheral,0.6,0.339,B,False,4,0.06,0.7908322207387628,0.018691588785046728,0.894971072541166,0.6844681797952826,0.0,0.0,"выраженных признаков нет: 1 вх./3 исх., оборот 158 тыс",1.0,2,False,158271.68,3,3,25000.0,1,1,4,158271.68,183271.68,-133271.68,6.3308672,0,0.0,0,True,False,False,False,0,0.1579562433405648,25000.0,False,False,0,0.20074140869674223,1,False
100000008531186100,terminal,0.305,0.2699,B,False,3,0.1525,0.753004005340454,0.018691588785046728,0.0,0.6408544726301736,0.0,0.0,"конечная точка в пределах выгрузки: получил 125 тыс от 1 плательщика, исходящих нет; доля seed-денег ~15%",0.6666666666666666,2,False,0.0,0,0,125000.0,1,1,1,125000.0,125000.0,125000.0,0.0,0,0.0,0,False,True,False,False,0,0.14897743662497684,18622.179578122104,False,False,0,,1,False
100000008532050100,terminal,0.371,0.2454,B,True,5,0.1855,0.46150422785936807,0.018691588785046728,0.0,0.8629283489096573,0.0,0.0,"конечная точка в пределах выгрузки: получил 455 тыс от 1 плательщика, исходящих нет; доля seed-денег ~0%",1.0,3,False,0.0,0,0,455156.0,1,1,1,455156.0,455156.0,455156.0,0.0,0,0.0,0,False,True,False,False,0,0.0011953620415003489,544.0762053611328,False,False,0,,1,False
100000008536546100,terminal,0.33,0.2634,B,True,24,0.165,0.24432576769025366,0.8019581664441477,0.0,0.7663551401869159,0.0,0.0,"конечная точка в пределах выгрузки: получил 250 тыс от 2 плательщиков, исходящих нет; доля seed-денег ~0%",1.0,3,False,0.0,0,0,250000.0,2,2,2,250000.0,250000.0,250000.0,0.0,0,0.0,0,False,True,False,False,0,0.0003187004146147674,79.67510365369186,False,False,0,,2,False
100000008537380100,peripheral,0.9,0.0509,B,True,1,0.09000000000000001,0.060970182465509566,0.018691588785046728,0.0,0.0529595015576324,0.0,0.0,"выраженных признаков нет: 1 вх./0 исх., оборот 8 тыс",1.0,3,False,0.0,0,0,8000.0,1,1,1,8000.0,8000.0,8000.0,0.0,0,0.0,0,False,True,False,False,1,0.0006645076819004414,5.316061455203531,False,False,0,,1,False
100000008545727100,peripheral,0.6,0.3246,B,True,8,0.06,0.5465064530485091,0.018691588785046728,0.9528259902091678,0.9719626168224299,0.0,0.0,"выраженных признаков нет: 1 вх./6 исх., оборот 1.9 млн; взаимные переводы с 1",1.0,2,False,1866500.0,7,6,30000.0,1,1,6,1866500.0,1896500.0,-1836500.0,62.21666666666667,0,0.0,0,True,False,False,False,0,0.0008058550873075274,1504.1285204595,True,False,1,0.6375569247254219,1,False
100000008546855100,consolidator,0.531,0.5117,B,True,20,0.47790000000000005,0.5482866043613707,0.9853137516688919,0.833555852247441,0.5291499777481086,0.0,0.0,"признаки консолидации: 6 плательщиков, получил 72 тыс; отдал дальше 14%; до 5 плательщиков в день; взаимные переводы с 2; связь с seed-деньгами слабая, возможна легальная активность",1.0,2,False,10000.0,2,2,71790.0,8,6,6,71790.0,81790.0,61790.0,0.1392951664577239,0,0.0,0,False,True,False,False,0,0.02115675438880165,1518.8433975720704,True,False,2,1.0,5,False
100000008547295100,peripheral,0.9,0.1536,B,True,14,0.09000000000000001,0.531820204717401,0.018691588785046728,0.0,0.13840676457498888,0.0,0.0,"выраженных признаков нет: 1 вх./0 исх., оборот 15 тыс",1.0,3,False,0.0,0,0,15000.0,1,1,1,15000.0,15000.0,15000.0,0.0,0,0.0,0,False,True,False,False,0,0.0820735125156179,1231.1026877342686,False,False,0,,1,True
100000008547844100,distributor,0.442,0.5653,B,True,13,0.3536,0.5202492211838006,0.9114374721851357,0.986648865153538,0.9764129951045839,0.0,1.0,"веерная рассылка: 19 получателей, отправил 2.0 млн; видимый вход 178 тыс, источник вне выгрузки; участвует в круговых потоках (3+ участника)",1.0,2,False,2042199.0,21,19,177600.0,3,3,21,2042199.0,2219799.0,-1864599.0,11.498868243243244,0,0.0,0,True,False,False,False,0,0.0005218969528553998,1065.8174352243448,True,True,1,0.40730604608071985,1,False
100000008547948100,distributor,0.495,0.6137,B,True,7,0.396,0.639074321317312,0.9853137516688919,0.991099243435692,0.9959946595460614,0.0,1.0,"веерная рассылка: 26 получателей, отправил 5.2 млн; видимый вход 213 тыс, источник вне выгрузки; участвует в круговых потоках (3+ участника)",1.0,2,False,5185600.0,31,26,212665.0,7,6,30,5185600.0,5398265.0,-4972935.0,24.383890155878966,0,0.0,0,True,False,False,False,0,0.0011242617969656912,5829.971974345289,True,True,2,0.21627198395556926,4,False
100000008548853100,peripheral,0.9,0.0627,B,True,1,0.09000000000000001,0.08277703604806408,0.018691588785046728,0.0,0.1277258566978193,0.0,0.0,"выраженных признаков нет: 1 вх./0 исх., оборот 14 тыс",1.0,3,False,0.0,0,0,14000.0,1,1,1,14000.0,14000.0,14000.0,0.0,0,0.0,0,False,True,False,False,1,0.0006645076819004414,9.30310754660618,False,False,0,,1,False
100000008551752100,peripheral,0.3,0.1058,A,True,49,0.03,0.04361370716510903,0.018691588785046728,0.0,0.8473520249221184,0.0,0.0,"обрыв выгрузки на последнем колене: получил 406 тыс от 1 плательщика, исходящие неизвестны",1.0,4,False,0.0,0,0,406000.0,2,1,1,406000.0,406000.0,406000.0,0.0,0,0.0,0,False,True,True,False,0,4.608548103680518e-06,1.8710705300942903,False,False,0,,1,False
100000008554390100,peripheral,0.3,0.0314,A,True,21,0.03,0.03115264797507788,0.018691588785046728,0.0,0.1277258566978193,0.0,0.0,"обрыв выгрузки на последнем колене: получил 14 тыс от 1 плательщика, исходящие неизвестны",1.0,4,False,0.0,0,0,14000.0,1,1,1,14000.0,14000.0,14000.0,0.0,0,0.0,0,False,True,True,False,0,4.838494154612191e-05,0.6773891816457067,False,False,0,,1,False
100000008555233100,terminal,0.258,0.2486,B,True,24,0.129,0.5794392523364486,0.018691588785046728,0.0,0.8571428571428571,0.0,0.0,"конечная точка в пределах выгрузки: получил 441 тыс от 1 плательщика, исходящих нет; доля seed-денег ~1%; вход в конце периода, мог переслать позже",1.0,3,False,0.0,0,0,440600.0,1,1,1,440600.0,440600.0,440600.0,0.0,0,0.0,0,False,True,False,False,0,0.005431643929806072,2393.1823154725553,False,False,0,,1,True
100000008555918100,peripheral,0.6,0.3943,B,False,3,0.06,0.945260347129506,0.018691588785046728,0.833555852247441,0.6573208722741433,0.3333333333333333,0.0,"выраженных признаков нет: 1 вх./2 исх., оборот 139 тыс; связан с 1 seed",1.0,1,False,43300.0,2,2,139211.0,1,1,3,139211.0,182511.0,95911.0,0.3110386391879952,1,139211.0,1,False,True,False,False,0,1.0,139211.0,False,False,0,0.0,1,False
100000008556318100,terminal,0.676,0.49,B,False,3,0.338,0.9372496662216289,0.8019581664441477,0.0,0.7076101468624834,0.3333333333333333,0.0,"конечная точка в пределах выгрузки: получил 180 тыс от 2 плательщиков, исходящих нет; доля seed-денег ~65%; связан с 1 seed",1.0,1,False,0.0,0,0,180132.0,2,2,2,180132.0,180132.0,180132.0,0.0,1,116632.0,1,False,True,False,False,0,0.6486373066939076,116840.33532938696,False,False,0,,1,False
100000008557672100,peripheral,0.9,0.1769,B,True,1,0.09000000000000001,0.4993324432576769,0.018691588785046728,0.0,0.43658210947930576,0.0,0.0,"выраженных признаков нет: 1 вх./0 исх., оборот 49 тыс",1.0,2,False,0.0,0,0,49125.0,1,1,1,49125.0,49125.0,49125.0,0.0,0,0.0,0,False,True,False,False,1,0.017185010363675823,844.2136341155748,False,False,0,,1,False
100000008560263100,peripheral,0.3,0.1144,A,True,5,0.03,0.2136181575433912,0.018691588785046728,0.0,0.5927903871829105,0.0,0.0,"обрыв выгрузки на последнем колене: получил 100 тыс от 1 плательщика, исходящие неизвестны",1.0,4,False,0.0,0,0,100000.0,1,1,1,100000.0,100000.0,100000.0,0.0,0,0.0,0,False,True,True,False,0,0.0005591587629772298,55.91587629772298,False,False,0,,1,False
100000008560717100,consolidator,0.686,0.6786,B,False,5,0.6174000000000001,0.8615932354250111,0.9906542056074766,0.6915887850467289,0.886070315976858,0.3333333333333333,0.0,"признаки консолидации: 7 плательщиков (из них seed: 1), получил 529 тыс; отдал дальше 5%; связан с 1 seed",1.0,1,False,25000.0,1,1,529000.0,9,7,8,529000.0,554000.0,504000.0,0.04725897920604915,1,45000.0,1,False,True,False,False,0,0.08756018575156388,46319.338262577294,False,False,0,0.0,2,False
100000008561016100,transit,0.6,0.3618,C,True,7,0.42,0.36315086782376504,0.018691588785046728,0.6915887850467289,0.7111704494882065,0.0,0.0,"признаки транзита: получил 180 тыс, отправил 185 тыс; 100% отправлено в течение 2 дней после входа; связь с seed-деньгами слабая, возможна легальная активность",1.0,3,False,185000.0,4,1,180000.0,2,1,2,185000.0,365000.0,-5000.0,1.0277777777777777,0,0.0,0,True,False,False,False,0,0.0012266675861906601,226.93350344527212,False,False,0,1.0,1,False
100000008566737100,terminal,0.63,0.4851,B,False,52,0.315,0.931909212283044,0.8019581664441477,0.0,0.7489986648865153,0.3333333333333333,0.0,"конечная точка в пределах выгрузки: получил 230 тыс от 2 плательщиков, исходящих нет; доля seed-денег ~46%; связан с 1 seed",1.0,1,False,0.0,0,0,230000.0,2,2,2,230000.0,230000.0,230000.0,0.0,1,104000.0,1,False,True,False,False,0,0.46022861823782346,105852.5821946994,False,False,0,,2,False
100000008568512100,terminal,0.32,0.2045,B,True,5,0.16,0.369826435246996,0.018691588785046728,0.0,0.7263017356475301,0.0,0.0,"конечная точка в пределах выгрузки: получил 200 тыс от 1 плательщика, исходящих нет; доля seed-денег ~0%",1.0,3,False,0.0,0,0,199640.0,1,1,1,199640.0,199640.0,199640.0,0.0,0,0.0,0,False,True,False,False,0,0.0011953620415003489,238.64207796512966,False,False,0,,1,False
100000008571243100,terminal,0.307,0.1752,B,True,8,0.1535,0.27236315086782376,0.018691588785046728,0.0,0.6515353805073432,0.0,0.0,"конечная точка в пределах выгрузки: получил 134 тыс от 1 плательщика, исходящих нет; доля seed-денег ~0%",0.6666666666666666,3,False,0.0,0,0,134000.0,1,1,1,134000.0,134000.0,134000.0,0.0,0,0.0,0,False,True,False,False,0,0.0008058550873075274,107.98458169920868,False,False,0,,1,False
100000008571433100,transit,0.499,0.5336,C,False,62,0.3493,0.9804183355585224,0.8019581664441477,0.833555852247441,0.9586114819759679,0.0,1.0,"[seed] признаки транзита: получил 350 тыс, отправил 1.4 млн; 74% отправлено в течение 2 дней после входа; участвует в круговых потоках (3+ участника); доля seed-денег ~100%",1.0,0,True,1434000.0,3,2,350000.0,2,2,3,1434000.0,1784000.0,-1084000.0,4.097142857142857,0,0.0,0,False,False,False,False,8,1.0,342027.92064658337,True,True,1,0.7419804741980475,1,False
100000008571443100,peripheral,0.9,0.2658,B,True,12,0.09000000000000001,0.5166889185580774,0.8019581664441477,0.0,0.507343124165554,0.0,0.0,"выраженных признаков нет: 2 вх./0 исх., оборот 65 тыс",1.0,2,False,0.0,0,0,65000.0,2,2,2,65000.0,65000.0,65000.0,0.0,0,0.0,0,False,True,False,False,0,0.015688905232633547,1019.7788401211806,False,False,0,,1,False
100000008575624100,peripheral,0.6,0.1422,B,False,58,0.06,0.0,0.0,0.894971072541166,0.5678682688028482,0.0,0.0,"[seed] выраженных признаков нет: 0 вх./3 исх., оборот 90 тыс",1.0,0,True,89500.0,5,3,0.0,0,0,3,89500.0,89500.0,-89500.0,,0,0.0,0,False,False,False,False,7,1.0,0.0,False,False,0,0.0,0,False
100000008576243100,peripheral,0.9,0.2793,B,True,2,0.09000000000000001,0.5603026257231865,0.8019581664441477,0.0,0.5549621717846017,0.0,0.0,"выраженных признаков нет: 2 вх./0 исх., оборот 83 тыс",0.6666666666666666,3,False,0.0,0,0,82920.0,4,2,2,82920.0,82920.0,82920.0,0.0,0,0.0,0,False,True,False,False,0,0.022478215136805712,1863.8935991439296,False,False,0,,2,False
100000008576528100,peripheral,0.9,0.0986,B,True,5,0.09000000000000001,0.17267467734757455,0.018691588785046728,0.0,0.30707610146862485,0.0,0.0,"выраженных признаков нет: 1 вх./0 исх., оборот 28 тыс",1.0,3,False,0.0,0,0,28000.0,1,1,1,28000.0,28000.0,28000.0,0.0,0,0.0,0,False,True,False,False,0,0.0011953620415003489,33.47013716200977,False,False,0,,1,False
100000008579978100,peripheral,0.9,0.1945,B,True,5,0.09000000000000001,0.18914107699154428,0.018691588785046728,0.6915887850467289,0.5416110369381397,0.0,0.0,"выраженных признаков нет: 1 вх./1 исх., оборот 77 тыс",1.0,3,False,77000.0,6,1,34000.0,1,1,2,77000.0,111000.0,-43000.0,2.264705882352941,0,0.0,0,True,False,False,False,0,0.0005278222001430113,40.642309411011865,False,False,0,0.35064935064935066,1,False
100000008582730100,peripheral,0.9,0.1571,B,True,20,0.09000000000000001,0.2688028482421006,0.018691588785046728,0.6915887850467289,0.008455718736092568,0.0,0.0,"выраженных признаков нет: 1 вх./1 исх., оборот 5 тыс; взаимные переводы с 1",1.0,3,False,5000.0,1,1,5000.0,1,1,1,5000.0,10000.0,0.0,1.0,0,0.0,0,False,True,False,False,0,0.02115675438880165,105.78377194400825,True,False,1,1.0,1,False
100000008583360100,peripheral,0.6,0.2627,B,True,8,0.06,0.5028927458834,0.018691588785046728,0.6915887850467289,0.7004895416110369,0.0,0.0,"выраженных признаков нет: 1 вх./1 исх., оборот 170 тыс",1.0,3,False,170000.0,1,1,112843.0,1,1,2,170000.0,282843.0,-57157.0,1.5065179054083992,0,0.0,0,True,False,False,False,0,0.005121826486713009,870.7105027412115,False,False,0,0.0,1,False
100000008583971100,peripheral,0.3,0.1575,A,True,2,0.03,0.1045838896306186,0.8019581664441477,0.0,0.45883400089007564,0.0,0.0,"обрыв выгрузки на последнем колене: получил 51 тыс от 2 плательщиков, исходящие неизвестны",1.0,4,False,0.0,0,0,51000.0,2,2,2,51000.0,51000.0,51000.0,0.0,0,0.0,0,False,True,True,False,0,0.00023585547231532564,12.028629088081608,False,False,0,,1,True
100000008586731100,peripheral,0.9,0.2189,B,False,10,0.09000000000000001,0.7067200712060525,0.018691588785046728,0.0,0.1081441922563418,0.3333333333333333,0.0,"выраженных признаков нет: 1 вх./0 исх., оборот 12 тыс; связан с 1 seed",1.0,1,False,0.0,0,0,12000.0,1,1,1,12000.0,12000.0,12000.0,0.0,1,12000.0,1,False,True,False,False,0,1.0,12000.0,False,False,0,,1,False
100000008587459100,peripheral,0.6,0.458,B,False,2,0.06,0.4962171784601691,0.8019581664441477,0.833555852247441,0.9083222073876279,0.3333333333333333,1.0,"выраженных признаков нет: 2 вх./2 исх., оборот 686 тыс; связан с 1 seed; участвует в круговых потоках (3+ участника)",1.0,2,False,686500.0,4,2,181507.0,2,2,4,686500.0,868007.0,-504993.0,3.782223275135394,1,0.0,0,True,False,False,False,0,0.0011724415737158858,804.8811403559556,True,True,0,0.0,1,False
100000008588665100,peripheral,0.3,0.119,A,True,2,0.03,0.39964396973742766,0.018691588785046728,0.0,0.2674677347574544,0.0,0.0,"обрыв выгрузки на последнем колене: получил 25 тыс от 1 плательщика, исходящие неизвестны",1.0,4,False,0.0,0,0,25000.0,1,1,1,25000.0,25000.0,25000.0,0.0,0,0.0,0,False,True,True,False,0,0.0121304182237201,303.2604555930025,False,False,0,,1,False
100000008595687100,peripheral,0.9,0.3325,B,False,4,0.09000000000000001,0.4801958166444148,0.018691588785046728,0.6915887850467289,0.5064530485091233,0.3333333333333333,1.0,"выраженных признаков нет: 1 вх./1 исх., оборот 64 тыс; связан с 1 seed; участвует в круговых потоках (3+ участника)",1.0,3,False,10400.0,1,1,64395.0,1,1,2,64395.0,74795.0,53995.0,0.161503222299868,1,0.0,0,False,True,False,False,0,0.010432239086998881,671.784036007293,True,True,0,1.0,1,False
100000008596924100,terminal,0.21,0.22,B,True,14,0.105,0.6105919003115264,0.018691588785046728,0.0,0.5927903871829105,0.0,0.0,"конечная точка в пределах выгрузки: получил 100 тыс от 1 плательщика, исходящих нет; доля seed-денег ~4%; вход в конце периода, мог переслать позже",0.6666666666666666,3,False,0.0,0,0,100000.0,1,1,1,100000.0,100000.0,100000.0,0.0,0,0.0,0,False,True,False,False,0,0.037895747395369134,3789.5747395369135,False,False,0,,1,True
100000008598972100,terminal,0.304,0.1945,B,True,23,0.152,0.3796172674677348,0.018691588785046728,0.0,0.6350689808633734,0.0,0.0,"конечная точка в пределах выгрузки: получил 120 тыс от 1 плательщика, исходящих нет; доля seed-денег ~0%",0.6666666666666666,3,False,0.0,0,0,120000.0,1,1,1,120000.0,120000.0,120000.0,0.0,0,0.0,0,False,True,False,False,0,0.002156699082657562,258.80388991890743,False,False,0,,1,False
100000008599354100,peripheral,0.6,0.2765,B,True,2,0.06,0.5696484201157098,0.018691588785046728,0.6915887850467289,0.7049399198931909,0.0,0.0,"выраженных признаков нет: 1 вх./1 исх., оборот 177 тыс",1.0,3,False,38200.0,2,1,177000.0,1,1,2,177000.0,215200.0,138800.0,0.21581920903954802,0,0.0,0,False,True,False,False,0,0.0121304182237201,2147.0840255984576,False,False,0,0.0,1,False
100000008601794100,peripheral,0.6,0.4345,B,False,67,0.06,0.9897641299510458,0.8019581664441477,0.6915887850467289,0.9283489096573209,0.0,1.0,"[seed] выраженных признаков нет: 2 вх./1 исх., оборот 871 тыс; участвует в круговых потоках (3+ участника)",1.0,0,True,871400.0,13,1,494400.0,8,2,2,871400.0,1365800.0,-377000.0,1.7625404530744337,0,0.0,0,False,False,False,False,10,1.0,494400.0,True,True,1,0.23112233187973377,1,True
100000008603331100,peripheral,0.6,0.4049,B,True,13,0.06,0.5834445927903872,0.8019581664441477,0.9528259902091678,0.9172229639519359,0.0,0.0,"выраженных признаков нет: 2 вх./6 исх., оборот 742 тыс; взаимные переводы с 1",1.0,2,False,741774.0,6,6,39500.0,3,2,7,741774.0,781274.0,-702274.0,18.779088607594936,0,0.0,0,True,False,False,False,0,0.0034122760384609437,2531.137646153328,True,False,1,0.44400855247015936,1,False
100000008603629100,distributor,0.75,0.7235,B,True,6,0.6000000000000001,0.8215398308856253,0.9995549621717846,0.9968847352024922,0.995549621717846,0.0,1.0,"веерная рассылка: 61 получатель, отправил 5.0 млн; видимый вход 1.8 млн, источник вне выгрузки; участвует в круговых потоках (3+ участника); связь с seed-деньгами слабая, возможна легальная активность",1.0,2,False,4986156.0,74,61,1817300.0,45,19,73,4986156.0,6803456.0,-3168856.0,2.7437165025037142,0,0.0,0,True,False,False,False,0,0.006651503710631661,33165.43513578832,True,True,7,0.9888378943619093,4,True
100000008612257100,peripheral,0.9,0.0758,B,True,17,0.09000000000000001,0.17846016911437473,0.018691588785046728,0.0,0.06764574988874054,0.0,0.0,"выраженных признаков нет: 1 вх./0 исх., оборот 10 тыс",1.0,3,False,0.0,0,0,9500.0,1,1,1,9500.0,9500.0,9500.0,0.0,0,0.0,0,False,True,False,False,0,0.003759829013807918,35.71837563117522,False,False,0,,1,False
100000008619159100,peripheral,0.3,0.1413,A,True,79,0.03,0.21539830885625277,0.018691588785046728,0.0,0.8584779706275033,0.0,0.0,"обрыв выгрузки на последнем колене: получил 446 тыс от 1 плательщика, исходящие неизвестны",1.0,4,False,0.0,0,0,446400.0,2,1,1,446400.0,446400.0,446400.0,0.0,0,0.0,0,False,True,True,False,0,0.00012722340778810795,56.792529236611394,False,False,0,,1,False
100000008619857100,peripheral,0.6,0.1675,B,True,2,0.06,0.14953271028037382,0.018691588785046728,0.833555852247441,0.3137516688918558,0.0,0.0,"выраженных признаков нет: 1 вх./2 исх., оборот 29 тыс",1.0,3,False,13000.0,2,2,29000.0,1,1,3,29000.0,42000.0,16000.0,0.4482758620689655,0,0.0,0,False,True,False,False,0,0.0008464425810733717,24.54683485112778,False,False,0,0.6153846153846154,1,False
100000008620570100,peripheral,0.6,0.3616,B,True,6,0.06,0.5509568313306631,0.8019581664441477,0.833555852247441,0.6688918558077437,0.0,0.0,"выраженных признаков нет: 2 вх./2 исх., оборот 145 тыс",1.0,3,False,31800.0,2,2,145000.0,2,2,4,145000.0,176800.0,113200.0,0.2193103448275862,0,0.0,0,False,True,False,False,0,0.01083999208765978,1571.7988527106681,False,False,0,0.31446540880503143,1,False
100000008624978100,terminal,0.302,0.2609,B,False,23,0.151,0.7209612817089452,0.018691588785046728,0.0,0.6199376947040498,0.0,0.0,"конечная точка в пределах выгрузки: получил 109 тыс от 1 плательщика, исходящих нет; доля seed-денег ~13%",0.6666666666666666,2,False,0.0,0,0,109000.0,1,1,1,109000.0,109000.0,109000.0,0.0,0,0.0,0,False,True,False,False,0,0.12724882183245506,13870.121579737603,False,False,0,,1,False
100000008625905100,peripheral,0.6,0.2942,B,True,69,0.06,0.48776145972407653,0.018691588785046728,0.833555852247441,0.9038718291054739,0.0,0.0,"выраженных признаков нет: 1 вх./2 исх., оборот 635 тыс",1.0,3,False,635000.0,2,2,197800.0,1,1,3,635000.0,832800.0,-437200.0,3.210313447927199,0,0.0,0,True,False,False,False,0,0.0011342368998429665,720.2404314002837,False,False,0,0.0,1,True
100000008628231100,peripheral,0.6,0.4042,B,False,81,0.06,0.8713840676457499,0.018691588785046728,0.833555852247441,0.9034267912772586,0.3333333333333333,0.0,"выраженных признаков нет: 1 вх./2 исх., оборот 628 тыс; связан с 1 seed",1.0,1,False,627870.0,19,2,50000.0,1,1,3,627870.0,677870.0,-577870.0,12.5574,1,50000.0,1,True,False,False,False,0,0.0796343192062051,50000.0,False,False,0,0.03503910045073025,1,False
100000008628818100,peripheral,0.3,0.1091,A,True,8,0.03,0.27458834000890076,0.018691588785046728,0.0,0.417890520694259,0.0,0.0,"обрыв выгрузки на последнем колене: получил 46 тыс от 1 плательщика, исходящие неизвестны",1.0,4,False,0.0,0,0,46310.0,1,1,1,46310.0,46310.0,46310.0,0.0,0,0.0,0,False,True,True,False,0,0.00236057430792627,109.31819620006556,False,False,0,,1,True
100000008629504100,peripheral,0.3,0.0443,A,True,2,0.03,0.05785491766800178,0.018691588785046728,0.0,0.20382732532265244,0.0,0.0,"обрыв выгрузки на последнем колене: получил 20 тыс от 1 плательщика, исходящие неизвестны",1.0,4,False,0.0,0,0,20000.0,1,1,1,20000.0,20000.0,20000.0,0.0,0,0.0,0,False,True,True,False,0,0.0002449475050636123,4.898950101272247,False,False,0,,1,False
100000008629581100,peripheral,0.9,0.2134,B,False,3,0.09000000000000001,0.6622162883845126,0.018691588785046728,0.0,0.47619047619047616,0.0,0.0,"выраженных признаков нет: 1 вх./0 исх., оборот 54 тыс",1.0,2,False,0.0,0,0,54184.0,1,1,1,54184.0,54184.0,54184.0,0.0,0,0.0,0,False,True,False,False,0,0.13578708805921993,7357.487579400773,False,False,0,,1,False
100000008631800100,peripheral,0.3,0.0304,A,True,21,0.03,0.030262572318647086,0.018691588785046728,0.0,0.11971517578994215,0.0,0.0,"обрыв выгрузки на последнем колене: получил 13 тыс от 1 плательщика, исходящие неизвестны",1.0,4,False,0.0,0,0,12850.0,1,1,1,12850.0,12850.0,12850.0,0.0,0,0.0,0,False,True,True,False,0,4.838494154612191e-05,0.6217464988676665,False,False,0,,1,True
100000008632060100,peripheral,0.6,0.2966,B,False,2,0.06,0.05740987983978638,0.018691588785046728,0.969737427681353,0.8197596795727636,0.3333333333333333,1.0,"выраженных признаков нет: 1 вх./9 исх., оборот 339 тыс; связан с 1 seed; участвует в круговых потоках (3+ участника)",0.6666666666666666,3,False,339200.0,12,9,6000.0,1,1,10,339200.0,345200.0,-333200.0,56.53333333333333,1,0.0,0,True,False,False,False,0,1.3847457773560793e-05,4.697057676791821,True,True,0,0.0,1,False
100000008633099100,peripheral,0.9,0.1635,B,True,9,0.09000000000000001,0.20338228749443701,0.018691588785046728,0.6915887850467289,0.20249221183800623,0.0,0.0,"выраженных признаков нет: 1 вх./1 исх., оборот 19 тыс",1.0,3,False,13500.0,1,1,19468.0,1,1,2,19468.0,32968.0,5968.0,0.6934456544072324,0,0.0,0,False,True,False,False,0,0.002606720696540984,50.747638520259876,False,False,0,0.0,1,False
100000008634520100,peripheral,0.9,0.1299,B,True,13,0.09000000000000001,0.19804183355585225,0.018691588785046728,0.0,0.5687583444592791,0.0,0.0,"выраженных признаков нет: 1 вх./0 исх., оборот 90 тыс",0.6666666666666666,3,False,0.0,0,0,90000.0,1,1,1,90000.0,90000.0,90000.0,0.0,0,0.0,0,False,True,False,False,0,0.0005218969528553998,46.970725756985985,False,False,0,,1,False
100000008636603100,peripheral,0.6,0.5555,B,False,87,0.06,0.7027147307521139,0.8019581664441477,0.9528259902091678,0.684913217623498,1.0,1.0,"выраженных признаков нет: 2 вх./6 исх., оборот 159 тыс; связан с 3 seed; участвует в круговых потоках (3+ участника)",1.0,2,False,159375.0,7,6,35460.0,2,2,7,159375.0,194835.0,-123915.0,4.494500846023689,3,0.0,0,True,False,False,False,0,0.0721918525323809,11505.576497348207,True,True,1,0.36941176470588233,1,False
100000008637537100,transit,0.8,0.6714,C,False,48,0.5599999999999999,0.9928793947485536,0.9114374721851357,0.894971072541166,0.9799732977303071,0.6666666666666666,1.0,"[seed] признаки транзита: получил 620 тыс, отправил 2.4 млн; 100% отправлено в течение 2 дней после входа; связан ещё с 2 seed; участвует в круговых потоках (3+ участника); доля seed-денег ~100%",1.0,0,True,2351495.0,30,3,619890.0,22,3,4,2351495.0,2971385.0,-1731605.0,3.793406894771653,2,613890.0,2,False,False,False,False,0,1.0,614599.8752648891,True,True,2,1.0,2,False
100000008638859100,peripheral,0.3,0.0946,A,True,20,0.03,0.2349799732977303,0.018691588785046728,0.0,0.35246995994659547,0.0,0.0,"обрыв выгрузки на последнем колене: получил 34 тыс от 1 плательщика, исходящие неизвестны",1.0,4,False,0.0,0,0,34000.0,1,1,1,34000.0,34000.0,34000.0,0.0,0,0.0,0,False,True,True,False,0,0.002093565814100168,71.18123767940571,False,False,0,,1,False
100000008647905100,peripheral,0.6,0.3115,B,True,20,0.06,0.6150422785936804,0.018691588785046728,0.833555852247441,0.822429906542056,0.0,0.0,"выраженных признаков нет: 1 вх./2 исх., оборот 344 тыс",1.0,2,False,344222.0,2,2,50000.0,1,1,3,344222.0,394222.0,-294222.0,6.88444,0,0.0,0,True,False,False,False,0,0.011919044113383813,4102.797202797203,False,False,0,0.670497527758249,1,False
100000008648783100,peripheral,0.3,0.0192,A,True,21,0.03,0.021361815754339118,0.018691588785046728,0.0,0.025367156208277702,0.0,0.0,"обрыв выгрузки на последнем колене: получил 5 тыс от 1 плательщика, исходящие неизвестны",1.0,4,False,0.0,0,0,5200.0,1,1,1,5200.0,5200.0,5200.0,0.0,0,0.0,0,False,True,True,False,0,4.83849415461219e-05,0.2516016960398339,False,False,0,,1,True
100000008649416100,peripheral,0.3,0.0398,A,True,17,0.03,0.1330663106364041,0.018691588785046728,0.0,0.008455718736092568,0.0,0.0,"обрыв выгрузки на последнем колене: получил 5 тыс от 1 плательщика, исходящие неизвестны",1.0,4,False,0.0,0,0,5000.0,1,1,1,5000.0,5000.0,5000.0,0.0,0,0.0,0,False,True,True,False,0,0.003759829013807918,18.79914506903959,False,False,0,,1,False
100000008650785100,peripheral,0.6,0.4231,B,False,4,0.06,0.9136626613262128,0.8019581664441477,0.833555852247441,0.6381842456608812,0.6666666666666666,0.0,"[seed] выраженных признаков нет: 2 вх./2 исх., оборот 120 тыс; связан ещё с 2 seed",1.0,0,True,120120.0,2,2,92000.0,2,2,4,120120.0,212120.0,-28120.0,1.3056521739130436,2,56500.0,1,False,False,False,False,0,1.0,83192.71187057956,False,False,0,0.5829170829170829,1,False
100000008652094100,peripheral,0.9,0.1019,B,True,2,0.09000000000000001,0.1628838451268358,0.018691588785046728,0.0,0.3591455273698264,0.0,0.0,"выраженных признаков нет: 1 вх./0 исх., оборот 35 тыс",1.0,3,False,0.0,0,0,35000.0,1,1,1,35000.0,35000.0,35000.0,0.0,0,0.0,0,False,True,False,False,0,0.0008464425810733717,29.62549033756801,False,False,0,,1,False
100000008653041100,peripheral,0.9,0.0905,B,True,1,0.09000000000000001,0.1321762349799733,0.018691588785046728,0.0,0.30707610146862485,0.0,0.0,"выраженных признаков нет: 1 вх./0 исх., оборот 28 тыс",1.0,3,False,0.0,0,0,28000.0,1,1,1,28000.0,28000.0,28000.0,0.0,0,0.0,0,False,True,False,False,1,0.0006645076819004414,18.60621509321236,False,False,0,,1,False
100000008654653100,peripheral,0.9,0.1542,B,False,4,0.09000000000000001,0.0,0.0,0.6915887850467289,0.4744103248776146,0.3333333333333333,0.0,"[seed] выраженных признаков нет: 0 вх./1 исх., оборот 54 тыс; связан ещё с 1 seed",1.0,0,True,54000.0,1,1,0.0,0,0,1,54000.0,54000.0,-54000.0,,1,0.0,0,False,False,False,False,0,1.0,0.0,False,False,0,0.0,0,False
100000008655035100,peripheral,0.9,0.2274,B,False,9,0.09000000000000001,0.8108589230084557,0.018691588785046728,0.0,0.3186470850022252,0.0,0.0,"выраженных признаков нет: 1 вх./0 исх., оборот 30 тыс",1.0,2,False,0.0,0,0,30000.0,1,1,1,30000.0,30000.0,30000.0,0.0,0,0.0,0,False,True,False,False,0,1.0,30000.0,False,False,0,,1,False
100000008655779100,peripheral,0.6,0.2398,B,True,33,0.06,0.45705384957721407,0.018691588785046728,0.833555852247441,0.4218958611481976,0.0,0.0,"выраженных признаков нет: 1 вх./2 исх., оборот 47 тыс",1.0,3,False,24704.0,2,2,47000.0,1,1,3,47000.0,71704.0,22296.0,0.5256170212765957,0,0.0,0,False,True,False,False,0,0.011040802685025448,518.9177261961961,False,False,0,0.0,1,False
100000008656043100,peripheral,0.9,0.1511,B,True,1,0.09000000000000001,0.44192256341789055,0.018691588785046728,0.0,0.2932799287939475,0.0,0.0,"выраженных признаков нет: 1 вх./0 исх., оборот 26 тыс",1.0,2,False,0.0,0,0,26200.0,1,1,1,26200.0,26200.0,26200.0,0.0,0,0.0,0,False,True,False,False,1,0.017185010363675823,450.24727152830656,False,False,0,,1,True
100000008659445100,peripheral,0.6,0.4506,B,False,51,0.06,0.9114374721851357,0.9114374721851357,0.9274588340008901,0.9292389853137517,0.0,1.0,"[seed] выраженных признаков нет: 3 вх./4 исх., оборот 875 тыс; участвует в круговых потоках (3+ участника)",1.0,0,True,875150.0,18,4,138490.0,7,3,4,875150.0,1013640.0,-736660.0,6.319228825185934,0,0.0,0,False,False,False,False,4,1.0,79623.89985054433,True,True,3,0.5178540821573444,2,False
100000008659950100,terminal,0.329,0.1951,B,True,13,0.1645,0.29595015576323985,0.018691588785046728,0.0,0.7645749888740543,0.0,0.0,"конечная точка в пределах выгрузки: получил 246 тыс от 1 плательщика, исходящих нет; доля seed-денег ~0%",1.0,3,False,0.0,0,0,246000.0,1,1,1,246000.0,246000.0,246000.0,0.0,0,0.0,0,False,True,False,False,0,0.0005218969528553998,128.38665040242836,False,False,0,,1,False
100000008661550100,peripheral,0.9,0.0807,B,True,1,0.09000000000000001,0.11437472185135737,0.018691588785046728,0.0,0.24477080551846908,0.0,0.0,"выраженных признаков нет: 1 вх./0 исх., оборот 23 тыс",1.0,3,False,0.0,0,0,22800.0,1,1,1,22800.0,22800.0,22800.0,0.0,0,0.0,0,False,True,False,False,1,0.0006645076819004414,15.150775147330064,False,False,0,,1,False
100000008661585100,peripheral,0.9,0.2772,B,False,1,0.09000000000000001,0.8535825545171339,0.018691588785046728,0.0,0.3983088562527815,0.3333333333333333,0.0,"выраженных признаков нет: 1 вх./0 исх., оборот 43 тыс; связан с 1 seed",1.0,1,False,0.0,0,0,43141.0,1,1,1,43141.0,43141.0,43141.0,0.0,1,43141.0,1,False,True,False,False,1,1.0,43141.0,False,False,0,,1,False
100000008662216100,peripheral,0.9,0.0882,B,True,1,0.09000000000000001,0.1272808188696039,0.018691588785046728,0.0,0.2932799287939475,0.0,0.0,"выраженных признаков нет: 1 вх./0 исх., оборот 26 тыс",1.0,3,False,0.0,0,0,26200.0,1,1,1,26200.0,26200.0,26200.0,0.0,0,0.0,0,False,True,False,False,1,0.0006645076819004415,17.410101265791567,False,False,0,,1,False
100000008662805100,peripheral,0.9,0.0688,B,True,1,0.09000000000000001,0.09301290609701825,0.018691588785046728,0.0,0.16822429906542055,0.0,0.0,"выраженных признаков нет: 1 вх./0 исх., оборот 16 тыс",1.0,3,False,0.0,0,0,16500.0,1,1,1,16500.0,16500.0,16500.0,0.0,0,0.0,0,False,True,False,False,1,0.0006645076819004414,10.964376751357284,False,False,0,,1,False
100000008663007100,peripheral,0.9,0.2238,B,False,1,0.09000000000000001,0.7218513573653761,0.018691588785046728,0.0,0.1277258566978193,0.3333333333333333,0.0,"выраженных признаков нет: 1 вх./0 исх., оборот 14 тыс; связан с 1 seed",1.0,1,False,0.0,0,0,14000.0,1,1,1,14000.0,14000.0,14000.0,0.0,1,14000.0,1,False,True,False,False,1,1.0,14000.0,False,False,0,,1,False
100000008663723100,peripheral,0.9,0.067,B,True,1,0.09000000000000001,0.08945260347129506,0.018691588785046728,0.0,0.1570983533600356,0.0,0.0,"выраженных признаков нет: 1 вх./0 исх., оборот 16 тыс",1.0,3,False,0.0,0,0,15600.0,1,1,1,15600.0,15600.0,15600.0,0.0,0,0.0,0,False,True,False,False,1,0.0006645076819004414,10.366319837646886,False,False,0,,1,False
100000008664469100,peripheral,0.9,0.2516,B,False,3,0.09000000000000001,0.7908322207387628,0.018691588785046728,0.0,0.2674677347574544,0.3333333333333333,0.0,"выраженных признаков нет: 1 вх./0 исх., оборот 25 тыс; связан с 1 seed",1.0,1,False,0.0,0,0,25000.0,1,1,1,25000.0,25000.0,25000.0,0.0,1,25000.0,1,False,True,False,False,0,1.0,25000.0,False,False,0,,1,False
100000008664774100,peripheral,0.9,0.0684,B,True,1,0.09000000000000001,0.09212283044058744,0.018691588785046728,0.0,0.16644414775255897,0.0,0.0,"выраженных признаков нет: 1 вх./0 исх., оборот 16 тыс",1.0,3,False,0.0,0,0,16300.0,1,1,1,16300.0,16300.0,16300.0,0.0,0,0.0,0,False,True,False,False,1,0.0006645076819004414,10.831475214977196,False,False,0,,1,False
100000008665380100,peripheral,0.6,0.3938,B,False,2,0.06,0.6915887850467289,0.8019581664441477,0.6915887850467289,0.5175789942145083,0.3333333333333333,0.0,"выраженных признаков нет: 2 вх./1 исх., оборот 69 тыс; связан с 1 seed",1.0,1,False,18200.0,1,1,69100.0,2,2,3,69100.0,87300.0,50900.0,0.2633863965267728,1,10000.0,1,False,True,False,False,0,0.1454417475621047,10050.024756541436,False,False,0,1.0,1,False
100000008666075100,peripheral,0.9,0.2569,B,False,1,0.09000000000000001,0.8019581664441477,0.018691588785046728,0.0,0.2977303070761015,0.3333333333333333,0.0,"выраженных признаков нет: 1 вх./0 исх., оборот 26 тыс; связан с 1 seed",1.0,1,False,0.0,0,0,26217.0,1,1,1,26217.0,26217.0,26217.0,0.0,1,26217.0,1,False,True,False,False,1,1.0,26217.0,False,False,0,,1,False
100000008667058100,peripheral,0.9,0.2342,B,False,1,0.09000000000000001,0.7463284379172229,0.018691588785046728,0.0,0.18202047174009792,0.3333333333333333,0.0,"выраженных признаков нет: 1 вх./0 исх., оборот 18 тыс; связан с 1 seed",1.0,1,False,0.0,0,0,17534.0,1,1,1,17534.0,17534.0,17534.0,0.0,1,17534.0,1,False,True,False,False,1,1.0,17534.0,False,False,0,,1,False
100000008667795100,peripheral,0.9,0.0976,B,True,1,0.09000000000000001,0.14508233199821985,0.018691588785046728,0.0,0.35246995994659547,0.0,0.0,"выраженных признаков нет: 1 вх./0 исх., оборот 34 тыс",1.0,3,False,0.0,0,0,34000.0,1,1,1,34000.0,34000.0,34000.0,0.0,0,0.0,0,False,True,False,False,1,0.0006645076819004414,22.59326118461501,False,False,0,,1,False
100000008667799100,peripheral,0.9,0.0976,B,True,1,0.09000000000000001,0.14508233199821985,0.018691588785046728,0.0,0.35246995994659547,0.0,0.0,"выраженных признаков нет: 1 вх./0 исх., оборот 34 тыс",1.0,3,False,0.0,0,0,34000.0,1,1,1,34000.0,34000.0,34000.0,0.0,0,0.0,0,False,True,False,False,1,0.0006645076819004414,22.59326118461501,False,False,0,,1,False
100000008668099100,peripheral,0.9,0.0674,B,True,1,0.09000000000000001,0.09034267912772585,0.018691588785046728,0.0,0.1593235425011126,0.0,0.0,"выраженных признаков нет: 1 вх./0 исх., оборот 16 тыс",1.0,3,False,0.0,0,0,15700.0,1,1,1,15700.0,15700.0,15700.0,0.0,0,0.0,0,False,True,False,False,1,0.0006645076819004414,10.43277060583693,False,False,0,,1,False
100000008669037100,peripheral,0.2,0.006,A,False,0,0.020000000000000004,0.0,0.0,0.0,0.0,0.0,0.0,[seed] нет переводов в выгрузке: роль определить нельзя,1.0,0,True,0.0,0,0,0.0,0,0,0,0.0,0.0,0.0,,0,0.0,0,False,False,False,True,33,1.0,0.0,False,False,0,,0,False
100000008669310100,peripheral,0.9,0.1231,B,True,2,0.09000000000000001,0.20249221183800623,0.018691588785046728,0.0,0.49265687583444595,0.0,0.0,"выраженных признаков нет: 1 вх./0 исх., оборот 60 тыс",1.0,3,False,0.0,0,0,59567.0,2,1,1,59567.0,59567.0,59567.0,0.0,0,0.0,0,False,True,False,False,0,0.0008464425810733717,50.420045226797534,False,False,0,,1,False
100000008670667100,peripheral,0.9,0.2286,B,False,1,0.09000000000000001,0.7320872274143302,0.018691588785046728,0.0,0.15442812639074321,0.3333333333333333,0.0,"выраженных признаков нет: 1 вх./0 исх., оборот 16 тыс; связан с 1 seed",1.0,1,False,0.0,0,0,15534.0,1,1,1,15534.0,15534.0,15534.0,0.0,1,15534.0,1,False,True,False,False,1,1.0,15534.0,False,False,0,,1,False
100000008671026100,peripheral,0.9,0.2486,B,False,1,0.09000000000000001,0.7837116154873164,0.018691588785046728,0.0,0.25189141076991545,0.3333333333333333,0.0,"выраженных признаков нет: 1 вх./0 исх., оборот 24 тыс; связан с 1 seed",1.0,1,False,0.0,0,0,23534.0,1,1,1,23534.0,23534.0,23534.0,0.0,1,23534.0,1,False,True,False,False,1,1.0,23534.0,False,False,0,,1,False
100000008671081100,peripheral,0.9,0.1007,B,True,1,0.09000000000000001,0.15086782376502003,0.018691588785046728,0.0,0.372051624388073,0.0,0.0,"выраженных признаков нет: 1 вх./0 исх., оборот 37 тыс",1.0,3,False,0.0,0,0,37200.0,1,1,1,37200.0,37200.0,37200.0,0.0,0,0.0,0,False,True,False,False,1,0.0006645076819004414,24.719685766696422,False,False,0,,1,False
100000008671129100,peripheral,0.9,0.0882,B,True,1,0.09000000000000001,0.1272808188696039,0.018691588785046728,0.0,0.2932799287939475,0.0,0.0,"выраженных признаков нет: 1 вх./0 исх., оборот 26 тыс",1.0,3,False,0.0,0,0,26200.0,1,1,1,26200.0,26200.0,26200.0,0.0,0,0.0,0,False,True,False,False,1,0.0006645076819004415,17.410101265791567,False,False,0,,1,False
100000008671929100,peripheral,0.9,0.3015,B,False,3,0.09000000000000001,0.9074321317311972,0.018691588785046728,0.0,0.5331553182020472,0.3333333333333333,0.0,"выраженных признаков нет: 1 вх./0 исх., оборот 75 тыс; связан с 1 seed",0.6666666666666666,1,False,0.0,0,0,75000.0,2,1,1,75000.0,75000.0,75000.0,0.0,1,75000.0,1,False,True,False,False,0,1.0,75000.0,False,False,0,,1,False
100000008672162100,peripheral,0.9,0.2291,B,False,1,0.09000000000000001,0.7338673787271918,0.018691588785046728,0.0,0.15620827770360482,0.3333333333333333,0.0,"выраженных признаков нет: 1 вх./0 исх., оборот 16 тыс; связан с 1 seed",1.0,1,False,0.0,0,0,15550.0,1,1,1,15550.0,15550.0,15550.0,0.0,1,15550.0,1,False,True,False,False,1,1.0,15550.0,False,False,0,,1,False
100000008672200100,peripheral,0.9,0.2077,B,False,1,0.09000000000000001,0.6751223854027593,0.018691588785046728,0.0,0.06008010680907877,0.3333333333333333,0.0,"выраженных признаков нет: 1 вх./0 исх., оборот 9 тыс; связан с 1 seed",1.0,1,False,0.0,0,0,8511.0,1,1,1,8511.0,8511.0,8511.0,0.0,1,8511.0,1,False,True,False,False,1,1.0,8511.0,False,False,0,,1,False
100000008672480100,peripheral,0.9,0.1171,B,True,1,0.09000000000000001,0.35870048954161105,0.018691588785046728,0.0,0.12016021361815754,0.0,0.0,"выраженных признаков нет: 1 вх./0 исх., оборот 13 тыс",1.0,2,False,0.0,0,0,13000.0,1,1,1,13000.0,13000.0,13000.0,0.0,0,0.0,0,False,True,False,False,1,0.017185010363675823,223.4051347277857,False,False,0,,1,False
100000008672493100,peripheral,0.9,0.0627,B,True,1,0.09000000000000001,0.08277703604806408,0.018691588785046728,0.0,0.1277258566978193,0.0,0.0,"выраженных признаков нет: 1 вх./0 исх., оборот 14 тыс",1.0,3,False,0.0,0,0,14000.0,1,1,1,14000.0,14000.0,14000.0,0.0,0,0.0,0,False,True,False,False,1,0.0006645076819004414,9.30310754660618,False,False,0,,1,False
100000008672603100,peripheral,0.9,0.1753,B,False,3,0.09000000000000001,0.5923453493546952,0.018691588785046728,0.0,0.2349799732977303,0.0,0.0,"выраженных признаков нет: 1 вх./0 исх., оборот 21 тыс",1.0,2,False,0.0,0,0,21200.0,1,1,1,21200.0,21200.0,21200.0,0.0,0,0.0,0,False,True,False,False,0,0.13578708805921993,2878.6862668554627,False,False,0,,1,False
100000008672762100,peripheral,0.9,0.1171,B,True,1,0.09000000000000001,0.35870048954161105,0.018691588785046728,0.0,0.12016021361815754,0.0,0.0,"выраженных признаков нет: 1 вх./0 исх., оборот 13 тыс",1.0,2,False,0.0,0,0,13000.0,1,1,1,13000.0,13000.0,13000.0,0.0,0,0.0,0,False,True,False,False,1,0.017185010363675823,223.4051347277857,False,False,0,,1,False
100000008673001100,peripheral,0.9,0.2581,B,False,22,0.09000000000000001,0.9118825100133512,0.018691588785046728,0.0,0.5460614152202937,0.3333333333333333,0.0,"[seed] выраженных признаков нет: 1 вх./0 исх., оборот 80 тыс; связан ещё с 1 seed",1.0,0,True,0.0,0,0,80000.0,1,1,1,80000.0,80000.0,80000.0,0.0,1,80000.0,1,False,False,False,False,0,1.0,80000.0,False,False,0,,1,False
100000008675322100,peripheral,0.3,0.1182,A,True,43,0.03,0.11927013796172675,0.018691588785046728,0.0,0.8202047174009791,0.0,0.0,"обрыв выгрузки на последнем колене: получил 340 тыс от 1 плательщика, исходящие неизвестны",1.0,4,False,0.0,0,0,340000.0,4,1,1,340000.0,340000.0,340000.0,0.0,0,0.0,0,False,True,True,False,0,4.832834906982415e-05,16.43163868374021,False,False,0,,1,False
100000008676812100,terminal,0.326,0.2518,B,True,20,0.163,0.5896751223854028,0.018691588785046728,0.0,0.7498887405429462,0.0,0.0,"конечная точка в пределах выгрузки: получил 231 тыс от 1 плательщика, исходящих нет; доля seed-денег ~1%",1.0,3,False,0.0,0,0,230800.0,1,1,1,230800.0,230800.0,230800.0,0.0,0,0.0,0,False,True,False,False,0,0.011919044113383813,2750.915381368984,False,False,0,,1,False
100000008677215100,peripheral,0.9,0.1362,B,True,26,0.09000000000000001,0.4833110814419226,0.018691588785046728,0.0,0.06186025812194036,0.0,0.0,"выраженных признаков нет: 1 вх./0 исх., оборот 9 тыс",1.0,3,False,0.0,0,0,9000.0,1,1,1,9000.0,9000.0,9000.0,0.0,0,0.0,0,False,True,False,False,0,0.07628757666226421,686.5881899603779,False,False,0,,1,False
100000008677368100,peripheral,0.3,0.0603,A,True,9,0.03,0.17712505562972852,0.018691588785046728,0.0,0.12550066755674233,0.0,0.0,"обрыв выгрузки на последнем колене: получил 14 тыс от 1 плательщика, исходящие неизвестны",1.0,4,False,0.0,0,0,13500.0,1,1,1,13500.0,13500.0,13500.0,0.0,0,0.0,0,False,True,True,False,0,0.002606720696540984,35.19072940330329,False,False,0,,1,False
100000008677518100,peripheral,0.9,0.1102,B,True,1,0.09000000000000001,0.16733422340898976,0.018691588785046728,0.0,0.43346684468179797,0.0,0.0,"выраженных признаков нет: 1 вх./0 исх., оборот 49 тыс",1.0,3,False,0.0,0,0,48700.0,1,1,1,48700.0,48700.0,48700.0,0.0,0,0.0,0,False,True,False,False,1,0.0006645076819004414,32.3615241085515,False,False,0,,1,False
100000008679986100,peripheral,0.9,0.2373,B,False,1,0.09000000000000001,0.7534490431686693,0.018691588785046728,0.0,0.19893190921228304,0.3333333333333333,0.0,"выраженных признаков нет: 1 вх./0 исх., оборот 19 тыс; связан с 1 seed",1.0,1,False,0.0,0,0,19000.0,1,1,1,19000.0,19000.0,19000.0,0.0,1,19000.0,1,False,True,False,False,1,1.0,19000.0,False,False,0,,1,False
100000008680061100,peripheral,0.3,0.1057,A,True,47,0.03,0.27013796172674676,0.018691588785046728,0.0,0.3929684023141967,0.0,0.0,"обрыв выгрузки на последнем колене: получил 41 тыс от 1 плательщика, исходящие неизвестны",1.0,4,False,0.0,0,0,41300.0,2,1,1,41300.0,41300.0,41300.0,0.0,0,0.0,0,False,True,True,False,0,0.0025898892431499326,106.96242574209222,False,False,0,,1,False
100000008680451100,peripheral,0.9,0.2486,B,False,1,0.09000000000000001,0.7837116154873164,0.018691588785046728,0.0,0.25189141076991545,0.3333333333333333,0.0,"выраженных признаков нет: 1 вх./0 исх., оборот 24 тыс; связан с 1 seed",1.0,1,False,0.0,0,0,23534.0,1,1,1,23534.0,23534.0,23534.0,0.0,1,23534.0,1,False,True,False,False,1,1.0,23534.0,False,False,0,,1,False
100000008680731100,distributor,0.67,0.3253,B,False,10,0.536,0.0,0.0,0.9919893190921228,0.9595015576323987,0.0,0.0,"[seed] веерная рассылка: 27 получателей, отправил 1.5 млн; доля seed-денег ~100%",1.0,0,True,1464354.0,28,27,0.0,0,0,27,1464354.0,1464354.0,-1464354.0,,0,0.0,0,False,False,False,False,0,1.0,0.0,False,False,0,0.0,0,False
100000008680912100,peripheral,0.9,0.2458,B,True,38,0.09000000000000001,0.5100133511348465,0.018691588785046728,0.6915887850467289,0.41255006675567424,0.0,0.0,"выраженных признаков нет: 1 вх./1 исх., оборот 45 тыс; взаимные переводы с 1",1.0,3,False,5990.85,1,1,45112.0,2,1,1,45112.0,51102.85,39121.15,0.13279947685759888,0,0.0,0,False,True,False,False,0,0.02139948966479214,965.373777758103,True,False,1,1.0,1,False
100000008682426100,peripheral,0.9,0.0823,B,True,15,0.09000000000000001,0.14285714285714285,0.018691588785046728,0.0,0.20382732532265244,0.0,0.0,"выраженных признаков нет: 1 вх./0 исх., оборот 20 тыс",1.0,3,False,0.0,0,0,20000.0,1,1,1,20000.0,20000.0,20000.0,0.0,0,0.0,0,False,True,False,False,0,0.0011056727811859502,22.113455623719002,False,False,0,,1,False
100000008683818100,peripheral,0.9,0.1305,B,True,1,0.09000000000000001,0.3956386292834891,0.018691588785046728,0.0,0.1802403204272363,0.0,0.0,"выраженных признаков нет: 1 вх./0 исх., оборот 17 тыс",1.0,2,False,0.0,0,0,17400.0,1,1,1,17400.0,17400.0,17400.0,0.0,0,0.0,0,False,True,False,False,1,0.017185010363675823,299.0191803279593,False,False,0,,1,False
100000008684452100,peripheral,0.9,0.1146,B,True,1,0.09000000000000001,0.17489986648865152,0.018691588785046728,0.0,0.46239430351579885,0.0,0.0,"выраженных признаков нет: 1 вх./0 исх., оборот 52 тыс",1.0,3,False,0.0,0,0,51800.0,1,1,1,51800.0,51800.0,51800.0,0.0,0,0.0,0,False,True,False,False,1,0.0006645076819004414,34.42149792244287,False,False,0,,1,False
100000008684767100,peripheral,0.9,0.0951,B,True,1,0.09000000000000001,0.13929684023141967,0.018691588785046728,0.0,0.3391188251001335,0.0,0.0,"выраженных признаков нет: 1 вх./0 исх., оборот 31 тыс",1.0,3,False,0.0,0,0,31100.0,1,1,1,31100.0,31100.0,31100.0,0.0,0,0.0,0,False,True,False,False,1,0.0006645076819004414,20.666188907103727,False,False,0,,1,False
100000008684951100,peripheral,0.9,0.0701,B,True,1,0.09000000000000001,0.09523809523809523,0.018691588785046728,0.0,0.17668001780151313,0.0,0.0,"выраженных признаков нет: 1 вх./0 исх., оборот 17 тыс",1.0,3,False,0.0,0,0,17200.0,1,1,1,17200.0,17200.0,17200.0,0.0,0,0.0,0,False,True,False,False,1,0.0006645076819004414,11.429532128687592,False,False,0,,1,False
100000008686214100,peripheral,0.9,0.1368,B,True,6,0.09000000000000001,0.38362260792167335,0.018691588785046728,0.0,0.2674677347574544,0.0,0.0,"выраженных признаков нет: 1 вх./0 исх., оборот 25 тыс",1.0,3,False,0.0,0,0,25000.0,1,1,1,25000.0,25000.0,25000.0,0.0,0,0.0,0,False,True,False,False,0,0.010867716805584623,271.6929201396156,False,False,0,,1,False
100000008686234100,peripheral,0.9,0.2736,B,False,2,0.09000000000000001,0.8442367601246106,0.018691588785046728,0.0,0.38050734312416556,0.3333333333333333,0.0,"выраженных признаков нет: 1 вх./0 исх., оборот 40 тыс; связан с 1 seed",1.0,1,False,0.0,0,0,39778.0,1,1,1,39778.0,39778.0,39778.0,0.0,1,39778.0,1,False,True,False,False,0,1.0,39778.0,False,False,0,,1,False
100000008686247100,peripheral,0.9,0.2234,B,True,27,0.09000000000000001,0.48553627058299953,0.018691588785046728,0.6915887850467289,0.23809523809523808,0.0,0.0,"выраженных признаков нет: 1 вх./1 исх., оборот 22 тыс; взаимные переводы с 1",1.0,3,False,5000.0,1,1,22000.0,2,1,1,22000.0,27000.0,17000.0,0.22727272727272727,0,0.0,0,False,True,False,False,0,0.03195488721804511,703.0075187969925,True,False,1,0.0,1,False
100000008686313100,consolidator,0.598,0.7571,B,False,2,0.5382,0.9675122385402759,0.9853137516688919,0.960836671117045,0.9724076546506453,0.3333333333333333,1.0,"признаки консолидации: 6 плательщиков (из них seed: 1), получил 1.9 млн; отдал дальше 17%; связан с 1 seed; участвует в круговых потоках (3+ участника)",1.0,1,False,333800.0,13,7,1912716.0,16,6,10,1912716.0,2246516.0,1578916.0,0.17451623764322566,1,225181.0,1,False,True,False,False,0,0.1218948888795679,233150.3042781716,True,True,3,1.0,2,True
100000008686494100,peripheral,0.9,0.0674,B,True,1,0.09000000000000001,0.09034267912772585,0.018691588785046728,0.0,0.1593235425011126,0.0,0.0,"выраженных признаков нет: 1 вх./0 исх., оборот 16 тыс",1.0,3,False,0.0,0,0,15700.0,1,1,1,15700.0,15700.0,15700.0,0.0,0,0.0,0,False,True,False,False,1,0.0006645076819004414,10.43277060583693,False,False,0,,1,False
100000008687492100,peripheral,0.9,0.123,B,True,1,0.09000000000000001,0.37917222963951935,0.018691588785046728,0.0,0.13840676457498888,0.0,0.0,"выраженных признаков нет: 1 вх./0 исх., оборот 15 тыс",1.0,2,False,0.0,0,0,15000.0,1,1,1,15000.0,15000.0,15000.0,0.0,0,0.0,0,False,True,False,False,1,0.017185010363675823,257.77515545513734,False,False,0,,1,False
100000008687617100,peripheral,0.9,0.1056,B,True,1,0.09000000000000001,0.16154873164218958,0.018691588785046728,0.0,0.3987538940809969,0.0,0.0,"выраженных признаков нет: 1 вх./0 исх., оборот 43 тыс",1.0,3,False,0.0,0,0,43350.0,2,1,1,43350.0,43350.0,43350.0,0.0,0,0.0,0,False,True,False,False,1,0.0006645076819004414,28.806408010384136,False,False,0,,1,False
100000008687671100,peripheral,0.9,0.2716,B,False,1,0.09000000000000001,0.838006230529595,0.018691588785046728,0.0,0.3724966622162884,0.3333333333333333,0.0,"выраженных признаков нет: 1 вх./0 исх., оборот 38 тыс; связан с 1 seed",1.0,1,False,0.0,0,0,37500.0,1,1,1,37500.0,37500.0,37500.0,0.0,1,37500.0,1,False,True,False,False,1,1.0,37500.0,False,False,0,,1,False
100000008687733100,peripheral,0.9,0.0642,B,True,1,0.09000000000000001,0.08589230084557187,0.018691588785046728,0.0,0.13662661326212727,0.0,0.0,"выраженных признаков нет: 1 вх./0 исх., оборот 15 тыс",1.0,3,False,0.0,0,0,14650.0,1,1,1,14650.0,14650.0,14650.0,0.0,0,0.0,0,False,True,False,False,1,0.0006645076819004414,9.735037539841468,False,False,0,,1,False
100000008687990100,peripheral,0.9,0.0716,B,True,1,0.09000000000000001,0.09924343569203382,0.018691588785046728,0.0,0.1838006230529595,0.0,0.0,"выраженных признаков нет: 1 вх./0 исх., оборот 18 тыс",1.0,3,False,0.0,0,0,17600.0,1,1,1,17600.0,17600.0,17600.0,0.0,0,0.0,0,False,True,False,False,1,0.0006645076819004414,11.695335201447769,False,False,0,,1,False
100000008688109100,peripheral,0.9,0.0611,B,True,1,0.09000000000000001,0.0792167334223409,0.018691588785046728,0.0,0.11927013796172675,0.0,0.0,"выраженных признаков нет: 1 вх./0 исх., оборот 13 тыс",1.0,3,False,0.0,0,0,12800.0,1,1,1,12800.0,12800.0,12800.0,0.0,0,0.0,0,False,True,False,False,1,0.0006645076819004414,8.50569832832565,False,False,0,,1,False
100000008688155100,peripheral,0.9,0.0818,B,True,1,0.09000000000000001,0.11570983533600356,0.018691588785046728,0.0,0.25278148642634624,0.0,0.0,"выраженных признаков нет: 1 вх./0 исх., оборот 24 тыс",1.0,3,False,0.0,0,0,23600.0,1,1,1,23600.0,23600.0,23600.0,0.0,0,0.0,0,False,True,False,False,1,0.0006645076819004414,15.682381292850417,False,False,0,,1,False
100000008688476100,peripheral,0.9,0.1457,B,True,1,0.09000000000000001,0.43213173119715176,0.018691588785046728,0.0,0.2585669781931464,0.0,0.0,"выраженных признаков нет: 1 вх./0 исх., оборот 24 тыс",1.0,2,False,0.0,0,0,24000.0,1,1,1,24000.0,24000.0,24000.0,0.0,0,0.0,0,False,True,False,False,1,0.017185010363675823,412.44024872821973,False,False,0,,1,False
100000008688881100,peripheral,0.9,0.172,B,True,1,0.09000000000000001,0.49221183800623053,0.018691588785046728,0.0,0.4014241210502893,0.0,0.0,"выраженных признаков нет: 1 вх./0 исх., оборот 44 тыс",1.0,2,False,0.0,0,0,44211.0,1,1,1,44211.0,44211.0,44211.0,0.0,0,0.0,0,False,True,False,False,1,0.017185010363675823,759.7664931884718,False,False,0,,1,False
100000008690762100,peripheral,0.9,0.0894,B,True,1,0.09000000000000001,0.1303960836671117,0.018691588785046728,0.0,0.29951045838896306,0.0,0.0,"выраженных признаков нет: 1 вх./0 исх., оборот 27 тыс",1.0,3,False,0.0,0,0,26750.0,1,1,1,26750.0,26750.0,26750.0,0.0,0,0.0,0,False,True,False,False,1,0.0006645076819004414,17.77558049083681,False,False,0,,1,False
100000008690932100,peripheral,0.9,0.2469,B,False,1,0.09000000000000001,0.7779261237205163,0.018691588785046728,0.0,0.24566088117489987,0.3333333333333333,0.0,"выраженных признаков нет: 1 вх./0 исх., оборот 23 тыс; связан с 1 seed",1.0,1,False,0.0,0,0,23000.0,1,1,1,23000.0,23000.0,23000.0,0.0,1,23000.0,1,False,True,False,False,1,1.0,23000.0,False,False,0,,1,False
100000008691027100,peripheral,0.9,0.2342,B,False,1,0.09000000000000001,0.7463284379172229,0.018691588785046728,0.0,0.18202047174009792,0.3333333333333333,0.0,"выраженных признаков нет: 1 вх./0 исх., оборот 18 тыс; связан с 1 seed",1.0,1,False,0.0,0,0,17534.0,1,1,1,17534.0,17534.0,17534.0,0.0,1,17534.0,1,False,True,False,False,1,1.0,17534.0,False,False,0,,1,False
100000008691168100,peripheral,0.9,0.1457,B,True,1,0.09000000000000001,0.43213173119715176,0.018691588785046728,0.0,0.2585669781931464,0.0,0.0,"выраженных признаков нет: 1 вх./0 исх., оборот 24 тыс",1.0,2,False,0.0,0,0,24000.0,1,1,1,24000.0,24000.0,24000.0,0.0,0,0.0,0,False,True,False,False,1,0.017185010363675823,412.44024872821973,False,False,0,,1,False
100000008691330100,peripheral,0.9,0.2449,B,False,1,0.09000000000000001,0.7730307076101469,0.018691588785046728,0.0,0.2363150867823765,0.3333333333333333,0.0,"выраженных признаков нет: 1 вх./0 исх., оборот 21 тыс; связан с 1 seed",1.0,1,False,0.0,0,0,21440.0,1,1,1,21440.0,21440.0,21440.0,0.0,1,21440.0,1,False,True,False,False,1,1.0,21440.0,False,False,0,,1,False
100000008691495100,peripheral,0.9,0.2576,B,False,1,0.09000000000000001,0.8041833555852247,0.018691588785046728,0.0,0.30040053404539385,0.3333333333333333,0.0,"выраженных признаков нет: 1 вх./0 исх., оборот 27 тыс; связан с 1 seed",1.0,1,False,0.0,0,0,27000.0,1,1,1,27000.0,27000.0,27000.0,0.0,1,27000.0,1,False,True,False,False,1,1.0,27000.0,False,False,0,,1,False
100000008692291100,transit,0.551,0.4653,B,True,13,0.3857,0.4054294615042279,0.9114374721851357,0.894971072541166,0.6862483311081442,0.0,0.0,"признаки транзита: получил 160 тыс, отправил 156 тыс (98%); связь с seed-деньгами слабая, возможна легальная активность",1.0,3,False,156000.0,3,3,160000.0,3,3,6,160000.0,316000.0,4000.0,0.975,0,0.0,0,False,True,False,False,0,0.0020004285237071743,320.06856379314786,False,False,0,0.1346153846153846,2,True
100000008693069100,peripheral,0.9,0.2392,B,False,1,0.09000000000000001,0.7605696484201158,0.018691588785046728,0.0,0.20382732532265244,0.3333333333333333,0.0,"выраженных признаков нет: 1 вх./0 исх., оборот 20 тыс; связан с 1 seed",1.0,1,False,0.0,0,0,20000.0,1,1,1,20000.0,20000.0,20000.0,0.0,1,20000.0,1,False,True,False,False,1,1.0,20000.0,False,False,0,,1,False
100000008695133100,peripheral,0.9,0.1001,B,True,1,0.09000000000000001,0.14908767245215843,0.018691588785046728,0.0,0.3689363595905652,0.0,0.0,"выраженных признаков нет: 1 вх./0 исх., оборот 37 тыс",1.0,3,False,0.0,0,0,36610.0,1,1,1,36610.0,36610.0,36610.0,0.0,0,0.0,0,False,True,False,False,1,0.0006645076819004414,24.32762623437516,False,False,0,,1,False
100000008695157100,peripheral,0.3,0.1527,A,True,6,0.03,0.27592345349354697,0.018691588785046728,0.0,0.8518024032042724,0.0,0.0,"обрыв выгрузки на последнем колене: получил 426 тыс от 1 плательщика, исходящие неизвестны",1.0,4,False,0.0,0,0,425546.0,3,1,1,425546.0,425546.0,425546.0,0.0,0,0.0,0,False,True,True,False,0,0.00025803726716068477,109.80672689116076,False,False,0,,1,True
100000008695495100,peripheral,0.9,0.2436,B,False,1,0.09000000000000001,0.7694704049844237,0.018691588785046728,0.0,0.23052959501557632,0.3333333333333333,0.0,"выраженных признаков нет: 1 вх./0 исх., оборот 21 тыс; связан с 1 seed",1.0,1,False,0.0,0,0,21000.0,1,1,1,21000.0,21000.0,21000.0,0.0,1,21000.0,1,False,True,False,False,1,1.0,21000.0,False,False,0,,1,False
100000008695566100,peripheral,0.9,0.0974,B,True,1,0.09000000000000001,0.14463729417000445,0.018691588785046728,0.0,0.35113484646194926,0.0,0.0,"выраженных признаков нет: 1 вх./0 исх., оборот 34 тыс",1.0,3,False,0.0,0,0,33700.0,1,1,1,33700.0,33700.0,33700.0,0.0,0,0.0,0,False,True,False,False,1,0.0006645076819004414,22.393908880044876,False,False,0,,1,False
100000008695689100,peripheral,0.9,0.0882,B,True,1,0.09000000000000001,0.1272808188696039,0.018691588785046728,0.0,0.2932799287939475,0.0,0.0,"выраженных признаков нет: 1 вх./0 исх., оборот 26 тыс",1.0,3,False,0.0,0,0,26200.0,1,1,1,26200.0,26200.0,26200.0,0.0,0,0.0,0,False,True,False,False,1,0.0006645076819004415,17.410101265791567,False,False,0,,1,False
100000008696692100,peripheral,0.9,0.1349,B,True,1,0.09000000000000001,0.40809968847352024,0.018691588785046728,0.0,0.19893190921228304,0.0,0.0,"выраженных признаков нет: 1 вх./0 исх., оборот 19 тыс",1.0,2,False,0.0,0,0,19000.0,1,1,1,19000.0,19000.0,19000.0,0.0,0,0.0,0,False,True,False,False,1,0.017185010363675823,326.51519690984065,False,False,0,,1,False
100000008696919100,peripheral,0.9,0.2649,B,False,1,0.09000000000000001,0.8193146417445483,0.018691588785046728,0.0,0.34356920338228747,0.3333333333333333,0.0,"выраженных признаков нет: 1 вх./0 исх., оборот 32 тыс; связан с 1 seed",1.0,1,False,0.0,0,0,31945.0,1,1,1,31945.0,31945.0,31945.0,0.0,1,31945.0,1,False,True,False,False,1,1.0,31945.0,False,False,0,,1,False
100000008697670100,peripheral,0.9,0.0861,B,True,1,0.09000000000000001,0.12105028927458834,0.018691588785046728,0.0,0.2848242100578549,0.0,0.0,"выраженных признаков нет: 1 вх./0 исх., оборот 25 тыс",1.0,3,False,0.0,0,0,25350.0,1,1,1,25350.0,25350.0,25350.0,0.0,0,0.0,0,False,True,False,False,1,0.0006645076819004415,16.845269736176192,False,False,0,,1,False
100000008699083100,peripheral,0.3,0.0956,A,True,11,0.03,0.037383177570093455,0.018691588785046728,0.0,0.7578994214508233,0.0,0.0,"обрыв выгрузки на последнем колене: получил 238 тыс от 1 плательщика, исходящие неизвестны",1.0,4,False,0.0,0,0,238500.0,1,1,1,238500.0,238500.0,238500.0,0.0,0,0.0,0,False,True,True,False,0,4.031056998801331e-06,0.9614070942141174,False,False,0,,1,True
100000008701222100,peripheral,0.2,0.006,A,False,0,0.020000000000000004,0.0,0.0,0.0,0.0,0.0,0.0,[seed] нет переводов в выгрузке: роль определить нельзя,1.0,0,True,0.0,0,0,0.0,0,0,0,0.0,0.0,0.0,,0,0.0,0,False,False,False,True,34,1.0,0.0,False,False,0,,0,False
100000008701256100,peripheral,0.9,0.1932,B,True,38,0.09000000000000001,0.5540720961281709,0.018691588785046728,0.0,0.49043168669336895,0.0,0.0,"выраженных признаков нет: 1 вх./0 исх., оборот 58 тыс",1.0,2,False,0.0,0,0,58250.0,1,1,1,58250.0,58250.0,58250.0,0.0,0,0.0,0,False,True,False,False,0,0.02859094398033843,1665.4224868547135,False,False,0,,1,False
100000008701944100,peripheral,0.9,0.2889,B,False,72,0.09000000000000001,0.8789497107254116,0.018691588785046728,0.0,0.46372941700044507,0.3333333333333333,0.0,"выраженных признаков нет: 1 вх./0 исх., оборот 52 тыс; связан с 1 seed",1.0,1,False,0.0,0,0,52124.0,1,1,1,52124.0,52124.0,52124.0,0.0,1,52124.0,1,False,True,False,False,0,1.0,52124.0,False,False,0,,1,False
100000008703533100,peripheral,0.3,0.0718,A,True,13,0.03,0.030707610146862484,0.018691588785046728,0.0,0.5331553182020472,0.0,0.0,"обрыв выгрузки на последнем колене: получил 75 тыс от 1 плательщика, исходящие неизвестны",1.0,4,False,0.0,0,0,75000.0,1,1,1,75000.0,75000.0,75000.0,0.0,0,0.0,0,False,True,True,False,0,8.454107090035347e-06,0.634058031752651,False,False,0,,1,False
100000008706846100,peripheral,0.9,0.0634,B,True,1,0.09000000000000001,0.08366711170449488,0.018691588785046728,0.0,0.1330663106364041,0.0,0.0,"выраженных признаков нет: 1 вх./0 исх., оборот 14 тыс",1.0,3,False,0.0,0,0,14200.0,1,1,1,14200.0,14200.0,14200.0,0.0,0,0.0,0,False,True,False,False,1,0.0006645076819004414,9.436009082986269,False,False,0,,1,False
100000008706947100,peripheral,0.9,0.0701,B,True,1,0.09000000000000001,0.09523809523809523,0.018691588785046728,0.0,0.17668001780151313,0.0,0.0,"выраженных признаков нет: 1 вх./0 исх., оборот 17 тыс",1.0,3,False,0.0,0,0,17200.0,1,1,1,17200.0,17200.0,17200.0,0.0,0,0.0,0,False,True,False,False,1,0.0006645076819004414,11.429532128687592,False,False,0,,1,False
100000008707810100,peripheral,0.9,0.0882,B,True,1,0.09000000000000001,0.1272808188696039,0.018691588785046728,0.0,0.2932799287939475,0.0,0.0,"выраженных признаков нет: 1 вх./0 исх., оборот 26 тыс",1.0,3,False,0.0,0,0,26200.0,1,1,1,26200.0,26200.0,26200.0,0.0,0,0.0,0,False,True,False,False,1,0.0006645076819004415,17.410101265791567,False,False,0,,1,False
100000008708025100,peripheral,0.9,0.0956,B,True,33,0.09000000000000001,0.27636849132176233,0.018691588785046728,0.0,0.06987093902981753,0.0,0.0,"выраженных признаков нет: 1 вх./0 исх., оборот 10 тыс",1.0,3,False,0.0,0,0,10000.0,1,1,1,10000.0,10000.0,10000.0,0.0,0,0.0,0,False,True,False,False,0,0.011040802685025448,110.40802685025449,False,False,0,,1,False
100000008708061100,peripheral,0.9,0.0521,B,True,1,0.09000000000000001,0.06364040943480195,0.018691588785046728,0.0,0.06052514463729417,0.0,0.0,"выраженных признаков нет: 1 вх./0 исх., оборот 9 тыс",1.0,3,False,0.0,0,0,8650.0,1,1,1,8650.0,8650.0,8650.0,0.0,0,0.0,0,False,True,False,False,1,0.0006645076819004414,5.747991448438818,False,False,0,,1,False
100000008708207100,terminal,0.261,0.3175,B,True,7,0.1305,0.5246995994659546,0.8019581664441477,0.0,0.8664886515353805,0.0,0.0,"конечная точка в пределах выгрузки: получил 465 тыс от 2 плательщиков, исходящих нет; доля seed-денег ~0%; вход в конце периода, мог переслать позже",1.0,3,False,0.0,0,0,465000.0,2,2,2,465000.0,465000.0,465000.0,0.0,0,0.0,0,False,True,False,False,0,0.002373663643262245,1103.753594116944,False,False,0,,2,True
100000008708368100,peripheral,0.9,0.2491,B,False,1,0.09000000000000001,0.7846016911437472,0.018691588785046728,0.0,0.25500667556742324,0.3333333333333333,0.0,"выраженных признаков нет: 1 вх./0 исх., оборот 24 тыс; связан с 1 seed",1.0,1,False,0.0,0,0,23677.0,1,1,1,23677.0,23677.0,23677.0,0.0,1,23677.0,1,False,True,False,False,1,1.0,23677.0,False,False,0,,1,False
100000008708595100,peripheral,0.9,0.0701,B,True,1,0.09000000000000001,0.09523809523809523,0.018691588785046728,0.0,0.17668001780151313,0.0,0.0,"выраженных признаков нет: 1 вх./0 исх., оборот 17 тыс",1.0,3,False,0.0,0,0,17200.0,1,1,1,17200.0,17200.0,17200.0,0.0,0,0.0,0,False,True,False,False,1,0.0006645076819004414,11.429532128687592,False,False,0,,1,False
100000008708743100,peripheral,0.9,0.0668,B,True,1,0.09000000000000001,0.08900756564307966,0.018691588785046728,0.0,0.15620827770360482,0.0,0.0,"выраженных признаков нет: 1 вх./0 исх., оборот 16 тыс",1.0,3,False,0.0,0,0,15550.0,1,1,1,15550.0,15550.0,15550.0,0.0,0,0.0,0,False,True,False,False,1,0.0006645076819004414,10.333094453551864,False,False,0,,1,False
100000008710791100,distributor,0.473,0.5533,B,True,7,0.3784,0.6555407209612817,0.9114374721851357,0.9893190921228304,0.9968847352024922,0.0,0.0,"веерная рассылка: 23 получателя, отправил 5.5 млн; видимый вход 182 тыс, источник вне выгрузки; связь с seed-деньгами слабая, возможна легальная активность",1.0,2,False,5521511.0,25,23,181510.0,3,3,26,5521511.0,5703021.0,-5340001.0,30.41987218335078,0,0.0,0,True,False,False,False,0,0.0012607416858070673,6961.199086342266,False,False,0,0.7006958783564862,1,True
100000008710843100,distributor,0.398,0.5257,B,True,24,0.3184,0.4441477525589675,0.8019581664441477,0.9781931464174455,0.9741878059635068,0.0,1.0,"веерная рассылка: 13 получателей, отправил 2.0 млн; видимый вход 34 тыс, источник вне выгрузки; участвует в круговых потоках (3+ участника); связь с seed-деньгами слабая, возможна легальная активность",1.0,2,False,1985500.0,14,13,33944.0,3,2,15,1985500.0,2019444.0,-1951556.0,58.49340089559274,0,0.0,0,True,False,False,False,0,0.00023278315102579414,462.1909463617143,True,True,0,0.007554772097708386,1,False
100000008710913100,peripheral,0.3,0.034,A,True,7,0.03,0.044058744993324434,0.018691588785046728,0.0,0.1277258566978193,0.0,0.0,"обрыв выгрузки на последнем колене: получил 14 тыс от 1 плательщика, исходящие неизвестны",1.0,4,False,0.0,0,0,14000.0,1,1,1,14000.0,14000.0,14000.0,0.0,0,0.0,0,False,True,True,False,0,0.00014710760545645645,2.0595064763903905,False,False,0,,1,False
100000008712036100,peripheral,0.9,0.0785,B,True,1,0.09000000000000001,0.11036938139741878,0.018691588785046728,0.0,0.23052959501557632,0.0,0.0,"выраженных признаков нет: 1 вх./0 исх., оборот 21 тыс",1.0,3,False,0.0,0,0,21000.0,1,1,1,21000.0,21000.0,21000.0,0.0,0,0.0,0,False,True,False,False,1,0.0006645076819004414,13.95466131990927,False,False,0,,1,False
100000008712184100,peripheral,0.9,0.0728,B,True,1,0.09000000000000001,0.102803738317757,0.018691588785046728,0.0,0.1882510013351135,0.0,0.0,"выраженных признаков нет: 1 вх./0 исх., оборот 18 тыс",1.0,3,False,0.0,0,0,18000.0,1,1,1,18000.0,18000.0,18000.0,0.0,0,0.0,0,False,True,False,False,1,0.0006645076819004414,11.961138274207945,False,False,0,,1,False
100000008712827100,peripheral,0.9,0.1278,B,True,1,0.09000000000000001,0.20293724966622162,0.018691588785046728,0.0,0.5380507343124166,0.0,0.0,"выраженных признаков нет: 1 вх./0 исх., оборот 76 тыс",0.6666666666666666,3,False,0.0,0,0,76000.0,1,1,1,76000.0,76000.0,76000.0,0.0,0,0.0,0,False,True,False,False,1,0.0006645076819004414,50.50258382443355,False,False,0,,1,False
100000008712991100,peripheral,0.9,0.1235,B,True,1,0.09000000000000001,0.19448153093012907,0.018691588785046728,0.0,0.5126835781041389,0.0,0.0,"выраженных признаков нет: 1 вх./0 исх., оборот 66 тыс",1.0,3,False,0.0,0,0,66100.0,1,1,1,66100.0,66100.0,66100.0,0.0,0,0.0,0,False,True,False,False,1,0.0006645076819004414,43.92395777361918,False,False,0,,1,False
100000008713270100,peripheral,0.6,0.3158,B,True,14,0.06,0.6591010235870048,0.018691588785046728,0.894971072541166,0.7160658655985759,0.0,0.0,"выраженных признаков нет: 1 вх./3 исх., оборот 190 тыс",1.0,2,False,190000.0,3,3,30000.0,1,1,4,190000.0,220000.0,-160000.0,6.333333333333333,0,0.0,0,True,False,False,False,0,0.037895747395369134,7200.192005120136,False,False,0,0.7894736842105263,1,True
100000008713685100,peripheral,0.9,0.1112,B,True,1,0.09000000000000001,0.16955941255006676,0.018691588785046728,0.0,0.43880729862038276,0.0,0.0,"выраженных признаков нет: 1 вх./0 исх., оборот 50 тыс",1.0,3,False,0.0,0,0,49700.0,1,1,1,49700.0,49700.0,49700.0,0.0,0,0.0,0,False,True,False,False,1,0.0006645076819004414,33.02603179045194,False,False,0,,1,False
100000008714412100,terminal,0.314,0.1874,B,True,8,0.157,0.3030707610146863,0.018691588785046728,0.0,0.7000445037828216,0.0,0.0,"конечная точка в пределах выгрузки: получил 169 тыс от 1 плательщика, исходящих нет; доля seed-денег ~0%",1.0,3,False,0.0,0,0,169000.0,1,1,1,169000.0,169000.0,169000.0,0.0,0,0.0,0,False,True,False,False,0,0.0008058550873075274,136.18950975497214,False,False,0,,1,False
100000008715513100,peripheral,0.3,0.0554,A,True,21,0.03,0.04183355585224744,0.018691588785046728,0.0,0.3471295060080107,0.0,0.0,"обрыв выгрузки на последнем колене: получил 32 тыс от 1 плательщика, исходящие неизвестны",1.0,4,False,0.0,0,0,32500.0,1,1,1,32500.0,32500.0,32500.0,0.0,0,0.0,0,False,True,True,False,0,4.838494154612191e-05,1.572510600248962,False,False,0,,1,True
100000008715887100,peripheral,0.9,0.0728,B,True,1,0.09000000000000001,0.102803738317757,0.018691588785046728,0.0,0.1882510013351135,0.0,0.0,"выраженных признаков нет: 1 вх./0 исх., оборот 18 тыс",1.0,3,False,0.0,0,0,18000.0,1,1,1,18000.0,18000.0,18000.0,0.0,0,0.0,0,False,True,False,False,1,0.0006645076819004414,11.961138274207945,False,False,0,,1,False
100000008716072100,peripheral,0.9,0.0592,B,True,1,0.09000000000000001,0.07298620382732532,0.018691588785046728,0.0,0.11259457053849577,0.0,0.0,"выраженных признаков нет: 1 вх./0 исх., оборот 12 тыс",1.0,3,False,0.0,0,0,12100.0,1,1,1,12100.0,12100.0,12100.0,0.0,0,0.0,0,False,True,False,False,1,0.0006645076819004414,8.040542950995341,False,False,0,,1,False
100000008716222100,peripheral,0.9,0.2353,B,False,1,0.09000000000000001,0.7489986648865153,0.018691588785046728,0.0,0.1882510013351135,0.3333333333333333,0.0,"выраженных признаков нет: 1 вх./0 исх., оборот 18 тыс; связан с 1 seed",1.0,1,False,0.0,0,0,18000.0,1,1,1,18000.0,18000.0,18000.0,0.0,1,18000.0,1,False,True,False,False,1,1.0,18000.0,False,False,0,,1,False
100000008716439100,peripheral,0.9,0.22,B,False,1,0.09000000000000001,0.7098353360035603,0.018691588785046728,0.0,0.11348464619492657,0.3333333333333333,0.0,"выраженных признаков нет: 1 вх./0 исх., оборот 12 тыс; связан с 1 seed",1.0,1,False,0.0,0,0,12267.0,1,1,1,12267.0,12267.0,12267.0,0.0,1,12267.0,1,False,True,False,False,1,1.0,12267.0,False,False,0,,1,False
100000008716773100,peripheral,0.9,0.2296,B,False,1,0.09000000000000001,0.735202492211838,0.018691588785046728,0.0,0.1584334668446818,0.3333333333333333,0.0,"выраженных признаков нет: 1 вх./0 исх., оборот 16 тыс; связан с 1 seed",1.0,1,False,0.0,0,0,15677.0,1,1,1,15677.0,15677.0,15677.0,0.0,1,15677.0,1,False,True,False,False,1,1.0,15677.0,False,False,0,,1,False
100000008717340100,peripheral,0.9,0.2761,B,False,1,0.09000000000000001,0.8504672897196262,0.018691588785046728,0.0,0.3934134401424121,0.3333333333333333,0.0,"выраженных признаков нет: 1 вх./0 исх., оборот 42 тыс; связан с 1 seed",1.0,1,False,0.0,0,0,41500.0,1,1,1,41500.0,41500.0,41500.0,0.0,1,41500.0,1,False,True,False,False,1,1.0,41500.0,False,False,0,,1,False
100000008717341100,peripheral,0.9,0.2257,B,False,1,0.09000000000000001,0.7271918113039608,0.018691588785046728,0.0,0.1352914997774811,0.3333333333333333,0.0,"выраженных признаков нет: 1 вх./0 исх., оборот 15 тыс; связан с 1 seed",1.0,1,False,0.0,0,0,14627.0,1,1,1,14627.0,14627.0,14627.0,0.0,1,14627.0,1,False,True,False,False,1,1.0,14627.0,False,False,0,,1,False
100000008717375100,peripheral,0.9,0.188,B,False,3,0.09000000000000001,0.6141522029372497,0.018691588785046728,0.0,0.3177570093457944,0.0,0.0,"выраженных признаков нет: 1 вх./0 исх., оборот 30 тыс",1.0,2,False,0.0,0,0,29506.0,1,1,1,29506.0,29506.0,29506.0,0.0,0,0.0,0,False,True,False,False,0,0.13578708805921993,4006.5338202753433,False,False,0,,1,False
100000008717802100,peripheral,0.9,0.0874,B,True,1,0.09000000000000001,0.12461059190031153,0.018691588785046728,0.0,0.2906097018246551,0.0,0.0,"выраженных признаков нет: 1 вх./0 исх., оборот 26 тыс",1.0,3,False,0.0,0,0,26150.0,1,1,1,26150.0,26150.0,26150.0,0.0,0,0.0,0,False,True,False,False,1,0.0006645076819004415,17.376875881696545,False,False,0,,1,False
100000008718089100,peripheral,0.9,0.2286,B,False,1,0.09000000000000001,0.7320872274143302,0.018691588785046728,0.0,0.15442812639074321,0.3333333333333333,0.0,"выраженных признаков нет: 1 вх./0 исх., оборот 16 тыс; связан с 1 seed",1.0,1,False,0.0,0,0,15534.0,1,1,1,15534.0,15534.0,15534.0,0.0,1,15534.0,1,False,True,False,False,1,1.0,15534.0,False,False,0,,1,False
100000008718811100,peripheral,0.9,0.1264,B,True,1,0.09000000000000001,0.19937694704049844,0.018691588785046728,0.0,0.5313751668891856,0.0,0.0,"выраженных признаков нет: 1 вх./0 исх., оборот 73 тыс",1.0,3,False,0.0,0,0,73300.0,1,1,1,73300.0,73300.0,73300.0,0.0,0,0.0,0,False,True,False,False,1,0.0006645076819004414,48.70841308330236,False,False,0,,1,False
100000008720668100,peripheral,0.9,0.0678,B,True,1,0.09000000000000001,0.09123275478415666,0.018691588785046728,0.0,0.16199376947040497,0.0,0.0,"выраженных признаков нет: 1 вх./0 исх., оборот 16 тыс",1.0,3,False,0.0,0,0,16000.0,1,1,1,16000.0,16000.0,16000.0,0.0,0,0.0,0,False,True,False,False,1,0.0006645076819004414,10.632122910407062,False,False,0,,1,False
100000008720798100,peripheral,0.9,0.2286,B,False,1,0.09000000000000001,0.7320872274143302,0.018691588785046728,0.0,0.15442812639074321,0.3333333333333333,0.0,"выраженных признаков нет: 1 вх./0 исх., оборот 16 тыс; связан с 1 seed",1.0,1,False,0.0,0,0,15534.0,1,1,1,15534.0,15534.0,15534.0,0.0,1,15534.0,1,False,True,False,False,1,1.0,15534.0,False,False,0,,1,False
100000008720856100,peripheral,0.9,0.199,B,True,5,0.09000000000000001,0.2750333778371162,0.018691588785046728,0.6915887850467289,0.4143302180685358,0.0,0.0,"выраженных признаков нет: 1 вх./1 исх., оборот 46 тыс",1.0,3,False,46000.0,2,1,18105.0,1,1,2,46000.0,64105.0,-27895.0,2.5407346037006353,0,0.0,0,True,False,False,False,0,0.002381201938010296,109.53528914847362,False,False,0,0.0,1,True
100000008721637100,peripheral,0.6,0.2676,B,False,14,0.06,0.3186470850022252,0.018691588785046728,0.833555852247441,0.6435246995994659,0.3333333333333333,0.0,"выраженных признаков нет: 1 вх./2 исх., оборот 127 тыс; связан с 1 seed",1.0,3,False,127000.0,2,2,24041.0,1,1,3,127000.0,151041.0,-102959.0,5.282642152988644,1,0.0,0,True,False,False,False,0,0.001259124415018077,159.90880070729577,False,False,0,0.09448818897637795,1,False
100000008722328100,peripheral,0.9,0.2491,B,False,1,0.09000000000000001,0.7846016911437472,0.018691588785046728,0.0,0.25500667556742324,0.3333333333333333,0.0,"выраженных признаков нет: 1 вх./0 исх., оборот 24 тыс; связан с 1 seed",1.0,1,False,0.0,0,0,23677.0,1,1,1,23677.0,23677.0,23677.0,0.0,1,23677.0,1,False,True,False,False,1,1.0,23677.0,False,False,0,,1,False
100000008722417100,peripheral,0.6,0.2892,B,True,5,0.06,0.4272363150867824,0.018691588785046728,0.894971072541166,0.9136626613262128,0.0,0.0,"выраженных признаков нет: 1 вх./3 исх., оборот 720 тыс",1.0,3,False,720000.0,6,3,331900.0,1,1,4,720000.0,1051900.0,-388100.0,2.16932811087677,0,0.0,0,True,False,False,False,0,0.000551028696630508,396.7406615739658,False,False,0,0.3611111111111111,1,False
100000008722541100,peripheral,0.3,0.1543,A,True,5,0.03,0.3159768580329328,0.018691588785046728,0.0,0.787716955941255,0.0,0.0,"обрыв выгрузки на последнем колене: получил 280 тыс от 1 плательщика, исходящие неизвестны",1.0,4,False,0.0,0,0,280000.0,4,1,1,280000.0,280000.0,280000.0,0.0,0,0.0,0,False,True,True,False,0,0.000551028696630508,154.28803505654224,False,False,0,,1,True
100000008723830100,transit,0.9,0.6874,B,False,4,0.63,0.9884290164663997,0.8019581664441477,0.6915887850467289,0.8651535380507344,0.3333333333333333,0.0,"признаки транзита: получил 460 тыс, отправил 455 тыс (99%); 100% отправлено в течение 2 дней после входа; связан с 1 seed; доля seed-денег ~99%",1.0,1,False,455000.0,1,1,459785.0,2,2,3,459785.0,914785.0,4785.0,0.9895929619278576,1,454000.0,1,False,True,False,False,0,0.987620248246787,454092.9758401489,False,False,0,1.0,1,False
100000008724279100,peripheral,0.9,0.2182,B,False,4,0.09000000000000001,0.7040498442367601,0.018691588785046728,0.0,0.10725411659991099,0.3333333333333333,0.0,"выраженных признаков нет: 1 вх./0 исх., оборот 12 тыс; связан с 1 seed",1.0,1,False,0.0,0,0,11750.0,1,1,1,11750.0,11750.0,11750.0,0.0,1,11750.0,1,False,True,False,False,0,1.0,11750.0,False,False,0,,1,False
100000008724461100,transit,0.6,0.3414,C,True,7,0.42,0.2941700044503783,0.018691588785046728,0.6915887850467289,0.645749888740543,0.0,0.0,"признаки транзита: получил 100 тыс, отправил 130 тыс; 100% отправлено в течение 2 дней после входа; связь с seed-деньгами слабая, возможна легальная активность",0.6666666666666666,3,False,130000.0,1,1,100111.0,1,1,2,130000.0,230111.0,-29889.0,1.298558599954051,0,0.0,0,True,False,False,False,0,0.000970877776214087,126.21411090783131,False,False,0,1.0,1,False
100000008727982100,peripheral,0.3,0.1377,A,True,32,0.03,0.4672897196261682,0.018691588785046728,0.0,0.3186470850022252,0.0,0.0,"обрыв выгрузки на последнем колене: получил 30 тыс от 1 плательщика, исходящие неизвестны",1.0,4,False,0.0,0,0,30000.0,2,1,1,30000.0,30000.0,30000.0,0.0,0,0.0,0,False,True,True,False,0,0.019546140877156695,586.3842263149087,False,False,0,,1,True
100000008728457100,peripheral,0.9,0.2789,B,False,16,0.09000000000000001,0.8584779706275033,0.018691588785046728,0.0,0.4054294615042279,0.3333333333333333,0.0,"выраженных признаков нет: 1 вх./0 исх., оборот 45 тыс; связан с 1 seed",1.0,1,False,0.0,0,0,45000.0,1,1,1,45000.0,45000.0,45000.0,0.0,1,45000.0,1,False,True,False,False,0,1.0,45000.0,False,False,0,,1,False
100000008729597100,peripheral,0.9,0.1819,B,True,6,0.09000000000000001,0.4650645304850912,0.018691588785046728,0.0,0.5554072096128171,0.0,0.0,"выраженных признаков нет: 1 вх./0 исх., оборот 83 тыс",0.6666666666666666,3,False,0.0,0,0,83090.0,1,1,1,83090.0,83090.0,83090.0,0.0,0,0.0,0,False,True,False,False,0,0.006651503710631661,552.6734433163847,False,False,0,,1,False
100000008729801100,peripheral,0.9,0.2342,B,False,1,0.09000000000000001,0.7463284379172229,0.018691588785046728,0.0,0.18202047174009792,0.3333333333333333,0.0,"выраженных признаков нет: 1 вх./0 исх., оборот 18 тыс; связан с 1 seed",1.0,1,False,0.0,0,0,17534.0,1,1,1,17534.0,17534.0,17534.0,0.0,1,17534.0,1,False,True,False,False,1,1.0,17534.0,False,False,0,,1,False
100000008730021100,peripheral,0.9,0.302,B,False,72,0.09000000000000001,0.9083222073876279,0.018691588785046728,0.0,0.5367156208277704,0.3333333333333333,0.0,"выраженных признаков нет: 1 вх./0 исх., оборот 76 тыс; связан с 1 seed",0.6666666666666666,1,False,0.0,0,0,75555.0,3,1,1,75555.0,75555.0,75555.0,0.0,1,75555.0,1,False,True,False,False,0,1.0,75555.0,False,False,0,,1,False
100000008730238100,peripheral,0.3,0.1135,A,True,13,0.03,0.19136626613262128,0.018691588785046728,0.0,0.6283934134401424,0.0,0.0,"обрыв выгрузки на последнем колене: получил 113 тыс от 1 плательщика, исходящие неизвестны",1.0,4,False,0.0,0,0,113000.0,1,1,1,113000.0,113000.0,113000.0,0.0,0,0.0,0,False,True,True,False,0,0.0003648172028683769,41.22434392412659,False,False,0,,1,False
100000008730371100,terminal,0.269,0.3326,B,True,2,0.1345,0.584334668446818,0.8019581664441477,0.0,0.8842901646639965,0.0,0.0,"конечная точка в пределах выгрузки: получил 520 тыс от 2 плательщиков, исходящих нет; доля seed-денег ~0%; вход в конце периода, мог переслать позже",1.0,3,False,0.0,0,0,520000.0,3,2,2,520000.0,520000.0,520000.0,0.0,0,0.0,0,False,True,False,False,0,0.004932107848029822,2564.696080975508,False,False,0,,1,True
100000008730846100,transit,0.6,0.5307,C,True,16,0.42,0.5598575878949711,0.9906542056074766,0.894971072541166,0.831330663106364,0.0,0.0,"признаки транзита: получил 155 тыс, отправил 363 тыс; 100% отправлено в течение 2 дней после входа; связь с seed-деньгами слабая, возможна легальная активность",1.0,2,False,363370.0,4,3,155042.0,11,7,10,363370.0,518412.0,-208328.0,2.343687516930896,0,0.0,0,True,False,False,False,0,0.00504212626999253,1832.1574227271858,False,False,0,1.0,4,False
100000008731444100,peripheral,0.6,0.445,B,True,52,0.06,0.7142857142857143,0.9114374721851357,0.969737427681353,0.9305740987983978,0.0,0.0,"выраженных признаков нет: 3 вх./9 исх., оборот 880 тыс",0.6666666666666666,2,False,879767.8,9,9,439000.0,5,3,12,879767.8,1318767.8,-440767.80000000005,2.0040268792710707,0,0.0,0,True,False,False,False,0,0.014703033291265101,12935.255251983059,False,False,0,0.6956014984863051,1,True
100000008732098100,peripheral,0.9,0.2296,B,False,1,0.09000000000000001,0.735202492211838,0.018691588785046728,0.0,0.1584334668446818,0.3333333333333333,0.0,"выраженных признаков нет: 1 вх./0 исх., оборот 16 тыс; связан с 1 seed",1.0,1,False,0.0,0,0,15677.0,1,1,1,15677.0,15677.0,15677.0,0.0,1,15677.0,1,False,True,False,False,1,1.0,15677.0,False,False,0,,1,False
100000008732488100,peripheral,0.6,0.2587,B,True,6,0.06,0.5060080106809078,0.018691588785046728,0.6915887850467289,0.654650645304851,0.0,0.0,"выраженных признаков нет: 1 вх./1 исх., оборот 137 тыс",1.0,3,False,10000.0,1,1,137000.0,1,1,2,137000.0,147000.0,127000.0,0.072992700729927,0,0.0,0,False,True,False,False,0,0.006651503710631661,911.2560083565376,False,False,0,1.0,1,False
100000008733049100,peripheral,0.9,0.1175,B,True,18,0.09000000000000001,0.38584779706275035,0.018691588785046728,0.0,0.06987093902981753,0.0,0.0,"выраженных признаков нет: 1 вх./0 исх., оборот 10 тыс",1.0,2,False,0.0,0,0,10000.0,1,1,1,10000.0,10000.0,10000.0,0.0,0,0.0,0,False,True,False,False,0,0.02772031220002923,277.2031220002923,False,False,0,,1,False
100000008733194100,peripheral,0.6,0.5041,B,False,12,0.06,0.566533155318202,0.960836671117045,0.9657320872274143,0.7712505562972852,1.0,0.0,"выраженных признаков нет: 4 вх./8 исх., оборот 251 тыс; связан с 4 seed; взаимные переводы с 1",0.6666666666666666,2,False,159695.0,8,8,251424.0,4,4,11,251424.0,411119.0,91729.0,0.6351621165839378,4,0.0,0,False,True,False,False,0,0.007991282564970155,2009.200227615056,True,False,1,0.711481261154075,2,False
100000008734279100,peripheral,0.3,0.0617,A,True,6,0.03,0.07521139296840232,0.018691588785046728,0.0,0.3426791277258567,0.0,0.0,"обрыв выгрузки на последнем колене: получил 32 тыс от 1 плательщика, исходящие неизвестны",1.0,4,False,0.0,0,0,31650.0,1,1,1,31650.0,31650.0,31650.0,0.0,0,0.0,0,False,True,True,False,0,0.00025803726716068477,8.166879505635674,False,False,0,,1,False
100000008734364100,peripheral,0.9,0.1511,B,True,1,0.09000000000000001,0.44192256341789055,0.018691588785046728,0.0,0.2932799287939475,0.0,0.0,"выраженных признаков нет: 1 вх./0 исх., оборот 26 тыс",1.0,2,False,0.0,0,0,26200.0,1,1,1,26200.0,26200.0,26200.0,0.0,0,0.0,0,False,True,False,False,1,0.017185010363675823,450.24727152830656,False,False,0,,1,False
100000008735384100,peripheral,0.9,0.2732,B,False,1,0.09000000000000001,0.8429016466399644,0.018691588785046728,0.0,0.378727191811304,0.3333333333333333,0.0,"выраженных признаков нет: 1 вх./0 исх., оборот 39 тыс; связан с 1 seed",1.0,1,False,0.0,0,0,39220.0,1,1,1,39220.0,39220.0,39220.0,0.0,1,39220.0,1,False,True,False,False,1,1.0,39220.0,False,False,0,,1,False
100000008735802100,peripheral,0.3,0.0946,A,True,2,0.03,0.1317311971517579,0.018691588785046728,0.0,0.5589675122385402,0.0,0.0,"обрыв выгрузки на последнем колене: получил 85 тыс от 1 плательщика, исходящие неизвестны",1.0,4,False,0.0,0,0,85000.0,2,1,1,85000.0,85000.0,85000.0,0.0,0,0.0,0,False,True,True,False,0,0.00021222044798804095,18.03873807898348,False,False,0,,1,True
100000008735832100,peripheral,0.9,0.0716,B,True,1,0.09000000000000001,0.09924343569203382,0.018691588785046728,0.0,0.1838006230529595,0.0,0.0,"выраженных признаков нет: 1 вх./0 исх., оборот 18 тыс",1.0,3,False,0.0,0,0,17600.0,1,1,1,17600.0,17600.0,17600.0,0.0,0,0.0,0,False,True,False,False,1,0.0006645076819004414,11.695335201447769,False,False,0,,1,False
100000008736173100,peripheral,0.9,0.2639,B,False,1,0.09000000000000001,0.8166444147752558,0.018691588785046728,0.0,0.33822874944370274,0.3333333333333333,0.0,"выраженных признаков нет: 1 вх./0 исх., оборот 31 тыс; связан с 1 seed",1.0,1,False,0.0,0,0,31060.0,1,1,1,31060.0,31060.0,31060.0,0.0,1,31060.0,1,False,True,False,False,1,1.0,31060.0,False,False,0,,1,False
100000008736394100,peripheral,0.9,0.1265,B,True,1,0.09000000000000001,0.38451268357810414,0.018691588785046728,0.0,0.16199376947040497,0.0,0.0,"выраженных признаков нет: 1 вх./0 исх., оборот 16 тыс",1.0,2,False,0.0,0,0,16000.0,1,1,1,16000.0,16000.0,16000.0,0.0,0,0.0,0,False,True,False,False,1,0.017185010363675823,274.96016581881315,False,False,0,,1,False
100000008736760100,peripheral,0.9,0.2914,B,False,1,0.09000000000000001,0.8847352024922118,0.018691588785046728,0.0,0.4775255896751224,0.3333333333333333,0.0,"выраженных признаков нет: 1 вх./0 исх., оборот 55 тыс; связан с 1 seed",1.0,1,False,0.0,0,0,54757.0,1,1,1,54757.0,54757.0,54757.0,0.0,1,54757.0,1,False,True,False,False,1,1.0,54757.0,False,False,0,,1,False
100000008736940100,peripheral,0.6,0.5675,B,False,51,0.06,0.9817534490431686,0.9114374721851357,0.894971072541166,0.8615932354250111,0.3333333333333333,1.0,"выраженных признаков нет: 3 вх./3 исх., оборот 451 тыс; связан с 1 seed; участвует в круговых потоках (3+ участника)",1.0,1,False,182100.0,6,3,451090.0,13,3,3,451090.0,633190.0,268990.0,0.40368884258130305,1,252500.0,1,False,True,False,False,4,0.7753566669868294,349755.63891108887,True,True,3,1.0,2,True
100000008737422100,peripheral,0.9,0.3028,B,False,1,0.09000000000000001,0.9101023587004895,0.018691588785046728,0.0,0.5402759234534935,0.3333333333333333,0.0,"выраженных признаков нет: 1 вх./0 исх., оборот 77 тыс; связан с 1 seed",0.6666666666666666,1,False,0.0,0,0,76903.0,1,1,1,76903.0,76903.0,76903.0,0.0,1,76903.0,1,False,True,False,False,1,1.0,76903.0,False,False,0,,1,False
100000008737514100,peripheral,0.9,0.2047,B,True,18,0.09000000000000001,0.5772140631953716,0.018691588785046728,0.0,0.5589675122385402,0.0,0.0,"выраженных признаков нет: 1 вх./0 исх., оборот 85 тыс",0.6666666666666666,2,False,0.0,0,0,85000.0,1,1,1,85000.0,85000.0,85000.0,0.0,0,0.0,0,False,True,False,False,0,0.027720312200029233,2356.2265370024847,False,False,0,,1,False
100000008737958100,peripheral,0.9,0.3558,B,False,1,0.09000000000000001,0.8188696039163329,0.8019581664441477,0.0,0.470404984423676,0.3333333333333333,0.0,"выраженных признаков нет: 2 вх./0 исх., оборот 53 тыс; связан с 1 seed",1.0,1,False,0.0,0,0,53373.0,2,2,2,53373.0,53373.0,53373.0,0.0,1,31373.0,1,False,True,False,False,1,0.5948901172503114,31751.070228000866,False,False,0,,1,True
100000008738325100,peripheral,0.9,0.3261,B,False,22,0.09000000000000001,0.8353360035603026,0.018691588785046728,0.6915887850467289,0.4744103248776146,0.6666666666666666,0.0,"[seed] выраженных признаков нет: 1 вх./1 исх., оборот 54 тыс; связан ещё с 2 seed",1.0,0,True,54000.0,1,1,36550.0,1,1,2,54000.0,90550.0,-17450.0,1.4774281805745555,2,36550.0,1,False,False,False,False,0,1.0,36550.0,False,False,0,0.0,1,False
100000008738526100,peripheral,0.6,0.1681,B,True,24,0.06,0.051179350244770806,0.018691588785046728,0.6915887850467289,0.6582109479305741,0.0,0.0,"выраженных признаков нет: 1 вх./1 исх., оборот 140 тыс",1.0,3,False,140000.0,1,1,15000.0,1,1,2,140000.0,155000.0,-125000.0,9.333333333333334,0,0.0,0,True,False,False,False,0,2.49410518956208e-05,3.491747265386912,False,False,0,0.0,1,False
100000008738658100,peripheral,0.9,0.0929,B,True,1,0.09000000000000001,0.13840676457498888,0.018691588785046728,0.0,0.3182020471740098,0.0,0.0,"выраженных признаков нет: 1 вх./0 исх., оборот 30 тыс",1.0,3,False,0.0,0,0,29920.0,1,1,1,29920.0,29920.0,29920.0,0.0,0,0.0,0,False,True,False,False,1,0.0006645076819004413,19.882069842461206,False,False,0,,1,False
100000008739887100,transit,0.6,0.5034,C,True,6,0.42,0.5594125500667557,0.8019581664441477,0.833555852247441,0.8099688473520249,0.0,0.0,"признаки транзита: получил 214 тыс, отправил 307 тыс; 100% отправлено в течение 2 дней после входа; связь с seed-деньгами слабая, возможна легальная активность",1.0,3,False,307000.0,2,2,214000.0,3,2,4,307000.0,521000.0,-93000.0,1.4345794392523366,0,0.0,0,True,False,False,False,0,0.005939356851891307,1823.3825535306314,False,False,0,1.0,1,False
100000008740295100,peripheral,0.3,0.1618,A,True,7,0.03,0.34668446817979526,0.018691588785046728,0.0,0.8010680907877169,0.0,0.0,"обрыв выгрузки на последнем колене: получил 300 тыс от 1 плательщика, исходящие неизвестны",1.0,4,False,0.0,0,0,300000.0,1,1,1,300000.0,300000.0,300000.0,0.0,0,0.0,0,False,True,True,False,0,0.0006623694689706608,198.71084069119823,False,False,0,,1,False
100000008740793100,peripheral,0.9,0.0785,B,True,1,0.09000000000000001,0.11036938139741878,0.018691588785046728,0.0,0.23052959501557632,0.0,0.0,"выраженных признаков нет: 1 вх./0 исх., оборот 21 тыс",1.0,3,False,0.0,0,0,21000.0,1,1,1,21000.0,21000.0,21000.0,0.0,0,0.0,0,False,True,False,False,1,0.0006645076819004414,13.95466131990927,False,False,0,,1,False
100000008741372100,peripheral,0.9,0.27,B,False,1,0.09000000000000001,0.8331108144192256,0.018691588785046728,0.0,0.36626613262127283,0.3333333333333333,0.0,"выраженных признаков нет: 1 вх./0 исх., оборот 36 тыс; связан с 1 seed",1.0,1,False,0.0,0,0,35975.0,1,1,1,35975.0,35975.0,35975.0,0.0,1,35975.0,1,False,True,False,False,1,1.0,35975.0,False,False,0,,1,False
100000008742053100,distributor,0.39,0.326,B,True,11,0.31200000000000006,0.09345794392523364,0.018691588785046728,0.9768580329327993,0.9853137516688919,0.0,0.0,"веерная рассылка: 12 получателей, отправил 2.8 млн; видимый вход 10 тыс, источник вне выгрузки; связь с seed-деньгами слабая, возможна легальная активность",1.0,3,False,2789000.0,12,12,10000.0,1,1,13,2789000.0,2799000.0,-2779000.0,278.9,0,0.0,0,True,False,False,False,0,4.031056998801331e-06,11.242617969656912,False,False,0,0.0,1,False
100000008742266100,peripheral,0.9,0.1404,B,True,1,0.09000000000000001,0.420115709835336,0.018691588785046728,0.0,0.23052959501557632,0.0,0.0,"выраженных признаков нет: 1 вх./0 исх., оборот 21 тыс",1.0,2,False,0.0,0,0,21000.0,1,1,1,21000.0,21000.0,21000.0,0.0,0,0.0,0,False,True,False,False,1,0.017185010363675823,360.8852176371923,False,False,0,,1,False
100000008743913100,distributor,0.398,0.5348,B,True,24,0.3184,0.6862483311081442,0.9114374721851357,0.9781931464174455,0.9710725411659991,0.0,0.0,"веерная рассылка: 13 получателей, отправил 1.9 млн; видимый вход 149 тыс, источник вне выгрузки; связь с seed-деньгами слабая, возможна легальная активность",1.0,2,False,1850600.0,13,13,149300.0,3,3,16,1850600.0,1999900.0,-1701300.0,12.395177494976558,0,0.0,0,True,False,False,False,0,0.005269969127294801,9752.604866971758,False,False,0,0.44796282286825895,2,True
100000008744364100,peripheral,0.9,0.0825,B,True,1,0.09000000000000001,0.11748998664886515,0.018691588785046728,0.0,0.25634178905206945,0.0,0.0,"выраженных признаков нет: 1 вх./0 исх., оборот 24 тыс",1.0,3,False,0.0,0,0,23700.0,1,1,1,23700.0,23700.0,23700.0,0.0,0,0.0,0,False,True,False,False,1,0.0006645076819004414,15.748832061040462,False,False,0,,1,False
100000008744799100,peripheral,0.9,0.0606,B,True,1,0.09000000000000001,0.0774365821094793,0.018691588785046728,0.0,0.11793502447708056,0.0,0.0,"выраженных признаков нет: 1 вх./0 исх., оборот 13 тыс",1.0,3,False,0.0,0,0,12600.0,1,1,1,12600.0,12600.0,12600.0,0.0,0,0.0,0,False,True,False,False,1,0.0006645076819004414,8.372796791945563,False,False,0,,1,False
100000008744849100,peripheral,0.9,0.2782,B,False,1,0.09000000000000001,0.8562527814864264,0.018691588785046728,0.0,0.4023141967067201,0.3333333333333333,0.0,"выраженных признаков нет: 1 вх./0 исх., оборот 44 тыс; связан с 1 seed",1.0,1,False,0.0,0,0,44445.0,1,1,1,44445.0,44445.0,44445.0,0.0,1,44445.0,1,False,True,False,False,1,1.0,44445.0,False,False,0,,1,False
100000008745474100,peripheral,0.9,0.2753,B,False,1,0.09000000000000001,0.8477970627503337,0.018691588785046728,0.0,0.3907432131731197,0.3333333333333333,0.0,"выраженных признаков нет: 1 вх./0 исх., оборот 41 тыс; связан с 1 seed",1.0,1,False,0.0,0,0,40559.0,1,1,1,40559.0,40559.0,40559.0,0.0,1,40559.0,1,False,True,False,False,1,1.0,40559.0,False,False,0,,1,False
100000008745489100,peripheral,0.9,0.2922,B,False,1,0.09000000000000001,0.8865153538050734,0.018691588785046728,0.0,0.48242100578549174,0.3333333333333333,0.0,"выраженных признаков нет: 1 вх./0 исх., оборот 56 тыс; связан с 1 seed",1.0,1,False,0.0,0,0,55539.0,1,1,1,55539.0,55539.0,55539.0,0.0,1,55539.0,1,False,True,False,False,1,1.0,55539.0,False,False,0,,1,False
100000008745643100,peripheral,0.9,0.2426,B,False,1,0.09000000000000001,0.7654650645304851,0.018691588785046728,0.0,0.22785936804628393,0.3333333333333333,0.0,"выраженных признаков нет: 1 вх./0 исх., оборот 20 тыс; связан с 1 seed",1.0,1,False,0.0,0,0,20313.0,1,1,1,20313.0,20313.0,20313.0,0.0,1,20313.0,1,False,True,False,False,1,1.0,20313.0,False,False,0,,1,False
100000008745676100,peripheral,0.3,0.064,A,True,1,0.03,0.0801068090787717,0.018691588785046728,0.0,0.35647530040053405,0.0,0.0,"обрыв выгрузки на последнем колене: получил 35 тыс от 1 плательщика, исходящие неизвестны",1.0,4,False,0.0,0,0,34547.0,1,1,1,34547.0,34547.0,34547.0,0.0,0,0.0,0,False,True,True,False,1,0.00025149616293305564,8.688437940848273,False,False,0,,1,False
100000008745725100,peripheral,0.9,0.2819,B,False,1,0.09000000000000001,0.8633733867378727,0.018691588785046728,0.0,0.4250111259457054,0.3333333333333333,0.0,"выраженных признаков нет: 1 вх./0 исх., оборот 47 тыс; связан с 1 seed",1.0,1,False,0.0,0,0,47060.0,1,1,1,47060.0,47060.0,47060.0,0.0,1,47060.0,1,False,True,False,False,1,1.0,47060.0,False,False,0,,1,False
100000008745863100,peripheral,0.9,0.0809,B,True,1,0.09000000000000001,0.11481975967957277,0.018691588785046728,0.0,0.24521584334668448,0.0,0.0,"выраженных признаков нет: 1 вх./0 исх., оборот 23 тыс",1.0,3,False,0.0,0,0,22900.0,1,1,1,22900.0,22900.0,22900.0,0.0,0,0.0,0,False,True,False,False,1,0.0006645076819004414,15.217225915520109,False,False,0,,1,False
100000008745884100,peripheral,0.9,0.0755,B,True,1,0.09000000000000001,0.10858923008455719,0.018691588785046728,0.0,0.20382732532265244,0.0,0.0,"выраженных признаков нет: 1 вх./0 исх., оборот 20 тыс",1.0,3,False,0.0,0,0,20000.0,1,1,1,20000.0,20000.0,20000.0,0.0,0,0.0,0,False,True,False,False,1,0.0006645076819004414,13.290153638008828,False,False,0,,1,False
100000008746025100,peripheral,0.9,0.2455,B,False,1,0.09000000000000001,0.7748108589230085,0.018691588785046728,0.0,0.23809523809523808,0.3333333333333333,0.0,"выраженных признаков нет: 1 вх./0 исх., оборот 22 тыс; связан с 1 seed",1.0,1,False,0.0,0,0,22000.0,1,1,1,22000.0,22000.0,22000.0,0.0,1,22000.0,1,False,True,False,False,1,1.0,22000.0,False,False,0,,1,False
100000008746449100,distributor,0.375,0.3099,B,True,7,0.30000000000000004,0.059635068980863376,0.018691588785046728,0.9719626168224299,0.9390298175344904,0.0,0.0,"веерная рассылка: 10 получателей, отправил 1.0 млн; видимый вход 10 тыс, источник вне выгрузки; связь с seed-деньгами слабая, возможна легальная активность",0.6666666666666666,3,False,1009000.0,10,10,10000.0,1,1,11,1009000.0,1019000.0,-999000.0,100.9,0,0.0,0,True,False,False,False,0,5.1724177686362716e-06,5.218969528553998,False,False,0,0.0,1,False
100000008746673100,peripheral,0.9,0.2899,B,False,1,0.09000000000000001,0.8811748998664887,0.018691588785046728,0.0,0.4695149087672452,0.3333333333333333,0.0,"выраженных признаков нет: 1 вх./0 исх., оборот 53 тыс; связан с 1 seed",1.0,1,False,0.0,0,0,53048.0,1,1,1,53048.0,53048.0,53048.0,0.0,1,53048.0,1,False,True,False,False,1,1.0,53048.0,False,False,0,,1,False
100000008747113100,terminal,0.622,0.4787,B,False,5,0.311,0.9198931909212283,0.8019581664441477,0.0,0.7236315086782377,0.3333333333333333,0.0,"конечная точка в пределах выгрузки: получил 198 тыс от 2 плательщиков, исходящих нет; доля seed-денег ~47%; связан с 1 seed",1.0,1,False,0.0,0,0,197801.0,2,2,2,197801.0,197801.0,197801.0,0.0,1,92591.0,1,False,True,False,False,0,0.4687375900040255,92716.76404038625,False,False,0,,2,False
100000008748408100,distributor,0.61,0.5975,B,False,14,0.488,0.9826435246995995,0.018691588785046728,0.9879839786381842,0.9621717846016912,0.3333333333333333,0.0,"веерная рассылка: 21 получатель, отправил 1.5 млн; видимый вход 360 тыс, источник вне выгрузки; связан с 1 seed",1.0,1,False,1499960.0,22,21,360000.0,2,1,22,1499960.0,1859960.0,-1139960.0,4.166555555555555,1,360000.0,1,True,False,False,False,0,0.2400064001706712,360000.0,False,False,0,0.8743499826662045,1,True
100000008748795100,peripheral,0.9,0.1132,B,True,2,0.09000000000000001,0.18691588785046728,0.018691588785046728,0.0,0.42456608811748997,0.0,0.0,"выраженных признаков нет: 1 вх./0 исх., оборот 47 тыс",1.0,3,False,0.0,0,0,47057.0,1,1,1,47057.0,47057.0,47057.0,0.0,0,0.0,0,False,True,False,False,0,0.0008464425810733717,39.83104853756965,False,False,0,,1,False
100000008748914100,distributor,0.53,0.6775,B,False,3,0.42400000000000004,0.9252336448598131,0.8019581664441477,0.9781931464174455,0.9942145082331998,0.6666666666666666,0.0,"веерная рассылка: 13 получателей, отправил 4.5 млн; видимый вход 180 тыс, источник вне выгрузки; связан с 2 seed; взаимные переводы с 1",1.0,1,False,4471847.0,21,13,180000.0,9,2,14,4471847.0,4651847.0,-4291847.0,24.843594444444445,2,95000.0,1,True,False,False,False,0,0.02165564470335984,96840.7297997856,True,False,1,0.4959248382156187,1,True
100000008749063100,peripheral,0.9,0.2373,B,False,1,0.09000000000000001,0.7534490431686693,0.018691588785046728,0.0,0.19893190921228304,0.3333333333333333,0.0,"выраженных признаков нет: 1 вх./0 исх., оборот 19 тыс; связан с 1 seed",1.0,1,False,0.0,0,0,19000.0,1,1,1,19000.0,19000.0,19000.0,0.0,1,19000.0,1,False,True,False,False,1,1.0,19000.0,False,False,0,,1,False
100000008749405100,peripheral,0.9,0.1005,B,True,1,0.09000000000000001,0.14997774810858924,0.018691588785046728,0.0,0.3711615487316422,0.0,0.0,"выраженных признаков нет: 1 вх./0 исх., оборот 37 тыс",1.0,3,False,0.0,0,0,37150.0,1,1,1,37150.0,37150.0,37150.0,0.0,0,0.0,0,False,True,False,False,1,0.0006645076819004414,24.6864603826014,False,False,0,,1,False
100000008749406100,peripheral,0.9,0.2327,B,False,1,0.09000000000000001,0.7427681352914998,0.018691588785046728,0.0,0.17445482866043613,0.3333333333333333,0.0,"выраженных признаков нет: 1 вх./0 исх., оборот 17 тыс; связан с 1 seed",1.0,1,False,0.0,0,0,17144.0,1,1,1,17144.0,17144.0,17144.0,0.0,1,17144.0,1,False,True,False,False,1,1.0,17144.0,False,False,0,,1,False
100000008749618100,peripheral,0.9,0.2825,B,False,1,0.09000000000000001,0.8655985758789497,0.018691588785046728,0.0,0.42679127725856697,0.3333333333333333,0.0,"выраженных признаков нет: 1 вх./0 исх., оборот 47 тыс; связан с 1 seed",1.0,1,False,0.0,0,0,47280.0,1,1,1,47280.0,47280.0,47280.0,0.0,1,47280.0,1,False,True,False,False,1,1.0,47280.0,False,False,0,,1,False
100000008749900100,peripheral,0.9,0.0699,B,True,1,0.09000000000000001,0.09434801958166444,0.018691588785046728,0.0,0.17623497997329773,0.0,0.0,"выраженных признаков нет: 1 вх./0 исх., оборот 17 тыс",1.0,3,False,0.0,0,0,17150.0,1,1,1,17150.0,17150.0,17150.0,0.0,0,0.0,0,False,True,False,False,1,0.0006645076819004414,11.39630674459257,False,False,0,,1,False
100000008749989100,peripheral,0.9,0.1265,B,True,1,0.09000000000000001,0.38451268357810414,0.018691588785046728,0.0,0.16199376947040497,0.0,0.0,"выраженных признаков нет: 1 вх./0 исх., оборот 16 тыс",1.0,2,False,0.0,0,0,16000.0,1,1,1,16000.0,16000.0,16000.0,0.0,0,0.0,0,False,True,False,False,1,0.017185010363675823,274.96016581881315,False,False,0,,1,False
100000008750464100,peripheral,0.9,0.0518,B,True,1,0.09000000000000001,0.06319537160658656,0.018691588785046728,0.0,0.05829995549621718,0.0,0.0,"выраженных признаков нет: 1 вх./0 исх., оборот 8 тыс",1.0,3,False,0.0,0,0,8500.0,1,1,1,8500.0,8500.0,8500.0,0.0,0,0.0,0,False,True,False,False,1,0.0006645076819004414,5.648315296153752,False,False,0,,1,False
100000008751349100,peripheral,0.9,0.0548,B,True,31,0.09000000000000001,0.05384957721406319,0.018691588785046728,0.0,0.1068090787716956,0.0,0.0,"выраженных признаков нет: 1 вх./0 исх., оборот 12 тыс",1.0,3,False,0.0,0,0,11630.0,1,1,1,11630.0,11630.0,11630.0,0.0,0,0.0,0,False,True,False,False,0,0.0003227185896603177,3.753217197749495,False,False,0,,1,False
100000008751380100,terminal,0.244,0.2985,B,True,7,0.122,0.46639964396973743,0.8019581664441477,0.0,0.8233199821984869,0.0,0.0,"конечная точка в пределах выгрузки: получил 346 тыс от 2 плательщиков, исходящих нет; доля seed-денег ~0%; вход в конце периода, мог переслать позже",1.0,3,False,0.0,0,0,345780.0,2,2,2,345780.0,345780.0,345780.0,0.0,0,0.0,0,False,True,False,False,0,0.0016440935748863346,568.4946763241968,False,False,0,,1,True
100000008751429100,peripheral,0.6,0.5441,B,False,51,0.06,0.9777481085892301,0.9114374721851357,0.6915887850467289,0.8393413440142412,0.3333333333333333,1.0,"выраженных признаков нет: 3 вх./1 исх., оборот 386 тыс; связан с 1 seed; участвует в круговых потоках (3+ участника)",1.0,1,False,72600.0,2,1,386200.0,6,3,3,386200.0,458800.0,313600.0,0.1879854997410668,1,271700.0,1,False,True,False,False,4,0.8365990119020054,323094.5383965545,True,True,1,1.0,2,False
100000008752616100,peripheral,0.6,0.4232,B,True,7,0.06,0.6542056074766355,0.8019581664441477,0.960836671117045,0.9506008010680908,0.0,0.0,"выраженных признаков нет: 2 вх./7 исх., оборот 1.3 млн",1.0,2,False,1265000.0,7,7,64510.0,2,2,9,1265000.0,1329510.0,-1200490.0,19.6093628894745,0,0.0,0,True,False,False,False,0,0.005485107596519671,6938.661109597383,False,False,0,1.0,1,True
100000008753061100,peripheral,0.9,0.0912,B,True,1,0.09000000000000001,0.13395638629283488,0.018691588785046728,0.0,0.31019136626613264,0.0,0.0,"выраженных признаков нет: 1 вх./0 исх., оборот 28 тыс",1.0,3,False,0.0,0,0,28400.0,2,1,1,28400.0,28400.0,28400.0,0.0,0,0.0,0,False,True,False,False,1,0.0006645076819004414,18.872018165972538,False,False,0,,1,True
100000008753193100,peripheral,0.9,0.269,B,False,1,0.09000000000000001,0.8295505117935025,0.018691588785046728,0.0,0.3635959056519804,0.3333333333333333,0.0,"выраженных признаков нет: 1 вх./0 исх., оборот 35 тыс; связан с 1 seed",1.0,1,False,0.0,0,0,35225.0,1,1,1,35225.0,35225.0,35225.0,0.0,1,35225.0,1,False,True,False,False,1,1.0,35225.0,False,False,0,,1,False
100000008753897100,peripheral,0.9,0.0834,B,True,1,0.09000000000000001,0.11838006230529595,0.018691588785046728,0.0,0.2634623943035158,0.0,0.0,"выраженных признаков нет: 1 вх./0 исх., оборот 24 тыс",1.0,3,False,0.0,0,0,24050.0,1,1,1,24050.0,24050.0,24050.0,0.0,0,0.0,0,False,True,False,False,1,0.0006645076819004414,15.981409749705616,False,False,0,,1,False
100000008754608100,peripheral,0.9,0.0599,B,True,1,0.09000000000000001,0.07565643079661771,0.018691588785046728,0.0,0.11392968402314196,0.0,0.0,"выраженных признаков нет: 1 вх./0 исх., оборот 12 тыс",1.0,3,False,0.0,0,0,12300.0,1,1,1,12300.0,12300.0,12300.0,0.0,0,0.0,0,False,True,False,False,1,0.0006645076819004413,8.173444487375429,False,False,0,,1,True
100000008754747100,peripheral,0.9,0.1075,B,True,1,0.09000000000000001,0.16421895861148197,0.018691588785046728,0.0,0.4129951045838896,0.0,0.0,"выраженных признаков нет: 1 вх./0 исх., оборот 46 тыс",1.0,3,False,0.0,0,0,45500.0,1,1,1,45500.0,45500.0,45500.0,0.0,0,0.0,0,False,True,False,False,1,0.0006645076819004414,30.235099526470087,False,False,0,,1,False
100000008754997100,peripheral,0.9,0.0728,B,True,1,0.09000000000000001,0.102803738317757,0.018691588785046728,0.0,0.1882510013351135,0.0,0.0,"выраженных признаков нет: 1 вх./0 исх., оборот 18 тыс",1.0,3,False,0.0,0,0,18000.0,1,1,1,18000.0,18000.0,18000.0,0.0,0,0.0,0,False,True,False,False,1,0.0006645076819004414,11.961138274207945,False,False,0,,1,False
100000008755168100,peripheral,0.9,0.0716,B,True,1,0.09000000000000001,0.09924343569203382,0.018691588785046728,0.0,0.1838006230529595,0.0,0.0,"выраженных признаков нет: 1 вх./0 исх., оборот 18 тыс",1.0,3,False,0.0,0,0,17600.0,1,1,1,17600.0,17600.0,17600.0,0.0,0,0.0,0,False,True,False,False,1,0.0006645076819004414,11.695335201447769,False,False,0,,1,False
100000008755361100,peripheral,0.9,0.2257,B,False,1,0.09000000000000001,0.7271918113039608,0.018691588785046728,0.0,0.1352914997774811,0.3333333333333333,0.0,"выраженных признаков нет: 1 вх./0 исх., оборот 15 тыс; связан с 1 seed",1.0,1,False,0.0,0,0,14627.0,1,1,1,14627.0,14627.0,14627.0,0.0,1,14627.0,1,False,True,False,False,1,1.0,14627.0,False,False,0,,1,False
100000008755580100,peripheral,0.9,0.0678,B,True,1,0.09000000000000001,0.09123275478415666,0.018691588785046728,0.0,0.16199376947040497,0.0,0.0,"выраженных признаков нет: 1 вх./0 исх., оборот 16 тыс",1.0,3,False,0.0,0,0,16000.0,1,1,1,16000.0,16000.0,16000.0,0.0,0,0.0,0,False,True,False,False,1,0.0006645076819004414,10.632122910407062,False,False,0,,1,False
100000008755754100,peripheral,0.9,0.0855,B,True,11,0.09000000000000001,0.2376502002670227,0.018691588785046728,0.0,0.045838896306186025,0.0,0.0,"выраженных признаков нет: 1 вх./0 исх., оборот 7 тыс",1.0,3,False,0.0,0,0,7000.0,1,1,1,7000.0,7000.0,7000.0,0.0,0,0.0,0,False,True,False,False,0,0.010525531274072283,73.67871891850598,False,False,0,,1,True
100000008757301100,peripheral,0.3,0.12,A,True,2,0.03,0.29283489096573206,0.018691588785046728,0.0,0.4908767245215843,0.0,0.0,"обрыв выгрузки на последнем колене: получил 58 тыс от 1 плательщика, исходящие неизвестны",1.0,4,False,0.0,0,0,58398.0,3,1,1,58398.0,58398.0,58398.0,0.0,0,0.0,0,False,True,True,False,0,0.002156064028619773,125.9098271433375,False,False,0,,1,False
100000008757369100,peripheral,0.9,0.2102,B,True,2,0.09000000000000001,0.29283489096573206,0.018691588785046728,0.6915887850467289,0.4908767245215843,0.0,0.0,"выраженных признаков нет: 1 вх./1 исх., оборот 58 тыс",1.0,3,False,58398.0,3,1,25961.0,1,1,2,58398.0,84359.0,-32437.0,2.249451099726513,0,0.0,0,True,False,False,False,0,0.002156064028619773,125.9098271433375,False,False,0,0.8989691427788623,1,False
100000008758106100,peripheral,0.3,0.0327,A,True,7,0.03,0.06675567423230974,0.018691588785046728,0.0,0.06987093902981753,0.0,0.0,"обрыв выгрузки на последнем колене: получил 10 тыс от 1 плательщика, исходящие неизвестны",1.0,4,False,0.0,0,0,10000.0,1,1,1,10000.0,10000.0,10000.0,0.0,0,0.0,0,False,True,True,False,0,0.0006623694689706608,6.623694689706608,False,False,0,,1,False
100000008758168100,peripheral,0.6,0.4263,B,True,24,0.06,0.6728971962616822,0.8019581664441477,0.9421450823319982,0.9635068980863374,0.0,0.0,"выраженных признаков нет: 2 вх./5 исх., оборот 1.5 млн",1.0,2,False,1533600.0,5,5,75410.0,2,2,7,1533600.0,1609010.0,-1458190.0,20.33682535472749,0,0.0,0,True,False,False,False,0,0.0054316439298060714,8329.969130750591,False,False,0,0.28729786124152323,1,True
100000008758607100,peripheral,0.3,0.023,A,True,7,0.03,0.04895416110369381,0.018691588785046728,0.0,0.008455718736092568,0.0,0.0,"обрыв выгрузки на последнем колене: получил 5 тыс от 1 плательщика, исходящие неизвестны",1.0,4,False,0.0,0,0,5000.0,1,1,1,5000.0,5000.0,5000.0,0.0,0,0.0,0,False,True,True,False,0,0.0006623694689706608,3.311847344853304,False,False,0,,1,True
100000008759795100,peripheral,0.3,0.0364,A,True,21,0.03,0.03471295060080107,0.018691588785046728,0.0,0.17133956386292834,0.0,0.0,"обрыв выгрузки на последнем колене: получил 17 тыс от 1 плательщика, исходящие неизвестны",1.0,4,False,0.0,0,0,17000.0,1,1,1,17000.0,17000.0,17000.0,0.0,0,0.0,0,False,True,True,False,0,4.838494154612191e-05,0.8225440062840724,False,False,0,,1,False
100000008759857100,peripheral,0.6,0.231,B,True,24,0.06,0.1557632398753894,0.018691588785046728,0.833555852247441,0.9359145527369827,0.0,0.0,"выраженных признаков нет: 1 вх./2 исх., оборот 994 тыс",1.0,3,False,994000.0,3,2,5000.0,1,1,3,994000.0,999000.0,-989000.0,198.8,0,0.0,0,True,False,False,False,0,2.650889903065795e-05,26.349845636474004,False,False,0,0.0,1,False
100000008760098100,peripheral,0.6,0.2124,B,True,24,0.06,0.1811303960836671,0.018691588785046728,0.6915887850467289,0.8411214953271028,0.0,0.0,"выраженных признаков нет: 1 вх./1 исх., оборот 390 тыс",1.0,3,False,390000.0,1,1,7000.0,1,1,2,390000.0,397000.0,-383000.0,55.714285714285715,0,0.0,0,True,False,False,False,0,9.458918946426566e-05,36.88978389106361,False,False,0,0.0,1,False
100000008761132100,peripheral,0.3,0.0327,A,True,7,0.03,0.06675567423230974,0.018691588785046728,0.0,0.06987093902981753,0.0,0.0,"обрыв выгрузки на последнем колене: получил 10 тыс от 1 плательщика, исходящие неизвестны",1.0,4,False,0.0,0,0,10000.0,1,1,1,10000.0,10000.0,10000.0,0.0,0,0.0,0,False,True,True,False,0,0.0006623694689706608,6.623694689706608,False,False,0,,1,False
100000008761219100,peripheral,0.6,0.325,B,True,57,0.06,0.28526924788607033,0.8019581664441477,0.833555852247441,0.8344459279038718,0.0,0.0,"выраженных признаков нет: 2 вх./2 исх., оборот 375 тыс",1.0,3,False,375000.0,2,2,50000.0,2,2,4,375000.0,425000.0,-325000.0,7.5,0,0.0,0,True,False,False,False,0,0.0003137285945607172,117.64822296026895,False,False,0,1.0,1,True
100000008761220100,peripheral,0.3,0.0327,A,True,7,0.03,0.06675567423230974,0.018691588785046728,0.0,0.06987093902981753,0.0,0.0,"обрыв выгрузки на последнем колене: получил 10 тыс от 1 плательщика, исходящие неизвестны",1.0,4,False,0.0,0,0,10000.0,1,1,1,10000.0,10000.0,10000.0,0.0,0,0.0,0,False,True,True,False,0,0.0006623694689706608,6.623694689706608,False,False,0,,1,False
100000008762005100,peripheral,0.3,0.017,A,True,7,0.03,0.018691588785046728,0.018691588785046728,0.0,0.008455718736092568,0.0,0.0,"обрыв выгрузки на последнем колене: получил 5 тыс от 1 плательщика, исходящие неизвестны",1.0,4,False,0.0,0,0,5000.0,1,1,1,5000.0,5000.0,5000.0,0.0,0,0.0,0,False,True,True,False,0,5.1724177686362716e-06,0.025862088843181356,False,False,0,,1,False
100000008762728100,peripheral,0.9,0.1894,B,False,4,0.09000000000000001,0.6929238985313751,0.018691588785046728,0.0,0.17400979083222073,0.0,0.0,"выраженных признаков нет: 1 вх./0 исх., оборот 17 тыс",1.0,2,False,0.0,0,0,17026.0,1,1,1,17026.0,17026.0,17026.0,0.0,0,0.0,0,False,True,False,False,0,0.59396914875992,10112.918726786398,False,False,0,,1,True
100000008762832100,peripheral,0.6,0.2789,B,True,3,0.06,0.5990209167779261,0.018691588785046728,0.6915887850467289,0.6711170449488206,0.0,0.0,"выраженных признаков нет: 1 вх./1 исх., оборот 150 тыс; взаимные переводы с 1",1.0,2,False,85000.0,4,1,150000.0,1,1,1,150000.0,235000.0,65000.0,0.5666666666666667,0,0.0,0,False,True,False,False,0,0.02165564470335984,3248.346705503976,True,False,1,0.0,1,True
100000008762843100,peripheral,0.3,0.0208,A,True,7,0.03,0.01913662661326213,0.018691588785046728,0.0,0.045838896306186025,0.0,0.0,"обрыв выгрузки на последнем колене: получил 7 тыс от 1 плательщика, исходящие неизвестны",1.0,4,False,0.0,0,0,7000.0,1,1,1,7000.0,7000.0,7000.0,0.0,0,0.0,0,False,True,True,False,0,5.1724177686362716e-06,0.0362069243804539,False,False,0,,1,False
100000008762885100,peripheral,0.3,0.0208,A,True,7,0.03,0.01913662661326213,0.018691588785046728,0.0,0.045838896306186025,0.0,0.0,"обрыв выгрузки на последнем колене: получил 7 тыс от 1 плательщика, исходящие неизвестны",1.0,4,False,0.0,0,0,7000.0,1,1,1,7000.0,7000.0,7000.0,0.0,0,0.0,0,False,True,True,False,0,5.1724177686362716e-06,0.0362069243804539,False,False,0,,1,False
100000008763688100,peripheral,0.9,0.0785,B,True,1,0.09000000000000001,0.11036938139741878,0.018691588785046728,0.0,0.23052959501557632,0.0,0.0,"выраженных признаков нет: 1 вх./0 исх., оборот 21 тыс",1.0,3,False,0.0,0,0,21000.0,1,1,1,21000.0,21000.0,21000.0,0.0,0,0.0,0,False,True,False,False,1,0.0006645076819004414,13.95466131990927,False,False,0,,1,False
100000008764436100,peripheral,0.9,0.118,B,True,1,0.09000000000000001,0.3613707165109034,0.018691588785046728,0.0,0.12372051624388072,0.0,0.0,"выраженных признаков нет: 1 вх./0 исх., оборот 13 тыс",1.0,2,False,0.0,0,0,13100.0,1,1,1,13100.0,13100.0,13100.0,0.0,0,0.0,0,False,True,False,False,1,0.017185010363675823,225.12363576415328,False,False,0,,1,False
100000008764654100,peripheral,0.9,0.0874,B,True,1,0.09000000000000001,0.12461059190031153,0.018691588785046728,0.0,0.2906097018246551,0.0,0.0,"выраженных признаков нет: 1 вх./0 исх., оборот 26 тыс",1.0,3,False,0.0,0,0,26150.0,1,1,1,26150.0,26150.0,26150.0,0.0,0,0.0,0,False,True,False,False,1,0.0006645076819004415,17.376875881696545,False,False,0,,1,False
100000008765494100,peripheral,0.9,0.1457,B,True,1,0.09000000000000001,0.43213173119715176,0.018691588785046728,0.0,0.2585669781931464,0.0,0.0,"выраженных признаков нет: 1 вх./0 исх., оборот 24 тыс",1.0,2,False,0.0,0,0,24000.0,1,1,1,24000.0,24000.0,24000.0,0.0,0,0.0,0,False,True,False,False,1,0.017185010363675823,412.44024872821973,False,False,0,,1,False
100000008765627100,peripheral,0.9,0.2278,B,False,14,0.09000000000000001,0.7254116599910992,0.018691588785046728,0.0,0.4931019136626613,0.0,0.0,"выраженных признаков нет: 1 вх./0 исх., оборот 60 тыс",1.0,2,False,0.0,0,0,60000.0,1,1,1,60000.0,60000.0,60000.0,0.0,0,0.0,0,False,True,False,False,0,0.2400064001706712,14400.384010240272,False,False,0,,1,True
100000008766031100,peripheral,0.3,0.0199,A,True,7,0.03,0.03337783711615487,0.018691588785046728,0.0,0.008455718736092568,0.0,0.0,"обрыв выгрузки на последнем колене: получил 5 тыс от 1 плательщика, исходящие неизвестны",1.0,4,False,0.0,0,0,5000.0,1,1,1,5000.0,5000.0,5000.0,0.0,0,0.0,0,False,True,True,False,0,0.00014710760545645648,0.7355380272822825,False,False,0,,1,True
100000008766764100,peripheral,0.3,0.023,A,True,7,0.03,0.04895416110369381,0.018691588785046728,0.0,0.008455718736092568,0.0,0.0,"обрыв выгрузки на последнем колене: получил 5 тыс от 1 плательщика, исходящие неизвестны",1.0,4,False,0.0,0,0,5000.0,1,1,1,5000.0,5000.0,5000.0,0.0,0,0.0,0,False,True,True,False,0,0.0006623694689706608,3.311847344853304,False,False,0,,1,True
100000008767027100,peripheral,0.9,0.0654,B,True,24,0.09000000000000001,0.1557632398753894,0.018691588785046728,0.0,0.008455718736092568,0.0,0.0,"выраженных признаков нет: 1 вх./0 исх., оборот 5 тыс",1.0,3,False,0.0,0,0,5000.0,1,1,1,5000.0,5000.0,5000.0,0.0,0,0.0,0,False,True,False,False,0,0.005269969127294801,26.349845636474004,False,False,0,,1,True
100000008767065100,peripheral,0.9,0.0821,B,True,24,0.09000000000000001,0.2087227414330218,0.018691588785046728,0.0,0.06987093902981753,0.0,0.0,"выраженных признаков нет: 1 вх./0 исх., оборот 10 тыс",1.0,3,False,0.0,0,0,10000.0,1,1,1,10000.0,10000.0,10000.0,0.0,0,0.0,0,False,True,False,False,0,0.005269969127294801,52.69969127294801,False,False,0,,1,True
100000008767925100,peripheral,0.9,0.2327,B,False,1,0.09000000000000001,0.7427681352914998,0.018691588785046728,0.0,0.17445482866043613,0.3333333333333333,0.0,"выраженных признаков нет: 1 вх./0 исх., оборот 17 тыс; связан с 1 seed",1.0,1,False,0.0,0,0,17144.0,1,1,1,17144.0,17144.0,17144.0,0.0,1,17144.0,1,False,True,False,False,1,1.0,17144.0,False,False,0,,1,True
100000008767950100,peripheral,0.9,0.0711,B,True,1,0.09000000000000001,0.09879839786381843,0.018691588785046728,0.0,0.17935024477080552,0.0,0.0,"выраженных признаков нет: 1 вх./0 исх., оборот 17 тыс",1.0,3,False,0.0,0,0,17350.0,1,1,1,17350.0,17350.0,17350.0,0.0,0,0.0,0,False,True,False,False,1,0.0006645076819004414,11.529208280972659,False,False,0,,1,True
100000008768896100,peripheral,0.9,0.2819,B,False,1,0.09000000000000001,0.8633733867378727,0.018691588785046728,0.0,0.4250111259457054,0.3333333333333333,0.0,"выраженных признаков нет: 1 вх./0 исх., оборот 47 тыс; связан с 1 seed",1.0,1,False,0.0,0,0,47060.0,1,1,1,47060.0,47060.0,47060.0,0.0,1,47060.0,1,False,True,False,False,1,1.0,47060.0,False,False,0,,1,True
100000008769097100,peripheral,0.9,0.0951,B,True,1,0.09000000000000001,0.13929684023141967,0.018691588785046728,0.0,0.3391188251001335,0.0,0.0,"выраженных признаков нет: 1 вх./0 исх., оборот 31 тыс",1.0,3,False,0.0,0,0,31100.0,1,1,1,31100.0,31100.0,31100.0,0.0,0,0.0,0,False,True,False,False,1,0.0006645076819004414,20.666188907103727,False,False,0,,1,True
100000008769636100,peripheral,0.9,0.2473,B,False,1,0.09000000000000001,0.7792612372051625,0.018691588785046728,0.0,0.24788607031597687,0.3333333333333333,0.0,"выраженных признаков нет: 1 вх./0 исх., оборот 23 тыс; связан с 1 seed",1.0,1,False,0.0,0,0,23118.0,1,1,1,23118.0,23118.0,23118.0,0.0,1,23118.0,1,False,True,False,False,1,1.0,23118.0,False,False,0,,1,True
100000008770483100,peripheral,0.3,0.0215,A,True,57,0.03,0.04138851802403204,0.018691588785046728,0.0,0.008455718736092568,0.0,0.0,"обрыв выгрузки на последнем колене: получил 5 тыс от 1 плательщика, исходящие неизвестны",1.0,4,False,0.0,0,0,5000.0,1,1,1,5000.0,5000.0,5000.0,0.0,0,0.0,0,False,True,True,False,0,0.0003137285945607172,1.568642972803586,False,False,0,,1,True
100000008771627100,peripheral,0.9,0.1278,B,True,1,0.09000000000000001,0.38807298620382735,0.018691588785046728,0.0,0.16822429906542055,0.0,0.0,"выраженных признаков нет: 1 вх./0 исх., оборот 16 тыс",1.0,2,False,0.0,0,0,16500.0,1,1,1,16500.0,16500.0,16500.0,0.0,0,0.0,0,False,True,False,False,1,0.017185010363675823,283.55267100065106,False,False,0,,1,True
100000008771814100,peripheral,0.9,0.1448,B,True,1,0.09000000000000001,0.42901646639964397,0.018691588785046728,0.0,0.25634178905206945,0.0,0.0,"выраженных признаков нет: 1 вх./0 исх., оборот 24 тыс",1.0,2,False,0.0,0,0,23700.0,1,1,1,23700.0,23700.0,23700.0,0.0,0,0.0,0,False,True,False,False,1,0.017185010363675823,407.284745619117,False,False,0,,1,True
100000008771819100,peripheral,0.9,0.2729,B,False,1,0.09000000000000001,0.8420115709835336,0.018691588785046728,0.0,0.37783711615487314,0.3333333333333333,0.0,"выраженных признаков нет: 1 вх./0 исх., оборот 39 тыс; связан с 1 seed",1.0,1,False,0.0,0,0,38900.0,1,1,1,38900.0,38900.0,38900.0,0.0,1,38900.0,1,False,True,False,False,1,1.0,38900.0,False,False,0,,1,True
100000008772058100,peripheral,0.9,0.1776,B,True,1,0.09000000000000001,0.5011125945705385,0.018691588785046728,0.0,0.4401424121050289,0.0,0.0,"выраженных признаков нет: 1 вх./0 исх., оборот 50 тыс",1.0,2,False,0.0,0,0,50000.0,1,1,1,50000.0,50000.0,50000.0,0.0,0,0.0,0,False,True,False,False,1,0.017185010363675823,859.2505181837911,False,False,0,,1,True
100000008772246100,peripheral,0.9,0.1061,B,True,1,0.09000000000000001,0.16199376947040497,0.018691588785046728,0.0,0.40364931019136624,0.0,0.0,"выраженных признаков нет: 1 вх./0 исх., оборот 44 тыс",1.0,3,False,0.0,0,0,44500.0,1,1,1,44500.0,44500.0,44500.0,0.0,0,0.0,0,False,True,False,False,1,0.0006645076819004414,29.570591844569645,False,False,0,,1,True
100000008773876100,peripheral,0.9,0.2557,B,False,1,0.09000000000000001,0.8001780151312862,0.018691588785046728,0.0,0.2892745883400089,0.3333333333333333,0.0,"выраженных признаков нет: 1 вх./0 исх., оборот 26 тыс; связан с 1 seed",1.0,1,False,0.0,0,0,26120.0,1,1,1,26120.0,26120.0,26120.0,0.0,1,26120.0,1,False,True,False,False,1,1.0,26120.0,False,False,0,,1,True
100000008774237100,peripheral,0.9,0.2449,B,True,28,0.09000000000000001,0.4917668001780151,0.018691588785046728,0.6915887850467289,0.4401424121050289,0.0,0.0,"выраженных признаков нет: 1 вх./1 исх., оборот 50 тыс",1.0,2,False,10000.0,1,1,50000.0,1,1,2,50000.0,60000.0,40000.0,0.2,0,0.0,0,False,True,False,False,2,0.01519050302166875,759.5251510834374,False,False,0,1.0,1,True
100000008775471100,terminal,0.277,0.2002,B,True,24,0.1385,0.30173564753004006,0.018691588785046728,0.0,0.894971072541166,0.0,0.0,"конечная точка в пределах выгрузки: получил 580 тыс от 1 плательщика, исходящих нет; доля seed-денег ~0%; вход в конце периода, мог переслать позже",1.0,3,False,0.0,0,0,580000.0,2,1,1,580000.0,580000.0,580000.0,0.0,0,0.0,0,False,True,False,False,0,0.00023278315102579414,135.0142275949606,False,False,0,,1,True
100000008775747100,peripheral,0.3,0.023,A,True,7,0.03,0.04895416110369381,0.018691588785046728,0.0,0.008455718736092568,0.0,0.0,"обрыв выгрузки на последнем колене: получил 5 тыс от 1 плательщика, исходящие неизвестны",1.0,4,False,0.0,0,0,5000.0,1,1,1,5000.0,5000.0,5000.0,0.0,0,0.0,0,False,True,True,False,0,0.0006623694689706608,3.311847344853304,False,False,0,,1,True
100000008776298100,peripheral,0.9,0.2769,B,False,1,0.09000000000000001,0.8522474410324877,0.018691588785046728,0.0,0.39741878059635066,0.3333333333333333,0.0,"выраженных признаков нет: 1 вх./0 исх., оборот 43 тыс; связан с 1 seed",1.0,1,False,0.0,0,0,42800.0,1,1,1,42800.0,42800.0,42800.0,0.0,1,42800.0,1,False,True,False,False,1,1.0,42800.0,False,False,0,,1,True
100000008776310100,peripheral,0.9,0.0748,B,True,1,0.09000000000000001,0.10636404094348019,0.018691588785046728,0.0,0.20160213618157544,0.0,0.0,"выраженных признаков нет: 1 вх./0 исх., оборот 19 тыс",1.0,3,False,0.0,0,0,19200.0,1,1,1,19200.0,19200.0,19200.0,0.0,0,0.0,0,False,True,False,False,1,0.0006645076819004414,12.758547492488475,False,False,0,,1,True
100000008776420100,peripheral,0.9,0.1246,B,True,1,0.09000000000000001,0.19715175789942144,0.018691588785046728,0.0,0.5180240320427236,0.0,0.0,"выраженных признаков нет: 1 вх./0 исх., оборот 70 тыс",1.0,3,False,0.0,0,0,69500.0,1,1,1,69500.0,69500.0,69500.0,0.0,0,0.0,0,False,True,False,False,1,0.0006645076819004414,46.18328389208068,False,False,0,,1,True
100000008776576100,peripheral,0.9,0.2261,B,False,1,0.09000000000000001,0.728526924788607,0.018691588785046728,0.0,0.13707165109034267,0.3333333333333333,0.0,"выраженных признаков нет: 1 вх./0 исх., оборот 15 тыс; связан с 1 seed",1.0,1,False,0.0,0,0,14765.0,1,1,1,14765.0,14765.0,14765.0,0.0,1,14765.0,1,False,True,False,False,1,1.0,14765.0,False,False,0,,1,True
100000008776720100,peripheral,0.9,0.0874,B,True,1,0.09000000000000001,0.12461059190031153,0.018691588785046728,0.0,0.2906097018246551,0.0,0.0,"выраженных признаков нет: 1 вх./0 исх., оборот 26 тыс",1.0,3,False,0.0,0,0,26150.0,1,1,1,26150.0,26150.0,26150.0,0.0,0,0.0,0,False,True,False,False,1,0.0006645076819004415,17.376875881696545,False,False,0,,1,True
100000008777088100,peripheral,0.9,0.2353,B,False,1,0.09000000000000001,0.7489986648865153,0.018691588785046728,0.0,0.1882510013351135,0.3333333333333333,0.0,"выраженных признаков нет: 1 вх./0 исх., оборот 18 тыс; связан с 1 seed",1.0,1,False,0.0,0,0,18000.0,1,1,1,18000.0,18000.0,18000.0,0.0,1,18000.0,1,False,True,False,False,1,1.0,18000.0,False,False,0,,1,True
100000008778010100,peripheral,0.3,0.0785,A,True,1,0.03,0.06008010680907877,0.018691588785046728,0.0,0.540720961281709,0.0,0.0,"обрыв выгрузки на последнем колене: получил 77 тыс от 1 плательщика, исходящие неизвестны",1.0,4,False,0.0,0,0,76950.0,2,1,1,76950.0,76950.0,76950.0,0.0,0,0.0,0,False,True,True,False,1,6.865284043026003e-05,5.28283607110851,False,False,0,,1,True
100000008778753100,peripheral,0.3,0.0312,A,True,30,0.03,0.059190031152647975,0.018691588785046728,0.0,0.06987093902981753,0.0,0.0,"обрыв выгрузки на последнем колене: получил 10 тыс от 1 плательщика, исходящие неизвестны",1.0,4,False,0.0,0,0,10000.0,1,1,1,10000.0,10000.0,10000.0,0.0,0,0.0,0,False,True,True,False,0,0.0005158718748012054,5.158718748012054,False,False,0,,1,True
100000008779584100,peripheral,0.9,0.2643,B,False,1,0.09000000000000001,0.8175344904316867,0.018691588785046728,0.0,0.3408989764129951,0.3333333333333333,0.0,"выраженных признаков нет: 1 вх./0 исх., оборот 31 тыс; связан с 1 seed",1.0,1,False,0.0,0,0,31400.0,1,1,1,31400.0,31400.0,31400.0,0.0,1,31400.0,1,False,True,False,False,1,1.0,31400.0,False,False,0,,1,True
100000008782056100,peripheral,0.9,0.2602,B,False,1,0.09000000000000001,0.8095238095238095,0.018691588785046728,0.0,0.3164218958611482,0.3333333333333333,0.0,"выраженных признаков нет: 1 вх./0 исх., оборот 29 тыс; связан с 1 seed",1.0,1,False,0.0,0,0,29082.0,1,1,1,29082.0,29082.0,29082.0,0.0,1,29082.0,1,False,True,False,False,1,1.0,29082.0,False,False,0,,1,True
100000008782421100,peripheral,0.9,0.2847,B,False,1,0.09000000000000001,0.8709390298175345,0.018691588785046728,0.0,0.43836226079216734,0.3333333333333333,0.0,"выраженных признаков нет: 1 вх./0 исх., оборот 50 тыс; связан с 1 seed",1.0,1,False,0.0,0,0,49680.0,1,1,1,49680.0,49680.0,49680.0,0.0,1,49680.0,1,False,True,False,False,1,1.0,49680.0,False,False,0,,1,True
100000008782800100,peripheral,0.9,0.2774,B,False,1,0.09000000000000001,0.8540275923453493,0.018691588785046728,0.0,0.3991989319092123,0.3333333333333333,0.0,"выраженных признаков нет: 1 вх./0 исх., оборот 43 тыс; связан с 1 seed",1.0,1,False,0.0,0,0,43381.0,1,1,1,43381.0,43381.0,43381.0,0.0,1,43381.0,1,False,True,False,False,1,1.0,43381.0,False,False,0,,1,True
