gid,depth,is_seed,in_deg,out_deg,in_kzt,out_kzt,in_tx,out_tx,n_counterparties,first_date,last_date,active_days,pass_through,truncated_by_depth,real_sink,no_edges,pagerank,betweenness,component,component_size,in_cycle,same_day_bursts,avg_in_tx,avg_out_tx,seed_money_in,seed_share,cluster_id
100000000343175100,0,true,8,31,178712.0,4000039.0,14,33,39,2026-07-01,2026-07-21,13,22.382598818210305,false,false,false,0.0007132581979384058,0.0010946926090299829,0,1877,false,3,12765.142857142857,121213.30303030302,74168.06365923124,1.0,10
100000000456947100,0,true,0,0,0.0,0.0,0,0,0,,,0,,false,false,true,0.00028556929421729154,0.0,16,1,false,0,0.0,0.0,0.0,1.0,70
100000000580561100,0,true,2,3,27980.0,1488077.0,3,13,3,2026-07-01,2026-07-29,12,53.183595425303785,false,false,false,0.0008349888856684662,1.1888811083225246e-06,7,6,true,0,9326.666666666666,114467.46153846153,18188.876905041034,1.0,43
100000001415126100,0,true,1,0,27000.0,0.0,1,0,1,2026-07-02,2026-07-02,1,0.0,false,false,false,0.00040961890543080563,0.0,0,1877,false,0,27000.0,0.0,4329.031393003198,1.0,19
100000001429930100,0,true,1,0,26000.0,0.0,1,0,1,2026-07-23,2026-07-23,1,0.0,false,false,false,0.00035079789147407855,0.0,0,1877,false,0,26000.0,0.0,207.77334668922398,1.0,13
100000001616816100,0,true,5,3,176195.0,181326.0,12,10,6,2026-07-01,2026-07-22,12,1.0291211441868384,false,false,false,0.0024346571906844567,0.00010470096527690844,0,1877,true,5,14682.916666666666,18132.6,57745.80943654579,1.0,9
100000001732159100,0,true,2,4,2378100.0,1505966.0,30,23,4,2026-07-01,2026-07-21,18,0.633264370716118,false,false,false,0.001095056787299685,2.0270944335981642e-05,0,1877,true,11,79270.0,65476.782608695656,2378100.0,1.0,39
100000002527114100,0,true,3,111,129000.0,3289249.0,4,113,111,2026-07-01,2026-07-31,25,25.49805426356589,false,false,false,0.0008111056953132642,0.00019339132695379732,1,270,true,1,32250.0,29108.398230088496,40546.65093273082,1.0,1
100000002916006100,0,true,0,1,0.0,32000.0,0,1,1,2026-07-06,2026-07-06,1,,false,false,false,0.00028556929421729154,0.0,0,1877,false,0,0.0,32000.0,0.0,1.0,19
100000003016635100,0,true,8,73,586981.0,9414081.0,36,151,75,2026-07-03,2026-07-23,21,16.038135817002594,false,false,false,0.0011896363343877683,0.007215469082446284,0,1877,true,25,16305.027777777777,62344.90728476821,106066.21256168255,1.0,3
100000003200071100,0,true,0,1,0.0,30000.0,0,1,1,2026-07-21,2026-07-21,1,,false,false,false,0.00028556929421729154,0.0,14,2,false,0,0.0,30000.0,0.0,1.0,67
100000003265658100,0,true,0,0,0.0,0.0,0,0,0,,,0,,false,false,true,0.00028556929421729154,0.0,17,1,false,0,0.0,0.0,0.0,1.0,71
100000003349739100,0,true,0,0,0.0,0.0,0,0,0,,,0,,false,false,true,0.00028556929421729154,0.0,18,1,false,0,0.0,0.0,0.0,1.0,72
100000003684369100,0,true,24,62,3848436.0,8588655.0,58,67,85,2026-07-12,2026-07-28,16,2.2317260830113845,false,false,false,0.0020202912084868697,0.0023030748381841454,0,1877,true,13,66352.3448275862,128188.88059701493,500392.25159962656,1.0,2
100000003770083100,0,true,0,0,0.0,0.0,0,0,0,,,0,,false,false,true,0.00028556929421729154,0.0,19,1,false,0,0.0,0.0,0.0,1.0,73
100000003975102100,0,true,1,2,25650.0,88500.0,1,2,3,2026-07-05,2026-07-21,3,3.4502923976608186,false,false,false,0.00034546521801698146,5.914683513904559e-06,0,1877,false,0,25650.0,44250.0,25647.6402654328,1.0,3
100000003977183100,0,true,2,4,123800.0,766000.0,2,6,5,2026-07-11,2026-07-20,6,6.187399030694669,false,false,false,0.00033146038169944473,1.5851748110966993e-06,0,1877,true,0,61900.0,127666.66666666667,76057.77777777778,1.0,9
100000004007116100,0,true,3,4,764704.0,148000.0,24,6,5,2026-07-03,2026-07-31,18,0.19353893794200108,false,false,false,0.000627776957324844,3.962937027741748e-07,2,17,true,7,31862.666666666668,24666.666666666668,8032.405511680512,1.0,23
100000004019124100,0,true,3,0,193000.0,0.0,3,0,3,2026-07-11,2026-07-15,3,0.0,false,false,false,0.001202868090203372,0.0,0,1877,false,0,64333.333333333336,0.0,157359.67078189302,1.0,3
100000004021459100,0,true,0,0,0.0,0.0,0,0,0,,,0,,false,false,true,0.00028556929421729154,0.0,20,1,false,0,0.0,0.0,0.0,1.0,74
100000004041163100,0,true,1,2,50000.0,866000.0,1,6,2,2026-07-05,2026-07-19,5,17.32,false,false,false,0.0020847480556725217,2.3381328463676314e-05,0,1877,true,1,50000.0,144333.33333333334,50000.0,1.0,19
100000004174835100,0,true,0,0,0.0,0.0,0,0,0,,,0,,false,false,true,0.00028556929421729154,0.0,21,1,false,0,0.0,0.0,0.0,1.0,75
100000004193835100,0,true,1,1,47000.0,5000.0,1,1,2,2026-07-09,2026-07-09,1,0.10638297872340426,false,false,false,0.000469930139695586,6.6775488917448465e-06,0,1877,false,0,47000.0,5000.0,35339.64670189406,1.0,3
100000004269433100,0,true,0,1,0.0,1372000.0,0,67,1,2026-07-01,2026-07-28,16,,false,false,false,0.00028556929421729154,0.0,0,1877,false,11,0.0,20477.611940298506,0.0,1.0,15
100000004358004100,0,true,0,11,0.0,980850.0,0,17,11,2026-07-15,2026-07-28,12,,false,false,false,0.00028556929421729154,0.0,0,1877,false,1,0.0,57697.05882352941,0.0,1.0,2
100000004388983100,0,true,0,2,0.0,450816.0,0,23,2,2026-07-27,2026-07-31,5,,false,false,false,0.00028556929421729154,0.0,12,3,false,5,0.0,19600.695652173912,0.0,1.0,64
100000004714705100,0,true,0,1,0.0,36550.0,0,1,1,2026-07-23,2026-07-23,1,,false,false,false,0.00028556929421729154,0.0,0,1877,false,0,0.0,36550.0,0.0,1.0,19
100000004723755100,0,true,0,1,0.0,95000.0,0,5,1,2026-07-25,2026-07-28,4,,false,false,false,0.00028556929421729154,0.0,0,1877,false,1,0.0,19000.0,0.0,1.0,2
100000004813068100,0,true,0,3,0.0,297000.0,0,5,3,2026-07-01,2026-07-12,5,,false,false,false,0.00028556929421729154,0.0,0,1877,false,0,0.0,59400.0,0.0,1.0,22
100000004971871100,0,true,1,1,25400.0,5650.0,3,1,1,2026-07-18,2026-07-23,4,0.22244094488188976,false,false,false,0.0007430293125206688,0.0,11,4,true,0,8466.666666666666,5650.0,3306.682027649769,1.0,59
100000005017150100,0,true,0,0,0.0,0.0,0,0,0,,,0,,false,false,true,0.00028556929421729154,0.0,22,1,false,0,0.0,0.0,0.0,1.0,76
100000005087431100,0,true,0,0,0.0,0.0,0,0,0,,,0,,false,false,true,0.00028556929421729154,0.0,23,1,false,0,0.0,0.0,0.0,1.0,77
100000005235389100,0,true,0,0,0.0,0.0,0,0,0,,,0,,false,false,true,0.00028556929421729154,0.0,24,1,false,0,0.0,0.0,0.0,1.0,78
100000005264990100,0,true,1,2,17070.0,122000.0,1,2,3,2026-07-03,2026-07-14,3,7.147041593438781,false,false,false,0.00036399621508450213,7.765375105859955e-05,0,1877,false,0,17070.0,61000.0,2736.9098473542444,1.0,19
100000005370580100,0,true,1,0,24075.0,0.0,1,0,1,2026-07-28,2026-07-28,1,0.0,false,false,false,0.0003459684664848741,0.0,0,1877,false,0,24075.0,0.0,192.39012775165642,1.0,13
100000005382566100,0,true,7,1,393066.0,50000.0,11,1,7,2026-07-09,2026-07-21,7,0.12720510041570626,false,false,false,0.002113262052157117,4.6366363224578456e-05,0,1877,true,0,35733.27272727273,50000.0,339962.36993433494,1.0,19
100000005386383100,0,true,2,1,37500.0,29000.0,2,1,3,2026-07-18,2026-07-24,2,0.7733333333333333,false,false,false,0.0005243332756978227,2.852323925717123e-05,0,1877,false,0,18750.0,29000.0,504.8101013095188,1.0,19
100000005392290100,0,true,0,1,0.0,81465.0,0,1,1,2026-07-29,2026-07-29,1,,false,false,false,0.00028556929421729154,0.0,15,2,false,0,0.0,81465.0,0.0,1.0,68
100000005395727100,0,true,1,0,17000.0,0.0,1,0,1,2026-07-30,2026-07-30,1,0.0,false,false,false,0.00037120672995618085,0.0,0,1877,false,0,17000.0,0.0,308.194431039925,1.0,15
100000005409680100,0,true,2,0,55060.0,0.0,2,0,2,2026-07-01,2026-07-02,2,0.0,false,false,false,0.0006335288187931628,0.0,0,1877,false,0,27530.0,0.0,3606.0666544449555,1.0,18
100000005417257100,0,true,0,2,0.0,106000.0,0,2,2,2026-07-11,2026-07-20,2,,false,false,false,0.00028556929421729154,0.0,0,1877,false,0,0.0,53000.0,0.0,1.0,19
100000005454368100,0,true,2,0,48600.0,0.0,2,0,2,2026-07-19,2026-07-20,2,0.0,false,false,false,0.0003941929632081948,0.0,0,1877,false,0,24300.0,0.0,1608.1871620383538,1.0,13
100000005480435100,0,true,0,0,0.0,0.0,0,0,0,,,0,,false,false,true,0.00028556929421729154,0.0,25,1,false,0,0.0,0.0,0.0,1.0,79
100000005485830100,0,true,0,5,0.0,275885.0,0,9,5,2026-07-04,2026-07-20,7,,false,false,false,0.00028556929421729154,0.0,4,6,false,0,0.0,30653.88888888889,0.0,1.0,45
100000005493505100,0,true,3,0,62020.0,0.0,3,0,3,2026-07-18,2026-07-23,3,0.0,false,false,false,0.0006174200765778794,0.0,0,1877,false,0,20673.333333333332,0.0,23099.749971394096,1.0,2
100000005495722100,0,true,0,0,0.0,0.0,0,0,0,,,0,,false,false,true,0.00028556929421729154,0.0,26,1,false,0,0.0,0.0,0.0,1.0,80
100000005498992100,0,true,0,16,0.0,2262868.0,0,19,16,2026-07-17,2026-07-31,10,,false,false,false,0.00028556929421729154,0.0,0,1877,false,0,0.0,119098.31578947368,0.0,1.0,8
100000005519347100,0,true,2,1,73100.0,99000.0,2,1,3,2026-07-05,2026-07-15,3,1.3543091655266757,false,false,false,0.0005567200012967704,1.5191258606343368e-06,0,1877,false,0,36550.0,99000.0,73097.88405867269,1.0,3
100000005523088100,0,true,1,0,700000.0,0.0,2,0,1,2026-07-05,2026-07-05,1,0.0,false,false,false,0.0017206377268585405,0.0,0,1877,false,1,350000.0,0.0,700000.0,1.0,19
100000005543136100,0,true,0,1,0.0,10000.0,0,1,1,2026-07-18,2026-07-18,1,,false,false,false,0.00028556929421729154,0.0,0,1877,false,0,0.0,10000.0,0.0,1.0,2
100000005550592100,0,true,0,0,0.0,0.0,0,0,0,,,0,,false,false,true,0.00028556929421729154,0.0,27,1,false,0,0.0,0.0,0.0,1.0,81
100000005560900100,0,true,0,0,0.0,0.0,0,0,0,,,0,,false,false,true,0.00028556929421729154,0.0,28,1,false,0,0.0,0.0,0.0,1.0,82
100000005568407100,0,true,0,0,0.0,0.0,0,0,0,,,0,,false,false,true,0.00028556929421729154,0.0,29,1,false,0,0.0,0.0,0.0,1.0,83
100000005668605100,0,true,3,0,94500.0,0.0,3,0,3,2026-07-20,2026-07-22,3,0.0,false,false,false,0.0008383018688148942,0.0,0,1877,false,0,31500.0,0.0,63068.237496047885,1.0,19
100000005744674100,0,true,0,1,0.0,50066.0,0,2,1,2026-07-09,2026-07-11,2,,false,false,false,0.00028556929421729154,0.0,0,1877,false,0,0.0,25033.0,0.0,1.0,19
100000006232815100,0,true,1,5,160000.0,296500.0,2,5,5,2026-07-03,2026-07-24,6,1.853125,false,false,false,0.0005566536352336276,2.774055919419224e-06,3,13,true,0,80000.0,59300.0,54398.64003399915,1.0,29
100000006249740100,0,true,0,3,0.0,93007.0,0,5,3,2026-07-21,2026-07-31,5,,false,false,false,0.00028556929421729154,0.0,8,5,false,0,0.0,18601.4,0.0,1.0,53
100000006831291100,0,true,0,1,0.0,15000.0,0,3,1,2026-07-02,2026-07-09,3,,false,false,false,0.00028556929421729154,0.0,8,5,false,0,0.0,5000.0,0.0,1.0,53
100000006866783100,0,true,13,67,838812.0,3948037.0,31,90,72,2026-07-01,2026-07-18,16,4.706700667133994,false,false,false,0.0008703719471294033,0.0060452252640128745,0,1877,true,10,27058.451612903227,43867.07777777778,38421.92524504723,1.0,0
100000007018630100,0,true,0,1,0.0,200000.0,0,5,1,2026-07-10,2026-07-12,3,,false,false,false,0.00028556929421729154,0.0,13,3,false,1,0.0,40000.0,0.0,1.0,61
100000007747786100,0,true,0,31,0.0,4238009.4,0,35,31,2026-07-04,2026-07-25,18,,false,false,false,0.00028556929421729154,0.0,0,1877,false,2,0.0,121085.98285714287,0.0,1.0,8
100000007982728100,0,true,0,8,0.0,1804384.0,0,12,8,2026-07-18,2026-07-28,6,,false,false,false,0.00028556929421729154,0.0,0,1877,false,2,0.0,150365.33333333334,0.0,1.0,9
100000008117324100,0,true,0,0,0.0,0.0,0,0,0,,,0,,false,false,true,0.00028556929421729154,0.0,30,1,false,0,0.0,0.0,0.0,1.0,84
100000008205000100,0,true,0,0,0.0,0.0,0,0,0,,,0,,false,false,true,0.00028556929421729154,0.0,31,1,false,0,0.0,0.0,0.0,1.0,85
100000008314203100,0,true,2,2,382076.0,327000.0,10,13,2,2026-07-01,2026-07-21,13,0.8558506684533967,false,false,false,0.000502990862402697,0.0,0,1877,true,4,38207.6,25153.846153846152,382076.0,1.0,39
100000008418835100,0,true,1,4,1372000.0,186179.0,67,6,5,2026-07-01,2026-07-31,18,0.13569897959183674,false,false,false,0.0005285862410602093,0.0003166386685165656,0,1877,false,12,20477.611940298506,31029.833333333332,1372000.0,1.0,15
100000008513251100,0,true,0,0,0.0,0.0,0,0,0,,,0,,false,false,true,0.00028556929421729154,0.0,32,1,false,0,0.0,0.0,0.0,1.0,86
100000008516839100,0,true,3,0,155000.0,0.0,4,0,3,2026-07-06,2026-07-12,2,0.0,false,false,false,0.001069583861442998,0.0,0,1877,false,0,38750.0,0.0,101500.0,1.0,19
100000008522127100,0,true,0,1,0.0,145000.0,0,3,1,2026-07-01,2026-07-13,3,,false,false,false,0.00028556929421729154,0.0,0,1877,false,0,0.0,48333.333333333336,0.0,1.0,62
100000008571433100,0,true,2,2,350000.0,1434000.0,2,3,3,2026-07-09,2026-07-14,4,4.097142857142857,false,false,false,0.0016264807087207891,9.90734256935437e-07,9,5,true,0,175000.0,478000.0,342027.92064658337,1.0,52
100000008575624100,0,true,0,3,0.0,89500.0,0,5,3,2026-07-03,2026-07-16,4,,false,false,false,0.00028556929421729154,0.0,6,6,false,1,0.0,17900.0,0.0,1.0,47
100000008601794100,0,true,2,1,494400.0,871400.0,8,13,2,2026-07-01,2026-07-31,17,1.7625404530744337,false,false,false,0.002367779758018105,3.962937027741748e-07,10,4,true,1,61800.0,67030.76923076923,494400.0,1.0,56
100000008637537100,0,true,3,3,619890.0,2351495.0,22,30,4,2026-07-01,2026-07-17,15,3.793406894771653,false,false,false,0.00082873315343453,7.75353843868499e-05,0,1877,true,11,28176.81818181818,78383.16666666667,614599.875264889,1.0,39
100000008650785100,0,true,2,2,92000.0,120120.0,2,2,4,2026-07-05,2026-07-14,4,1.3056521739130436,false,false,false,0.0006125210138081822,2.2423618681972056e-05,0,1877,false,0,46000.0,60060.0,83192.71187057956,1.0,3
100000008654653100,0,true,0,1,0.0,54000.0,0,1,1,2026-07-11,2026-07-11,1,,false,false,false,0.00028556929421729154,0.0,0,1877,false,0,0.0,54000.0,0.0,1.0,3
100000008659445100,0,true,3,4,138490.0,875150.0,7,18,4,2026-07-05,2026-07-31,15,6.319228825185934,false,false,false,0.0024238038911821216,9.90734256935437e-07,5,6,true,5,19784.285714285714,48619.444444444445,79623.89985054433,1.0,42
100000008669037100,0,true,0,0,0.0,0.0,0,0,0,,,0,,false,false,true,0.00028556929421729154,0.0,33,1,false,0,0.0,0.0,0.0,1.0,87
100000008673001100,0,true,1,0,80000.0,0.0,1,0,1,2026-07-20,2026-07-20,1,0.0,false,false,false,0.00046897831070251243,0.0,0,1877,false,0,80000.0,0.0,80000.0,1.0,19
100000008680731100,0,true,0,27,0.0,1464354.0,0,28,27,2026-07-11,2026-07-16,6,,false,false,false,0.00028556929421729154,0.0,0,1877,false,1,0.0,52298.357142857145,0.0,1.0,11
100000008701222100,0,true,0,0,0.0,0.0,0,0,0,,,0,,false,false,true,0.00028556929421729154,0.0,34,1,false,0,0.0,0.0,0.0,1.0,88
100000008738325100,0,true,1,1,36550.0,54000.0,1,1,2,2026-07-21,2026-07-23,2,1.4774281805745555,false,false,false,0.0005285862410602093,1.981468513870874e-07,0,1877,false,0,36550.0,54000.0,36550.0,1.0,19
100000003134937100,1,false,1,0,10286.0,0.0,1,0,1,2026-07-21,2026-07-21,1,0.0,false,true,false,0.00028667522491586665,0.0,0,1877,false,0,10286.0,0.0,10286.0,1.0,3
100000005074393100,1,false,4,6,563026.0,685500.0,5,10,8,2026-07-05,2026-07-28,12,1.2175281425724567,false,false,false,0.0010600834163353955,0.00021697080226886072,0,1877,true,0,112605.2,68550.0,201070.8017176264,0.29331991497830256,13
100000001924185100,1,false,2,0,151000.0,0.0,2,0,2,2026-07-19,2026-07-21,2,0.0,false,true,false,0.0003102198760278659,0.0,0,1877,false,0,75500.0,0.0,151000.0,1.0,10
100000004070318100,1,false,4,19,207246.55,551860.0,6,37,21,2026-07-01,2026-07-31,17,2.662818753798314,false,false,false,0.0003141223476175561,0.0020732651297362425,0,1877,true,7,34541.09166666667,14915.135135135135,65291.96061361062,0.11831254414817277,0
100000005807278100,1,false,1,0,8385.0,0.0,1,0,1,2026-07-19,2026-07-19,1,0.0,false,true,false,0.00029295533223776336,0.0,4,6,false,0,8385.0,0.0,8385.0,1.0,45
100000003377795100,1,false,1,0,7000.0,0.0,1,0,1,2026-07-08,2026-07-08,1,0.0,false,true,false,0.0002859706898885471,0.0,0,1877,false,0,7000.0,0.0,7000.0,1.0,8
100000004330371100,1,false,2,2,264171.0,90681.0,12,6,2,2026-07-08,2026-07-30,8,0.3432662934235779,false,false,false,0.0012542719301566099,0.00033467003199279065,0,1877,true,4,22014.25,15113.5,132683.234050844,0.5022626785333894,3
100000008165763100,1,false,15,17,1165815.0,1267858.0,26,17,32,2026-07-08,2026-07-28,13,1.087529324978663,false,false,false,0.0009102399259160818,0.000345294033233096,0,1877,false,3,44839.03846153846,74579.88235294117,188882.2348444699,0.14897743662497684,2
100000001684867100,1,false,1,0,30550.0,0.0,1,0,1,2026-07-14,2026-07-14,1,0.0,false,true,false,0.0002888539707525308,0.0,0,1877,false,0,30550.0,0.0,30550.0,1.0,3
100000003900547100,1,false,1,0,23700.0,0.0,1,0,1,2026-07-16,2026-07-16,1,0.0,false,true,false,0.0002881174720858732,0.0,0,1877,false,0,23700.0,0.0,23700.0,1.0,3
100000006656003100,1,false,1,1,20000.0,9000.0,1,1,1,2026-07-20,2026-07-20,1,0.45,false,false,false,0.0002897670599476747,0.0,1,270,true,0,20000.0,9000.0,20000.0,1.0,1
100000008237827100,1,false,1,0,40001.0,0.0,1,0,1,2026-07-16,2026-07-16,1,0.0,false,true,false,0.0002935789518042112,0.0,0,1877,false,0,40001.0,0.0,40001.0,1.0,2
100000003014659100,1,false,1,0,280000.0,0.0,1,0,1,2026-07-20,2026-07-20,1,0.0,false,true,false,0.00032803694338806014,0.0,0,1877,false,0,280000.0,0.0,280000.0,1.0,10
100000007939160100,1,false,1,2,795000.0,14300.0,2,2,2,2026-07-09,2026-07-24,3,0.017987421383647798,false,false,false,0.0006653456234025188,3.962937027741748e-07,7,6,true,0,397500.0,7150.0,795000.0,1.0,43
100000007274584100,1,false,1,0,38000.0,0.0,1,0,1,2026-07-26,2026-07-26,1,0.0,false,true,false,0.00029317827870025315,0.0,0,1877,false,0,38000.0,0.0,38000.0,1.0,2
100000001524952100,1,false,1,0,103807.0,0.0,1,0,1,2026-07-05,2026-07-05,1,0.0,false,true,false,0.000305048929310362,0.0,0,1877,false,0,103807.0,0.0,103807.0,1.0,0
100000003131693100,1,false,1,0,353277.0,0.0,1,0,1,2026-07-24,2026-07-24,1,0.0,false,true,false,0.0003563082208274816,0.0,0,1877,false,0,353277.0,0.0,353277.0,1.0,2
100000008383405100,1,false,1,0,25000.0,0.0,2,0,1,2026-07-01,2026-07-08,2,0.0,false,true,false,0.0003060252661737661,0.0,0,1877,false,0,12500.0,0.0,25000.0,1.0,22
100000008736173100,1,false,1,0,31060.0,0.0,1,0,1,2026-07-20,2026-07-20,1,0.0,false,true,false,0.00029208842439657666,0.0,1,270,false,0,31060.0,0.0,31060.0,1.0,1
100000002861485100,1,false,1,0,29323.0,0.0,1,0,1,2026-07-22,2026-07-22,1,0.0,false,true,false,0.0002887220461008536,0.0,0,1877,false,0,29323.0,0.0,29323.0,1.0,3
100000008745474100,1,false,1,0,40559.0,0.0,1,0,1,2026-07-22,2026-07-22,1,0.0,false,true,false,0.00029408215323022217,0.0,1,270,false,0,40559.0,0.0,40559.0,1.0,1
100000008691330100,1,false,1,0,21440.0,0.0,1,0,1,2026-07-09,2026-07-09,1,0.0,false,true,false,0.00029006929908026235,0.0,1,270,false,0,21440.0,0.0,21440.0,1.0,1
100000007639767100,1,false,4,10,90913.0,822244.0,4,13,11,2026-07-03,2026-07-30,12,9.044295095310902,false,false,false,0.00030144003922722264,0.0025112211996485036,0,1877,true,1,22728.25,63249.53846153846,23508.732142169392,0.02859094398033843,24
100000002921047100,1,false,2,1,338000.0,163000.02,2,1,3,2026-07-10,2026-07-27,2,0.48224857988165676,false,false,false,0.0003170480938744791,2.159800680119253e-05,0,1877,false,0,169000.0,163000.02,175107.96622344223,0.5180709059865155,8
100000004783447100,1,false,1,0,26200.0,0.0,1,0,1,2026-07-14,2026-07-14,1,0.0,false,true,false,0.0002910683673240935,0.0,1,270,false,0,26200.0,0.0,26200.0,1.0,1
100000008696919100,1,false,1,0,31945.0,0.0,1,0,1,2026-07-10,2026-07-10,1,0.0,false,true,false,0.0002922741755301461,0.0,1,270,false,0,31945.0,0.0,31945.0,1.0,1
100000008736940100,1,false,3,3,451090.0,182100.0,13,6,3,2026-07-22,2026-07-31,7,0.40368884258130305,false,false,false,0.002414156749076463,7.925874055483496e-07,5,6,true,5,34699.230769230766,30350.0,349755.63891108887,0.7753566669868294,42
100000005940652100,1,false,1,0,8395.0,0.0,1,0,1,2026-07-16,2026-07-16,1,0.0,false,true,false,0.0002880883622154847,0.0,0,1877,false,0,8395.0,0.0,8395.0,1.0,39
100000004180097100,1,false,3,3,104854.0,47800.0,5,7,4,2026-07-01,2026-07-31,6,0.4558719743643542,false,false,false,0.0008565318930578589,0.0003136664657457594,0,1877,true,1,20970.8,6828.571428571428,95692.60003227562,0.9126270817734718,0
100000005539201100,1,false,1,1,45504.0,25000.0,1,1,2,2026-07-05,2026-07-09,2,0.5494022503516175,false,false,false,0.00029046179572496833,4.197410801883135e-05,0,1877,false,0,45504.0,25000.0,45504.0,1.0,3
100000005620225100,1,false,2,0,49845.66,0.0,2,0,2,2026-07-02,2026-07-03,2,0.0,false,true,false,0.00029623624314500165,0.0,0,1877,false,0,24922.83,0.0,43927.63651260334,0.8812730438839277,0
100000004388353100,1,false,2,0,62960.0,0.0,2,0,2,2026-07-11,2026-07-19,2,0.0,false,true,false,0.0003407590740791645,0.0,0,1877,false,0,31480.0,0.0,35299.65171026417,0.5606679115353267,10
100000007442518100,1,false,5,9,510000.0,4419999.0,8,12,14,2026-07-02,2026-07-22,13,8.666664705882352,false,false,false,0.0006487732246506232,0.0002522409418157623,0,1877,true,2,63750.0,368333.25,7293.080515081625,0.0016500185893891888,30
100000000267734100,1,false,2,7,180000.0,282000.0,4,8,8,2026-07-04,2026-07-29,8,1.5666666666666667,false,false,false,0.0005373190777888436,3.5666433249675733e-06,0,1877,true,0,45000.0,35250.0,152432.43243243243,0.5405405405405406,8
100000001987030100,1,false,2,1,30864.0,19000.0,2,1,3,2026-07-13,2026-07-27,3,0.6156039398652151,false,false,false,0.00029387275355437117,5.706629319948117e-05,0,1877,false,0,15432.0,19000.0,7852.084349150292,0.2544091611311007,15
100000002603478100,1,false,1,0,23500.0,0.0,1,0,1,2026-07-15,2026-07-15,1,0.0,false,true,false,0.00028946923798144183,0.0,0,1877,false,0,23500.0,0.0,23500.0,1.0,11
100000001380054100,1,false,2,3,127050.0,360000.0,2,4,3,2026-07-04,2026-07-24,4,2.833530106257379,false,false,false,0.0007164305424822372,2.774055919419224e-06,3,13,true,0,63525.0,90000.0,122396.94007649808,0.3399915002124947,29
100000002992171100,1,false,1,0,14627.0,0.0,1,0,1,2026-07-16,2026-07-16,1,0.0,false,true,false,0.00028863933018420727,0.0,1,270,false,0,14627.0,0.0,14627.0,1.0,1
100000002781227100,1,false,2,3,191167.62,212420.0,8,10,4,2026-07-01,2026-07-29,10,1.1111714421092862,false,false,false,0.0023265921896669546,0.00013295653728073565,0,1877,true,3,23895.9525,21242.0,185265.9192006755,0.8721679653548419,62
100000008745643100,1,false,1,0,20313.0,0.0,1,0,1,2026-07-22,2026-07-22,1,0.0,false,true,false,0.0002898327549813552,0.0,1,270,false,0,20313.0,0.0,20313.0,1.0,1
100000002836736100,1,false,2,0,509000.0,0.0,2,0,2,2026-07-16,2026-07-16,1,0.0,false,true,false,0.00045179005468890665,0.0,0,1877,false,0,254500.0,0.0,325017.77777777775,0.6385418030997598,9
100000004188160100,1,false,2,5,87862.0,133846.0,5,6,6,2026-07-03,2026-07-29,8,1.5233661878855478,false,false,false,0.00029682740213491873,0.002460104826647164,0,1877,true,1,17572.4,22307.666666666668,79500.39468492025,0.59396914875992,3
100000004841728100,1,false,1,0,52208.0,0.0,1,0,1,2026-07-17,2026-07-17,1,0.0,false,true,false,0.00029652714187988386,0.0,1,270,false,0,52208.0,0.0,52208.0,1.0,1
100000001554432100,1,false,1,0,53920.0,0.0,1,0,1,2026-07-24,2026-07-24,1,0.0,false,true,false,0.0002963660427257465,0.0,0,1877,false,0,53920.0,0.0,53920.0,1.0,2
100000008768896100,1,false,1,0,47060.0,0.0,1,0,1,2026-07-28,2026-07-28,1,0.0,false,true,false,0.0002954466369808832,0.0,1,270,false,0,47060.0,0.0,47060.0,1.0,1
100000008232832100,1,false,1,1,337000.0,138000.0,2,1,2,2026-07-10,2026-07-17,2,0.4094955489614243,false,false,false,0.0004942271899045282,0.0,0,1877,false,1,168500.0,138000.0,337000.0,1.0,39
100000002864256100,1,false,1,0,135780.0,0.0,1,0,1,2026-07-22,2026-07-22,1,0.0,false,true,false,0.00031275739719351586,0.0,0,1877,false,0,135780.0,0.0,135780.0,1.0,2
100000001929088100,1,false,2,0,396010.0,0.0,2,0,2,2026-07-17,2026-07-31,2,0.0,false,true,false,0.0003175873990634132,0.0,0,1877,false,0,198005.0,0.0,396010.0,1.0,8
100000002794197100,1,false,1,0,30100.0,0.0,1,0,1,2026-07-18,2026-07-18,1,0.0,false,true,false,0.00028729529560369047,0.0,0,1877,false,0,30100.0,0.0,30100.0,1.0,8
100000005669845100,1,false,1,0,20000.0,0.0,1,0,1,2026-07-04,2026-07-04,1,0.0,false,true,false,0.00031753584489255926,0.0,3,13,false,0,20000.0,0.0,20000.0,1.0,29
100000002211413100,1,false,1,0,37000.0,0.0,1,0,1,2026-07-28,2026-07-28,1,0.0,false,true,false,0.0002933351608185004,0.0,1,270,false,0,37000.0,0.0,37000.0,1.0,1
100000002784085100,1,false,1,0,200000.0,0.0,1,0,1,2026-07-29,2026-07-29,1,0.0,false,true,false,0.00030704796171737703,0.0,0,1877,false,0,200000.0,0.0,200000.0,1.0,8
100000008782421100,1,false,1,0,49680.0,0.0,1,0,1,2026-07-31,2026-07-31,1,0.0,false,true,false,0.0002959965442915634,0.0,1,270,false,0,49680.0,0.0,49680.0,1.0,1
100000003739818100,1,false,1,0,57293.0,0.0,1,0,1,2026-07-21,2026-07-21,1,0.0,false,true,false,0.0002970414402168262,0.0,0,1877,false,0,57293.0,0.0,57293.0,1.0,2
100000002214570100,1,false,1,0,26471.0,0.0,1,0,1,2026-07-13,2026-07-13,1,0.0,false,true,false,0.00029112524704974025,0.0,1,270,false,0,26471.0,0.0,26471.0,1.0,1
100000006443391100,1,false,3,2,86775.93,60041.71000000001,7,6,3,2026-07-07,2026-07-30,8,0.6919166409394865,false,false,false,0.00241950775350154,1.1888811083225246e-06,0,1877,true,2,12396.561428571427,10006.951666666668,48657.331597655284,0.5607238274214438,8
100000005473151100,1,false,3,4,1220000.0,225000.0,4,6,6,2026-07-04,2026-07-18,4,0.18442622950819673,false,false,false,0.0004682674337196526,0.00024159762522697013,0,1877,true,2,305000.0,37500.0,61167.893165352994,0.05013761734864999,7
100000005124479100,1,false,2,2,137753.0,22000.0,2,2,4,2026-07-06,2026-07-20,4,0.15970614070110994,false,false,false,0.00030323005398092,4.755524433290098e-05,0,1877,false,0,68876.5,11000.0,49237.38944551128,0.3574324293881896,0
100000005527892100,1,false,3,8,220001.0,552419.0,3,8,11,2026-07-01,2026-07-31,8,2.510984040981632,false,false,false,0.00031243167214621147,0.0004955713375099348,0,1877,false,0,73333.66666666667,69052.375,70294.666907863,0.12724882183245506,17
100000008028628100,1,false,1,0,57224.0,0.0,1,0,1,2026-07-08,2026-07-08,1,0.0,false,true,false,0.00029757994152506393,0.0,1,270,false,0,57224.0,0.0,57224.0,1.0,1
100000001953577100,1,false,1,0,15600.0,0.0,1,0,1,2026-07-20,2026-07-20,1,0.0,false,true,false,0.0002888435514869904,0.0,1,270,false,0,15600.0,0.0,15600.0,1.0,1
100000008193577100,1,false,2,5,154300.0,480180.0,6,16,5,2026-07-04,2026-07-29,14,3.1119896305897603,false,false,false,0.0012389478209868774,9.90734256935437e-07,5,6,true,4,25716.666666666668,30011.25,139181.50368821362,0.28985277122790126,42
100000008753193100,1,false,1,0,35225.0,0.0,1,0,1,2026-07-24,2026-07-24,1,0.0,false,true,false,0.00029296260910992896,0.0,1,270,false,0,35225.0,0.0,35225.0,1.0,1
100000008746025100,1,false,1,0,22000.0,0.0,1,0,1,2026-07-22,2026-07-22,1,0.0,false,true,false,0.00029018683652071305,0.0,1,270,false,0,22000.0,0.0,22000.0,1.0,1
100000002934441100,1,false,2,0,60845.6,0.0,2,0,2,2026-07-02,2026-07-02,1,0.0,false,true,false,0.0003024813010750062,0.0,0,1877,false,0,30422.8,0.0,36087.396969382076,0.5930978898947842,0
100000003701161100,1,false,4,3,1527103.0,349000.0,13,7,5,2026-07-06,2026-07-31,14,0.22853730232996727,false,false,false,0.0016488161626324815,0.00021300786524111896,0,1877,true,2,117469.46153846153,49857.142857142855,269263.33831426076,0.1763229712169125,21
100000006707582100,1,false,2,14,39520.0,961138.0,2,15,15,2026-07-18,2026-07-24,5,24.320293522267207,false,false,false,0.0005380556485142959,0.00036346737439438065,0,1877,true,0,19760.0,64075.86666666667,22408.470376783825,0.0233145192228211,7
100000003239379100,1,false,1,0,92500.0,0.0,1,0,1,2026-07-12,2026-07-12,1,0.0,false,true,false,0.0003009201366932023,0.0,0,1877,false,0,92500.0,0.0,92500.0,1.0,11
100000000979923100,1,false,1,0,97900.0,0.0,1,0,1,2026-07-13,2026-07-13,1,0.0,false,true,false,0.00030041780440949955,0.0,0,1877,false,0,97900.0,0.0,97900.0,1.0,10
100000001111763100,1,false,1,0,17144.0,0.0,1,0,1,2026-07-07,2026-07-07,1,0.0,false,true,false,0.00028916761900137604,0.0,1,270,false,0,17144.0,0.0,17144.0,1.0,1
100000003865939100,1,false,1,0,81465.0,0.0,1,0,1,2026-07-29,2026-07-29,1,0.0,false,true,false,0.0005285862410602093,0.0,15,2,false,0,81465.0,0.0,81465.0,1.0,68
100000002858835100,1,false,1,0,24400.0,0.0,1,0,1,2026-07-06,2026-07-06,1,0.0,false,true,false,0.00029069056840835903,0.0,1,270,false,0,24400.0,0.0,24400.0,1.0,1
100000003404627100,1,false,4,0,877700.0,0.0,5,0,4,2026-07-10,2026-07-13,2,0.0,false,true,false,0.0013785777125656837,0.0,0,1877,false,1,175540.0,0.0,614284.2134622427,0.6998794730115561,39
100000008691027100,1,false,1,0,17534.0,0.0,1,0,1,2026-07-09,2026-07-09,1,0.0,false,true,false,0.0002892494754331185,0.0,1,270,false,0,17534.0,0.0,17534.0,1.0,1
100000004071080100,1,false,9,2,238600.0,46500.0,16,5,10,2026-07-03,2026-07-21,12,0.19488683989941324,false,false,false,0.0013690045738923447,2.813685289696641e-05,0,1877,true,1,14912.5,9300.0,71355.08701830088,0.2990573638654689,0
100000002864680100,1,false,1,0,55932.0,0.0,1,0,1,2026-07-13,2026-07-13,1,0.0,false,true,false,0.00029485149228607687,0.0,0,1877,false,0,55932.0,0.0,55932.0,1.0,11
100000001330685100,1,false,3,1,2435923.0,100500.0,7,1,4,2026-07-01,2026-07-29,6,0.04125746175063826,false,false,false,0.0004382160258847993,1.922024458454748e-05,0,1877,false,1,347989.0,100500.0,135739.3580207966,0.0557239937472558,5
100000008745725100,1,false,1,0,47060.0,0.0,1,0,1,2026-07-22,2026-07-22,1,0.0,false,true,false,0.0002954466369808832,0.0,1,270,false,0,47060.0,0.0,47060.0,1.0,1
100000002621949100,1,false,1,0,164612.0,0.0,1,0,1,2026-07-24,2026-07-24,1,0.0,false,true,false,0.0003185306140517461,0.0,0,1877,false,0,164612.0,0.0,164612.0,1.0,2
100000007908818100,1,false,4,6,727475.0,302000.0,4,13,10,2026-07-03,2026-07-28,11,0.4151345407058662,false,false,false,0.00047538119204737717,0.00017753957884283033,0,1877,false,0,181868.75,23230.76923076923,418681.82898278814,0.5755274462803369,2
100000008691495100,1,false,1,0,27000.0,0.0,1,0,1,2026-07-09,2026-07-09,1,0.0,false,true,false,0.00029123627795330886,0.0,1,270,false,0,27000.0,0.0,27000.0,1.0,1
100000003832231100,1,false,1,0,35000.0,0.0,1,0,1,2026-07-16,2026-07-16,1,0.0,false,true,false,0.0002925775693989667,0.0,0,1877,false,0,35000.0,0.0,35000.0,1.0,2
100000002371751100,1,false,1,1,200000.0,250000.0,5,1,2,2026-07-10,2026-07-13,4,1.25,false,false,false,0.0005285862410602093,1.981468513870874e-07,13,3,false,1,40000.0,250000.0,200000.0,0.8,61
100000002894076100,1,false,4,0,1122782.0,0.0,6,0,4,2026-07-10,2026-07-26,3,0.0,false,true,false,0.0003826799433759162,0.0,0,1877,false,1,187130.33333333334,0.0,822302.2008379006,0.7323792159456606,8
100000001362940100,1,false,1,0,81000.0,0.0,1,0,1,2026-07-19,2026-07-19,1,0.0,false,true,false,0.0003017884453520255,0.0,0,1877,false,0,81000.0,0.0,81000.0,1.0,2
100000008741372100,1,false,1,0,35975.0,0.0,1,0,1,2026-07-21,2026-07-21,1,0.0,false,true,false,0.0002931200253248183,0.0,1,270,false,0,35975.0,0.0,35975.0,1.0,1
100000002618492100,1,false,2,0,296500.0,0.0,2,0,2,2026-07-14,2026-07-21,2,0.0,false,true,false,0.00036902681066638954,0.0,0,1877,false,0,148250.0,0.0,180762.7705279043,0.609655212573033,10
100000002750332100,1,false,1,0,11360.0,0.0,1,0,1,2026-07-17,2026-07-17,1,0.0,false,true,false,0.0002867892825312964,0.0,0,1877,false,0,11360.0,0.0,11360.0,1.0,8
100000004948177100,1,false,3,0,437163.0,0.0,8,0,3,2026-07-02,2026-07-10,7,0.0,false,true,false,0.00042215807154897335,0.0,0,1877,false,1,54645.375,0.0,343503.49224487675,0.7857560961126095,3
100000002511825100,1,false,1,0,65000.0,0.0,1,0,1,2026-07-01,2026-07-01,1,0.0,false,true,false,0.0002977667017240067,0.0,0,1877,false,0,65000.0,0.0,65000.0,1.0,0
100000008566737100,1,false,2,0,230000.0,0.0,2,0,2,2026-07-20,2026-07-20,1,0.0,false,true,false,0.0003494638119095346,0.0,0,1877,false,0,115000.0,0.0,105852.5821946994,0.46022861823782346,0
100000008661585100,1,false,1,0,43141.0,0.0,1,0,1,2026-07-01,2026-07-01,1,0.0,false,true,false,0.0002946240847860146,0.0,1,270,false,0,43141.0,0.0,43141.0,1.0,1
100000004759121100,1,false,6,2,710000.0,312000.0,10,6,7,2026-07-01,2026-07-30,14,0.4394366197183099,false,false,false,0.001415179682240734,7.7079125189577e-05,0,1877,true,0,71000.0,52000.0,68622.40680448596,0.09665127718941685,0
100000004360785100,1,false,1,0,94705.0,0.0,1,0,1,2026-07-13,2026-07-13,1,0.0,false,true,false,0.0002957517914765332,0.0,0,1877,false,0,94705.0,0.0,94705.0,1.0,3
100000005092518100,1,false,1,0,26144.0,0.0,1,0,1,2026-07-07,2026-07-07,1,0.0,false,true,false,0.00029105661358004846,0.0,1,270,false,0,26144.0,0.0,26144.0,1.0,1
100000008737958100,1,false,2,0,53373.0,0.0,2,0,2,2026-07-20,2026-07-28,2,0.0,false,true,false,0.0002996261402634541,0.0,1,270,false,0,26686.5,0.0,31751.070228000866,0.5948901172503114,1
100000003044518100,1,false,1,0,34423.0,0.0,1,0,1,2026-07-20,2026-07-20,1,0.0,false,true,false,0.0002875431861018102,0.0,0,1877,false,0,34423.0,0.0,34423.0,1.0,8
100000004159526100,1,false,4,4,275037.0,68000.0,4,6,7,2026-07-01,2026-07-27,7,0.24723946232688693,false,false,false,0.0008532026216190944,9.788454458522118e-05,0,1877,true,0,68759.25,11333.333333333334,108289.23969110235,0.3937260793678754,14
100000007544358100,1,false,2,1,322500.0,350000.0,2,3,3,2026-07-04,2026-07-21,4,1.0852713178294573,false,false,false,0.00034057167427426654,1.9616538287321655e-05,0,1877,false,0,161250.0,116666.66666666667,300361.6173558082,0.8581760495880234,3
100000005901606100,1,false,1,0,35660.0,0.0,1,0,1,2026-07-23,2026-07-23,1,0.0,false,true,false,0.0002930539105145648,0.0,1,270,false,0,35660.0,0.0,35660.0,1.0,1
100000006658598100,1,false,1,0,9000.0,0.0,1,0,1,2026-07-19,2026-07-19,1,0.0,false,true,false,0.0002865369566990314,0.0,0,1877,false,0,9000.0,0.0,9000.0,1.0,3
100000002793851100,1,false,1,0,11052.0,0.0,1,0,1,2026-07-04,2026-07-04,1,0.0,false,true,false,0.0002867575837448681,0.0,0,1877,false,0,11052.0,0.0,11052.0,1.0,3
100000005612411100,1,false,3,8,115500.0,506997.0,4,8,11,2026-07-03,2026-07-29,7,4.389584415584416,false,false,false,0.0003272060826887607,0.00015534713148747652,0,1877,false,0,28875.0,63374.625,68843.64628476033,0.13578708805921993,2
100000007511163100,1,false,2,3,63666.0,82052.0,2,3,4,2026-07-01,2026-07-05,3,1.2887883642760658,false,false,false,0.0003395973251602182,0.00013645713165524087,0,1877,true,0,31833.0,27350.666666666668,16267.730258440373,0.19826122773899935,3
100000002648315100,1,false,1,2,132000.0,76000.0,1,3,3,2026-07-17,2026-07-25,4,0.5757575757575758,false,false,false,0.0002931384697323966,3.962937027741748e-07,0,1877,false,0,132000.0,25333.333333333332,132000.0,1.0,8
100000004739664100,1,false,1,1,12000.0,10000.0,1,1,2,2026-07-02,2026-07-23,2,0.8333333333333334,false,false,false,0.0002880879536555215,1.387027959709612e-06,1,270,false,0,12000.0,10000.0,12000.0,1.0,1
100000003713616100,1,false,1,0,15893.0,0.0,1,0,1,2026-07-09,2026-07-09,1,0.0,false,true,false,0.0002872780786419906,0.0,0,1877,false,0,15893.0,0.0,15893.0,1.0,3
100000003476560100,1,false,1,0,50000.0,0.0,1,0,1,2026-07-15,2026-07-15,1,0.0,false,true,false,0.0002955811159053989,0.0,0,1877,false,0,50000.0,0.0,50000.0,1.0,2
100000008782800100,1,false,1,0,43381.0,0.0,1,0,1,2026-07-31,2026-07-31,1,0.0,false,true,false,0.0002946744579747792,0.0,1,270,false,0,43381.0,0.0,43381.0,1.0,1
100000004218576100,1,false,1,0,26144.0,0.0,1,0,1,2026-07-13,2026-07-13,1,0.0,false,true,false,0.00029105661358004846,0.0,1,270,false,0,26144.0,0.0,26144.0,1.0,1
100000003299365100,1,false,1,1,200000.0,200000.0,1,1,1,2026-07-26,2026-07-26,1,1.0,false,false,false,0.00032561658096972093,0.0,0,1877,true,0,200000.0,200000.0,200000.0,1.0,2
100000008730021100,1,false,1,0,75555.0,0.0,3,0,1,2026-07-20,2026-07-23,2,0.0,false,true,false,0.0004681382591766429,0.0,0,1877,false,1,25185.0,0.0,75555.0,1.0,15
100000002757797100,1,false,1,0,100000.0,0.0,1,0,1,2026-07-14,2026-07-14,1,0.0,false,true,false,0.00030216479959665457,0.0,0,1877,false,0,100000.0,0.0,100000.0,1.0,11
100000002845605100,1,false,1,0,57567.0,0.0,1,0,1,2026-07-02,2026-07-02,1,0.0,false,true,false,0.000296371881262508,0.0,0,1877,false,0,57567.0,0.0,57567.0,1.0,0
100000000817146100,1,false,1,0,70020.0,0.0,1,0,1,2026-07-06,2026-07-06,1,0.0,false,true,false,0.0005894684786410268,0.0,0,1877,false,0,70020.0,0.0,70020.0,1.0,3
100000002957306100,1,false,2,0,398490.0,0.0,2,0,2,2026-07-19,2026-07-24,2,0.0,false,true,false,0.0003551868796242712,0.0,0,1877,false,0,199245.0,0.0,398490.0,1.0,10
100000008188026100,1,false,2,4,86468.0,337983.17,5,4,6,2026-07-03,2026-07-30,6,3.9087659018365173,false,false,false,0.00029930359678538354,8.203279647425419e-05,0,1877,true,1,17293.6,84495.7925,63599.08904530054,0.18817235498826923,15
100000004790991100,1,false,1,0,239413.0,0.0,4,0,1,2026-07-04,2026-07-15,4,0.0,false,true,false,0.00031131051396626806,0.0,0,1877,false,0,59853.25,0.0,239413.0,1.0,3
100000002973903100,1,false,3,0,92880.0,0.0,3,0,3,2026-07-14,2026-07-23,3,0.0,false,true,false,0.0003168690397944537,0.0,0,1877,false,0,30960.0,0.0,43474.49543198507,0.468071656244456,11
100000004325327100,1,false,2,1,70817.0,70000.0,3,1,3,2026-07-03,2026-07-29,4,0.988463222107686,false,false,false,0.00029579231968135644,3.844048916909496e-05,0,1877,false,0,23605.666666666668,70000.0,47491.76020205516,0.6706265473269859,0
100000001477796100,1,false,1,0,182000.0,0.0,1,0,1,2026-07-28,2026-07-28,1,0.0,false,true,false,0.0003306619019813849,0.0,0,1877,false,0,182000.0,0.0,182000.0,1.0,2
100000007536804100,1,false,1,2,100000.0,55000.0,1,2,3,2026-07-25,2026-07-29,3,0.55,false,false,false,0.0002913035180923711,7.925874055483496e-07,0,1877,false,0,100000.0,27500.0,100000.0,1.0,8
100000008665380100,1,false,2,1,69100.0,18200.0,2,1,3,2026-07-06,2026-07-09,3,0.2633863965267728,false,false,false,0.0002907743285019276,1.922024458454748e-05,0,1877,false,0,34550.0,18200.0,10050.024756541436,0.1454417475621047,0
100000001870116100,1,false,1,0,24000.0,0.0,1,0,1,2026-07-27,2026-07-27,1,0.0,false,true,false,0.00029060661309375133,0.0,1,270,false,0,24000.0,0.0,24000.0,1.0,1
100000001074553100,1,false,2,0,28971.0,0.0,2,0,2,2026-07-14,2026-07-17,2,0.0,false,true,false,0.0002894987523363488,0.0,0,1877,false,0,14485.5,0.0,28971.0,1.0,8
100000000978041100,1,false,1,0,44445.0,0.0,1,0,1,2026-07-22,2026-07-22,1,0.0,false,true,false,0.0002948977791116356,0.0,1,270,false,0,44445.0,0.0,44445.0,1.0,1
100000002603769100,1,false,3,0,1185368.0,0.0,3,0,3,2026-07-08,2026-07-14,3,0.0,false,true,false,0.0005415388680707115,0.0,0,1877,false,0,395122.6666666667,0.0,169725.65528934394,0.1431839355283287,0
100000005034574100,1,false,1,0,258816.0,0.0,16,0,1,2026-07-27,2026-07-31,5,0.0,false,true,false,0.00042508668959388994,0.0,12,3,false,3,16176.0,0.0,258816.0,1.0,64
100000002958286100,1,false,1,0,257000.0,0.0,1,0,1,2026-07-20,2026-07-20,1,0.0,false,true,false,0.00031316938195490143,0.0,0,1877,false,0,257000.0,0.0,257000.0,1.0,8
100000005634552100,1,false,1,3,25850.0,1196000.0,1,4,4,2026-07-09,2026-07-21,4,46.2669245647969,false,false,false,0.0002883486359009555,2.917712386674862e-05,0,1877,false,1,25850.0,299000.0,25850.0,0.02161371237458194,0
100000008736760100,1,false,1,0,54757.0,0.0,1,0,1,2026-07-20,2026-07-20,1,0.0,false,true,false,0.0002970621471222212,0.0,1,270,false,0,54757.0,0.0,54757.0,1.0,1
100000008701944100,1,false,1,0,52124.0,0.0,1,0,1,2026-07-12,2026-07-12,1,0.0,false,true,false,0.0004115202535123909,0.0,0,1877,false,0,52124.0,0.0,52124.0,1.0,15
100000008748408100,1,false,1,21,360000.0,1499960.0,2,22,22,2026-07-26,2026-07-31,6,4.166555555555555,false,false,false,0.0003340545949423314,7.1332866499351465e-06,0,1877,false,0,180000.0,68180.0,360000.0,0.2400064001706712,9
100000008486520100,1,false,1,1,35720.0,14000.0,2,1,2,2026-07-16,2026-07-18,2,0.3919372900335946,false,false,false,0.0002894098390892636,1.922024458454748e-05,0,1877,false,1,17860.0,14000.0,35720.0,1.0,3
100000003163256100,1,false,1,1,13485.0,15000.0,1,1,2,2026-07-02,2026-07-07,2,1.1123470522803114,false,false,false,0.0002870191751690984,1.922024458454748e-05,0,1877,false,0,13485.0,15000.0,13485.0,0.899,3
100000003102157100,1,false,1,0,96746.0,0.0,2,0,1,2026-07-13,2026-07-13,1,0.0,false,true,false,0.00030372391555028635,0.0,0,1877,false,1,48373.0,0.0,96746.0,1.0,0
100000004741837100,1,false,1,0,25596.0,0.0,1,0,1,2026-07-09,2026-07-09,1,0.0,false,true,false,0.00028832132631535974,0.0,0,1877,false,0,25596.0,0.0,25596.0,1.0,3
100000008443341100,1,false,2,3,34500.0,50000.0,2,4,4,2026-07-01,2026-07-18,4,1.4492753623188406,false,false,false,0.0006689699930486669,0.00036009896241195655,0,1877,true,0,17250.0,12500.0,30625.0,0.6125,0
100000004792397100,1,false,1,0,73520.0,0.0,1,0,1,2026-07-31,2026-07-31,1,0.0,false,true,false,0.0003010002810421802,0.0,1,270,false,0,73520.0,0.0,73520.0,1.0,1
100000003809101100,1,false,2,2,166050.0,55200.0,3,4,3,2026-07-07,2026-07-26,5,0.3324299909665763,false,false,false,0.00036194707754243373,0.00013333962119341738,0,1877,true,1,55350.0,13800.0,147738.40342563274,0.8897223934094113,10
100000002838861100,1,false,5,1,554523.95,10000.0,5,1,5,2026-07-11,2026-07-22,5,0.018033486200190272,false,false,false,0.0021199186472606875,1.9418391435934565e-05,0,1877,true,0,110904.79,10000.0,403408.4221533861,0.727486021394362,8
100000008560717100,1,false,7,1,529000.0,25000.0,9,1,8,2026-07-05,2026-07-30,8,0.04725897920604915,false,false,false,0.00033083415655521347,1.922024458454748e-05,0,1877,false,0,58777.77777777778,25000.0,46319.338262577294,0.08756018575156388,5
100000008693069100,1,false,1,0,20000.0,0.0,1,0,1,2026-07-09,2026-07-09,1,0.0,false,true,false,0.0002897670599476747,0.0,1,270,false,0,20000.0,0.0,20000.0,1.0,1
100000008672162100,1,false,1,0,15550.0,0.0,1,0,1,2026-07-03,2026-07-03,1,0.0,false,true,false,0.00028883305707266447,0.0,1,270,false,0,15550.0,0.0,15550.0,1.0,1
100000007311010100,1,false,2,1,64480.0,20000.0,2,1,3,2026-07-03,2026-07-22,3,0.31017369727047145,false,false,false,0.00030935983624902813,2.3975769017837576e-05,0,1877,false,0,32240.0,20000.0,41944.92252182939,0.6505105850159645,2
100000005505655100,1,false,2,1,33070.0,20000.0,2,1,2,2026-07-05,2026-07-08,2,0.6047777441790142,false,false,false,0.0003215080211255226,0.0002690834241836647,0,1877,true,0,16535.0,20000.0,13452.647963133793,0.4067931044189233,25
100000004707703100,1,false,2,5,239300.0,231650.0,3,6,7,2026-07-03,2026-07-24,6,0.9680317592979524,false,false,false,0.0006355624384346359,0.00010710478506958707,0,1877,false,0,79766.66666666667,38608.333333333336,239277.98501045106,0.9999080025509864,3
100000004005964100,1,false,3,3,97900.0,72000.0,9,5,4,2026-07-06,2026-07-30,9,0.7354443309499489,false,false,false,0.00040452469148817284,4.953671284677185e-07,2,17,true,2,10877.777777777777,14400.0,13422.285208420375,0.1371019939573072,23
100000008244300100,1,false,5,0,65430.0,0.0,6,0,5,2026-07-02,2026-07-18,6,0.0,false,true,false,0.0004793659147286669,0.0,0,1877,false,0,10905.0,0.0,9129.990884503319,0.13953829870859422,5
100000002692044100,1,false,1,0,97000.0,0.0,1,0,1,2026-07-12,2026-07-12,1,0.0,false,true,false,0.0003016669344352737,0.0,0,1877,false,0,97000.0,0.0,97000.0,1.0,11
100000001103905100,1,false,1,0,18000.0,0.0,1,0,1,2026-07-18,2026-07-18,1,0.0,false,true,false,0.0002893472833746364,0.0,1,270,false,0,18000.0,0.0,18000.0,1.0,1
100000008755361100,1,false,1,0,14627.0,0.0,1,0,1,2026-07-24,2026-07-24,1,0.0,false,true,false,0.00028863933018420727,0.0,1,270,false,0,14627.0,0.0,14627.0,1.0,1
100000002810870100,1,false,1,0,33677.0,0.0,1,0,1,2026-07-02,2026-07-02,1,0.0,false,true,false,0.0002926377020423973,0.0,1,270,false,0,33677.0,0.0,33677.0,1.0,1
100000005897462100,1,false,1,0,98400.0,0.0,1,0,1,2026-07-15,2026-07-15,1,0.0,false,true,false,0.00030049363949730454,0.0,0,1877,false,0,98400.0,0.0,98400.0,1.0,10
100000000941942100,1,false,1,0,130000.0,0.0,1,0,1,2026-07-17,2026-07-17,1,0.0,false,true,false,0.00031160003060637067,0.0,0,1877,false,0,130000.0,0.0,130000.0,1.0,2
100000008723830100,1,false,2,1,459785.0,455000.0,2,1,3,2026-07-16,2026-07-18,3,0.9895929619278576,false,false,false,0.00034023098770657393,1.9616538287321655e-05,0,1877,false,0,229892.5,455000.0,454092.9758401489,0.987620248246787,3
100000008776576100,1,false,1,0,14765.0,0.0,1,0,1,2026-07-30,2026-07-30,1,0.0,false,true,false,0.0002886682947677469,0.0,1,270,false,0,14765.0,0.0,14765.0,1.0,1
100000005432267100,1,false,2,0,350001.0,0.0,2,0,2,2026-07-22,2026-07-22,1,0.0,false,true,false,0.00034233348585063317,0.0,0,1877,false,0,175000.5,0.0,250004.2798535971,0.7142959015934157,2
100000006745291100,1,false,1,0,82534.0,0.0,1,0,1,2026-07-17,2026-07-17,1,0.0,false,true,false,0.00029808724049107805,0.0,0,1877,false,0,82534.0,0.0,82534.0,1.0,10
100000008670667100,1,false,1,0,15534.0,0.0,1,0,1,2026-07-03,2026-07-03,1,0.0,false,true,false,0.00028882969886008015,0.0,1,270,false,0,15534.0,0.0,15534.0,1.0,1
100000002480800100,1,false,2,0,569251.0,0.0,2,0,2,2026-07-21,2026-07-21,1,0.0,false,true,false,0.0006410781031176439,0.0,0,1877,false,0,284625.5,0.0,231680.92321622558,0.4069925625360791,2
100000002182176100,1,false,1,0,42465.0,0.0,1,0,1,2026-07-05,2026-07-05,1,0.0,false,true,false,0.00029353795436764016,0.0,0,1877,false,0,42465.0,0.0,42465.0,1.0,0
100000008219168100,1,false,1,0,53200.0,0.0,2,0,1,2026-07-15,2026-07-25,2,0.0,false,true,false,0.00028861990131883385,0.0,0,1877,false,0,26600.0,0.0,53200.0,1.0,8
100000004226848100,1,false,1,0,301866.0,0.0,1,0,1,2026-07-28,2026-07-28,1,0.0,false,true,false,0.00034601386553133583,0.0,0,1877,false,0,301866.0,0.0,301866.0,1.0,2
100000006326645100,1,false,1,0,25264.0,0.0,1,0,1,2026-07-18,2026-07-18,1,0.0,false,true,false,0.0002908719118879116,0.0,1,270,false,0,25264.0,0.0,25264.0,1.0,1
100000003589877100,1,false,2,6,176000.0,416129.0,2,6,8,2026-07-11,2026-07-16,4,2.364369318181818,false,false,false,0.00030697515997142214,9.545724565572936e-05,0,1877,false,0,88000.0,69354.83333333333,26001.268116063504,0.062483672409429536,6
100000003942602100,1,false,1,1,30000.0,30000.0,1,1,1,2026-07-09,2026-07-09,1,1.0,false,false,false,0.00029186594281286634,0.0,1,270,true,0,30000.0,30000.0,30000.0,1.0,1
100000000922570100,1,false,1,1,47101.0,50000.0,1,1,2,2026-07-04,2026-07-15,2,1.0615485870788306,false,false,false,0.00029338594320602534,1.981468513870874e-07,0,1877,false,0,47101.0,50000.0,47101.0,0.94202,11
100000005079754100,1,false,1,2,70000.0,122000.0,1,2,3,2026-07-16,2026-07-26,3,1.7428571428571429,false,false,false,0.0002995858445806418,9.511048866580196e-05,0,1877,false,0,70000.0,61000.0,70000.0,0.5737704918032787,2
100000003187359100,1,false,1,0,19072.0,0.0,1,0,1,2026-07-22,2026-07-22,1,0.0,false,true,false,0.00028957228361778495,0.0,1,270,false,0,19072.0,0.0,19072.0,1.0,1
100000000998559100,1,false,1,0,100000.0,0.0,1,0,1,2026-07-26,2026-07-26,1,0.0,false,true,false,0.00030559293759350624,0.0,0,1877,false,0,100000.0,0.0,100000.0,1.0,2
100000008690932100,1,false,1,0,23000.0,0.0,1,0,1,2026-07-09,2026-07-09,1,0.0,false,true,false,0.0002903967248072322,0.0,1,270,false,0,23000.0,0.0,23000.0,1.0,1
100000008773876100,1,false,1,0,26120.0,0.0,1,0,1,2026-07-29,2026-07-29,1,0.0,false,true,false,0.000291051576261172,0.0,1,270,false,0,26120.0,0.0,26120.0,1.0,1
100000006789108100,1,false,1,0,37500.0,0.0,1,0,1,2026-07-02,2026-07-02,1,0.0,false,true,false,0.00029125692580266233,0.0,0,1877,false,0,37500.0,0.0,37500.0,1.0,10
100000004058740100,1,false,1,0,30000.0,0.0,1,0,1,2026-07-08,2026-07-08,1,0.0,false,true,false,0.00029186594281286634,0.0,1,270,false,0,30000.0,0.0,30000.0,1.0,1
100000007641801100,1,false,1,0,200000.0,0.0,1,0,1,2026-07-20,2026-07-20,1,0.0,false,true,false,0.0002970377419674507,0.0,0,1877,false,0,200000.0,0.0,200000.0,1.0,8
100000000555721100,1,false,2,0,113000.0,0.0,3,0,2,2026-07-04,2026-07-16,2,0.0,false,true,false,0.0003080919617958144,0.0,0,1877,false,0,37666.666666666664,0.0,95218.34752802696,0.8426402436108581,0
100000008729801100,1,false,1,0,17534.0,0.0,1,0,1,2026-07-18,2026-07-18,1,0.0,false,true,false,0.0002892494754331185,0.0,1,270,false,0,17534.0,0.0,17534.0,1.0,1
100000004664905100,1,false,2,0,329020.0,0.0,4,0,2,2026-07-10,2026-07-21,4,0.0,false,true,false,0.00041184396684263347,0.0,0,1877,false,0,82255.0,0.0,237705.7823754443,0.7224660579157629,3
100000003057225100,1,false,1,0,236000.0,0.0,1,0,1,2026-07-17,2026-07-17,1,0.0,false,true,false,0.00031094355484958164,0.0,0,1877,false,0,236000.0,0.0,236000.0,1.0,3
100000000703902100,1,false,1,0,25499.0,0.0,1,0,1,2026-07-22,2026-07-22,1,0.0,false,true,false,0.0002909212356352436,0.0,1,270,false,0,25499.0,0.0,25499.0,1.0,1
100000008720798100,1,false,1,0,15534.0,0.0,1,0,1,2026-07-20,2026-07-20,1,0.0,false,true,false,0.00028882969886008015,0.0,1,270,false,0,15534.0,0.0,15534.0,1.0,1
100000001411870100,1,false,2,0,900000.0,0.0,4,0,2,2026-07-16,2026-07-23,2,0.0,false,true,false,0.0004780448174649537,0.0,0,1877,false,1,225000.0,0.0,783555.5555555555,0.8706172839506172,9
100000008556318100,1,false,2,0,180132.0,0.0,2,0,2,2026-07-14,2026-07-19,2,0.0,false,true,false,0.0005605041030696618,0.0,0,1877,false,0,90066.0,0.0,116840.33532938696,0.6486373066939076,2
100000002720627100,1,false,1,0,199300.0,0.0,1,0,1,2026-07-21,2026-07-21,1,0.0,false,true,false,0.0003157971602163422,0.0,0,1877,false,0,199300.0,0.0,199300.0,1.0,10
100000003022835100,1,false,1,0,125000.0,0.0,1,0,1,2026-07-27,2026-07-27,1,0.0,false,true,false,0.00031059884843755994,0.0,0,1877,false,0,125000.0,0.0,125000.0,1.0,2
100000008304115100,1,false,1,0,51000.0,0.0,1,0,1,2026-07-12,2026-07-12,1,0.0,false,true,false,0.0002940330019607667,0.0,0,1877,false,0,51000.0,0.0,51000.0,1.0,11
100000003886323100,1,false,2,1,78168.0,7650.0,6,1,2,2026-07-03,2026-07-22,6,0.09786613447958244,false,false,false,0.0018048414724057037,1.922024458454748e-05,0,1877,true,1,13028.0,7650.0,8638.40755551774,0.11051079157094643,3
100000000607731100,1,false,1,1,20000.0,66666.0,1,1,2,2026-07-01,2026-07-17,2,3.3333,false,false,false,0.00031753584489255926,5.944405541612623e-07,3,13,false,0,20000.0,66666.0,20000.0,0.3000030000300003,29
100000005961971100,1,false,1,0,47353.0,0.0,1,0,1,2026-07-20,2026-07-20,1,0.0,false,true,false,0.0002955081342488333,0.0,1,270,false,0,47353.0,0.0,47353.0,1.0,1
100000000440392100,1,false,1,0,105705.0,0.0,4,0,1,2026-07-05,2026-07-19,4,0.0,false,true,false,0.0002969344900653264,0.0,0,1877,false,0,26426.25,0.0,105705.0,1.0,3
100000004105288100,1,false,2,0,215000.0,0.0,2,0,2,2026-07-18,2026-07-19,2,0.0,false,true,false,0.0004630401380988297,0.0,0,1877,false,0,107500.0,0.0,107131.6180793305,0.49828659571781625,2
100000008169544100,1,false,1,4,137104.0,42800.0,2,7,4,2026-07-10,2026-07-27,7,0.31217178200490137,false,false,false,0.00030031044942800976,0.0001183066293511889,0,1877,true,2,68552.0,6114.285714285715,137104.0,1.0,3
100000004186824100,1,false,2,1,451700.0,7000.0,7,1,3,2026-07-09,2026-07-24,7,0.015497011290679655,false,false,false,0.0003819271547747415,2.1796153652579613e-06,0,1877,false,1,64528.57142857143,7000.0,450279.4041743919,0.9968550014930083,3
100000008672200100,1,false,1,0,8511.0,0.0,1,0,1,2026-07-03,2026-07-03,1,0.0,false,true,false,0.0002873556534238561,0.0,1,270,false,0,8511.0,0.0,8511.0,1.0,1
100000002188829100,1,false,1,0,400000.0,0.0,1,0,1,2026-07-26,2026-07-26,1,0.0,false,true,false,0.0003656638677221504,0.0,0,1877,false,0,400000.0,0.0,400000.0,1.0,2
100000008717341100,1,false,1,0,14627.0,0.0,1,0,1,2026-07-15,2026-07-15,1,0.0,false,true,false,0.00028863933018420727,0.0,1,270,false,0,14627.0,0.0,14627.0,1.0,1
100000002214301100,1,false,1,1,21438.0,8000.0,1,1,2,2026-07-01,2026-07-20,2,0.373169138912212,false,false,false,0.0002895921868654294,9.610122292273739e-05,0,1877,false,0,21438.0,8000.0,21438.0,1.0,0
100000002565277100,1,false,1,0,483319.0,0.0,1,0,1,2026-07-27,2026-07-27,1,0.0,false,true,false,0.0003823473671467787,0.0,0,1877,false,0,483319.0,0.0,483319.0,1.0,2
100000005546031100,1,false,3,1,66800.0,8000.0,6,1,3,2026-07-03,2026-07-07,4,0.11976047904191617,false,false,false,0.0007125289535173759,5.944405541612623e-07,6,6,true,2,11133.333333333334,8000.0,50939.410560480006,0.7625660263544911,47
100000003449074100,1,false,1,0,10000.0,0.0,1,0,1,2026-07-02,2026-07-02,1,0.0,false,true,false,0.00028744581844909387,0.0,0,1877,false,0,10000.0,0.0,10000.0,1.0,0
100000008748914100,1,false,2,13,180000.0,4471847.0,9,21,14,2026-07-23,2026-07-31,9,24.843594444444445,false,false,false,0.0007908267344260687,0.0006406087705344536,0,1877,true,5,20000.0,212945.09523809524,96840.7297997856,0.02165564470335984,2
100000004744306100,1,false,1,2,69000.0,92000.0,1,3,3,2026-07-03,2026-07-12,4,1.3333333333333333,false,false,false,0.00046077699668254296,3.923307657464331e-05,0,1877,false,0,69000.0,30666.666666666668,69000.0,0.75,19
100000003158727100,1,false,3,0,367940.0,0.0,3,0,3,2026-07-18,2026-07-23,2,0.0,false,true,false,0.0003141291273527469,0.0,0,1877,false,0,122646.66666666667,0.0,176617.65190938735,0.4800175352214691,8
100000001389255100,1,false,1,0,16136.0,0.0,1,0,1,2026-07-18,2026-07-18,1,0.0,false,true,false,0.0002889560516085647,0.0,1,270,false,0,16136.0,0.0,16136.0,1.0,1
100000008695495100,1,false,1,0,21000.0,0.0,1,0,1,2026-07-10,2026-07-10,1,0.0,false,true,false,0.0002899769482341939,0.0,1,270,false,0,21000.0,0.0,21000.0,1.0,1
100000004015047100,1,false,9,1,919104.0,69195.0,18,7,9,2026-07-01,2026-07-23,14,0.07528527783580531,false,false,false,0.0022785971106508733,2.2885961335208597e-05,0,1877,true,5,51061.333333333336,9885.0,585259.711249687,0.6367720206306218,9
100000005183943100,1,false,1,0,680900.0,0.0,9,0,1,2026-07-01,2026-07-29,9,0.0,false,true,false,0.0006108393603081358,0.0,7,6,false,0,75655.55555555556,0.0,680900.0,1.0,43
100000003004487100,1,false,4,2,183702.8,265015.0,9,3,5,2026-07-01,2026-07-28,9,1.4426290726107605,false,false,false,0.0003508724817163434,0.00019279688639963605,0,1877,true,2,20411.42222222222,88338.33333333333,48512.523809062455,0.1830557659342394,31
100000003042994100,1,false,1,0,286086.0,0.0,3,0,1,2026-07-03,2026-07-23,3,0.0,false,true,false,0.00031632870407851755,0.0,0,1877,false,0,95362.0,0.0,286086.0,1.0,3
100000001899164100,1,false,4,3,291675.0,76500.0,5,3,5,2026-07-01,2026-07-31,6,0.2622782206222679,false,false,false,0.00117656200955105,0.00012661583803634885,0,1877,true,0,58335.0,25500.0,24811.667940532025,0.08506614533481452,11
100000003946524100,1,false,2,2,133757.0,144750.0,2,2,3,2026-07-02,2026-07-25,4,1.0821863528637754,false,false,false,0.00032606057588892095,0.0001194825513864137,0,1877,true,0,66878.5,72375.0,114985.79901800328,0.7943751227495909,2
100000008717340100,1,false,1,0,41500.0,0.0,1,0,1,2026-07-15,2026-07-15,1,0.0,false,true,false,0.00029427965810783666,0.0,1,270,false,0,41500.0,0.0,41500.0,1.0,1
100000003831324100,1,false,2,0,300000.0,0.0,2,0,2,2026-07-16,2026-07-23,2,0.0,false,true,false,0.00031519260326985757,0.0,0,1877,false,0,150000.0,0.0,200014.71076054565,0.6667157025351522,8
100000008129393100,1,false,1,0,10000.0,0.0,1,0,1,2026-07-30,2026-07-30,1,0.0,false,true,false,0.0003116981820260498,0.0,8,5,false,0,10000.0,0.0,10000.0,1.0,53
100000004388209100,1,false,1,0,11800.0,0.0,1,0,1,2026-07-30,2026-07-30,1,0.0,false,true,false,0.00028804597599821764,0.0,1,270,false,0,11800.0,0.0,11800.0,1.0,1
100000000706545100,1,false,3,1,1070300.0,75800.0,8,3,3,2026-07-10,2026-07-31,9,0.07082126506586939,false,false,false,0.003226626040496735,1.9616538287321655e-05,0,1877,true,2,133787.5,25266.666666666668,730574.9307416752,0.6825889290308093,3
100000004497606100,1,false,1,0,15534.0,0.0,1,0,1,2026-07-15,2026-07-15,1,0.0,false,true,false,0.00028882969886008015,0.0,1,270,false,0,15534.0,0.0,15534.0,1.0,1
100000008470470100,1,false,1,0,33547.0,0.0,1,0,1,2026-07-16,2026-07-16,1,0.0,false,true,false,0.0002926104165651498,0.0,1,270,false,0,33547.0,0.0,33547.0,1.0,1
100000004318918100,1,false,1,0,75600.0,0.0,1,0,1,2026-07-21,2026-07-21,1,0.0,false,true,false,0.00029703555949339906,0.0,0,1877,false,0,75600.0,0.0,75600.0,1.0,10
100000005228059100,1,false,1,0,26000.0,0.0,1,0,1,2026-07-08,2026-07-08,1,0.0,false,true,false,0.0002910263896667897,0.0,1,270,false,0,26000.0,0.0,26000.0,1.0,1
100000001609499100,1,false,3,2,263113.0,21000.0,3,2,4,2026-07-06,2026-07-11,5,0.07981361620292422,false,false,false,0.0003209139565492536,0.0001842231717471561,0,1877,true,0,87704.33333333333,10500.0,94403.28425232237,0.35879369036240083,0
100000002824176100,1,false,1,0,144000.0,0.0,1,0,1,2026-07-13,2026-07-13,1,0.0,false,true,false,0.000338598157500587,0.0,0,1877,false,0,144000.0,0.0,144000.0,1.0,9
100000001363952100,1,false,2,1,196655.0,91000.0,2,2,3,2026-07-01,2026-07-21,3,0.4627393150441128,false,false,false,0.00030709529312419095,1.922024458454748e-05,0,1877,false,0,98327.5,45500.0,69160.45675876873,0.35168420207352336,4
100000001049200100,1,false,2,4,76624.0,36000.0,2,5,5,2026-07-06,2026-07-30,6,0.46982668615577367,false,false,false,0.0002982913003271405,0.0011596533657190738,0,1877,true,0,38312.0,7200.0,6537.797421274766,0.08532310269986905,18
100000002662768100,1,false,1,0,84300.0,0.0,1,0,1,2026-07-27,2026-07-27,1,0.0,false,true,false,0.0003064555955058249,0.0,0,1877,false,0,84300.0,0.0,84300.0,1.0,2
100000004737477100,1,false,2,1,49598.0,40500.0,3,3,3,2026-07-01,2026-07-08,5,0.8165651840800032,false,false,false,0.0002923193048489319,1.922024458454748e-05,0,1877,false,1,16532.666666666668,13500.0,30143.48108349608,0.6077559797470882,0
100000008680451100,1,false,1,0,23534.0,0.0,1,0,1,2026-07-06,2026-07-06,1,0.0,false,true,false,0.00029050880515223344,0.0,1,270,false,0,23534.0,0.0,23534.0,1.0,1
100000001952325100,1,false,1,0,77888.0,0.0,2,0,1,2026-07-14,2026-07-27,2,0.0,false,true,false,0.0003019170730776959,0.0,1,270,false,0,38944.0,0.0,77888.0,1.0,1
100000008751429100,1,false,3,1,386200.0,72600.0,6,2,3,2026-07-23,2026-07-28,5,0.1879854997410668,false,false,false,0.0015043129924041112,0.0,5,6,true,1,64366.666666666664,36300.0,323094.5383965545,0.8365990119020054,42
100000001960517100,1,false,1,0,200000.0,0.0,1,0,1,2026-07-11,2026-07-11,1,0.0,false,true,false,0.0003592204932218686,0.0,0,1877,false,0,200000.0,0.0,200000.0,1.0,9
100000008686234100,1,false,1,0,39778.0,0.0,1,0,1,2026-07-08,2026-07-08,1,0.0,false,true,false,0.00029303373230655486,0.0,0,1877,false,0,39778.0,0.0,39778.0,1.0,0
100000004213658100,1,false,1,0,25347.0,0.0,1,0,1,2026-07-15,2026-07-15,1,0.0,false,true,false,0.00029088933261569265,0.0,1,270,false,0,25347.0,0.0,25347.0,1.0,1
100000001194266100,1,false,1,0,50000.0,0.0,1,0,1,2026-07-24,2026-07-24,1,0.0,false,true,false,0.0002955811159053989,0.0,0,1877,false,0,50000.0,0.0,50000.0,1.0,2
100000002243354100,1,false,1,0,20879.0,0.0,1,0,1,2026-07-15,2026-07-15,1,0.0,false,true,false,0.00028995155175152505,0.0,1,270,false,0,20879.0,0.0,20879.0,1.0,1
100000006069103100,1,false,3,3,228818.0,270000.0,3,4,5,2026-07-03,2026-07-08,5,1.1799770997036947,false,false,false,0.0011516310982681742,5.805702745641661e-05,0,1877,true,0,76272.66666666667,67500.0,127769.86102848589,0.4732217074902592,54
100000002760175100,1,false,1,0,187410.0,0.0,1,0,1,2026-07-16,2026-07-16,1,0.0,false,true,false,0.0003139938018283406,0.0,0,1877,false,0,187410.0,0.0,187410.0,1.0,10
100000003567087100,1,false,1,0,62115.0,0.0,1,0,1,2026-07-06,2026-07-06,1,0.0,false,true,false,0.00029860650513442917,0.0,1,270,false,0,62115.0,0.0,62115.0,1.0,1
100000008229700100,1,false,1,1,23500.0,7200.0,1,1,2,2026-07-14,2026-07-25,2,0.30638297872340425,false,false,false,0.00028946923798144183,1.981468513870874e-07,0,1877,false,0,23500.0,7200.0,23500.0,1.0,11
100000004076740100,1,false,3,6,93250.0,125000.0,5,10,7,2026-07-05,2026-07-31,12,1.3404825737265416,false,false,false,0.0007414546780411369,0.00043516040067393194,0,1877,true,1,18650.0,12500.0,51662.109165018905,0.41329687332015125,33
100000003284932100,1,false,1,0,69925.0,0.0,1,0,1,2026-07-18,2026-07-18,1,0.0,false,true,false,0.00029957082684810965,0.0,0,1877,false,0,69925.0,0.0,69925.0,1.0,2
100000008071620100,1,false,1,0,46968.0,0.0,1,0,1,2026-07-14,2026-07-14,1,0.0,false,true,false,0.00029438295322922075,0.0,0,1877,false,0,46968.0,0.0,46968.0,1.0,0
100000003235780100,1,false,2,0,65000.0,0.0,2,0,2,2026-07-10,2026-07-12,2,0.0,false,true,false,0.0002912000789176462,0.0,0,1877,false,0,32500.0,0.0,15042.32212905367,0.23142034044697954,0
100000005363908100,1,false,1,1,19500.0,19500.0,1,1,2,2026-07-06,2026-07-06,1,1.0,false,false,false,0.0003385171206244077,0.0,6,6,false,0,19500.0,19500.0,19500.0,1.0,47
100000001851289100,1,false,1,0,109510.0,0.0,3,0,1,2026-07-18,2026-07-18,1,0.0,false,true,false,0.0002973435962589953,0.0,0,1877,false,1,36503.333333333336,0.0,109510.0,1.0,3
100000002870937100,1,false,1,0,83700.0,0.0,1,0,1,2026-07-04,2026-07-04,1,0.0,false,true,false,0.00029036883960073317,0.0,0,1877,false,0,83700.0,0.0,83700.0,1.0,8
100000002152857100,1,false,1,5,105000.0,1230000.0,1,6,6,2026-07-07,2026-07-20,5,11.714285714285714,false,false,false,0.00029971084026209484,0.00031346831889437224,0,1877,false,0,105000.0,205000.0,105000.0,0.08536585365853659,9
100000002600345100,1,false,2,0,52400.0,0.0,2,0,2,2026-07-06,2026-07-08,2,0.0,false,true,false,0.00029572053084311694,0.0,0,1877,false,0,26200.0,0.0,47480.35941240183,0.9061137292443097,3
100000002580377100,1,false,1,1,37750.0,5000.0,2,1,2,2026-07-14,2026-07-23,3,0.13245033112582782,false,false,false,0.00028962810073792267,1.922024458454748e-05,0,1877,false,0,18875.0,5000.0,37750.0,1.0,3
100000004094958100,1,false,1,1,39000.0,40000.0,1,1,2,2026-07-16,2026-07-16,1,1.0256410256410255,false,false,false,0.00039146494703152384,1.981468513870874e-07,6,6,false,0,39000.0,40000.0,39000.0,0.975,47
100000002609774100,1,false,1,1,7700.0,27500.0,1,1,2,2026-07-07,2026-07-19,2,3.5714285714285716,false,false,false,0.0002863971832294468,0.0002797007929704895,0,1877,false,0,7700.0,27500.0,7700.0,0.28,7
100000002596035100,1,false,1,0,231570.0,0.0,1,0,1,2026-07-16,2026-07-16,1,0.0,false,true,false,0.00032069155678327325,0.0,0,1877,false,0,231570.0,0.0,231570.0,1.0,10
100000004664515100,1,false,1,0,37691.0,0.0,1,0,1,2026-07-09,2026-07-09,1,0.0,false,true,false,0.00029264210169937773,0.0,0,1877,false,0,37691.0,0.0,37691.0,1.0,0
100000000661912100,1,false,5,2,393036.0,430700.0,9,8,6,2026-07-03,2026-07-31,10,1.0958283719557496,false,false,false,0.0017491597591117601,0.0013336905452072916,0,1877,true,1,43670.666666666664,53837.5,38024.065936640676,0.08828434162210512,0
100000004144536100,1,false,4,0,168000.0,0.0,6,0,4,2026-07-15,2026-07-30,5,0.0,false,true,false,0.0009685966718954061,0.0,2,17,false,0,28000.0,0.0,113322.13971625571,0.6745365459300935,23
100000006177176100,1,false,1,0,8911.0,0.0,1,0,1,2026-07-16,2026-07-16,1,0.0,false,true,false,0.00028652738759226754,0.0,0,1877,false,0,8911.0,0.0,8911.0,1.0,3
100000002158488100,1,false,1,0,31723.0,0.0,1,0,1,2026-07-23,2026-07-23,1,0.0,false,true,false,0.0002922275803305388,0.0,1,270,false,0,31723.0,0.0,31723.0,1.0,1
100000000041368100,1,false,1,0,160000.0,0.0,1,0,1,2026-07-22,2026-07-22,1,0.0,false,true,false,0.00031760712361923504,0.0,0,1877,false,0,160000.0,0.0,160000.0,1.0,2
100000008722328100,1,false,1,0,23677.0,0.0,1,0,1,2026-07-16,2026-07-16,1,0.0,false,true,false,0.0002905388191772057,0.0,1,270,false,0,23677.0,0.0,23677.0,1.0,1
100000008735384100,1,false,1,0,39220.0,0.0,1,0,1,2026-07-22,2026-07-22,1,0.0,false,true,false,0.00029380111281457295,0.0,1,270,false,0,39220.0,0.0,39220.0,1.0,1
100000004480280100,1,false,1,2,146694.0,295850.0,1,7,3,2026-07-05,2026-07-27,7,2.0167832358515003,false,false,false,0.0003149427776315959,3.571762118628407e-05,0,1877,false,0,146694.0,42264.28571428572,146694.0,0.4958391076559067,2
100000004286573100,1,false,1,0,16590.0,0.0,1,0,1,2026-07-14,2026-07-14,1,0.0,false,true,false,0.00028832248855972787,0.0,0,1877,false,0,16590.0,0.0,16590.0,1.0,11
100000001746925100,1,false,1,1,65250.0,5000.0,1,1,2,2026-07-03,2026-07-17,2,0.07662835249042145,false,false,false,0.00029863472152027163,0.00011888811083225245,0,1877,false,0,65250.0,5000.0,65250.0,1.0,2
100000001660397100,1,false,2,3,48600.0,49000.0,2,4,4,2026-07-07,2026-07-15,4,1.008230452674897,false,false,false,0.0002951523346277195,0.0005032951333514934,0,1877,true,0,24300.0,12250.0,19494.889058721506,0.3978548787494185,0
100000002591469100,1,false,1,0,235670.0,0.0,1,0,1,2026-07-16,2026-07-16,1,0.0,false,true,false,0.00029908313962369163,0.0,0,1877,false,0,235670.0,0.0,235670.0,1.0,8
100000002731501100,1,false,3,7,570370.0,833960.0,7,20,8,2026-07-02,2026-07-30,17,1.4621386117783193,false,false,false,0.0004855839777590136,4.4583041562094666e-06,2,17,true,1,81481.42857142857,41698.0,12668.271899950869,0.015190503021668748,23
100000000089154100,1,false,1,15,10000.0,425500.0,1,21,15,2026-07-09,2026-07-22,10,42.55,false,false,false,0.00028744581844909387,0.00010895478461069694,0,1877,true,1,10000.0,20261.904761904763,10000.0,0.023501762632197415,0
100000008732098100,1,false,1,0,15677.0,0.0,1,0,1,2026-07-18,2026-07-18,1,0.0,false,true,false,0.0002888597128850524,0.0,1,270,false,0,15677.0,0.0,15677.0,1.0,1
100000005456919100,1,false,2,1,479950.0,5000.0,10,1,2,2026-07-04,2026-07-19,7,0.010417751849150954,false,false,false,0.00137002747804286,0.0,5,6,true,3,47995.0,5000.0,326558.19858522667,0.6804004554333298,42
100000000507799100,1,false,1,1,5132.0,8000.0,1,1,2,2026-07-22,2026-07-25,2,1.558846453624318,false,false,false,0.00028612107686799035,0.00011532146750728487,0,1877,false,0,5132.0,8000.0,5132.0,0.6415,37
100000008716439100,1,false,1,0,12267.0,0.0,1,0,1,2026-07-15,2026-07-15,1,0.0,false,true,false,0.0002881439938280221,0.0,1,270,false,0,12267.0,0.0,12267.0,1.0,1
100000002981527100,1,false,1,0,168000.0,0.0,1,0,1,2026-07-20,2026-07-20,1,0.0,false,true,false,0.00030361137491736334,0.0,0,1877,false,0,168000.0,0.0,168000.0,1.0,8
100000002844652100,1,false,1,0,61360.0,0.0,1,0,1,2026-07-07,2026-07-07,1,0.0,false,true,false,0.00028908781398704036,0.0,0,1877,false,0,61360.0,0.0,61360.0,1.0,8
100000002605548100,1,false,2,0,116695.0,0.0,2,0,2,2026-07-12,2026-07-20,2,0.0,false,true,false,0.0003143213711267551,0.0,0,1877,false,0,58347.5,0.0,94930.5584549849,0.8134929384719559,10
100000002750956100,1,false,1,0,47416.0,0.0,1,0,1,2026-07-04,2026-07-04,1,0.0,false,true,false,0.0002944670215148055,0.0,0,1877,false,0,47416.0,0.0,47416.0,1.0,0
100000002982252100,1,false,1,0,20320.0,0.0,1,0,1,2026-07-21,2026-07-21,1,0.0,false,true,false,0.00028983422419936084,0.0,1,270,false,0,20320.0,0.0,20320.0,1.0,1
100000000961900100,1,false,2,0,36000.0,0.0,3,0,2,2026-07-06,2026-07-14,3,0.0,false,true,false,0.0002943204405632651,0.0,0,1877,false,0,12000.0,0.0,27007.04558651519,0.750195710736533,0
100000007175718100,1,false,1,0,20000.0,0.0,1,0,1,2026-07-13,2026-07-13,1,0.0,false,true,false,0.00030318655842831557,0.0,4,6,false,0,20000.0,0.0,20000.0,1.0,45
100000002306369100,1,false,1,6,73166.0,260900.0,1,9,7,2026-07-01,2026-07-24,5,3.5658639258672062,false,false,false,0.0002992990714116965,7.025152223848328e-05,0,1877,true,1,73166.0,28988.88888888889,73166.0,0.280436949022614,2
100000000667713100,1,false,2,6,119495.0,79236.0,10,7,7,2026-07-02,2026-07-29,11,0.663090505878907,false,false,false,0.0003201059721320326,0.00013967625368757418,0,1877,true,2,11949.5,11319.42857142857,107665.44611978786,0.9010037752189451,3
100000001072022100,1,false,3,0,1684000.0,0.0,6,0,3,2026-07-03,2026-07-30,3,0.0,false,true,false,0.0005021346766292367,0.0,0,1877,false,2,280666.6666666667,0.0,747675.7122189713,0.44398795262409224,2
100000008116374100,1,false,1,0,31284.0,0.0,1,0,1,2026-07-09,2026-07-09,1,0.0,false,true,false,0.00028893288900381934,0.0,0,1877,false,0,31284.0,0.0,31284.0,1.0,3
100000000703894100,1,false,1,1,120000.0,35000.0,1,1,2,2026-07-05,2026-07-18,2,0.2916666666666667,false,false,false,0.00047736859826889817,5.944405541612623e-07,3,13,false,0,120000.0,35000.0,120000.0,1.0,29
100000008066326100,1,false,1,0,19320.0,0.0,1,0,1,2026-07-03,2026-07-03,1,0.0,false,true,false,0.0002891947390331336,0.0,0,1877,false,0,19320.0,0.0,19320.0,1.0,0
100000004662806100,1,false,2,2,106585.0,59900.0,2,3,4,2026-07-05,2026-07-14,4,0.5619927757189098,false,false,false,0.0003054497662482035,3.883678287186913e-05,0,1877,false,1,53292.5,19966.666666666668,97587.04950072992,0.9155795796850393,11
100000005778283100,1,false,3,0,615760.0,0.0,3,0,3,2026-07-08,2026-07-15,3,0.0,false,true,false,0.00043758405542756844,0.0,0,1877,false,0,205253.33333333334,0.0,346463.8145880661,0.56266047581536,8
100000004408683100,1,false,2,0,112919.68,0.0,3,0,2,2026-07-05,2026-07-14,3,0.0,false,true,false,0.0003853143295881913,0.0,0,1877,false,0,37639.89333333333,0.0,86166.53521741855,0.7630781031031841,3
100000002704875100,1,false,3,0,244891.0,0.0,4,0,3,2026-07-17,2026-07-21,4,0.0,false,true,false,0.0003150737954997637,0.0,0,1877,false,0,61222.75,0.0,31420.991314048264,0.1283060272286375,4
100000008349675100,1,false,1,1,46520.0,36650.0,1,2,2,2026-07-11,2026-07-19,2,0.7878331900257953,false,false,false,0.00028823685516397857,1.981468513870874e-07,0,1877,false,0,46520.0,18325.0,46520.0,1.0,8
100000006889963100,1,false,4,1,1431000.0,443475.8,6,3,5,2026-07-20,2026-07-22,3,0.30990621942697416,false,false,false,0.0004272604441628678,2.5164650126160102e-05,0,1877,false,2,238500.0,147825.26666666666,533172.2054049781,0.37258714563590367,5
100000008771819100,1,false,1,0,38900.0,0.0,1,0,1,2026-07-29,2026-07-29,1,0.0,false,true,false,0.0002937339485628869,0.0,1,270,false,0,38900.0,0.0,38900.0,1.0,1
100000008586731100,1,false,1,0,12000.0,0.0,1,0,1,2026-07-16,2026-07-16,1,0.0,false,true,false,0.0002875607548628151,0.0,0,1877,false,0,12000.0,0.0,12000.0,1.0,11
100000005844459100,1,false,2,0,243400.0,0.0,2,0,2,2026-07-09,2026-07-30,2,0.0,false,true,false,0.00033808255774742807,0.0,0,1877,false,0,121700.0,0.0,151132.98106209547,0.6209243264671137,0
100000008172352100,1,false,3,7,90265.0,289510.0,3,8,10,2026-07-11,2026-07-30,6,3.207333961114496,false,false,false,0.00037526567278554473,0.00018673359274719116,0,1877,false,1,30088.333333333332,36188.75,43109.08007016397,0.14890359597307162,32
100000001162560100,1,false,1,12,331300.0,2904398.0,2,14,13,2026-07-02,2026-07-31,9,8.76667069121642,false,false,false,0.0003211487069311832,2.972202770806311e-06,0,1877,false,1,165650.0,207457.0,331300.0,0.11406838869879403,8
100000008779584100,1,false,1,0,31400.0,0.0,1,0,1,2026-07-30,2026-07-30,1,0.0,false,true,false,0.0002921597864139931,0.0,1,270,false,0,31400.0,0.0,31400.0,1.0,1
100000007631637100,1,false,1,0,15341.0,0.0,1,0,1,2026-07-01,2026-07-01,1,0.0,false,true,false,0.00028878919042078197,0.0,1,270,false,0,15341.0,0.0,15341.0,1.0,1
100000007347733100,1,false,1,0,23007.0,0.0,1,0,1,2026-07-31,2026-07-31,1,0.0,false,true,false,0.0003456840263989016,0.0,8,5,false,0,23007.0,0.0,23007.0,1.0,53
100000001463701100,1,false,2,0,621000.0,0.0,2,0,2,2026-07-20,2026-07-20,1,0.0,false,true,false,0.0005722109368497146,0.0,0,1877,false,0,310500.0,0.0,248027.64181952964,0.39940038940342937,10
100000008664469100,1,false,1,0,25000.0,0.0,1,0,1,2026-07-23,2026-07-23,1,0.0,false,true,false,0.00029057520506134524,0.0,0,1877,false,0,25000.0,0.0,25000.0,1.0,2
100000003923946100,1,false,1,4,282000.0,675000.0,3,4,4,2026-07-14,2026-07-17,3,2.393617021276596,false,false,false,0.00038941748481374517,1.981468513870874e-06,0,1877,true,0,94000.0,168750.0,282000.0,0.4177777777777778,9
100000006562026100,1,false,2,0,75000.0,0.0,6,0,2,2026-07-02,2026-07-24,6,0.0,false,true,false,0.0006853595679127588,0.0,8,5,false,0,12500.0,0.0,75000.0,1.0,53
100000008776298100,1,false,1,0,42800.0,0.0,1,0,1,2026-07-30,2026-07-30,1,0.0,false,true,false,0.0002945525128803116,0.0,1,270,false,0,42800.0,0.0,42800.0,1.0,1
100000006446271100,1,false,2,0,80000.0,0.0,2,0,2,2026-07-25,2026-07-25,1,0.0,false,true,false,0.0003139136962099023,0.0,0,1877,false,0,40000.0,0.0,54469.32309874931,0.6808665387343663,2
100000004588479100,1,false,1,0,177633.0,0.0,2,0,1,2026-07-07,2026-07-13,2,0.0,false,true,false,0.00030466804861939146,0.0,0,1877,false,0,88816.5,0.0,177633.0,1.0,3
100000002324543100,1,false,1,0,30202.0,0.0,1,0,1,2026-07-19,2026-07-19,1,0.0,false,true,false,0.00028881278779647947,0.0,0,1877,false,0,30202.0,0.0,30202.0,1.0,8
100000007129492100,1,false,2,1,50990.0,37000.0,2,1,3,2026-07-20,2026-07-21,2,0.725632476956266,false,false,false,0.0002945171129254462,2.5164650126160102e-05,0,1877,false,0,25495.0,37000.0,50990.0,1.0,10
100000003877908100,1,false,1,0,40000.0,0.0,1,0,1,2026-07-26,2026-07-26,1,0.0,false,true,false,0.00029357875156777743,0.0,0,1877,false,0,40000.0,0.0,40000.0,1.0,2
100000002748180100,1,false,1,8,9900.0,679743.0,1,9,9,2026-07-07,2026-07-31,6,68.66090909090909,false,false,false,0.0002872122492498485,8.52031460964476e-06,0,1877,false,1,9900.0,75527.0,9900.0,0.014564327988666305,12
100000000945428100,1,false,1,0,89629.0,0.0,1,0,1,2026-07-15,2026-07-15,1,0.0,false,true,false,0.0003023883932545126,0.0,0,1877,false,0,89629.0,0.0,89629.0,1.0,0
100000003115284100,1,false,8,2,2160500.0,517000.0,15,4,9,2026-07-01,2026-07-19,6,0.23929645915297384,false,false,false,0.0015286375827955763,0.00012780471914467138,0,1877,true,4,144033.33333333334,129250.0,849633.5521629439,0.3932578348358916,10
100000005394708100,1,false,1,1,26000.0,65000.0,1,1,2,2026-07-11,2026-07-12,2,2.5,false,false,false,0.00034517722457498833,1.981468513870874e-07,0,1877,false,0,26000.0,65000.0,26000.0,0.4,19
100000008747113100,1,false,2,0,197801.0,0.0,2,0,2,2026-07-26,2026-07-26,1,0.0,false,true,false,0.0003075191550600968,0.0,0,1877,false,0,98900.5,0.0,92716.76404038625,0.4687375900040255,5
100000004491881100,1,false,1,0,17144.0,0.0,1,0,1,2026-07-16,2026-07-16,1,0.0,false,true,false,0.00028916761900137604,0.0,1,270,false,0,17144.0,0.0,17144.0,1.0,1
100000006008169100,1,false,1,0,70000.0,0.0,1,0,1,2026-07-12,2026-07-12,1,0.0,false,true,false,0.00029718614798284566,0.0,0,1877,false,0,70000.0,0.0,70000.0,1.0,11
100000002681449100,1,false,2,2,94638.0,133000.0,2,2,4,2026-07-02,2026-07-19,3,1.4053551427544961,false,false,false,0.00029513975032030733,1.7647618735441824e-05,0,1877,false,0,47319.0,66500.0,12301.276040144272,0.09249079729431783,39
100000002645609100,1,false,4,0,546820.6799999999,0.0,5,0,4,2026-07-01,2026-07-24,5,0.0,false,true,false,0.00035535788312599653,0.0,0,1877,false,0,109364.13599999998,0.0,47480.2681677864,0.0868296864116156,0
100000006369769100,1,false,1,0,40000.0,0.0,1,0,1,2026-07-10,2026-07-10,1,0.0,false,true,false,0.00029396482567805795,0.0,1,270,false,0,40000.0,0.0,40000.0,1.0,1
100000002173161100,1,false,3,0,1427500.0,0.0,5,0,3,2026-07-19,2026-07-26,3,0.0,false,true,false,0.00043541469210334394,0.0,0,1877,false,1,285500.0,0.0,870874.2448495268,0.6100695235373217,3
100000008686313100,1,false,6,7,1912716.0,333800.0,16,13,10,2026-07-09,2026-07-31,20,0.17451623764322566,false,false,false,0.00046763290222869784,0.001984826024832947,0,1877,true,0,119544.75,25676.923076923078,233150.3042781716,0.1218948888795679,0
100000004692798100,1,false,2,1,240305.0,15000.0,4,2,2,2026-07-14,2026-07-24,4,0.06242067372713843,false,false,false,0.0019106511787003856,1.981468513870874e-07,0,1877,true,1,60076.25,7500.0,202974.8253478618,0.8446550231907859,11
100000002939838100,1,false,3,0,571233.0,0.0,3,0,3,2026-07-16,2026-07-31,3,0.0,false,true,false,0.0004000333621032986,0.0,0,1877,false,0,190411.0,0.0,167403.01100656515,0.293055567529476,3
100000003119550100,1,false,1,0,21000.0,0.0,1,0,1,2026-07-27,2026-07-27,1,0.0,false,true,false,0.0002899769482341939,0.0,1,270,false,0,21000.0,0.0,21000.0,1.0,1
100000004315838100,1,false,2,1,50000.0,18000.0,2,1,3,2026-07-01,2026-07-23,3,0.36,false,false,false,0.00029138543441319727,2.377762216645049e-05,0,1877,false,0,25000.0,18000.0,25029.88405103751,0.5005976810207502,2
100000002671806100,1,false,1,0,12440.0,0.0,1,0,1,2026-07-15,2026-07-15,1,0.0,false,true,false,0.0002876337750864843,0.0,0,1877,false,0,12440.0,0.0,12440.0,1.0,11
100000008716222100,1,false,1,0,18000.0,0.0,1,0,1,2026-07-15,2026-07-15,1,0.0,false,true,false,0.0002893472833746364,0.0,1,270,false,0,18000.0,0.0,18000.0,1.0,1
100000005496254100,1,false,1,0,12700.0,0.0,1,0,1,2026-07-17,2026-07-17,1,0.0,false,true,false,0.00028795247999168047,0.0,0,1877,false,0,12700.0,0.0,12700.0,1.0,0
100000004622227100,1,false,1,3,24931.0,19000.0,1,3,4,2026-07-03,2026-07-14,3,0.762103405398901,false,false,false,0.0002902476567795979,4.7841827440806e-05,0,1877,false,0,24931.0,6333.333333333333,24931.0,1.0,0
100000000274067100,1,false,2,3,517704.0,2969000.0,9,9,4,2026-07-01,2026-07-29,13,5.734937338710924,false,false,false,0.00041370365128518823,1.1888811083225246e-06,0,1877,true,2,57522.666666666664,329888.8888888889,242174.28849756462,0.08156762832521543,48
100000008782056100,1,false,1,0,29082.0,0.0,1,0,1,2026-07-31,2026-07-31,1,0.0,false,true,false,0.00029167326536584177,0.0,1,270,false,0,29082.0,0.0,29082.0,1.0,1
100000006788200100,1,false,4,3,272155.8,64500.0,4,4,7,2026-07-09,2026-07-29,8,0.23699660268125833,false,false,false,0.00033716343435244325,9.689381032828575e-05,0,1877,false,0,68038.95,16125.0,94672.95772829493,0.34786309065724463,9
100000001164648100,1,false,2,0,13660.0,0.0,2,0,2,2026-07-17,2026-07-31,2,0.0,false,true,false,0.0002901425959753524,0.0,0,1877,false,0,6830.0,0.0,6400.351274675625,0.46854694543745423,7
100000005133757100,1,false,2,0,65000.0,0.0,2,0,2,2026-07-17,2026-07-20,2,0.0,false,true,false,0.0002994107291929312,0.0,0,1877,false,0,32500.0,0.0,25066.84906971015,0.38564383184169465,4
100000006445501100,1,false,1,0,91000.0,0.0,1,0,1,2026-07-14,2026-07-14,1,0.0,false,true,false,0.00029937128019779134,0.0,0,1877,false,0,91000.0,0.0,91000.0,1.0,10
100000004390333100,1,false,2,9,64558.0,506500.0,2,14,10,2026-07-02,2026-07-31,9,7.845658167849066,false,false,false,0.0002952137898505766,0.00015841501981922766,0,1877,true,3,32279.0,36178.57142857143,45766.91904562225,0.09035916889560168,0
100000001641789100,1,false,1,0,17826.0,0.0,1,0,1,2026-07-13,2026-07-13,1,0.0,false,true,false,0.0004895828148678138,0.0,0,1877,false,0,17826.0,0.0,17826.0,1.0,9
100000000968253100,1,false,1,0,15000.0,0.0,1,0,1,2026-07-20,2026-07-20,1,0.0,false,true,false,0.0002887176185150789,0.0,1,270,false,0,15000.0,0.0,15000.0,1.0,1
100000001527186100,1,false,1,0,678000.0,0.0,2,0,1,2026-07-24,2026-07-24,1,0.0,false,true,false,0.00042132959630802733,0.0,0,1877,false,1,339000.0,0.0,678000.0,1.0,2
100000005852946100,1,false,1,0,23746.0,0.0,1,0,1,2026-07-16,2026-07-16,1,0.0,false,true,false,0.0002903241085734075,0.0,0,1877,false,0,23746.0,0.0,23746.0,1.0,2
100000001530983100,1,false,4,11,564158.0,1829538.0,4,17,15,2026-07-03,2026-07-22,12,3.24295321523403,false,false,false,0.0003560903099917636,0.0003320721066079377,0,1877,false,0,141039.5,107619.88235294117,393442.95280920825,0.21505044049875338,3
100000008221543100,1,false,2,0,542000.0,0.0,2,0,2,2026-07-13,2026-07-14,2,0.0,false,true,false,0.00037148464522539806,0.0,0,1877,false,0,271000.0,0.0,21283.50765528945,0.03926846430865212,16
100000001937767100,1,false,1,4,53000.0,1933000.0,1,6,4,2026-07-14,2026-07-30,4,36.471698113207545,false,false,false,0.0008921392815659775,5.6699890528386486e-05,0,1877,true,1,53000.0,322166.6666666667,53000.0,0.027418520434557683,14
100000002462183100,1,false,1,0,107500.0,0.0,3,0,1,2026-07-04,2026-07-13,3,0.0,false,true,false,0.0003802620893515455,0.0,4,6,false,0,35833.333333333336,0.0,107500.0,1.0,45
100000001805543100,1,false,1,0,59000.0,0.0,1,0,1,2026-07-06,2026-07-06,1,0.0,false,true,false,0.000291912859375364,0.0,0,1877,false,0,59000.0,0.0,59000.0,1.0,3
100000002606567100,1,false,1,1,14095.0,53000.0,1,1,2,2026-07-08,2026-07-09,2,3.7601986520042567,false,false,false,0.0002882142551220169,1.922024458454748e-05,0,1877,false,0,14095.0,53000.0,14095.0,0.2659433962264151,0
100000007281639100,1,false,2,0,216770.0,0.0,4,0,2,2026-07-06,2026-07-31,4,0.0,false,true,false,0.0003235711404553914,0.0,0,1877,false,0,54192.5,0.0,148934.04618219603,0.6870602305770911,3
100000002991079100,1,false,2,1,148900.0,11000.0,3,1,3,2026-07-06,2026-07-23,2,0.07387508394895903,false,false,false,0.0003951739742726755,1.981468513870874e-05,0,1877,false,1,49633.333333333336,11000.0,54877.30981878376,0.3685514427050622,3
100000002847207100,1,false,1,0,46243.0,0.0,1,0,1,2026-07-17,2026-07-17,1,0.0,false,true,false,0.0002948288276237545,0.0,0,1877,false,0,46243.0,0.0,46243.0,1.0,2
100000000011452100,1,false,3,1,110000.0,16685.0,7,2,3,2026-07-03,2026-07-25,7,0.1516818181818182,false,false,false,0.00047686402523264835,3.368496473580486e-06,0,1877,true,0,15714.285714285714,8342.5,76085.86210031732,0.6916896554574301,0
100000003148220100,1,false,1,2,5650.0,43400.0,1,4,2,2026-07-08,2026-07-23,5,7.68141592920354,false,false,false,0.0009182428014100991,3.962937027741748e-07,11,4,true,0,5650.0,10850.0,5650.0,0.13018433179723501,59
100000002479804100,1,false,1,2,46000.0,35300.0,1,2,3,2026-07-10,2026-07-16,3,0.7673913043478261,false,false,false,0.0002969663269488756,1.7833216624837866e-06,0,1877,false,0,46000.0,17650.0,46000.0,1.0,2
100000008745489100,1,false,1,0,55539.0,0.0,1,0,1,2026-07-22,2026-07-22,1,0.0,false,true,false,0.00029722627976227914,0.0,1,270,false,0,55539.0,0.0,55539.0,1.0,1
100000002289937100,1,false,1,0,20000.0,0.0,1,0,1,2026-07-02,2026-07-02,1,0.0,false,true,false,0.0002897670599476747,0.0,1,270,false,0,20000.0,0.0,20000.0,1.0,1
100000004679953100,1,false,3,3,343538.0,34100.0,3,3,6,2026-07-12,2026-07-21,5,0.09926121709970949,false,false,false,0.0003342675529915229,0.00035421582992023286,0,1877,true,0,114512.66666666667,11366.666666666666,41210.60239485048,0.11995937100073495,4
100000003066385100,1,false,2,0,20000.0,0.0,2,0,2,2026-07-08,2026-07-09,2,0.0,false,true,false,0.0002915397416936575,0.0,0,1877,false,0,10000.0,0.0,10007.82842946132,0.500391421473066,0
100000008744849100,1,false,1,0,44445.0,0.0,1,0,1,2026-07-22,2026-07-22,1,0.0,false,true,false,0.0002948977791116356,0.0,1,270,false,0,44445.0,0.0,44445.0,1.0,1
100000005093521100,1,false,1,0,15200.0,0.0,1,0,1,2026-07-20,2026-07-20,1,0.0,false,true,false,0.0002886128880104762,0.0,0,1877,false,0,15200.0,0.0,15200.0,1.0,2
100000006518161100,1,false,3,2,594200.0,595899.0,13,13,4,2026-07-01,2026-07-31,16,1.002859306630764,false,false,false,0.0008108053328700473,5.785888060502952e-05,0,1877,true,2,45707.692307692305,45838.38461538462,543566.1156957584,0.9121782645981255,3
100000001126374100,1,false,4,2,182500.0,29200.0,7,4,6,2026-07-01,2026-07-30,9,0.16,false,false,false,0.00031350041044900446,3.923307657464331e-05,0,1877,false,0,26071.428571428572,7300.0,20351.913666984758,0.11151733516156032,0
100000004509286100,1,false,1,0,40000.0,0.0,1,0,1,2026-07-20,2026-07-20,1,0.0,false,true,false,0.00029357875156777743,0.0,0,1877,false,0,40000.0,0.0,40000.0,1.0,2
100000005056870100,1,false,1,0,20000.0,0.0,1,0,1,2026-07-20,2026-07-20,1,0.0,false,true,false,0.00030318655842831557,0.0,4,6,false,0,20000.0,0.0,20000.0,1.0,45
100000008708368100,1,false,1,0,23677.0,0.0,1,0,1,2026-07-13,2026-07-13,1,0.0,false,true,false,0.0002905388191772057,0.0,1,270,false,0,23677.0,0.0,23677.0,1.0,1
100000005895525100,1,false,1,0,120000.0,0.0,3,0,1,2026-07-10,2026-07-13,3,0.0,false,true,false,0.0003912728794834355,0.0,4,6,false,0,40000.0,0.0,120000.0,1.0,45
100000008716773100,1,false,1,0,15677.0,0.0,1,0,1,2026-07-15,2026-07-15,1,0.0,false,true,false,0.0002888597128850524,0.0,1,270,false,0,15677.0,0.0,15677.0,1.0,1
100000002778085100,1,false,1,0,66208.0,0.0,1,0,1,2026-07-04,2026-07-04,1,0.0,false,true,false,0.00029268784950518416,0.0,0,1877,false,0,66208.0,0.0,66208.0,1.0,3
100000007055802100,1,false,6,1,2024999.0,605000.0,34,7,6,2026-07-08,2026-07-19,10,0.29876557963732325,false,false,false,0.0011819243661223139,4.359230730515923e-06,0,1877,true,8,59558.794117647056,86428.57142857143,254676.85517649658,0.12576641034217625,0
100000003071930100,1,false,3,1,477610.0,5000.0,4,1,4,2026-07-22,2026-07-30,5,0.010468792529469651,false,false,false,0.0003483674806474184,4.279971989961088e-05,0,1877,false,0,119402.5,5000.0,228378.23819967237,0.4781688787916341,8
100000002941114100,1,false,2,1,128510.0,15000.0,15,1,2,2026-07-01,2026-07-30,12,0.11672243405182477,false,false,false,0.0018146321453408269,2.0607272544257092e-05,0,1877,true,3,8567.333333333334,15000.0,28303.673685137874,0.22024491234252488,10
100000003888271100,1,false,1,2,12177.0,25590.0,2,3,2,2026-07-01,2026-07-24,5,2.10150283321015,false,false,false,0.00029138632108583054,3.962937027741748e-07,7,6,true,0,6088.5,8530.0,12177.0,0.47584994138335285,43
100000007507343100,1,false,1,0,370000.0,0.0,1,0,1,2026-07-14,2026-07-14,1,0.0,false,true,false,0.0006416178761806935,0.0,9,5,false,0,370000.0,0.0,370000.0,1.0,52
100000008002020100,1,false,1,1,73860.0,17000.0,1,1,2,2026-07-14,2026-07-21,2,0.23016517736257786,false,false,false,0.00029782673449048905,1.5851748110966993e-06,0,1877,false,0,73860.0,17000.0,73860.0,1.0,11
100000001872484100,1,false,1,3,871400.0,514580.0,13,9,3,2026-07-01,2026-07-31,18,0.5905210006885472,false,false,false,0.002273978764924576,5.944405541612623e-07,10,4,true,1,67030.76923076923,57175.555555555555,871400.0,1.0,56
100000008769636100,1,false,1,0,23118.0,0.0,1,0,1,2026-07-28,2026-07-28,1,0.0,false,true,false,0.0002904214916250415,0.0,1,270,false,0,23118.0,0.0,23118.0,1.0,1
100000004135268100,1,false,2,3,1239000.0,1000200.0,3,4,3,2026-07-08,2026-07-11,4,0.8072639225181598,false,false,false,0.001740527342257777,1.1888811083225246e-06,9,5,true,0,413000.0,250050.0,1210778.8390889051,0.9772226304188096,52
100000005316708100,1,false,1,2,90000.0,257500.0,1,4,3,2026-07-12,2026-07-27,4,2.861111111111111,false,false,false,0.00029769061939855147,1.1888811083225246e-06,0,1877,false,1,90000.0,64375.0,90000.0,0.34951456310679613,9
100000008671929100,1,false,1,0,75000.0,0.0,2,0,1,2026-07-19,2026-07-21,2,0.0,false,true,false,0.0003005870267494526,0.0,0,1877,false,0,37500.0,0.0,75000.0,1.0,2
100000005287097100,1,false,2,9,127173.0,697300.0,5,42,9,2026-07-03,2026-07-31,18,5.483082100760382,false,false,false,0.0003027074338818198,0.0007832208178364951,0,1877,true,13,25434.6,16602.380952380954,111178.99913569048,0.15944213270570842,3
100000007283257100,1,false,1,0,192000.0,0.0,7,0,1,2026-07-29,2026-07-31,2,0.0,false,true,false,0.0003890688456836108,0.0,12,3,false,2,27428.571428571428,0.0,192000.0,1.0,64
100000004847758100,1,false,4,15,115171.0,488800.0,4,23,18,2026-07-03,2026-07-31,20,4.244123954815014,false,false,false,0.000304742248346785,0.0013585891006882079,0,1877,true,0,28792.75,21252.17391304348,19047.02142075994,0.03896690143363326,0
100000008737422100,1,false,1,0,76903.0,0.0,1,0,1,2026-07-20,2026-07-20,1,0.0,false,true,false,0.0003017103331154745,0.0,1,270,false,0,76903.0,0.0,76903.0,1.0,1
100000008555918100,1,false,1,2,139211.0,43300.0,1,2,3,2026-07-06,2026-07-19,3,0.3110386391879952,false,false,false,0.0003134444083977538,4.755524433290098e-05,0,1877,false,0,139211.0,21650.0,139211.0,1.0,2
100000008094734100,1,false,4,0,236249.0,0.0,4,0,4,2026-07-02,2026-07-20,4,0.0,false,true,false,0.00034413600318898433,0.0,0,1877,false,0,59062.25,0.0,198793.70829751107,0.8414584116652815,0
100000006952718100,1,false,1,0,71489.0,0.0,1,0,1,2026-07-16,2026-07-16,1,0.0,false,true,false,0.0002932556523458584,0.0,0,1877,false,0,71489.0,0.0,71489.0,1.0,3
100000005339662100,1,false,4,4,202939.0,295160.0,9,15,6,2026-07-16,2026-07-31,12,1.4544271924075707,false,false,false,0.0016567441326948069,0.00013962469475849672,0,1877,true,4,22548.777777777777,19677.333333333332,56496.93728646141,0.19141122539118244,15
100000001716579100,1,false,1,0,13916.0,0.0,1,0,1,2026-07-03,2026-07-03,1,0.0,false,true,false,0.00028849009961249216,0.0,1,270,false,0,13916.0,0.0,13916.0,1.0,1
100000002774456100,1,false,1,0,50363.0,0.0,1,0,1,2026-07-02,2026-07-02,1,0.0,false,true,false,0.0002932078592715323,0.0,0,1877,false,0,50363.0,0.0,50363.0,1.0,10
100000004394765100,1,false,3,2,603844.0,82500.0,10,2,5,2026-07-09,2026-07-27,7,0.13662469114539516,false,false,false,0.0003802754591116212,6.516389452616682e-05,0,1877,false,2,60384.4,41250.0,454034.7579374152,0.7519073766360438,3
100000004004621100,1,false,3,0,75389.0,0.0,3,0,3,2026-07-19,2026-07-20,2,0.0,false,true,false,0.0003007744031334778,0.0,0,1877,false,0,25129.666666666668,0.0,25303.96517396053,0.33564532191646695,13
100000000907277100,1,false,1,0,17534.0,0.0,1,0,1,2026-07-24,2026-07-24,1,0.0,false,true,false,0.0002892494754331185,0.0,1,270,false,0,17534.0,0.0,17534.0,1.0,1
100000003835149100,1,false,1,2,248500.0,4600440.0,1,13,3,2026-07-02,2026-07-29,12,18.512837022132796,false,false,false,0.0004889016554646486,1.7833216624837866e-06,0,1877,false,0,248500.0,353880.0,248500.0,0.05401657232786429,22
100000004254434100,1,false,1,0,44445.0,0.0,2,0,1,2026-07-13,2026-07-13,1,0.0,false,true,false,0.0002948977791116356,0.0,1,270,false,1,22222.5,0.0,44445.0,1.0,1
100000003635170100,1,false,3,4,268500.0,253500.0,13,10,5,2026-07-06,2026-07-31,14,0.9441340782122905,false,false,false,0.0011481911115018496,0.00018804136196634596,0,1877,true,2,20653.846153846152,25350.0,51616.04284863634,0.19223852085153198,10
100000006687202100,1,false,1,0,50000.0,0.0,1,0,1,2026-07-15,2026-07-15,1,0.0,false,true,false,0.0002949519153763032,0.0,0,1877,false,0,50000.0,0.0,50000.0,1.0,0
100000006030946100,1,false,1,0,73289.0,0.0,1,0,1,2026-07-08,2026-07-08,1,0.0,false,true,false,0.00030095179684799426,0.0,1,270,false,0,73289.0,0.0,73289.0,1.0,1
100000002615479100,1,false,1,0,220000.0,0.0,1,0,1,2026-07-17,2026-07-17,1,0.0,false,true,false,0.0003091958284673856,0.0,0,1877,false,0,220000.0,0.0,220000.0,1.0,8
100000002952631100,1,false,1,0,48050.0,0.0,1,0,1,2026-07-04,2026-07-04,1,0.0,false,true,false,0.0002907355366892472,0.0,0,1877,false,0,48050.0,0.0,48050.0,1.0,3
100000002890167100,1,false,1,0,118150.0,0.0,1,0,1,2026-07-10,2026-07-10,1,0.0,false,true,false,0.00029827255224146554,0.0,0,1877,false,0,118150.0,0.0,118150.0,1.0,3
100000008687671100,1,false,1,0,37500.0,0.0,1,0,1,2026-07-09,2026-07-09,1,0.0,false,true,false,0.00029344010496176005,0.0,1,270,false,0,37500.0,0.0,37500.0,1.0,1
100000000810551100,1,false,1,1,100000.0,7100.0,1,1,2,2026-07-20,2026-07-22,2,0.071,false,false,false,0.00030559293759350624,7.769558206055905e-05,0,1877,false,0,100000.0,7100.0,100000.0,1.0,2
100000008724279100,1,false,1,0,11750.0,0.0,1,0,1,2026-07-20,2026-07-20,1,0.0,false,true,false,0.0002868326313462297,0.0,0,1877,false,0,11750.0,0.0,11750.0,1.0,3
100000002592567100,1,false,1,2,5297.0,48600.0,1,2,3,2026-07-05,2026-07-16,3,9.175004719652634,false,false,false,0.00028613881734682224,0.0007202476857029618,0,1877,false,0,5297.0,24300.0,5297.0,0.1089917695473251,3
100000002670860100,1,false,2,0,450000.0,0.0,2,0,2,2026-07-04,2026-07-21,2,0.0,false,true,false,0.00030894570400308145,0.0,0,1877,false,0,225000.0,0.0,200080.18608299404,0.4446226357399868,12
100000002844897100,1,false,1,0,10800.0,0.0,1,0,1,2026-07-21,2026-07-21,1,0.0,false,true,false,0.0002867291422622962,0.0,0,1877,false,0,10800.0,0.0,10800.0,1.0,8
100000007938486100,1,false,1,0,39500.0,0.0,1,0,1,2026-07-06,2026-07-06,1,0.0,false,true,false,0.00029385988153479833,0.0,1,270,false,0,39500.0,0.0,39500.0,1.0,1
100000008438656100,1,false,2,1,80000.0,5000.0,2,1,3,2026-07-03,2026-07-17,2,0.0625,false,false,false,0.0002973925274260617,2.377762216645049e-05,0,1877,false,0,40000.0,5000.0,55029.88405103751,0.6878735506379688,2
100000008304139100,1,false,4,24,189329.75,1692997.0,4,43,27,2026-07-02,2026-07-31,24,8.942054801213228,false,false,false,0.00031361800595865435,0.0013103045314002593,0,1877,true,4,47332.4375,39372.023255813954,23934.194803552113,0.014137174964605438,2
100000002597003100,1,false,1,1,17700.0,11000.0,1,1,2,2026-07-08,2026-07-17,2,0.6214689265536724,false,false,false,0.0002888907421075817,1.922024458454748e-05,0,1877,false,0,17700.0,11000.0,17700.0,1.0,0
100000002830055100,1,false,1,0,14000.0,0.0,1,0,1,2026-07-15,2026-07-15,1,0.0,false,true,false,0.00028850773022855977,0.0,1,270,false,0,14000.0,0.0,14000.0,1.0,1
100000004299488100,1,false,6,2,1749000.0,344999.0,22,14,7,2026-07-08,2026-07-23,12,0.19725500285877645,false,false,false,0.0014621185934412485,2.0805419395644178e-05,0,1877,true,9,79500.0,24642.785714285714,416800.09060818824,0.238307656151051,0
100000002809568100,1,false,1,0,10000.0,0.0,1,0,1,2026-07-05,2026-07-05,1,0.0,false,true,false,0.00028744581844909387,0.0,0,1877,false,0,10000.0,0.0,10000.0,1.0,0
100000004784224100,1,false,1,1,23500.0,100000.0,2,1,2,2026-07-11,2026-07-17,3,4.25531914893617,false,false,false,0.00030479790785637763,1.981468513870874e-07,0,1877,false,0,11750.0,100000.0,23500.0,0.235,22
100000003123296100,1,false,1,0,86200.0,0.0,2,0,1,2026-07-14,2026-07-14,1,0.0,false,true,false,0.0002998746198543025,0.0,0,1877,false,1,43100.0,0.0,86200.0,1.0,11
100000004130144100,1,false,1,0,200000.0,0.0,1,0,1,2026-07-22,2026-07-22,1,0.0,false,true,false,0.0002970377419674507,0.0,0,1877,false,0,200000.0,0.0,200000.0,1.0,8
100000001253557100,1,false,5,0,210200.0,0.0,5,0,5,2026-07-10,2026-07-28,5,0.0,false,true,false,0.00035106592298765426,0.0,0,1877,false,0,42040.0,0.0,33464.771133859955,0.15920442975195032,6
100000008767925100,1,false,1,0,17144.0,0.0,1,0,1,2026-07-28,2026-07-28,1,0.0,false,true,false,0.00028916761900137604,0.0,1,270,false,0,17144.0,0.0,17144.0,1.0,1
100000007181706100,1,false,2,0,176272.0,0.0,2,0,2,2026-07-22,2026-07-22,1,0.0,false,true,false,0.0003190664150355487,0.0,0,1877,false,0,88136.0,0.0,163782.5805322634,0.9291468896493114,2
100000003366154100,1,false,1,3,125000.0,289170.0,1,3,4,2026-07-18,2026-07-18,1,2.31336,false,false,false,0.00031059884843755994,6.146709644545515e-05,0,1877,false,0,125000.0,96390.0,125000.0,0.43227167410173944,2
100000007641183100,1,false,1,0,28000.0,0.0,1,0,1,2026-07-06,2026-07-06,1,0.0,false,true,false,0.0002885797997160378,0.0,0,1877,false,0,28000.0,0.0,28000.0,1.0,3
100000008663007100,1,false,1,0,14000.0,0.0,1,0,1,2026-07-01,2026-07-01,1,0.0,false,true,false,0.00028850773022855977,0.0,1,270,false,0,14000.0,0.0,14000.0,1.0,1
100000007334196100,1,false,1,0,150002.0,0.0,1,0,1,2026-07-15,2026-07-15,1,0.0,false,true,false,0.00030832012389912593,0.0,0,1877,false,0,150002.0,0.0,150002.0,1.0,10
100000003873332100,1,false,1,4,23468.0,286000.0,1,8,5,2026-07-04,2026-07-30,9,12.186807567751833,false,false,false,0.00028997312128448523,0.0008935591491820593,0,1877,false,0,23468.0,35750.0,23468.0,0.08205594405594406,18
100000001550388100,1,false,1,0,50000.0,0.0,1,0,1,2026-07-18,2026-07-18,1,0.0,false,true,false,0.0002949519153763032,0.0,0,1877,false,0,50000.0,0.0,50000.0,1.0,0
100000008718089100,1,false,1,0,15534.0,0.0,1,0,1,2026-07-15,2026-07-15,1,0.0,false,true,false,0.00028882969886008015,0.0,1,270,false,0,15534.0,0.0,15534.0,1.0,1
100000008728457100,1,false,1,0,45000.0,0.0,1,0,1,2026-07-20,2026-07-20,1,0.0,false,true,false,0.00029239445211973647,0.0,0,1877,false,0,45000.0,0.0,45000.0,1.0,10
100000004206046100,1,false,1,0,11075.0,0.0,1,0,1,2026-07-05,2026-07-05,1,0.0,false,true,false,0.0002867600566600992,0.0,0,1877,false,0,11075.0,0.0,11075.0,1.0,3
100000006579678100,1,false,2,6,192930.0,1668800.0,2,15,6,2026-07-08,2026-07-24,6,8.649769346395066,false,false,false,0.0006256438748763372,0.0004489435551961264,0,1877,true,3,96465.0,111253.33333333333,47169.86041611799,0.028265736107453254,3
100000002988894100,1,false,1,3,306121.0,77500.0,1,3,4,2026-07-05,2026-07-23,3,0.25316786499456095,false,false,false,0.00034686587155699375,7.133286649935147e-05,0,1877,false,0,306121.0,25833.333333333332,306121.0,1.0,2
100000008749406100,1,false,1,0,17144.0,0.0,1,0,1,2026-07-23,2026-07-23,1,0.0,false,true,false,0.00028916761900137604,0.0,1,270,false,0,17144.0,0.0,17144.0,1.0,1
100000005584222100,1,false,2,2,192717.0,108587.0,6,3,3,2026-07-02,2026-07-16,6,0.5634531463233653,false,false,false,0.0008759174247919286,3.863863602048205e-05,0,1877,true,1,32119.5,36195.666666666664,190617.9454170509,0.9891080984918347,0
100000003239859100,1,false,1,0,18600.0,0.0,1,0,1,2026-07-14,2026-07-14,1,0.0,false,true,false,0.00028865605821785305,0.0,0,1877,false,0,18600.0,0.0,18600.0,1.0,11
100000003980083100,1,false,1,0,30000.0,0.0,1,0,1,2026-07-21,2026-07-21,1,0.0,false,true,false,0.0005285862410602093,0.0,14,2,false,0,30000.0,0.0,30000.0,1.0,67
100000004351795100,1,false,3,14,118333.0,1715161.0,3,37,16,2026-07-01,2026-07-30,19,14.494359139039828,false,false,false,0.000313515605745216,0.0024285216041473657,0,1877,true,3,39444.333333333336,46355.7027027027,66872.00542080612,0.03898876281632227,0
100000002666248100,1,false,1,0,70032.0,0.0,1,0,1,2026-07-20,2026-07-20,1,0.0,false,true,false,0.00029959225214652225,0.0,0,1877,false,0,70032.0,0.0,70032.0,1.0,2
100000005877725100,1,false,1,0,70000.0,0.0,1,0,1,2026-07-01,2026-07-01,1,0.0,false,true,false,0.00030026147427363275,0.0,1,270,false,0,70000.0,0.0,70000.0,1.0,1
100000001697501100,1,false,3,38,123700.0,1482606.0,3,55,38,2026-07-01,2026-07-31,24,11.98549717057397,false,false,false,0.000591604549253488,0.00020547828488840964,1,270,true,2,41233.333333333336,26956.47272727273,25478.599475247956,0.017185010363675823,1
100000006972210100,1,false,3,0,488775.0,0.0,4,0,3,2026-07-15,2026-07-27,4,0.0,false,true,false,0.00034629600035376276,0.0,0,1877,false,0,122193.75,0.0,488775.0,1.0,8
100000008749618100,1,false,1,0,47280.0,0.0,1,0,1,2026-07-23,2026-07-23,1,0.0,false,true,false,0.0002954928124039174,0.0,1,270,false,0,47280.0,0.0,47280.0,1.0,1
100000008671026100,1,false,1,0,23534.0,0.0,1,0,1,2026-07-03,2026-07-03,1,0.0,false,true,false,0.00029050880515223344,0.0,1,270,false,0,23534.0,0.0,23534.0,1.0,1
100000001696818100,1,false,1,0,53550.0,0.0,1,0,1,2026-07-27,2026-07-27,1,0.0,false,true,false,0.0002988369268863421,0.0,0,1877,false,0,53550.0,0.0,53550.0,1.0,2
100000008679986100,1,false,1,0,19000.0,0.0,1,0,1,2026-07-06,2026-07-06,1,0.0,false,true,false,0.0002895571716611556,0.0,1,270,false,0,19000.0,0.0,19000.0,1.0,1
100000003616818100,1,false,3,3,78000.0,240100.0,4,8,4,2026-07-04,2026-07-31,9,3.0782051282051284,false,false,false,0.0005130034108689034,1.981468513870874e-06,2,17,true,1,19500.0,30012.5,19864.56730815722,0.08273455771827247,23
100000004156082100,1,false,5,26,377366.11,2319556.0,7,29,30,2026-07-23,2026-07-31,7,6.146699288921308,false,false,false,0.0008669668928480447,0.002040035139413781,0,1877,true,2,53909.444285714286,79984.68965517242,64298.81648545101,0.027720312200029233,15
100000008667058100,1,false,1,0,17534.0,0.0,1,0,1,2026-07-03,2026-07-03,1,0.0,false,true,false,0.0002892494754331185,0.0,1,270,false,0,17534.0,0.0,17534.0,1.0,1
100000008628231100,1,false,1,2,50000.0,627870.0,1,19,3,2026-07-23,2026-07-30,7,12.5574,false,false,false,0.0002955811159053989,4.755524433290098e-05,0,1877,false,3,50000.0,33045.78947368421,50000.0,0.0796343192062051,65
100000008749063100,1,false,1,0,19000.0,0.0,1,0,1,2026-07-23,2026-07-23,1,0.0,false,true,false,0.0002895571716611556,0.0,1,270,false,0,19000.0,0.0,19000.0,1.0,1
100000004494983100,1,false,1,0,35000.0,0.0,1,0,1,2026-07-14,2026-07-14,1,0.0,false,true,false,0.00029291538424546215,0.0,1,270,false,0,35000.0,0.0,35000.0,1.0,1
100000007648946100,1,false,1,1,19550.0,25000.0,1,1,2,2026-07-02,2026-07-05,2,1.278772378516624,false,false,false,0.00028923789909046513,2.9130943747974165e-06,0,1877,false,0,19550.0,25000.0,19550.0,0.782,13
100000003037660100,1,false,1,0,53000.0,0.0,1,0,1,2026-07-23,2026-07-23,1,0.0,false,true,false,0.00029618182520668534,0.0,0,1877,false,0,53000.0,0.0,53000.0,1.0,2
100000002679516100,1,false,3,0,102335.0,0.0,3,0,3,2026-07-01,2026-07-13,3,0.0,false,true,false,0.0003268254970708503,0.0,0,1877,false,0,34111.666666666664,0.0,35181.57388327817,0.34378828243785775,11
100000005588444100,1,false,1,0,12300.0,0.0,1,0,1,2026-07-23,2026-07-23,1,0.0,false,true,false,0.0002862746037539263,0.0,0,1877,false,0,12300.0,0.0,12300.0,1.0,8
100000001307612100,1,false,1,0,38483.0,0.0,1,0,1,2026-07-01,2026-07-01,1,0.0,false,true,false,0.0002936464251474084,0.0,1,270,false,0,38483.0,0.0,38483.0,1.0,1
100000003001564100,1,false,1,1,23520.0,180000.0,1,1,2,2026-07-03,2026-07-08,2,7.653061224489796,false,false,false,0.0002880981188362384,1.922024458454748e-05,0,1877,false,0,23520.0,180000.0,23520.0,0.13066666666666665,3
100000002762076100,1,false,2,1,140350.0,30000.0,2,1,3,2026-07-05,2026-07-13,3,0.21375133594584966,false,false,false,0.000299145669711646,3.962937027741748e-07,0,1877,false,0,70175.0,30000.0,140350.0,1.0,8
100000005514161100,1,false,4,1,401500.0,50000.0,7,1,5,2026-07-09,2026-07-31,5,0.12453300124533001,false,false,false,0.0008061423847001069,4.042195768296583e-05,0,1877,false,2,57357.142857142855,50000.0,116168.87816687032,0.28933718098846906,9
100000008746673100,1,false,1,0,53048.0,0.0,1,0,1,2026-07-22,2026-07-22,1,0.0,false,true,false,0.00029670344804055994,0.0,1,270,false,0,53048.0,0.0,53048.0,1.0,1
100000003265158100,1,false,3,2,146100.4,154200.0,3,4,5,2026-07-08,2026-07-30,3,1.055438588806054,false,false,false,0.0003846709844220273,0.00017654884458589488,0,1877,false,1,48700.13333333333,38550.0,102678.97869851542,0.6658818333237058,11
100000001567366100,1,false,1,0,824070.0,0.0,4,0,1,2026-07-10,2026-07-21,4,0.0,false,true,false,0.0003741716965870004,0.0,0,1877,false,0,206017.5,0.0,824070.0,1.0,3
100000008777088100,1,false,1,0,18000.0,0.0,1,0,1,2026-07-30,2026-07-30,1,0.0,false,true,false,0.0002893472833746364,0.0,1,270,false,0,18000.0,0.0,18000.0,1.0,1
100000002589019100,1,false,1,0,34710.0,0.0,1,0,1,2026-07-11,2026-07-11,1,0.0,false,true,false,0.00029132959413446846,0.0,0,1877,false,0,34710.0,0.0,34710.0,1.0,11
100000008666075100,1,false,1,0,26217.0,0.0,1,0,1,2026-07-02,2026-07-02,1,0.0,false,true,false,0.00029107193542496433,0.0,1,270,false,0,26217.0,0.0,26217.0,1.0,1
100000008137435100,1,false,2,6,93906.0,1419700.0,2,7,8,2026-07-02,2026-07-31,5,15.118309799160864,false,false,false,0.00031427797773226105,0.00029840915818895366,0,1877,true,0,46953.0,202814.2857142857,43945.1421473066,0.03095382274234458,21
100000004403675100,1,false,4,5,182980.0,264699.0,8,6,8,2026-07-01,2026-07-20,8,1.4466007213903158,false,false,false,0.0007400733271266663,0.002787673513726202,0,1877,true,3,22872.5,44116.5,93552.74600304084,0.3534306740979031,19
100000004677680100,1,false,2,1,63000.0,168000.0,2,3,2,2026-07-03,2026-07-13,4,2.6666666666666665,false,false,false,0.0010928341745650803,4.1214545088514184e-05,0,1877,true,1,31500.0,56000.0,50400.0,0.3,10
100000005958064100,1,false,1,2,5746.0,163986.84,1,3,3,2026-07-03,2026-07-29,2,28.539303863557258,false,false,false,0.0002861870929528557,2.5128210534091514e-05,0,1877,false,1,5746.0,54662.28,5746.0,0.03503939706381317,14
100000002881669100,1,false,1,0,18600.0,0.0,1,0,1,2026-07-13,2026-07-13,1,0.0,false,true,false,0.00028865605821785305,0.0,0,1877,false,0,18600.0,0.0,18600.0,1.0,11
100000002938501100,1,false,1,1,8395.0,5000.0,1,1,2,2026-07-06,2026-07-08,2,0.5955926146515783,false,false,false,0.0002864719082766478,1.7943915472918004e-05,0,1877,false,0,8395.0,5000.0,8395.0,1.0,3
100000006734554100,1,false,1,1,16500.0,25000.0,1,1,2,2026-07-03,2026-07-22,2,1.5151515151515151,false,false,false,0.00031194169852438746,5.944405541612623e-07,3,13,false,0,16500.0,25000.0,16500.0,0.66,29
100000008003034100,1,false,1,4,12201.0,135000.0,1,4,5,2026-07-06,2026-07-20,4,11.064666830587656,false,false,false,0.0002868811219883702,0.001993139023527303,0,1877,false,0,12201.0,33750.0,12201.0,0.09037777777777778,28
100000003970394100,1,false,1,0,85000.0,0.0,1,0,1,2026-07-13,2026-07-13,1,0.0,false,true,false,0.0002996754737897501,0.0,0,1877,false,0,85000.0,0.0,85000.0,1.0,11
100000003205210100,1,false,1,0,137563.0,0.0,1,0,1,2026-07-24,2026-07-24,1,0.0,false,true,false,0.00031311441875491374,0.0,0,1877,false,0,137563.0,0.0,137563.0,1.0,2
100000004559194100,1,false,1,0,282145.0,0.0,6,0,1,2026-07-09,2026-07-14,5,0.0,false,true,false,0.000315904975429569,0.0,0,1877,false,1,47024.166666666664,0.0,282145.0,1.0,3
100000008173359100,1,false,1,0,6110.0,0.0,1,0,1,2026-07-23,2026-07-23,1,0.0,false,true,false,0.00028622622952433936,0.0,0,1877,false,0,6110.0,0.0,6110.0,1.0,3
100000007953156100,2,false,1,1,18000.0,10000.0,1,1,2,2026-07-14,2026-07-25,2,0.5555555555555556,false,false,false,0.0004778416683076013,1.981468513870874e-05,0,1877,false,0,18000.0,10000.0,7087.069428621758,0.3937260793678754,14
100000002224132100,2,false,5,4,3951020.0,12115000.0,10,25,6,2026-07-02,2026-07-29,15,3.0662968043695047,false,false,false,0.005995733195474419,6.241625818693253e-06,0,1877,true,4,395102.0,484600.0,181058.7301224132,0.014945004549930929,22
100000008547844100,2,false,3,19,177600.0,2042199.0,3,21,21,2026-07-12,2026-07-28,11,11.498868243243244,false,false,false,0.00034433805217794417,0.001787609881803526,0,1877,true,1,59200.0,97247.57142857143,1065.8174352243448,0.0005218969528553998,6
100000002635780100,2,false,1,0,163000.02,0.0,1,0,1,2026-07-27,2026-07-27,1,0.0,false,true,false,0.0005553850086577923,0.0,0,1877,false,0,163000.02,0.0,84445.56803722015,0.5180709059865155,8
100000001279875100,2,false,1,0,49235.0,0.0,1,0,1,2026-07-31,2026-07-31,1,0.0,false,true,false,0.00030327274282640737,0.0,0,1877,false,0,49235.0,0.0,717.0746885219855,0.014564327988666305,12
100000001961048100,2,false,1,0,150000.0,0.0,1,0,1,2026-07-17,2026-07-17,1,0.0,false,true,false,0.0003043093392848261,0.0,0,1877,false,0,150000.0,0.0,247.5027884083783,0.0016500185893891888,30
100000000993112100,2,false,1,0,141000.0,0.0,1,0,1,2026-07-20,2026-07-20,1,0.0,false,true,false,0.0004411148276499571,0.0,0,1877,false,0,141000.0,0.0,20995.4070322031,0.14890359597307162,32
100000005547096100,2,false,1,2,8000.0,226300.0,1,3,2,2026-07-01,2026-07-05,3,28.2875,false,false,false,0.0008920567423173914,3.962937027741748e-07,6,6,true,1,8000.0,75433.33333333333,6100.528210835929,0.02695770309693296,47
100000000331309100,2,false,5,99,984635.0,23001375.0,8,126,104,2026-07-01,2026-07-31,29,23.360306103276848,false,false,false,0.0008756899038073772,0.004557234050267507,0,1877,true,12,123079.375,182550.59523809524,27494.970577315085,0.0011953620415003489,5
100000006684930100,2,false,1,0,10000.0,0.0,1,0,1,2026-07-27,2026-07-27,1,0.0,false,true,false,0.0002987343713958292,0.0,0,1877,false,0,10000.0,0.0,2933.199149783026,0.29331991497830256,13
100000004479404100,2,false,2,1,1492000.0,300000.0,8,2,2,2026-07-02,2026-07-28,8,0.20107238605898123,false,false,false,0.0008667096306509942,9.610122292273739e-05,0,1877,true,2,186500.0,150000.0,1637.2632399936176,0.0010973614209072505,44
100000004134060100,2,false,1,0,88179.0,0.0,1,0,1,2026-07-24,2026-07-24,1,0.0,false,true,false,0.0003280105841798646,0.0,0,1877,false,0,88179.0,0.0,11220.673860364055,0.12724882183245506,17
100000001083990100,2,false,1,0,49900.0,0.0,2,0,1,2026-07-14,2026-07-14,1,0.0,false,true,false,0.0005021137973799189,0.0,0,1877,false,1,24950.0,0.0,45687.42102628346,0.9155795796850393,11
100000004573782100,2,false,1,0,15000.0,0.0,1,0,1,2026-07-26,2026-07-26,1,0.0,false,true,false,0.00030989701692863043,0.0,0,1877,false,0,15000.0,0.0,8108.108108108108,0.5405405405405406,8
100000005660203100,2,false,1,2,572899.0,41000.0,12,5,2,2026-07-01,2026-07-31,13,0.07156584319400104,false,false,false,0.0009492504038791968,1.9418391435934565e-05,0,1877,true,2,47741.583333333336,8200.0,522586.01561000146,0.9121782645981255,3
100000008771627100,2,false,1,0,16500.0,0.0,1,0,1,2026-07-29,2026-07-29,1,0.0,false,true,false,0.00029117330984218927,0.0,1,270,false,0,16500.0,0.0,283.55267100065106,0.017185010363675823,1
100000000031787100,2,false,1,2,90000.0,90000.0,2,4,2,2026-07-02,2026-07-29,6,1.0,false,false,false,0.0004315356304853249,3.962937027741748e-07,0,1877,true,0,45000.0,22500.0,48648.648648648654,0.5405405405405406,8
100000001346560100,2,false,2,1,10000.0,22200.0,2,1,3,2026-07-19,2026-07-31,3,2.22,false,false,false,0.0005866163489075503,2.5759090680321364e-05,0,1877,false,0,5000.0,22200.0,5755.274462803369,0.2592465974235752,2
100000001703168100,2,false,1,1,45000.0,90000.0,1,1,2,2026-07-23,2026-07-25,2,2.0,false,false,false,0.0002926634317603083,1.922024458454748e-05,0,1877,false,0,45000.0,90000.0,636.1728734072447,0.007068587482302718,2
100000004904960100,2,false,2,0,32000.0,0.0,2,0,2,2026-07-04,2026-07-06,2,0.0,false,true,false,0.0007779174826823437,0.0,0,1877,false,0,16000.0,0.0,7863.513446540172,0.24573479520438035,0
100000004467157100,2,false,1,1,20000.0,7000.0,3,1,1,2026-07-09,2026-07-31,4,0.35,false,false,false,0.0003865607584834256,0.0,0,1877,true,0,6666.666666666667,7000.0,8265.937466403026,0.4132968733201513,33
100000008346837100,2,false,9,25,254359.0,1258643.0,12,26,32,2026-07-02,2026-07-22,15,4.948293553599441,false,false,false,0.0005474079827287946,0.008981156281324018,0,1877,true,2,21196.583333333332,48409.346153846156,13600.731826243045,0.01080586935790613,13
100000006385877100,2,false,1,1,53706.62,36602.93,5,5,1,2026-07-07,2026-07-30,5,0.6815347903107661,false,false,false,0.0020942975539589227,0.0,0,1877,true,2,10741.324,7320.586,30114.581524269062,0.5607238274214438,8
100000002459093100,2,false,1,1,500000.0,55000.0,2,3,2,2026-07-04,2026-07-20,4,0.11,false,false,false,0.0003892499869806273,1.1888811083225246e-06,0,1877,false,1,250000.0,18333.333333333332,42682.9268292683,0.08536585365853659,9
100000005053653100,2,false,2,1,63073.0,25000.0,2,1,3,2026-07-09,2026-07-13,3,0.3963661154535221,false,false,false,0.0003136008584320492,1.922024458454748e-05,0,1877,false,0,31536.5,25000.0,1503.8607346224455,0.023843177502615154,13
100000001557930100,2,false,1,0,34610.0,0.0,1,0,1,2026-07-30,2026-07-30,1,0.0,false,true,false,0.0002921289541275461,0.0,0,1877,false,0,34610.0,0.0,8306.62150990693,0.2400064001706712,9
100000002820010100,2,false,1,0,30000.0,0.0,1,0,1,2026-07-31,2026-07-31,1,0.0,false,true,false,0.0002912552172831002,0.0,0,1877,false,0,30000.0,0.0,7200.192005120136,0.2400064001706712,9
100000000769919100,2,false,1,0,250000.0,0.0,1,0,1,2026-07-13,2026-07-13,1,0.0,false,true,false,0.0007354469638244266,0.0,13,3,false,0,250000.0,0.0,200000.0,0.8,61
100000003188607100,2,false,1,1,18000.0,5000.0,1,1,2,2026-07-03,2026-07-26,2,0.2777777777777778,false,false,false,0.0003147625614708982,5.944405541612623e-07,0,1877,false,0,18000.0,5000.0,9729.72972972973,0.5405405405405406,8
100000002836052100,2,false,1,0,15000.0,0.0,1,0,1,2026-07-03,2026-07-03,1,0.0,false,true,false,0.00030566605014635306,0.0,0,1877,false,0,15000.0,0.0,8632.911694205053,0.5755274462803369,2
100000001102676100,2,false,1,1,50000.0,50000.0,1,1,2,2026-07-26,2026-07-26,1,1.0,false,false,false,0.00031303095439867587,2.3975769017837576e-05,0,1877,false,0,50000.0,50000.0,6789.354402960997,0.13578708805921993,2
100000003390036100,2,false,2,2,231300.0,62000.0,4,2,4,2026-07-05,2026-07-19,5,0.2680501513186338,false,false,false,0.0013242239371446286,7.826800629789953e-05,0,1877,true,0,57825.0,31000.0,90960.53719754174,0.39325783483589166,10
100000008335401100,2,false,1,0,150000.0,0.0,3,0,1,2026-07-08,2026-07-08,1,0.0,false,true,false,0.0005512278448300632,0.0,0,1877,false,1,50000.0,0.0,7520.642602297499,0.05013761734864999,7
100000006994985100,2,false,1,1,48500.0,10200.0,2,2,2,2026-07-18,2026-07-22,4,0.21030927835051547,false,false,false,0.0005013304862324085,1.9616538287321655e-05,0,1877,false,0,24250.0,5100.0,16871.359896876365,0.34786309065724463,9
100000008356606100,2,false,2,0,168500.0,0.0,2,0,2,2026-07-08,2026-07-22,2,0.0,false,true,false,0.0006267853006401164,0.0,0,1877,false,0,84250.0,0.0,4579.238469657883,0.027176489434171412,28
100000007930878100,2,false,1,0,5000.0,0.0,1,0,1,2026-07-09,2026-07-09,1,0.0,false,true,false,0.0004836377257927898,0.0,7,6,false,0,5000.0,0.0,5000.0,1.0,43
100000008389800100,2,false,3,7,189000.0,401620.0,3,8,8,2026-07-01,2026-07-10,7,2.124973544973545,false,false,false,0.0005050963840560344,0.00015931006851521828,0,1877,true,1,63000.0,50202.5,13128.304212139237,0.0326883726212321,3
100000005474472100,2,false,1,0,100000.0,0.0,1,0,1,2026-07-17,2026-07-17,1,0.0,false,true,false,0.0005449540086863342,0.0,0,1877,false,0,100000.0,0.0,23500.0,0.235,22
100000004486525100,2,false,8,2,360924.0,271045.0,21,3,10,2026-07-01,2026-07-06,5,0.7509752745730403,false,false,false,0.0008057988481996718,4.755524433290098e-06,0,1877,false,5,17186.85714285714,90348.33333333333,13366.156125220692,0.03703315968242814,0
100000003031890100,2,false,1,0,215000.0,0.0,10,0,1,2026-07-04,2026-07-29,10,0.0,false,true,false,0.00039212223001592895,0.0,2,17,false,0,21500.0,0.0,3265.9581496587807,0.015190503021668748,23
100000008624978100,2,false,1,0,109000.0,0.0,1,0,1,2026-07-05,2026-07-05,1,0.0,false,true,false,0.0003380319055637625,0.0,0,1877,false,0,109000.0,0.0,13870.121579737603,0.12724882183245506,17
100000000790311100,2,false,1,0,46300.0,0.0,1,0,1,2026-07-27,2026-07-27,1,0.0,false,true,false,0.00030029921906631367,0.0,0,1877,false,0,46300.0,0.0,1283.4504548613536,0.027720312200029237,15
100000008546855100,2,false,6,2,71790.0,10000.0,8,2,6,2026-07-26,2026-07-28,3,0.1392951664577239,false,false,false,0.001426975889157692,5.8849614861964964e-05,0,1877,true,1,8973.75,5000.0,1518.8433975720704,0.02115675438880165,18
100000002863356100,2,false,1,1,45000.0,20000.0,1,1,2,2026-07-18,2026-07-20,2,0.4444444444444444,false,false,false,0.0003008529731942853,1.387027959709612e-06,1,270,false,0,45000.0,20000.0,773.325466365412,0.017185010363675823,1
100000000332284100,2,false,10,3,107426.0,289500.0,12,3,13,2026-07-06,2026-07-31,10,2.69487833485376,false,false,false,0.0007170946224349086,0.0001091372663902734,0,1877,false,0,8952.166666666666,96500.0,6538.783093082596,0.022586470097003784,5
100000002605308100,2,false,3,0,2569521.84,0.0,7,0,3,2026-07-24,2026-07-29,3,0.0,false,true,false,0.0008849814697633094,0.0,0,1877,false,2,367074.5485714286,0.0,30010.23743226806,0.011679308175200433,14
100000005931985100,2,false,1,0,76000.0,0.0,1,0,1,2026-07-31,2026-07-31,1,0.0,false,true,false,0.00031289664456344375,0.0,0,1877,false,0,76000.0,0.0,1106.8889271386392,0.014564327988666305,12
100000001166289100,2,false,2,1,721039.0,25000.0,10,1,2,2026-07-01,2026-07-28,11,0.0346721883282319,false,false,false,0.0020021280906723856,0.0,1,270,true,0,72103.9,25000.0,4751.973695896888,0.006590453076597643,1
100000008477350100,2,false,11,39,610100.0,3374866.0,14,44,49,2026-07-01,2026-07-30,17,5.531660383543682,false,false,false,0.001034235078661126,0.0025171940682580047,0,1877,true,2,43578.57142857143,76701.5,40938.53602901336,0.0121304182237201,0
100000003824464100,2,false,1,0,200000.0,0.0,1,0,1,2026-07-03,2026-07-03,1,0.0,false,true,false,0.0003232476510835717,0.0,0,1877,false,0,200000.0,0.0,6190.7645484689165,0.030953822742344584,21
100000002738256100,2,false,1,1,150200.0,175000.0,1,1,1,2026-07-08,2026-07-09,2,1.1651131824234353,false,false,false,0.0005073102992973042,0.0,9,5,true,0,150200.0,175000.0,146778.8390889052,0.8387362233651725,52
100000001857829100,2,false,6,16,888535.0,2390993.0,9,16,20,2026-07-10,2026-07-30,9,2.690938454872346,false,false,false,0.0006204790252521147,0.0019595993772788304,0,1877,true,1,98726.11111111111,149437.0625,3995.891443337059,0.0016712267427537676,4
100000008672762100,2,false,1,0,13000.0,0.0,1,0,1,2026-07-03,2026-07-03,1,0.0,false,true,false,0.00028998457925508977,0.0,1,270,false,0,13000.0,0.0,223.4051347277857,0.017185010363675823,1
100000001737722100,2,false,1,0,60460.0,0.0,1,0,1,2026-07-24,2026-07-24,1,0.0,false,true,false,0.0003187759337086215,0.0,0,1877,false,0,60460.0,0.0,8209.687344060438,0.13578708805921993,2
100000005572303100,2,false,1,1,75000.0,20000.0,1,1,2,2026-07-02,2026-07-07,2,0.26666666666666666,false,false,false,0.0003132762393993461,3.844048916909496e-05,0,1877,false,0,75000.0,20000.0,11958.159952928132,0.15944213270570842,3
100000008733049100,2,false,1,0,10000.0,0.0,1,0,1,2026-07-23,2026-07-23,1,0.0,false,true,false,0.00028875070347193993,0.0,0,1877,false,0,10000.0,0.0,277.20312200029235,0.027720312200029237,15
100000000850297100,2,false,1,1,17520.0,17520.0,1,1,1,2026-07-19,2026-07-19,1,1.0,false,false,false,0.00029391683130875336,0.0,0,1877,true,0,17520.0,17520.0,408.47037678382566,0.0233145192228211,7
100000005140601100,2,false,3,2,52685.0,195300.0,4,5,3,2026-07-05,2026-07-25,6,3.706937458479643,false,false,false,0.002705731454703328,1.9616538287321655e-05,0,1877,true,0,13171.25,39060.0,12405.872979883123,0.0635221350736463,4
100000004410489100,2,false,1,0,54000.0,0.0,1,0,1,2026-07-12,2026-07-12,1,0.0,false,true,false,0.0003142199106141316,0.0,0,1877,false,0,54000.0,0.0,2104.212677416196,0.03896690143363326,0
100000006852430100,2,false,1,0,37000.0,0.0,1,0,1,2026-07-20,2026-07-20,1,0.0,false,true,false,0.0005362020040442959,0.0,0,1877,false,0,37000.0,0.0,37000.0,1.0,10
100000003166755100,2,false,1,0,24010.0,0.0,1,0,1,2026-07-08,2026-07-08,1,0.0,false,true,false,0.00028935441071524336,0.0,0,1877,false,0,24010.0,0.0,339.43357090017656,0.014137174964605438,2
100000008258083100,2,false,2,2,3149500.0,2045650.0,13,6,3,2026-07-02,2026-07-31,12,0.6495157961581204,false,false,false,0.0010500443938968613,7.767356574373826e-05,0,1877,true,4,242269.23076923078,340941.6666666667,5196.73354728125,0.0016500185893891888,30
100000003054328100,2,false,1,2,140000.0,193720.0,1,2,3,2026-07-07,2026-07-29,2,1.3837142857142857,false,false,false,0.0003359091501180982,7.925874055483496e-07,0,1877,false,0,140000.0,96860.0,2039.0059184132826,0.010525531274072283,12
100000008473207100,2,false,1,0,202000.0,0.0,4,0,1,2026-07-03,2026-07-13,4,0.0,false,true,false,0.0005562056073953202,0.0,0,1877,false,0,50500.0,0.0,116256.54414862806,0.5755274462803369,2
100000008104567100,2,false,3,3,53550.0,40000.0,3,4,6,2026-07-07,2026-07-28,5,0.7469654528478058,false,false,false,0.000538042367569947,0.0020260185309577384,0,1877,true,1,17850.0,10000.0,7722.987692831876,0.14422012498285483,7
100000002721825100,2,false,1,0,11000.0,0.0,1,0,1,2026-07-08,2026-07-08,1,0.0,false,true,false,0.0005314143750831593,0.0,0,1877,false,0,11000.0,0.0,11000.0,1.0,0
100000003509750100,2,false,3,3,82290.0,78400.0,4,5,4,2026-07-02,2026-07-29,7,0.9527281565196257,false,false,false,0.0016870480265556839,1.981468513870874e-06,0,1877,true,0,20572.5,15680.0,19750.12667004446,0.2400064001706697,9
100000007322059100,2,false,2,1,29000.0,22500.0,2,2,2,2026-07-18,2026-07-31,3,0.7758620689655172,false,false,false,0.0006801571631888198,4.0025663980191654e-05,0,1877,true,0,14500.0,11250.0,4318.204283219076,0.1489035959730716,32
100000004441291100,2,false,1,0,20000.0,0.0,1,0,1,2026-07-03,2026-07-03,1,0.0,false,true,false,0.000548843069567572,0.0,0,1877,false,0,20000.0,0.0,13010.211700319289,0.6505105850159645,2
100000006122699100,2,false,2,0,45865.0,0.0,2,0,2,2026-07-01,2026-07-01,1,0.0,false,true,false,0.00040470648495862,0.0,0,1877,false,0,22932.5,0.0,5973.034173885399,0.13023076799052433,3
100000008254069100,2,false,1,5,10200.0,107500.0,2,6,5,2026-07-12,2026-07-22,4,10.53921568627451,false,false,false,0.00034248614123752333,9.351210406461277e-05,0,1877,true,1,5100.0,17916.666666666668,9075.168412775995,0.08442017128163716,19
100000003336565100,2,false,1,0,16550.0,0.0,1,0,1,2026-07-09,2026-07-09,1,0.0,false,true,false,0.00029119029170771927,0.0,1,270,false,0,16550.0,0.0,284.41192151883484,0.017185010363675823,1
100000002492277100,2,false,1,0,138500.0,0.0,1,0,1,2026-07-31,2026-07-31,1,0.0,false,true,false,0.0003074034730996875,0.0,0,1877,false,0,138500.0,0.0,1957.9987325978532,0.014137174964605438,2
100000001339466100,2,false,1,0,30000.0,0.0,1,0,1,2026-07-10,2026-07-10,1,0.0,false,true,false,0.00030390187452179496,0.0,0,1877,false,0,30000.0,0.0,4469.323098749305,0.14897743662497684,2
100000005022964100,2,false,1,0,20000.0,0.0,1,0,1,2026-07-26,2026-07-26,1,0.0,false,true,false,0.0003273647858899904,0.0,0,1877,false,0,20000.0,0.0,11475.409836065573,0.5737704918032787,2
100000003112436100,2,false,1,0,100000.0,0.0,1,0,1,2026-07-22,2026-07-22,1,0.0,false,true,false,0.00030213264071430647,0.0,0,1877,false,0,100000.0,0.0,21505.044049875338,0.21505044049875338,3
100000000489417100,2,false,3,1,73504.0,80000.0,3,1,4,2026-07-03,2026-07-05,2,1.0883761427949499,false,false,false,0.0005517574141078745,1.4045481435864878e-05,0,1877,false,0,24501.333333333332,80000.0,23494.199638006285,0.29367749547507854,13
100000002217161100,2,false,2,7,404750.0,995132.0,15,19,8,2026-07-02,2026-07-31,21,2.4586337245213095,false,false,false,0.0008915694561716002,0.00015514898463608943,0,1877,true,5,26983.333333333332,52375.36842105263,3190.6151205093947,0.0032062230141422393,34
100000002469065100,2,false,1,0,200000.0,0.0,1,0,1,2026-07-07,2026-07-07,1,0.0,false,true,false,0.00031869598721132145,0.0,0,1877,false,0,200000.0,0.0,43010.088099750676,0.21505044049875338,3
100000007337374100,2,false,1,0,20000.0,0.0,2,0,1,2026-07-13,2026-07-27,2,0.0,false,true,false,0.00029236204042928877,0.0,1,270,false,0,10000.0,0.0,343.70020727351647,0.017185010363675823,1
100000003249054100,2,false,7,1,99700.0,15000.0,11,1,8,2026-07-11,2026-07-31,9,0.15045135406218657,false,false,false,0.0004314632286065663,3.962937027741748e-05,0,1877,false,1,9063.636363636364,15000.0,1988.410924981196,0.019943941073031053,2
100000003024542100,2,false,1,0,8500.0,0.0,1,0,1,2026-07-14,2026-07-14,1,0.0,false,true,false,0.00031794749343884324,0.0,0,1877,false,0,8500.0,0.0,8500.0,1.0,2
100000002718366100,2,false,6,0,2525000.0,0.0,10,0,6,2026-07-03,2026-07-28,5,0.0,false,true,false,0.0006811994866182303,0.0,0,1877,false,1,252500.0,0.0,50632.40023508667,0.020052435736667987,6
100000005059998100,2,false,1,0,18000.0,0.0,1,0,1,2026-07-13,2026-07-13,1,0.0,false,true,false,0.00029591727477698993,0.0,0,1877,false,0,18000.0,0.0,423.03172737955344,0.023501762632197415,0
100000004071070100,2,false,2,1,41000.0,6000.0,5,1,2,2026-07-03,2026-07-19,6,0.14634146341463414,false,false,false,0.0011875923340219296,0.0,0,1877,true,0,8200.0,6000.0,10769.97931388754,0.26268242228994,0
100000001584286100,2,false,2,0,738699.0,0.0,3,0,2,2026-07-16,2026-07-17,2,0.0,false,true,false,0.0003284849940706435,0.0,0,1877,false,1,246233.0,0.0,369.85961375352537,0.0005006905569840021,12
100000008701256100,2,false,1,0,58250.0,0.0,1,0,1,2026-07-24,2026-07-24,1,0.0,false,true,false,0.00030374263490071855,0.0,0,1877,false,0,58250.0,0.0,1665.4224868547135,0.02859094398033843,24
100000001490461100,2,false,1,1,20000.0,5000.0,1,1,2,2026-07-04,2026-07-16,2,0.25,false,false,false,0.00032099043429899445,2.19943005039667e-05,0,1877,false,0,20000.0,5000.0,1002.7523469729998,0.05013761734864999,7
100000008531186100,2,false,1,0,125000.0,0.0,1,0,1,2026-07-22,2026-07-22,1,0.0,false,true,false,0.00036195504548605574,0.0,0,1877,false,0,125000.0,0.0,18622.179578122104,0.14897743662497684,2
100000004765639100,2,false,1,2,5000.0,11000.0,1,2,2,2026-07-09,2026-07-24,2,2.2,false,false,false,0.0003618562506145208,0.0,0,1877,true,0,5000.0,5500.0,4563.135408867359,0.4148304917152144,0
100000002983879100,2,false,2,0,200050.0,0.0,2,0,2,2026-07-15,2026-07-16,2,0.0,false,true,false,0.000358079776487087,0.0,0,1877,false,0,100025.0,0.0,17101.06688637681,0.0854839634410238,2
100000008734364100,2,false,1,0,26200.0,0.0,1,0,1,2026-07-20,2026-07-20,1,0.0,false,true,false,0.00029446779175500794,0.0,1,270,false,0,26200.0,0.0,450.24727152830656,0.017185010363675823,1
100000003192220100,2,false,1,0,60000.0,0.0,2,0,1,2026-07-03,2026-07-05,2,0.0,false,true,false,0.0005031715963348398,0.0,0,1877,false,0,30000.0,0.0,28393.302449415554,0.47322170741506375,54
100000008060273100,2,false,1,0,10000.0,0.0,2,0,1,2026-07-19,2026-07-28,2,0.0,false,true,false,0.00029896713150333256,0.0,0,1877,false,0,5000.0,0.0,5755.274462803369,0.5755274462803369,2
100000008205937100,2,false,1,0,35000.0,0.0,3,0,1,2026-07-06,2026-07-26,3,0.0,false,true,false,0.0003316470643421733,0.0,0,1877,false,0,11666.666666666666,0.0,10266.19702424059,0.29331991497830256,13
100000005507142100,2,false,3,3,51000.0,100000.0,3,4,4,2026-07-01,2026-07-28,7,1.9607843137254901,false,false,false,0.000558950097758132,4.5573775819030105e-06,0,1877,true,0,17000.0,25000.0,25260.11560693642,0.2526011560693642,36
100000005539910100,2,false,1,2,102000.0,22000.0,1,2,3,2026-07-16,2026-07-20,2,0.21568627450980393,false,false,false,0.0004987263017480559,4.795153803567515e-05,0,1877,false,0,102000.0,11000.0,58524.59016393442,0.5737704918032787,2
100000002459163100,2,false,1,0,20180.0,0.0,1,0,1,2026-07-17,2026-07-17,1,0.0,false,true,false,0.00036111544422251464,0.0,10,4,false,0,20180.0,0.0,20180.0,1.0,56
100000004666651100,2,false,1,0,429250.0,0.0,1,0,1,2026-07-28,2026-07-28,1,0.0,false,true,false,0.0004575388898979438,0.0,0,1877,false,0,429250.0,0.0,34183.03151926354,0.0796343192062051,65
100000003927792100,2,false,1,0,13067.0,0.0,1,0,1,2026-07-31,2026-07-31,1,0.0,false,true,false,0.0002897264416903406,0.0,0,1877,false,0,13067.0,0.0,362.221319517782,0.027720312200029233,15
100000000607941100,2,false,2,1,50000.0,70000.0,3,4,2,2026-07-10,2026-07-31,5,1.4,false,false,false,0.0005785720589504699,5.7660733753642434e-05,0,1877,true,1,16666.666666666668,17500.0,6696.569573639754,0.09566527962342505,3
100000004158362100,2,false,1,0,12000.0,0.0,1,0,1,2026-07-02,2026-07-02,1,0.0,false,true,false,0.00029138223393265143,0.0,0,1877,false,0,12000.0,0.0,1419.7505297780733,0.11831254414817277,0
100000005664922100,2,false,2,3,22000.0,537000.0,2,4,4,2026-07-01,2026-07-27,5,24.40909090909091,false,false,false,0.0008059658576323354,3.962937027741748e-06,0,1877,true,0,11000.0,134250.0,17159.774436090225,0.03195488721804511,22
100000007594394100,2,false,6,1,395385.0,3376312.0,6,40,6,2026-07-11,2026-07-31,19,8.539302199122375,false,false,false,0.0004055854787031878,3.6199495962304385e-05,0,1877,true,12,65897.5,84407.8,7105.537376367277,0.002104526292702593,18
100000000979567100,2,false,1,0,10000.0,0.0,1,0,1,2026-07-02,2026-07-02,1,0.0,false,true,false,0.0005307306769296851,0.0,1,270,false,0,10000.0,0.0,10000.0,1.0,1
100000002831727100,2,false,1,1,6000.0,77000.0,1,3,2,2026-07-04,2026-07-25,4,12.833333333333334,false,false,false,0.00029074621801528875,1.922024458454748e-05,0,1877,false,0,6000.0,25666.666666666668,492.3356643356644,0.00639396966669694,18
100000003062895100,2,false,2,0,328444.0,0.0,2,0,2,2026-07-12,2026-07-21,2,0.0,false,true,false,0.00040765067095518585,0.0,0,1877,false,0,164222.0,0.0,11156.256155626757,0.033966996369630006,6
100000008376089100,2,false,1,0,135000.0,0.0,1,0,1,2026-07-18,2026-07-18,1,0.0,false,true,false,0.00030243533477807266,0.0,0,1877,false,0,135000.0,0.0,222.75250956754047,0.0016500185893891888,30
100000003219438100,2,false,1,0,32000.0,0.0,1,0,1,2026-07-24,2026-07-24,1,0.0,false,true,false,0.00044715563704310606,0.0,0,1877,false,0,32000.0,0.0,13225.49994624484,0.41329687332015125,33
100000000967918100,2,false,1,0,21200.0,0.0,3,0,1,2026-07-01,2026-07-30,3,0.0,false,true,false,0.00047927096158051867,0.0,0,1877,false,0,7066.666666666667,0.0,2364.1675054250786,0.11151733516156032,0
100000003254723100,2,false,1,0,269850.0,0.0,6,0,1,2026-07-05,2026-07-27,6,0.0,false,true,false,0.0005300436631859109,0.0,0,1877,false,0,44975.0,0.0,133802.18320094643,0.4958391076559067,2
100000003823811100,2,false,1,3,30000.0,66130.0,1,3,4,2026-07-01,2026-07-19,4,2.2043333333333335,false,false,false,0.0003569753080281238,0.00012452339757262028,0,1877,false,0,30000.0,22043.333333333332,10602.920222937093,0.1603344960371555,19
100000008587459100,2,false,2,2,181507.0,686500.0,2,4,4,2026-07-01,2026-07-15,5,3.782223275135394,false,false,false,0.00030075681163842705,1.7724578204740182e-05,0,1877,true,1,90753.5,171625.0,804.8811403559557,0.001172441573715886,0
100000008603331100,2,false,2,6,39500.0,741774.0,3,6,7,2026-07-04,2026-07-14,6,18.779088607594936,false,false,false,0.00034423402970945214,0.0001957690891704424,0,1877,true,0,13166.666666666666,123629.0,2531.137646153328,0.0034122760384609437,28
100000008758168100,2,false,2,5,75410.0,1533600.0,2,5,7,2026-07-25,2026-07-31,5,20.33682535472749,false,false,false,0.0003183672512790783,5.6020009578558015e-05,0,1877,false,0,37705.0,306720.0,8329.969130750591,0.0054316439298060714,17
100000003724440100,2,false,2,0,50000.0,0.0,2,0,2,2026-07-11,2026-07-13,2,0.0,false,true,false,0.00030808789580780973,0.0,0,1877,false,0,25000.0,0.0,1244.3192697884847,0.024886385395769695,0
100000000291906100,2,false,2,2,388000.0,455854.0,3,6,3,2026-07-01,2026-07-31,7,1.1748814432989692,false,false,false,0.0007629373053537499,7.806985944651244e-05,0,1877,true,1,129333.33333333333,75975.66666666667,9823.838309705958,0.02155040497550961,49
100000005077484100,2,false,1,2,150000.0,13550.0,1,2,2,2026-07-04,2026-07-14,2,0.09033333333333333,false,false,false,0.0005397108639201066,3.962937027741748e-07,3,13,true,0,150000.0,6775.0,50998.7250318742,0.3399915002124947,29
100000004192107100,2,false,1,0,25000.0,0.0,1,0,1,2026-07-29,2026-07-29,1,0.0,false,true,false,0.00029930012430798373,0.0,0,1877,false,0,25000.0,0.0,3394.6772014804983,0.13578708805921993,2
100000002193259100,2,false,2,3,48000.0,58000.0,2,3,3,2026-07-08,2026-07-17,4,1.2083333333333333,false,false,false,0.0008908421386694429,6.43977267008034e-05,0,1877,true,0,24000.0,19333.333333333332,1365.3383829839413,0.023540316947998987,11
100000005481280100,2,false,1,3,32700.0,50000.0,1,3,4,2026-07-18,2026-07-30,4,1.529051987767584,false,false,false,0.00029597250247999184,4.3660134496595575e-05,0,1877,false,0,32700.0,16666.666666666668,906.4542089409559,0.01812908417881912,15
100000004527381100,2,false,1,1,119333.17,273866.11,1,1,2,2026-07-29,2026-07-29,1,2.2949705433954364,false,false,false,0.00037549896425589837,0.0003213941929498557,0,1877,true,0,119333.17,273866.11,22455.20362711548,0.08199336393654359,15
100000001578517100,2,false,1,0,30000.0,0.0,1,0,1,2026-07-03,2026-07-03,1,0.0,false,true,false,0.000290538298166396,0.0,0,1877,false,0,30000.0,0.0,6451.5132149626015,0.21505044049875338,3
100000003741418100,2,false,9,3,151900.0,39920.0,13,3,11,2026-07-01,2026-07-16,11,0.2628044766293614,false,false,false,0.0006325013799441056,5.2754855808308135e-05,0,1877,true,1,11684.615384615385,13306.666666666666,995.8615424002123,0.0065560338538526155,5
100000008737514100,2,false,1,0,85000.0,0.0,1,0,1,2026-07-26,2026-07-26,1,0.0,false,true,false,0.00031261127288180295,0.0,0,1877,false,0,85000.0,0.0,2356.2265370024847,0.027720312200029233,15
100000002870463100,2,false,3,1,207000.0,10000.0,4,1,3,2026-07-14,2026-07-30,4,0.04830917874396135,false,false,false,0.0019299755548282838,1.9418391435934565e-05,0,1877,true,0,51750.0,10000.0,25342.966637664627,0.12242979052011897,9
100000008545727100,2,false,1,6,30000.0,1866500.0,1,7,6,2026-07-08,2026-07-21,5,62.21666666666667,false,false,false,0.0003387010043398458,0.00013420203177516877,0,1877,true,0,30000.0,266642.85714285716,1504.1285204595,0.0008058550873075274,7
100000000425407100,2,false,1,0,20000.0,0.0,1,0,1,2026-07-22,2026-07-22,1,0.0,false,true,false,0.00030509459327138206,0.0,0,1877,false,0,20000.0,0.0,5608.73898045228,0.280436949022614,2
100000001418900100,2,false,1,0,40140.0,0.0,2,0,1,2026-07-18,2026-07-28,2,0.0,false,true,false,0.00029920233586477,0.0,1,270,false,0,20070.0,0.0,689.8063159979475,0.017185010363675823,1
100000001677929100,2,false,3,2,126777.0,286098.0,3,4,3,2026-07-02,2026-07-27,6,2.2567027142147236,false,false,false,0.0033340919545888498,1.1888811083225246e-06,0,1877,true,0,42259.0,71524.5,63010.70374557681,0.22024167853524598,8
100000002539625100,2,false,1,0,94700.0,0.0,1,0,1,2026-07-16,2026-07-16,1,0.0,false,true,false,0.0003450202078597569,0.0,0,1877,false,0,94700.0,0.0,5917.203777172977,0.06248367240942954,6
100000001965374100,2,false,2,3,1759720.0,3082100.0,8,5,4,2026-07-01,2026-07-25,9,1.7514718250630783,false,false,false,0.0012816556260608733,1.5851748110966993e-06,0,1877,true,2,219965.0,616420.0,93635.88108209119,0.030380546082895164,22
100000001287955100,2,false,1,4,17520.0,310000.0,1,5,5,2026-07-19,2026-07-25,4,17.69406392694064,false,false,false,0.00029391683130875336,0.0006803041897623334,0,1877,false,0,17520.0,62000.0,408.47037678382566,0.0013176463767220182,12
100000005402643100,2,false,1,1,127800.0,90000.0,1,1,2,2026-07-22,2026-07-29,2,0.704225352112676,false,false,false,0.0002975952292869971,3.962937027741748e-07,0,1877,false,0,127800.0,90000.0,14577.940075705877,0.11406838869879403,8
100000008752616100,2,false,2,7,64510.0,1265000.0,2,7,9,2026-07-24,2026-07-31,4,19.6093628894745,false,false,false,0.0003130606975707824,0.00013875981919617183,0,1877,false,0,32255.0,180714.2857142857,6938.661109597383,0.005485107596519671,6
100000000733373100,2,false,1,0,10710.0,0.0,1,0,1,2026-07-24,2026-07-24,1,0.0,false,true,false,0.00030578139777600547,0.0,0,1877,false,0,10710.0,0.0,6361.409583218743,0.59396914875992,3
100000008531133100,2,false,1,3,25000.0,158271.68,1,3,4,2026-07-01,2026-07-05,3,6.3308672,false,false,false,0.0005327484529006049,2.3348303988445135e-05,0,1877,false,0,25000.0,52757.22666666666,25000.0,0.1579562433405648,3
100000005933757100,2,false,4,34,1246000.0,3002628.0,6,46,36,2026-07-01,2026-07-21,15,2.409813804173355,false,false,false,0.0009979855720130461,0.0038927878243158673,0,1877,true,3,207666.66666666666,65274.52173913043,3319.9240516268073,0.0011056727811859502,14
100000006490557100,2,false,1,0,5000.0,0.0,1,0,1,2026-07-23,2026-07-23,1,0.0,false,true,false,0.00028616228961672325,0.0,0,1877,false,0,5000.0,0.0,407.8381416260771,0.08156762832521543,48
100000008497298100,2,false,1,0,600000.0,0.0,1,0,1,2026-07-29,2026-07-29,1,0.0,false,true,false,0.0003420290832769419,0.0,0,1877,false,0,600000.0,0.0,68441.03321927642,0.11406838869879403,8
100000005168487100,2,false,1,1,15000.0,103510.0,1,14,1,2026-07-01,2026-07-30,12,6.900666666666667,false,false,false,0.0018125473143557774,0.0,0,1877,true,3,15000.0,7393.571428571428,3303.6736851378732,0.03191646879661746,10
100000005799271100,2,false,1,0,45000.0,0.0,2,0,1,2026-07-07,2026-07-26,2,0.0,false,true,false,0.0005366730310712555,0.0,0,1877,false,0,22500.0,0.0,40037.50770342351,0.8897223934094113,10
100000000912487100,2,false,1,0,10000.0,0.0,1,0,1,2026-07-23,2026-07-23,1,0.0,false,true,false,0.00029168015431879266,0.0,0,1877,false,0,10000.0,0.0,1489.7743662497685,0.14897743662497684,2
100000007982908100,2,false,1,0,31080.0,0.0,1,0,1,2026-07-20,2026-07-20,1,0.0,false,true,false,0.0002961252218307352,0.0,1,270,false,0,31080.0,0.0,534.1101221030445,0.017185010363675823,1
100000005413948100,2,false,2,1,28215.0,5000.0,2,1,2,2026-07-12,2026-07-23,3,0.177210703526493,false,false,false,0.001852039207032818,2.1796153652579615e-05,0,1877,true,0,14107.5,5000.0,1762.9768170320542,0.06248367240942953,6
100000000724540100,2,false,1,1,50000.0,100000.0,1,1,2,2026-07-08,2026-07-29,2,2.0,false,false,false,0.0003096347122661314,1.981468513870874e-05,0,1877,false,0,50000.0,100000.0,6362.441091622753,0.06362441091622753,17
100000005730108100,2,false,1,0,8000.0,0.0,1,0,1,2026-07-14,2026-07-14,1,0.0,false,true,false,0.00035866426303360365,0.0,0,1877,false,0,8000.0,0.0,892.1386812924825,0.11151733516156032,0
100000002566204100,2,false,1,0,80805.0,0.0,1,0,1,2026-07-21,2026-07-21,1,0.0,false,true,false,0.0003240694503060799,0.0,0,1877,false,0,80805.0,0.0,1883.929725800059,0.0233145192228211,7
100000000625169100,2,false,1,0,10000.0,0.0,1,0,1,2026-07-29,2026-07-29,1,0.0,false,true,false,0.0002889656673232902,0.0,1,270,false,0,10000.0,0.0,171.85010363675823,0.017185010363675823,1
100000001114385100,2,false,1,0,29500.0,0.0,1,0,1,2026-07-10,2026-07-10,1,0.0,false,true,false,0.0002902198954954914,0.0,0,1877,false,0,29500.0,0.0,417.04666145586043,0.014137174964605438,2
100000002964966100,2,false,1,0,200000.0,0.0,1,0,1,2026-07-14,2026-07-14,1,0.0,false,true,false,0.00039541593494282903,0.0,0,1877,false,0,200000.0,0.0,27157.417611843986,0.13578708805921993,2
100000008771814100,2,false,1,0,23700.0,0.0,1,0,1,2026-07-29,2026-07-29,1,0.0,false,true,false,0.00029361869847850826,0.0,1,270,false,0,23700.0,0.0,407.284745619117,0.017185010363675823,1
100000001241318100,2,false,1,0,53000.0,0.0,1,0,1,2026-07-08,2026-07-08,1,0.0,false,true,false,0.0005308383624756602,0.0,0,1877,false,0,53000.0,0.0,14095.0,0.2659433962264151,0
100000001250022100,2,false,1,0,50000.0,0.0,1,0,1,2026-07-31,2026-07-31,1,0.0,false,true,false,0.00029504583266030596,0.0,0,1877,false,0,50000.0,0.0,12000.320008533561,0.24000640017067124,9
100000006534886100,2,false,1,1,71700.0,167500.0,5,8,1,2026-07-08,2026-07-30,8,2.336122733612273,false,false,false,0.0011276985721232178,0.0,0,1877,true,3,14340.0,20937.5,36012.23405084402,0.2149984122438449,3
100000008655035100,2,false,1,0,30000.0,0.0,1,0,1,2026-07-05,2026-07-05,1,0.0,false,true,false,0.0005401427143175904,0.0,0,1877,false,0,30000.0,0.0,30000.0,1.0,8
100000005932987100,2,false,1,0,25000.0,0.0,3,0,1,2026-07-07,2026-07-31,3,0.0,false,true,false,0.00041180862454995906,0.0,0,1877,false,0,8333.333333333334,0.0,10332.421833003782,0.4132968733201513,33
100000008636603100,2,false,2,6,35460.0,159375.0,2,7,7,2026-07-01,2026-07-30,6,4.494500846023689,false,false,false,0.00033870068505945837,0.003474565491670118,0,1877,true,0,17730.0,22767.85714285714,11505.576497348207,0.0721918525323809,3
100000008710843100,2,false,2,13,33944.0,1985500.0,3,14,15,2026-07-14,2026-07-31,12,58.49340089559274,false,false,false,0.00029287559446499335,0.00123575007912139,0,1877,true,1,11314.666666666666,141821.42857142858,462.1909463617143,0.00023278315102579414,17
100000000917179100,2,false,1,0,94465.0,0.0,2,0,1,2026-07-29,2026-07-29,1,0.0,false,true,false,0.0004258625333448299,0.0,0,1877,false,1,47232.5,0.0,3309.996643633111,0.03503939706381317,14
100000004209339100,2,false,1,2,138500.0,238500.0,6,11,2,2026-07-06,2026-07-31,11,1.7220216606498195,false,false,false,0.0008195334277812211,2.1003566247031264e-05,0,1877,true,2,23083.333333333332,21681.81818181818,26625.03513793718,0.11163536745466322,10
100000008765627100,2,false,1,0,60000.0,0.0,1,0,1,2026-07-28,2026-07-28,1,0.0,false,true,false,0.0002969411403489088,0.0,0,1877,false,0,60000.0,0.0,14400.384010240272,0.2400064001706712,9
100000002443664100,2,false,3,0,556880.0,0.0,3,0,3,2026-07-26,2026-07-26,1,0.0,false,true,false,0.00033877038640939207,0.0,0,1877,false,0,185626.66666666666,0.0,8869.87207559747,0.01592779786596299,12
100000008144528100,2,false,5,0,1068202.6,0.0,13,0,5,2026-07-12,2026-07-16,4,0.0,false,true,false,0.001055538276590803,0.0,0,1877,false,2,82169.43076923078,0.0,36018.29956475354,0.03371860316081756,3
100000003988112100,2,false,1,1,92000.0,64000.0,2,5,1,2026-07-18,2026-07-20,3,0.6956521739130435,false,false,false,0.0005045477365705106,0.0,0,1877,true,3,46000.0,12800.0,32515.622017007085,0.3534306740979031,19
100000008008463100,2,false,1,0,54180.0,0.0,1,0,1,2026-07-28,2026-07-28,1,0.0,false,true,false,0.0002958380712741419,0.0,0,1877,false,0,54180.0,0.0,13003.546761246966,0.2400064001706712,9
100000006679055100,2,false,1,0,25000.0,0.0,1,0,1,2026-07-15,2026-07-15,1,0.0,false,true,false,0.00030084644447104435,0.0,0,1877,false,0,25000.0,0.0,3724.435915624421,0.14897743662497684,2
100000007382543100,2,false,3,5,218000.0,427000.0,3,8,6,2026-07-02,2026-07-25,9,1.9587155963302751,false,false,false,0.0011904909010560462,0.0002444770806890915,0,1877,true,1,72666.66666666667,53375.0,4714.422746505866,0.011040802685025447,27
100000007749092100,2,false,1,1,7650.0,70375.0,1,5,1,2026-07-03,2026-07-13,5,9.199346405228757,false,false,false,0.0018044164784854835,0.0,0,1877,true,1,7650.0,14075.0,845.4075555177402,0.012012895993147286,3
100000004221668100,2,false,4,3,1128300.0,731440.0,8,10,5,2026-07-04,2026-07-29,13,0.6482673047948241,false,false,false,0.003090174905324731,4.5573775819030105e-06,0,1877,true,1,141037.5,73144.0,73648.66874649044,0.06527401289238151,9
100000008174521100,2,false,1,0,82110.0,0.0,1,0,1,2026-07-25,2026-07-25,1,0.0,false,true,false,0.00044052875483409826,0.0,0,1877,false,0,82110.0,0.0,48770.806804677035,0.59396914875992,3
100000002692750100,2,false,3,1,112830.0,77000.0,3,8,3,2026-07-03,2026-07-30,10,0.682442612780289,false,false,false,0.002014241585548297,1.981468513870874e-05,0,1877,true,0,37610.0,9625.0,28263.377386299144,0.25049523518832884,9
100000002173070100,2,false,1,0,30000.0,0.0,1,0,1,2026-07-03,2026-07-03,1,0.0,false,true,false,0.000290538298166396,0.0,0,1877,false,0,30000.0,0.0,6451.5132149626015,0.21505044049875338,3
100000005911352100,2,false,2,3,15000.0,24000.0,2,3,4,2026-07-06,2026-07-30,5,1.6,false,false,false,0.0005517344998567171,9.7488250882447e-05,0,1877,true,0,7500.0,8000.0,5228.163671128107,0.21784015296367112,37
100000003068941100,2,false,3,1,94000.0,25000.0,3,2,4,2026-07-18,2026-07-30,4,0.26595744680851063,false,false,false,0.0003201743837350577,1.981468513870874e-05,0,1877,false,0,31333.333333333332,12500.0,7327.214164446029,0.07794908685580881,0
100000001420847100,2,false,1,0,20000.0,0.0,2,0,1,2026-07-06,2026-07-30,2,0.0,false,true,false,0.0003028257068772822,0.0,0,1877,false,0,10000.0,0.0,1641.1188811188813,0.08205594405594406,18
100000005602999100,2,false,1,2,5000.0,16000.0,1,3,2,2026-07-24,2026-07-28,3,3.2,false,false,false,0.00030484597773945503,4.200713249406253e-05,0,1877,true,0,5000.0,5333.333333333333,961.1926042576599,0.06007453776610375,10
100000000723383100,2,false,1,2,6800.0,75000.0,1,2,3,2026-07-07,2026-07-12,2,11.029411764705882,false,false,false,0.00038931955491752334,0.0002389651027728274,0,1877,false,0,6800.0,37500.0,6205.864156059609,0.08274485541412811,20
100000006977207100,2,false,1,15,414000.0,4157018.0,1,15,16,2026-07-01,2026-07-23,11,10.041106280193237,false,false,false,0.0003478854757097024,3.277348921942426e-05,0,1877,false,0,414000.0,277134.5333333333,8965.436907190973,0.002156699082657562,4
100000001273783100,2,false,1,0,23200.0,0.0,1,0,1,2026-07-20,2026-07-20,1,0.0,false,true,false,0.0002966231104571268,0.0,0,1877,false,0,23200.0,0.0,540.8968459694495,0.023314519222821097,7
100000000201868100,2,false,1,1,190000.0,190000.0,1,1,1,2026-07-03,2026-07-04,2,1.0,false,false,false,0.0009746432509228606,0.0,0,1877,true,0,190000.0,190000.0,89912.12442314925,0.47322170741506375,54
100000007777377100,2,false,1,2,456290.0,10000.0,7,2,3,2026-07-04,2026-07-20,7,0.021915886826360427,false,false,false,0.00036114618794852113,0.00013592874005154197,0,1877,false,0,65184.28571428572,5000.0,98125.36549517619,0.21505044049875338,3
100000004192865100,2,false,1,0,66666.0,0.0,1,0,1,2026-07-01,2026-07-01,1,0.0,false,true,false,0.0005558092873800489,0.0,3,13,false,0,66666.0,0.0,20000.0,0.3000030000300003,29
100000006901046100,2,false,1,1,75800.0,5500.0,3,1,1,2026-07-27,2026-07-31,3,0.07255936675461741,false,false,false,0.0029998776847224976,0.0,0,1877,true,1,25266.666666666668,5500.0,51740.24082053534,0.6825889290308093,3
100000000437046100,2,false,9,42,1107200.0,7606224.0,20,73,48,2026-07-10,2026-07-31,21,6.86978323699422,false,false,false,0.0007924860106097889,0.002197148494797039,0,1877,true,8,55360.0,104194.8493150685,36889.8867167484,0.004849960600259524,0
100000008765494100,2,false,1,0,24000.0,0.0,1,0,1,2026-07-27,2026-07-27,1,0.0,false,true,false,0.00029372058967168824,0.0,1,270,false,0,24000.0,0.0,412.44024872821973,0.017185010363675823,1
100000008713270100,2,false,1,3,30000.0,190000.0,1,3,4,2026-07-22,2026-07-31,3,6.333333333333333,false,false,false,0.0002912552172831002,1.1888811083225246e-06,0,1877,false,0,30000.0,63333.333333333336,7200.192005120136,0.037895747395369134,9
100000003603979100,2,false,1,0,165000.0,0.0,3,0,1,2026-07-04,2026-07-12,3,0.0,false,true,false,0.0005856463349534355,0.0,2,17,false,0,55000.0,0.0,13651.202023514958,0.08273455771827247,23
100000000943371100,2,false,1,0,15500.0,0.0,1,0,1,2026-07-14,2026-07-14,1,0.0,false,true,false,0.0003059751638440249,0.0,0,1877,false,0,15500.0,0.0,4546.458682163689,0.29331991497830256,13
100000008672480100,2,false,1,0,13000.0,0.0,1,0,1,2026-07-03,2026-07-03,1,0.0,false,true,false,0.00028998457925508977,0.0,1,270,false,0,13000.0,0.0,223.4051347277857,0.017185010363675823,1
100000008691168100,2,false,1,0,24000.0,0.0,1,0,1,2026-07-09,2026-07-09,1,0.0,false,true,false,0.00029372058967168824,0.0,1,270,false,0,24000.0,0.0,412.44024872821973,0.017185010363675823,1
100000003237045100,2,false,1,1,340200.0,150000.0,2,1,1,2026-07-10,2026-07-24,2,0.4409171075837742,false,false,false,0.0003941344320653906,0.0,0,1877,true,1,170100.0,150000.0,9616.003423755597,0.028265736107453254,3
100000008736394100,2,false,1,0,16000.0,0.0,1,0,1,2026-07-20,2026-07-20,1,0.0,false,true,false,0.0002910034911868893,0.0,1,270,false,0,16000.0,0.0,274.96016581881315,0.017185010363675823,1
100000004160650100,2,false,2,10,75100.0,1489827.0,4,40,10,2026-07-01,2026-07-30,16,19.83790945406125,false,false,false,0.000369227666710211,5.34996498745136e-06,2,17,true,8,18775.0,37245.675,3511.6030967781135,0.002357054273266704,23
100000000629812100,2,false,2,0,22000.0,0.0,2,0,2,2026-07-03,2026-07-28,2,0.0,false,true,false,0.00029798400743920295,0.0,0,1877,false,0,11000.0,0.0,2314.983169466298,0.10522650770301355,55
100000000955444100,2,false,1,0,6910.0,0.0,1,0,1,2026-07-03,2026-07-03,1,0.0,false,true,false,0.0003525283441776966,0.0,7,6,false,0,6910.0,0.0,3288.123094958968,0.47584994138335285,43
100000008731444100,2,false,3,9,439000.0,879767.8,5,9,12,2026-07-20,2026-07-31,8,2.0040268792710707,false,false,false,0.00035336188519380504,0.0001241168559002798,0,1877,false,0,87800.0,97751.97777777778,12935.255251983059,0.014703033291265101,0
100000008413748100,2,false,2,18,26480.0,1377320.22,2,21,20,2026-07-02,2026-07-10,5,52.01360347432024,false,false,false,0.00039089149206357,0.0006247167830790698,0,1877,true,1,13240.0,65586.67714285714,5178.488524460305,0.003759829013807918,16
100000006787636100,2,false,1,0,20000.0,0.0,1,0,1,2026-07-07,2026-07-07,1,0.0,false,true,false,0.0003581033949231409,0.0,0,1877,false,0,20000.0,0.0,9464.434149805184,0.4732217074150638,54
100000005942793100,2,false,4,0,55000.0,0.0,4,0,4,2026-07-06,2026-07-07,2,0.0,false,true,false,0.00033223226815400216,0.0,0,1877,false,0,13750.0,0.0,1506.9525399986512,0.027399137090884568,0
100000008730846100,2,false,7,3,155042.0,363370.0,11,4,10,2026-07-19,2026-07-22,4,2.343687516930896,false,false,false,0.0005360575471708021,0.0001409126051421448,0,1877,false,2,14094.727272727272,90842.5,1832.1574227271858,0.00504212626999253,10
100000002570206100,2,false,2,0,166959.6,0.0,2,0,2,2026-07-08,2026-07-23,2,0.0,false,true,false,0.00031851046572736513,0.0,0,1877,false,0,83479.8,0.0,2079.9313039738345,0.012457692184060303,16
100000000785800100,2,false,1,1,19000.0,19000.0,1,1,2,2026-07-31,2026-07-31,1,1.0,false,false,false,0.00035669797856314084,0.0,10,4,true,0,19000.0,19000.0,19000.0,1.0,56
100000007382152100,2,false,1,0,5860.0,0.0,1,0,1,2026-07-30,2026-07-30,1,0.0,false,true,false,0.00028648088061930137,0.0,0,1877,false,0,5860.0,0.0,228.4741501036485,0.03898876281632227,0
100000000910216100,2,false,1,1,71000.0,52010.0,3,1,2,2026-07-07,2026-07-19,4,0.7325352112676057,false,false,false,0.00032323954910943307,0.0004801618458481234,0,1877,false,0,23666.666666666668,52010.0,2766.6500017879616,0.03896690143363326,0
100000003131016100,2,false,1,1,405700.0,126000.0,7,4,1,2026-07-03,2026-07-31,9,0.31057431599704216,false,false,false,0.0016774572234080603,0.0,0,1877,true,1,57957.142857142855,31500.0,35816.957396088044,0.08828434162210512,0
100000003221384100,2,false,1,0,511200.0,0.0,1,0,1,2026-07-28,2026-07-28,1,0.0,false,true,false,0.00044820293531491805,0.0,0,1877,false,0,511200.0,0.0,14170.623596654945,0.027720312200029233,15
100000002156381100,2,false,2,1,61000.0,21800.0,7,3,2,2026-07-01,2026-07-31,8,0.35737704918032787,false,false,false,0.0010807758307164093,4.240342619683671e-05,0,1877,true,1,8714.285714285714,7266.666666666667,2612.462657445751,0.04282725667943854,10
100000002779485100,2,false,1,0,91000.0,0.0,2,0,1,2026-07-01,2026-07-12,2,0.0,false,true,false,0.0005469132844919479,0.0,0,1877,false,0,45500.0,0.0,32003.262388690626,0.35168420207352336,4
100000008774237100,2,false,1,1,50000.0,10000.0,1,1,2,2026-07-29,2026-07-30,2,0.2,false,false,false,0.0003103490467286026,0.0,2,17,false,0,50000.0,10000.0,759.5251510834374,0.01519050302166875,23
100000002628146100,2,false,1,0,30500.0,0.0,2,0,1,2026-07-30,2026-07-30,1,0.0,false,true,false,0.00031921566847045675,0.0,0,1877,false,1,15250.0,0.0,4541.559677178684,0.1489035959730716,32
100000002852402100,2,false,1,0,55000.0,0.0,1,0,1,2026-07-30,2026-07-30,1,0.0,false,true,false,0.00032701738322827965,0.0,0,1877,false,0,55000.0,0.0,10349.479524354807,0.18817235498826923,15
100000006989106100,2,false,1,0,64000.0,0.0,2,0,1,2026-07-23,2026-07-25,2,0.0,false,true,false,0.0004956408524122085,0.0,0,1877,false,0,32000.0,0.0,64000.0,1.0,8
100000002958343100,2,false,1,2,2900000.0,1390000.0,4,17,2,2026-07-01,2026-07-29,15,0.4793103448275862,false,false,false,0.0006295066258876762,3.962937027741748e-07,0,1877,true,2,725000.0,81764.70588235294,236546.12214312472,0.08156762832521543,48
100000008461532100,2,false,2,8,565300.0,2530090.0,2,9,9,2026-07-16,2026-07-30,3,4.475658942154608,false,false,false,0.000745250620852708,0.00027126303954892267,0,1877,true,1,282650.0,281121.1111111111,816.5070765136732,0.0003227185896603177,26
100000004400305100,2,false,7,82,222800.0,5830181.0,9,101,87,2026-07-03,2026-07-29,22,26.167778276481148,false,false,false,0.0003858174534932515,0.002609149922720263,0,1877,true,2,24755.555555555555,57724.56435643564,4934.913453764931,0.0008464425810733716,0
100000000297649100,2,false,1,1,40000.0,70600.0,1,2,1,2026-07-02,2026-07-31,3,1.765,false,false,false,0.000809138585841471,0.0,0,1877,true,0,40000.0,35300.0,3402.6458133925807,0.04819611633700539,11
100000003191430100,2,false,1,0,180000.0,0.0,1,0,1,2026-07-08,2026-07-08,1,0.0,false,true,false,0.0005307375952815108,0.0,0,1877,false,0,180000.0,0.0,23519.999999999996,0.13066666666666665,3
100000003275398100,2,false,1,1,300000.0,20000.0,1,1,2,2026-07-01,2026-07-02,2,0.06666666666666667,false,false,false,0.0004342478092851578,0.0,2,17,false,0,300000.0,20000.0,4557.150906500624,0.015190503021668746,23
100000005203590100,2,false,1,0,90000.0,0.0,1,0,1,2026-07-26,2026-07-26,1,0.0,false,true,false,0.00030262706341471746,0.0,0,1877,false,0,90000.0,0.0,21600.57601536041,0.2400064001706712,9
100000008672603100,2,false,1,0,21200.0,0.0,1,0,1,2026-07-03,2026-07-03,1,0.0,false,true,false,0.0002972130381341985,0.0,0,1877,false,0,21200.0,0.0,2878.6862668554627,0.13578708805921993,2
100000000718427100,2,false,1,0,6000.0,0.0,1,0,1,2026-07-24,2026-07-24,1,0.0,false,true,false,0.0002876071180808907,0.0,1,270,false,0,6000.0,0.0,103.11006218205493,0.017185010363675823,1
100000003104347100,2,false,1,1,418000.0,32000.0,1,1,2,2026-07-05,2026-07-26,2,0.07655502392344497,false,false,false,0.00036431706006781706,1.922024458454748e-05,0,1877,false,0,418000.0,32000.0,12938.697906300034,0.03095382274234458,21
100000002974256100,2,false,1,0,7200.0,0.0,1,0,1,2026-07-25,2026-07-25,1,0.0,false,true,false,0.0005319059485796746,0.0,0,1877,false,0,7200.0,0.0,7200.0,1.0,11
100000007173936100,2,false,1,0,10000.0,0.0,1,0,1,2026-07-14,2026-07-14,1,0.0,false,true,false,0.0002868186305551272,0.0,0,1877,false,0,10000.0,0.0,16.50018589389189,0.0016500185893891888,30
100000002744581100,2,false,1,0,12000.0,0.0,1,0,1,2026-07-21,2026-07-21,1,0.0,false,true,false,0.00032495771137883844,0.0,0,1877,false,0,12000.0,0.0,12000.0,1.0,8
100000000596954100,2,false,1,2,120000.0,48100.0,1,2,3,2026-07-16,2026-07-18,2,0.4008333333333333,false,false,false,0.0005156144546495907,4.834783173844933e-05,0,1877,false,0,120000.0,24050.0,95325.01472995091,0.7943751227495909,2
100000004950490100,2,false,1,0,10000.0,0.0,1,0,1,2026-07-29,2026-07-29,1,0.0,false,true,false,0.00033064166313550057,0.0,0,1877,false,0,10000.0,0.0,10000.0,1.0,8
100000008772058100,2,false,1,0,50000.0,0.0,1,0,1,2026-07-29,2026-07-29,1,0.0,false,true,false,0.0003025511597472846,0.0,1,270,false,0,50000.0,0.0,859.2505181837911,0.017185010363675823,1
100000000971908100,2,false,1,0,89000.0,0.0,1,0,1,2026-07-27,2026-07-27,1,0.0,false,true,false,0.0003024375326458571,0.0,0,1877,false,0,89000.0,0.0,21360.56961518974,0.24000640017067124,9
100000008687492100,2,false,1,0,15000.0,0.0,1,0,1,2026-07-08,2026-07-08,1,0.0,false,true,false,0.0002906638538762895,0.0,1,270,false,0,15000.0,0.0,257.77515545513734,0.017185010363675823,1
100000003159641100,2,false,4,1,64000.0,197800.0,7,1,5,2026-07-21,2026-07-31,5,3.090625,false,false,false,0.000305215396834432,5.8849614861964964e-05,0,1877,false,3,9142.857142857143,197800.0,720.2404314002837,0.003641255972701131,58
100000005326681100,2,false,1,0,31228.0,0.0,1,0,1,2026-07-27,2026-07-27,1,0.0,false,true,false,0.0002955041990377076,0.0,0,1877,false,0,31228.0,0.0,865.6499093825129,0.027720312200029233,15
100000006888238100,2,false,1,1,18000.0,30000.0,1,1,2,2026-07-03,2026-07-08,2,1.6666666666666667,false,false,false,0.0006097535591566927,3.962937027741748e-07,11,4,false,0,18000.0,30000.0,2343.3179723502303,0.07811059907834102,59
100000001290243100,2,false,1,0,10000.0,0.0,1,0,1,2026-07-12,2026-07-12,1,0.0,false,true,false,0.00031994897355357605,0.0,0,1877,false,0,10000.0,0.0,9010.037752189452,0.9010037752189451,3
100000008289539100,2,false,1,0,14912.0,0.0,1,0,1,2026-07-29,2026-07-29,1,0.0,false,true,false,0.00029031341169782324,0.0,0,1877,false,0,14912.0,0.0,413.36529552683595,0.027720312200029233,15
100000000821507100,2,false,1,0,400000.0,0.0,1,0,1,2026-07-22,2026-07-22,1,0.0,false,true,false,0.00033554274773071706,0.0,0,1877,false,0,400000.0,0.0,660.0074357556755,0.0016500185893891888,30
100000003086040100,2,false,1,0,10500.0,0.0,1,0,1,2026-07-04,2026-07-04,1,0.0,false,true,false,0.0005480623170204786,0.0,0,1877,false,0,10500.0,0.0,3140.1023205874235,0.2990573638654689,0
100000002969048100,2,false,1,0,108470.0,0.0,1,0,1,2026-07-31,2026-07-31,1,0.0,false,true,false,0.00030612769671556697,0.0,0,1877,false,0,108470.0,0.0,26033.494226512707,0.2400064001706712,9
100000002826669100,2,false,1,0,159900.0,0.0,4,0,1,2026-07-11,2026-07-16,4,0.0,false,true,false,0.00047623945462574075,0.0,0,1877,false,0,39975.0,0.0,19490.992731842907,0.1218948888795679,0
100000002293421100,2,false,2,2,41000.0,47000.0,6,5,3,2026-07-01,2026-07-31,8,1.146341463414634,false,false,false,0.0009748338691844306,1.9616538287321655e-05,0,1877,true,1,6833.333333333333,9400.0,34928.72740242106,0.7431644128174693,0
100000004732589100,2,false,1,0,227520.0,0.0,1,0,1,2026-07-20,2026-07-20,1,0.0,false,true,false,0.0003939729265831244,0.0,0,1877,false,0,227520.0,0.0,5304.519413576257,0.0233145192228211,7
100000003003821100,2,false,1,0,40000.0,0.0,1,0,1,2026-07-05,2026-07-05,1,0.0,false,true,false,0.0004379372905540054,0.0,0,1877,false,0,40000.0,0.0,40000.0,1.0,2
100000005237935150,2,false,1,0,34508.0,0.0,1,0,1,2026-07-20,2026-07-20,1,0.0,false,true,false,0.00029797734955604177,0.0,0,1877,false,0,34508.0,0.0,502.58583023289685,0.014564327988666305,12
100000004463277100,2,false,1,0,35000.0,0.0,1,0,1,2026-07-05,2026-07-05,1,0.0,false,true,false,0.000691924518979247,0.0,3,13,false,0,35000.0,0.0,35000.0,1.0,29
100000006523053100,2,false,1,0,5000.0,0.0,1,0,1,2026-07-17,2026-07-17,1,0.0,false,true,false,0.0005386541417252835,0.0,0,1877,false,0,5000.0,0.0,3439.3677531898443,0.6878735506379688,2
100000001954903100,2,false,1,0,27118.0,0.0,1,0,1,2026-07-20,2026-07-20,1,0.0,false,true,false,0.00029848987132038865,0.0,0,1877,false,0,27118.0,0.0,632.2431322844626,0.0233145192228211,7
100000005328215100,2,false,1,0,27000.0,0.0,1,0,1,2026-07-20,2026-07-20,1,0.0,false,true,false,0.0002984336493239964,0.0,0,1877,false,0,27000.0,0.0,629.4920190161697,0.0233145192228211,7
100000004424023100,2,false,1,1,50000.0,100000.0,1,1,2,2026-07-01,2026-07-09,2,2.0,false,false,false,0.0009717143911529621,2.0409125692870002e-05,0,1877,false,0,50000.0,100000.0,14466.859049423452,0.14466859049423453,9
100000002299948100,2,false,1,0,6750.0,0.0,1,0,1,2026-07-11,2026-07-11,1,0.0,false,true,false,0.00029301562294545107,0.0,0,1877,false,0,6750.0,0.0,1005.0992728182334,0.14890359597307162,32
100000005105153100,2,false,1,0,30000.0,0.0,1,0,1,2026-07-02,2026-07-02,1,0.0,false,true,false,0.0004010169668275693,0.0,0,1877,false,0,30000.0,0.0,2899.5383156825055,0.09665127718941685,0
100000001985793100,2,false,1,0,420000.0,0.0,1,0,1,2026-07-20,2026-07-20,1,0.0,false,true,false,0.00037266107613849356,0.0,0,1877,false,0,420000.0,0.0,35853.65853658537,0.08536585365853659,9
100000003134934100,2,false,4,0,379354.0,0.0,4,0,4,2026-07-08,2026-07-30,3,0.0,false,true,false,0.0004244791138523053,0.0,0,1877,false,0,94838.5,0.0,20014.123553418664,0.05275843553361415,0
100000006240939100,2,false,1,5,160000.0,778015.0,1,5,6,2026-07-03,2026-07-07,4,4.86259375,false,false,false,0.00031874711590155894,4.161083879128836e-06,0,1877,false,0,160000.0,155603.0,13658.536585365855,0.01755562114530678,9
100000008656043100,2,false,1,0,26200.0,0.0,1,0,1,2026-07-28,2026-07-28,1,0.0,false,true,false,0.00029446779175500794,0.0,1,270,false,0,26200.0,0.0,450.24727152830656,0.017185010363675823,1
100000002605184100,2,false,1,0,140000.0,0.0,1,0,1,2026-07-29,2026-07-29,1,0.0,false,true,false,0.0003910735207907158,0.0,0,1877,false,0,140000.0,0.0,26344.129698357694,0.18817235498826923,15
100000003157333100,2,false,1,0,30000.0,0.0,1,0,1,2026-07-27,2026-07-27,1,0.0,false,true,false,0.0002912552172831002,0.0,0,1877,false,0,30000.0,0.0,7200.192005120136,0.2400064001706712,9
100000007898453100,2,false,1,2,24750.0,320000.0,1,2,2,2026-07-02,2026-07-10,3,12.929292929292929,false,false,false,0.0003330161085564532,2.3975769017837576e-05,0,1877,true,0,24750.0,160000.0,19660.784288052375,0.06143995090016367,2
100000002710570100,2,false,1,0,225015.0,0.0,1,0,1,2026-07-15,2026-07-15,1,0.0,false,true,false,0.0005391306175502213,0.0,0,1877,false,0,225015.0,0.0,41190.29317169288,0.18305576593423942,31
100000004979498100,2,false,1,1,700000.0,200000.0,2,1,2,2026-07-10,2026-07-11,2,0.2857142857142857,false,false,false,0.0013189827666274707,0.0,9,5,true,0,350000.0,200000.0,684055.8412931667,0.9772226304188096,52
100000001541418100,2,false,2,0,96900.0,0.0,2,0,2,2026-07-11,2026-07-18,2,0.0,false,true,false,0.0003035306386081881,0.0,0,1877,false,0,48450.0,0.0,5755.275488377322,0.05939396788831086,8
100000007797290100,2,false,1,1,100000.0,20000.0,1,1,2,2026-07-22,2026-07-31,2,0.2,false,false,false,0.00030112537616285126,1.922024458454748e-05,0,1877,false,0,100000.0,20000.0,3898.876281632227,0.03898876281632227,0
100000008683818100,2,false,1,0,17400.0,0.0,1,0,1,2026-07-07,2026-07-07,1,0.0,false,true,false,0.00029147898342172916,0.0,1,270,false,0,17400.0,0.0,299.0191803279593,0.017185010363675823,1
100000006567935100,2,false,1,0,200000.0,0.0,1,0,1,2026-07-18,2026-07-18,1,0.0,false,true,false,0.0003105560209740043,0.0,0,1877,false,0,200000.0,0.0,330.00371787783774,0.0016500185893891888,30
100000002132479100,2,false,1,1,30000.0,20000.0,2,1,1,2026-07-01,2026-07-09,3,0.6666666666666666,false,false,false,0.0006060232510344745,0.0,0,1877,true,0,15000.0,20000.0,11811.782381036262,0.3937260793678754,14
100000002170580100,2,false,1,0,150000.0,0.0,1,0,1,2026-07-21,2026-07-21,1,0.0,false,true,false,0.00035703793369898514,0.0,0,1877,false,0,150000.0,0.0,3497.177883423165,0.0233145192228211,7
100000001232297100,2,false,1,2,5000.0,45000.0,1,2,2,2026-07-08,2026-07-22,3,9.0,false,false,false,0.00029215183280656036,0.0,0,1877,true,0,5000.0,22500.0,1466.599574891513,0.03259110166425584,13
100000002028158100,2,false,1,0,34800.0,0.0,1,0,1,2026-07-28,2026-07-28,1,0.0,false,true,false,0.000296640598423468,0.0,0,1877,false,0,34800.0,0.0,964.6668645610173,0.027720312200029233,15
100000005519998100,2,false,3,3,182000.0,188000.0,5,8,4,2026-07-05,2026-07-31,11,1.032967032967033,false,false,false,0.0006524582538824914,5.98403491189004e-05,0,1877,true,1,36400.0,23500.0,11839.445943355897,0.06297577629444626,33
100000002335358100,2,false,1,0,140000.0,0.0,2,0,1,2026-07-03,2026-07-04,2,0.0,false,true,false,0.0006124866171005896,0.0,0,1877,false,0,70000.0,0.0,139987.1203571381,0.9999080025509864,3
100000007289427100,2,false,1,0,12300.0,0.0,1,0,1,2026-07-10,2026-07-10,1,0.0,false,true,false,0.00037362695295329755,0.0,0,1877,false,0,12300.0,0.0,12300.0,1.0,2
100000004592467100,2,false,1,0,7000.0,0.0,1,0,1,2026-07-27,2026-07-27,1,0.0,false,true,false,0.0002866229494599168,0.0,0,1877,false,0,7000.0,0.0,151.5895129235189,0.02165564470335984,2
100000004993576100,2,false,1,0,167000.0,0.0,1,0,1,2026-07-31,2026-07-31,1,0.0,false,true,false,0.0003386988287699199,0.0,0,1877,false,0,167000.0,0.0,4629.292137404882,0.027720312200029233,15
100000001648936100,2,false,1,0,92740.0,0.0,1,0,1,2026-07-29,2026-07-29,1,0.0,false,true,false,0.00030314637772139465,0.0,0,1877,false,0,92740.0,0.0,22258.193551828048,0.2400064001706712,9
100000008512552100,2,false,4,6,394360.0,1302275.0,9,11,9,2026-07-02,2026-07-19,11,3.3022492139162187,false,false,false,0.0004258788196805519,0.00043072956564757015,0,1877,true,2,43817.77777777778,118388.63636363637,9937.731195593167,0.007631054267027446,16
100000007629096100,2,false,4,1,1075170.0,765205.0,5,5,4,2026-07-02,2026-07-31,7,0.7117060557865268,false,false,false,0.002472405947107246,1.525730755680573e-05,0,1877,true,1,215034.0,153041.0,23851.443539139625,0.02218388119008122,24
100000001601320100,2,false,2,1,43500.0,46200.0,2,1,3,2026-07-18,2026-07-27,3,1.0620689655172413,false,false,false,0.000811763739861757,9.90734256935437e-07,0,1877,false,0,21750.0,46200.0,21081.081081081084,0.45630045630045635,8
100000005782781100,2,false,6,10,171888.0,1263597.0,10,10,16,2026-07-04,2026-07-15,9,7.351281066741134,false,false,false,0.00048750965276008574,0.0005683243291461323,0,1877,true,1,17188.8,126359.7,3293.8444519870973,0.0026067206965409836,8
100000002723538100,2,false,3,12,105647.0,560499.0,3,14,14,2026-07-06,2026-07-30,11,5.305394379395534,false,false,false,0.0003203131606128606,0.00029088639856386964,0,1877,true,0,35215.666666666664,40035.642857142855,6091.344401813376,0.010867716805584623,4
100000002340562100,2,false,1,0,36650.0,0.0,2,0,1,2026-07-11,2026-07-19,2,0.0,false,true,false,0.0005308569205030136,0.0,0,1877,false,0,18325.0,0.0,36650.0,1.0,8
100000005939154100,2,false,1,0,22000.0,0.0,2,0,1,2026-07-07,2026-07-20,2,0.0,false,true,false,0.00029369666480402756,0.0,0,1877,false,0,11000.0,0.0,3507.7269195255853,0.15944213270570842,3
100000004386258100,2,false,3,3,61700.0,40000.0,3,3,4,2026-07-05,2026-07-30,3,0.6482982171799028,false,false,false,0.0005336690126056157,0.00012047328564334914,0,1877,true,0,20566.666666666668,13333.333333333334,34270.62207206978,0.5554395797742266,11
100000008406609100,2,false,1,0,34000.0,0.0,1,0,1,2026-07-09,2026-07-09,1,0.0,false,true,false,0.0004305038206509491,0.0,0,1877,false,0,34000.0,0.0,25500.0,0.75,19
100000007242833100,2,false,1,1,107500.0,45000.0,3,2,2,2026-07-11,2026-07-12,2,0.4186046511627907,false,false,false,0.0005138001156911187,1.981468513870874e-05,0,1877,false,2,35833.333333333336,22500.0,71582.29708229836,0.6658818333237057,11
100000004698193100,2,false,2,3,222700.0,38000.0,15,5,4,2026-07-02,2026-07-31,14,0.17063313875168387,false,false,false,0.0008254145941905166,1.5851748110966993e-06,0,1877,true,3,14846.666666666666,7600.0,18277.771237228106,0.0820735125156179,9
100000002733905100,2,false,3,2,100000.0,717839.0,5,3,3,2026-07-01,2026-07-24,5,7.17839,false,false,false,0.0029169603294352253,1.7833216624837866e-06,1,270,true,0,20000.0,239279.66666666666,979.0013151356281,0.0013638173951758376,1
100000006912294100,2,false,1,2,6335.09,30000.0,1,2,2,2026-07-05,2026-07-28,3,4.7355286191672095,false,false,false,0.0004989220673206186,5.944405541612623e-07,0,1877,true,0,6335.09,15000.0,3552.2359118593145,0.11840786372864381,8
100000003036198100,2,false,1,0,15000.0,0.0,1,0,1,2026-07-02,2026-07-02,1,0.0,false,true,false,0.00028793400673163044,0.0,0,1877,false,0,15000.0,0.0,212.05762446908156,0.014137174964605438,2
100000004687099100,2,false,1,0,30000.0,0.0,1,0,1,2026-07-18,2026-07-18,1,0.0,false,true,false,0.00033422473963996927,0.0,0,1877,false,0,30000.0,0.0,16216.216216216217,0.5405405405405406,8
100000005242320100,2,false,2,21,365700.0,8936295.0,2,29,23,2026-07-01,2026-07-21,16,24.43613617719442,false,false,false,0.000500124131418562,2.9722027708063113e-05,0,1877,false,3,182850.0,308148.1034482759,2866.2659701172133,0.0003207443319761952,12
100000008762832100,2,false,1,1,150000.0,85000.0,1,4,1,2026-07-29,2026-07-31,2,0.5666666666666667,false,false,false,0.00030814762084497665,0.0,0,1877,true,1,150000.0,21250.0,3248.346705503976,0.02165564470335984,2
100000002489253100,2,false,1,0,51000.0,0.0,1,0,1,2026-07-14,2026-07-14,1,0.0,false,true,false,0.0003018444912491935,0.0,0,1877,false,0,51000.0,0.0,1441.552541480116,0.028265736107453254,3
100000004756901100,2,false,1,0,153248.0,0.0,1,0,1,2026-07-03,2026-07-03,1,0.0,false,true,false,0.000310952291457037,0.0,0,1877,false,0,153248.0,0.0,32956.04990555296,0.21505044049875338,3
100000008749989100,2,false,1,0,16000.0,0.0,1,0,1,2026-07-23,2026-07-23,1,0.0,false,true,false,0.0002910034911868893,0.0,1,270,false,0,16000.0,0.0,274.96016581881315,0.017185010363675823,1
100000001380986100,2,false,1,0,70170.0,0.0,1,0,1,2026-07-07,2026-07-07,1,0.0,false,true,false,0.00029217226654781767,0.0,0,1877,false,0,70170.0,0.0,8004.178834994377,0.11406838869879403,8
100000003089018100,2,false,1,0,230000.0,0.0,1,0,1,2026-07-02,2026-07-02,1,0.0,false,true,false,0.0003072122133568242,0.0,0,1877,false,0,230000.0,0.0,26235.729400722626,0.11406838869879403,8
100000008742266100,2,false,1,0,21000.0,0.0,1,0,1,2026-07-21,2026-07-21,1,0.0,false,true,false,0.0002927016777398886,0.0,1,270,false,0,21000.0,0.0,360.8852176371923,0.017185010363675823,1
100000003044431100,2,false,2,0,60000.0,0.0,2,0,2,2026-07-07,2026-07-10,2,0.0,false,true,false,0.00030245857854886964,0.0,0,1877,false,0,30000.0,0.0,1204.8679042540082,0.0200811317375668,0
100000003321423100,2,false,1,0,100000.0,0.0,2,0,1,2026-07-15,2026-07-30,2,0.0,false,true,false,0.0006711029646605621,0.0,0,1877,false,0,50000.0,0.0,19223.852085153198,0.19223852085153198,10
100000002540623100,2,false,1,0,100000.0,0.0,1,0,1,2026-07-21,2026-07-21,1,0.0,false,true,false,0.00033321505387175394,0.0,0,1877,false,0,100000.0,0.0,2331.45192228211,0.0233145192228211,7
100000004225615100,2,false,1,0,90000.0,0.0,2,0,1,2026-07-02,2026-07-02,1,0.0,false,true,false,0.0002940382625762391,0.0,0,1877,false,1,45000.0,0.0,10266.154982891463,0.11406838869879403,8
100000004820260100,2,false,1,3,234200.0,215350.0,12,10,3,2026-07-16,2026-07-31,10,0.9195132365499573,false,false,false,0.0014014565775826964,1.9616538287321655e-05,0,1877,true,5,19516.666666666668,21535.0,44828.50898661493,0.19141122539118244,15
100000000795129100,2,false,1,0,332000.0,0.0,1,0,1,2026-07-31,2026-07-31,1,0.0,false,true,false,0.0003911920814716186,0.0,0,1877,false,0,332000.0,0.0,9203.143650409706,0.027720312200029233,15
100000008213966100,2,false,3,1,187004.0,436900.0,7,8,3,2026-07-03,2026-07-30,7,2.336313661739856,false,false,false,0.0019335519524195809,4.319601360238506e-05,0,1877,true,2,26714.85714285714,54612.5,34736.02482805595,0.07950566451832446,27
100000008478414100,2,false,1,0,10000.0,0.0,1,0,1,2026-07-24,2026-07-24,1,0.0,false,true,false,0.0002889656673232902,0.0,1,270,false,0,10000.0,0.0,171.85010363675823,0.017185010363675823,1
100000001330595100,2,false,3,1,87000.0,154000.0,6,1,4,2026-07-01,2026-07-22,6,1.7701149425287357,false,false,false,0.0006755694259219623,1.1888811083225246e-06,2,17,false,0,14500.0,154000.0,744.068569207089,0.004831614085760319,23
100000000076451100,2,false,3,4,87707.0,58000.0,4,4,5,2026-07-08,2026-07-30,6,0.661292713238396,false,false,false,0.0013962008641423948,9.76863977338341e-05,0,1877,true,0,21926.75,14500.0,1969.9860053279249,0.022460989491465046,15
100000005664632100,2,false,1,0,198620.0,0.0,18,0,1,2026-07-24,2026-07-30,5,0.0,false,true,false,0.00036514203992280383,0.0,0,1877,false,3,11034.444444444445,0.0,15816.968480736457,0.0796343192062051,65
100000002457464100,2,false,1,0,66647.0,0.0,1,0,1,2026-07-25,2026-07-25,1,0.0,false,true,false,0.000322174039539466,0.0,0,1877,false,0,66647.0,0.0,9049.802057882831,0.13578708805921993,2
100000002757240100,2,false,1,0,51183.0,0.0,1,0,1,2026-07-19,2026-07-19,1,0.0,false,true,false,0.0003168465094748048,0.0,0,1877,false,0,51183.0,0.0,7625.11213877619,0.14897743662497684,2
100000003718221100,2,false,2,4,350000.0,423500.0,6,8,4,2026-07-01,2026-07-26,11,1.21,false,false,false,0.0010434682866013786,3.923307657464331e-05,0,1877,true,0,58333.333333333336,52937.5,32307.788716468895,0.07628757666226421,21
100000008629581100,2,false,1,0,54184.0,0.0,1,0,1,2026-07-27,2026-07-27,1,0.0,false,true,false,0.00031532894612265415,0.0,0,1877,false,0,54184.0,0.0,7357.487579400773,0.13578708805921993,2
100000004806903100,2,false,1,0,18000.0,0.0,1,0,1,2026-07-01,2026-07-01,1,0.0,false,true,false,0.0005335389049993353,0.0,0,1877,false,0,18000.0,0.0,9010.758258373504,0.5005976810207502,2
100000000913911100,2,false,2,1,467000.0,600000.0,2,1,3,2026-07-27,2026-07-30,2,1.284796573875803,false,false,false,0.000459443186238892,1.9418391435934565e-05,0,1877,false,0,233500.0,600000.0,9722.651790803817,0.016204419651339695,2
100000004905207100,2,false,1,0,380000.0,0.0,1,0,1,2026-07-25,2026-07-25,1,0.0,false,true,false,0.0004347034731912397,0.0,0,1877,false,0,380000.0,0.0,10419.03776513192,0.027418520434557683,14
100000003831201100,2,false,1,0,40500.0,0.0,3,0,1,2026-07-01,2026-07-08,3,0.0,false,true,false,0.0005343335334517995,0.0,0,1877,false,0,13500.0,0.0,24614.11717975707,0.6077559797470882,0
100000003073398100,2,false,1,0,92960.0,0.0,1,0,1,2026-07-30,2026-07-30,1,0.0,false,true,false,0.0003031880744905439,0.0,0,1877,false,0,92960.0,0.0,22310.994959865595,0.2400064001706712,9
100000008418934100,2,false,1,0,360000.0,0.0,1,0,1,2026-07-26,2026-07-26,1,0.0,false,true,false,0.0003194451676530817,0.0,0,1877,false,0,360000.0,0.0,41064.61993156585,0.11406838869879403,8
100000002741024100,2,false,5,6,817980.85,434989.0,9,7,8,2026-07-01,2026-07-31,12,0.5317838431058625,false,false,false,0.002855186532890212,0.00011868996398086536,0,1877,true,1,90886.7611111111,62141.28571428572,17504.37274557289,0.021399489664792142,24
100000008106997100,2,false,2,1,35600.0,20600.0,2,1,3,2026-07-22,2026-07-31,2,0.5786516853932584,false,false,false,0.0003053704876347353,1.922024458454748e-05,0,1877,false,0,17800.0,20600.0,1068.6398317277656,0.03001797280134173,0
100000007998965100,2,false,5,1,278000.0,26000.0,7,3,6,2026-07-01,2026-07-25,8,0.09352517985611511,false,false,false,0.0004719217907251269,1.981468513870874e-05,0,1877,false,0,39714.28571428572,8666.666666666666,3461.3508105792034,0.01245090219632807,7
100000001822623100,2,false,1,0,201300.0,0.0,1,0,1,2026-07-17,2026-07-17,1,0.0,false,true,false,0.0003234925604032025,0.0,0,1877,false,0,201300.0,0.0,6231.004518033964,0.03095382274234458,21
100000006424479100,2,false,1,2,500000.0,220000.0,2,3,3,2026-07-05,2026-07-28,3,0.44,false,false,false,0.0009438231531441742,7.311618816183526e-05,0,1877,false,1,250000.0,73333.33333333333,146659.95748915127,0.29331991497830256,13
100000008696692100,2,false,1,0,19000.0,0.0,1,0,1,2026-07-10,2026-07-10,1,0.0,false,true,false,0.0002920224031186889,0.0,1,270,false,0,19000.0,0.0,326.51519690984065,0.017185010363675823,1
100000002748532100,2,false,3,2,355575.0,646685.0,3,7,5,2026-07-07,2026-07-31,7,1.8187021022287844,false,false,false,0.0003391055199443412,3.110905566777272e-05,0,1877,false,2,118525.0,92383.57142857143,15667.91318521812,0.0242280448521585,17
100000004456564100,2,false,1,0,10000.0,0.0,2,0,1,2026-07-24,2026-07-27,2,0.0,false,true,false,0.0003923872798230192,0.0,0,1877,false,0,5000.0,0.0,3937.260793678754,0.3937260793678754,14
100000001530740100,2,false,1,0,15000.0,0.0,1,0,1,2026-07-02,2026-07-02,1,0.0,false,true,false,0.0005298197024409172,0.0,0,1877,false,0,15000.0,0.0,13485.0,0.899,3
100000001386612100,2,false,1,0,62264.0,0.0,1,0,1,2026-07-04,2026-07-04,1,0.0,false,true,false,0.00043377009568121354,0.0,0,1877,false,0,62264.0,0.0,22006.007492031837,0.3534306740979031,19
100000003360542100,2,false,2,2,317000.0,51800.0,3,5,3,2026-07-01,2026-07-19,8,0.16340694006309148,false,false,false,0.0014564325480065506,9.90734256935437e-07,0,1877,true,0,105666.66666666667,10360.0,124662.73364297765,0.3932578348358916,10
100000008352542100,2,false,1,0,50220.0,0.0,1,0,1,2026-07-18,2026-07-18,1,0.0,false,true,false,0.00033147541987125275,0.0,0,1877,false,0,50220.0,0.0,21708.683473389356,0.43227167410173944,2
100000001138376100,2,false,1,0,15300.0,0.0,1,0,1,2026-07-31,2026-07-31,1,0.0,false,true,false,0.0002904368503769036,0.0,0,1877,false,0,15300.0,0.0,424.1207766604473,0.027720312200029233,15
100000003246024100,2,false,1,1,25000.0,5000.0,1,1,2,2026-07-03,2026-07-03,1,0.2,false,false,false,0.0003713400564301809,0.0016116905777033756,0,1877,false,0,25000.0,5000.0,2207.108540552628,0.0882843416221051,0
100000002680477100,2,false,1,0,25000.0,0.0,1,0,1,2026-07-27,2026-07-27,1,0.0,false,true,false,0.0002945585541995784,0.0,0,1877,false,0,25000.0,0.0,364.1081997166576,0.014564327988666305,12
100000005882013100,2,false,2,1,135000.0,10000.0,3,1,2,2026-07-22,2026-07-28,4,0.07407407407407407,false,false,false,0.0005264244942722112,0.0,0,1877,true,0,45000.0,10000.0,35687.25632236015,0.2643500468322974,13
100000005665181100,2,false,4,11,45498.0,181915.0,5,11,14,2026-07-15,2026-07-31,7,3.998307617917271,false,false,false,0.00039853973458055437,0.0002683210247526526,0,1877,true,0,9099.6,16537.727272727272,1100.5861433551272,0.006050002162301774,5
100000008141170100,2,false,1,0,11000.0,0.0,1,0,1,2026-07-06,2026-07-06,1,0.0,false,true,false,0.0006219001408928715,0.0,0,1877,false,0,11000.0,0.0,4054.065869755684,0.3685514427050622,3
100000001382002100,2,false,1,1,55000.0,56500.0,2,3,1,2026-07-02,2026-07-16,5,1.0272727272727273,false,false,false,0.0006633074267595736,0.0,0,1877,true,0,27500.0,18833.333333333332,54400.945417050905,0.9628485914522285,0
100000002481735100,2,false,1,0,22436.0,0.0,2,0,1,2026-07-07,2026-07-29,2,0.0,false,true,false,0.00036270354277617944,0.0,0,1877,false,0,11218.0,0.0,20214.920700812254,0.9010037752189451,3
100000000806727100,2,false,1,1,45000.0,5000.0,1,1,2,2026-07-08,2026-07-29,2,0.1111111111111111,false,false,false,0.0003458595620044761,0.0,0,1877,false,0,45000.0,5000.0,25898.73508261516,0.5755274462803369,2
100000003039473100,2,false,1,0,23000.0,0.0,1,0,1,2026-07-19,2026-07-19,1,0.0,false,true,false,0.0003122138956605194,0.0,0,1877,false,0,23000.0,0.0,20980.100085756887,0.9121782645981256,3
100000005205745100,2,false,1,0,6000.0,0.0,1,0,1,2026-07-19,2026-07-19,1,0.0,false,true,false,0.0003122614004459658,0.0,0,1877,false,0,6000.0,0.0,2087.178543943468,0.34786309065724463,9
100000004356593100,2,false,1,1,50000.0,10000.0,1,1,2,2026-07-07,2026-07-14,2,0.2,false,false,false,0.0002934516692650879,1.922024458454748e-05,0,1877,false,0,50000.0,10000.0,706.8587482302719,0.014137174964605438,2
100000008688881100,2,false,1,0,44211.0,0.0,1,0,1,2026-07-08,2026-07-08,1,0.0,false,true,false,0.0003005849993562221,0.0,1,270,false,0,44211.0,0.0,759.7664931884718,0.017185010363675823,1
100000008111003100,2,false,6,1,222716.0,35000.0,9,1,6,2026-07-10,2026-07-19,6,0.15715081089818422,false,false,false,0.0004696217007352469,0.0008819050437118924,0,1877,true,1,24746.222222222223,35000.0,15807.059813243124,0.07097406478763593,0
100000003016773100,2,false,1,0,46555.0,0.0,1,0,1,2026-07-13,2026-07-13,1,0.0,false,true,false,0.0003147956646990758,0.0,0,1877,false,0,46555.0,0.0,2908.927369020992,0.062483672409429536,6
100000004674799100,2,false,1,0,140000.0,0.0,5,0,1,2026-07-15,2026-07-23,3,0.0,false,true,false,0.0007906731933061705,0.0,0,1877,false,2,28000.0,0.0,33363.07186114714,0.23830765615105098,0
100000005834479100,2,false,1,2,7500.0,14470.0,1,2,3,2026-07-11,2026-07-15,3,1.9293333333333333,false,false,false,0.000286751650474461,1.9811752130374257e-06,0,1877,false,0,7500.0,7235.0,106.02881223454078,0.007327492206948222,4
100000003278020100,2,false,1,0,190000.0,0.0,1,0,1,2026-07-18,2026-07-18,1,0.0,false,true,false,0.0003245512930395261,0.0,0,1877,false,0,190000.0,0.0,4106.605351170569,0.02161371237458194,0
100000000831684100,2,false,1,1,15000.0,50000.0,2,3,1,2026-07-14,2026-07-24,3,3.3333333333333335,false,false,false,0.001890608922334037,0.0,0,1877,true,1,7500.0,16666.666666666668,12669.825347861788,0.25339650695723576,11
100000000307908100,2,false,1,0,5000.0,0.0,1,0,1,2026-07-16,2026-07-16,1,0.0,false,true,false,0.0002964337747494601,0.0,5,6,false,0,5000.0,0.0,1449.2638561395063,0.28985277122790126,42
100000001782980100,2,false,1,1,50000.0,596200.0,1,3,2,2026-07-04,2026-07-21,4,11.924,false,false,false,0.0003702831507848965,5.944405541612623e-07,3,13,false,0,50000.0,198733.33333333334,16999.575010624736,0.028513208672634578,29
100000002454724100,2,false,1,0,125000.0,0.0,3,0,1,2026-07-13,2026-07-15,3,0.0,false,true,false,0.000301185998440237,0.0,0,1877,false,0,41666.666666666664,0.0,206.2523236736486,0.0016500185893891888,30
100000005904580100,2,false,2,0,72000.0,0.0,2,0,2,2026-07-01,2026-07-01,1,0.0,false,true,false,0.0005227099859368706,0.0,0,1877,false,0,36000.0,0.0,11675.162370581673,0.16215503292474545,11
100000008474308100,2,false,1,1,14000.0,10000.0,2,1,1,2026-07-11,2026-07-18,3,0.7142857142857143,false,false,false,0.00044502203600991613,0.0,0,1877,true,0,7000.0,10000.0,8575.0,0.6125,0
100000000795033100,2,false,1,0,18200.0,0.0,1,0,1,2026-07-07,2026-07-07,1,0.0,false,true,false,0.0005330176535576387,0.0,0,1877,false,0,18200.0,0.0,2647.0398056303056,0.1454417475621047,0
100000000861294100,2,false,1,0,150000.0,0.0,1,0,1,2026-07-28,2026-07-28,1,0.0,false,true,false,0.00031399890954633474,0.0,0,1877,false,0,150000.0,0.0,36000.96002560068,0.2400064001706712,9
100000006557763100,2,false,1,0,10000.0,0.0,1,0,1,2026-07-06,2026-07-06,1,0.0,false,true,false,0.0003471751881752861,0.0,0,1877,false,0,10000.0,0.0,10000.0,1.0,2
100000005608515100,2,false,1,0,64000.0,0.0,4,0,1,2026-07-03,2026-07-14,3,0.0,false,true,false,0.00029315963533001725,0.0,0,1877,false,1,16000.0,0.0,5220.328212813787,0.08156762832521543,48
100000003922499100,2,false,1,0,50000.0,0.0,1,0,1,2026-07-04,2026-07-04,1,0.0,false,true,false,0.0005352399237782662,0.0,0,1877,false,0,50000.0,0.0,47101.0,0.94202,11
100000008603629100,2,false,19,61,1817300.0,4986156.0,45,74,73,2026-07-03,2026-07-31,27,2.7437165025037142,false,false,false,0.0011918072731347854,0.005760528742267876,0,1877,true,9,40384.444444444445,67380.48648648648,33165.43513578833,0.0066515037106316625,4
100000004825069100,2,false,1,0,30000.0,0.0,4,0,1,2026-07-08,2026-07-28,3,0.0,false,true,false,0.0002957584135352874,0.0,1,270,false,1,7500.0,0.0,515.5503109102747,0.017185010363675823,1
100000004331458100,2,false,2,0,250000.0,0.0,2,0,2,2026-07-01,2026-07-16,2,0.0,false,true,false,0.0013234381164598703,0.0,6,6,false,0,125000.0,0.0,44661.117650355925,0.1786444706014237,47
100000002911170100,2,false,1,0,300000.0,0.0,2,0,1,2026-07-15,2026-07-17,2,0.0,false,true,false,0.00032304938435236065,0.0,0,1877,false,0,150000.0,0.0,495.0055768167566,0.0016500185893891888,30
100000008011159100,2,false,3,5,363000.0,153037.0,6,5,7,2026-07-01,2026-07-14,7,0.4215895316804408,false,false,false,0.0004861091667224934,0.00012211295083857732,0,1877,true,0,60500.0,30607.4,7446.373469897406,0.020513425536907454,41
100000003854444100,2,false,1,14,210000.0,2322909.0,4,14,15,2026-07-15,2026-07-30,10,11.061471428571428,false,false,false,0.00046676162714719355,0.0010752598119040176,0,1877,false,0,52500.0,165922.07142857142,17231.748251748253,0.007418176197065082,18
100000008547948100,2,false,6,26,212665.0,5185600.0,7,31,30,2026-07-16,2026-07-31,13,24.383890155878966,false,false,false,0.00042770372491676185,0.0011322141374262578,0,1877,true,3,30380.714285714286,167277.4193548387,5829.971974345289,0.0011242617969656912,6
100000005175148100,2,false,2,1,79000.0,15000.0,4,1,2,2026-07-20,2026-07-23,4,0.189873417721519,false,false,false,0.0007181459635567832,0.0,0,1877,true,1,19750.0,15000.0,15121.486805903414,0.19141122539118247,15
100000002087788100,2,false,1,0,100500.0,0.0,1,0,1,2026-07-01,2026-07-01,1,0.0,false,true,false,0.0006585724738436684,0.0,0,1877,false,0,100500.0,0.0,5600.261371599207,0.0557239937472558,5
100000004150593100,2,false,1,11,57000.0,871165.0,2,16,12,2026-07-11,2026-07-19,7,15.28359649122807,false,false,false,0.000306626572555653,0.00022164097899513534,0,1877,true,2,28500.0,54447.8125,9088.201564225381,0.010432239086998881,3
100000001597505100,2,false,1,1,26460.0,12920.0,1,1,2,2026-07-06,2026-07-30,2,0.48828420256991684,false,false,false,0.0003147589028316769,9.788454458522118e-06,0,1877,false,0,26460.0,12920.0,3939.989149447475,0.14890359597307162,32
100000007629121100,2,false,1,0,29000.0,0.0,1,0,1,2026-07-23,2026-07-23,1,0.0,false,true,false,0.00039603609156140906,0.0,0,1877,false,0,29000.0,0.0,29000.0,1.0,2
100000005614315100,2,false,1,0,455000.0,0.0,1,0,1,2026-07-17,2026-07-17,1,0.0,false,true,false,0.0005750924282981945,0.0,0,1877,false,0,455000.0,0.0,449367.21295228804,0.987620248246787,3
100000008324800100,2,false,3,1,526500.0,511000.0,17,13,3,2026-07-03,2026-07-17,8,0.9705603038936372,false,false,false,0.0018517826355651473,1.922024458454748e-05,0,1877,true,5,30970.58823529412,39307.692307692305,3279.1943108258074,0.006228289289294237,69
100000005030592100,2,false,1,0,10000.0,0.0,1,0,1,2026-07-30,2026-07-30,1,0.0,false,true,false,0.00028875070347193993,0.0,0,1877,false,0,10000.0,0.0,277.20312200029235,0.027720312200029237,15
100000001633685100,2,false,3,0,45000.0,0.0,3,0,3,2026-07-12,2026-07-17,3,0.0,false,true,false,0.0003061866332400341,0.0,0,1877,false,0,15000.0,0.0,1097.4929634281905,0.024388732520626455,0
100000001848426100,2,false,1,0,95530.0,0.0,1,0,1,2026-07-28,2026-07-28,1,0.0,false,true,false,0.00030367516856651485,0.0,0,1877,false,0,95530.0,0.0,22927.81140830422,0.2400064001706712,9
100000004580202100,2,false,1,3,9000.0,45000.0,1,4,4,2026-07-06,2026-07-23,4,5.0,false,false,false,0.00032162328322811625,5.9444055416126226e-05,0,1877,false,0,9000.0,11250.0,1586.9067409522127,0.035264594243382505,21
100000008717375100,2,false,1,0,29506.0,0.0,1,0,1,2026-07-24,2026-07-24,1,0.0,false,true,false,0.0003017749691235301,0.0,0,1877,false,0,29506.0,0.0,4006.5338202753433,0.13578708805921993,2
100000007861311100,2,false,1,0,45000.0,0.0,1,0,1,2026-07-22,2026-07-22,1,0.0,false,true,false,0.0003585524623513082,0.0,0,1877,false,0,45000.0,0.0,24324.324324324327,0.5405405405405406,8
100000005578559100,2,false,2,21,131000.0,893163.67,2,23,23,2026-07-01,2026-07-13,12,6.818043282442749,false,false,false,0.0003910151132301357,0.0009667514112443354,0,1877,true,0,65500.0,38833.203043478265,6891.761014293182,0.007716123310628142,7
100000008764436100,2,false,1,0,13100.0,0.0,1,0,1,2026-07-27,2026-07-27,1,0.0,false,true,false,0.0002900185429861497,0.0,1,270,false,0,13100.0,0.0,225.12363576415328,0.017185010363675823,1
100000000190228100,2,false,1,1,5000.0,28560.0,1,1,2,2026-07-23,2026-07-30,2,5.712,false,false,false,0.0005820068181865657,2.159800680119253e-05,0,1877,false,0,5000.0,28560.0,2390.8443939581707,0.08371303900413762,8
100000003971049100,2,false,1,0,55900.0,0.0,7,0,1,2026-07-14,2026-07-30,7,0.0,false,true,false,0.0002942651440248594,0.0,0,1877,false,0,7985.714285714285,0.0,2179.4718414324147,0.03898876281632227,0
100000008743913100,2,false,3,13,149300.0,1850600.0,3,13,16,2026-07-22,2026-07-31,6,12.395177494976558,false,false,false,0.00033210781237653827,0.00030606507803785635,0,1877,false,0,49766.666666666664,142353.84615384616,9752.604866971758,0.005269969127294801,17
100000004400361100,2,false,1,0,10000.0,0.0,1,0,1,2026-07-03,2026-07-03,1,0.0,false,true,false,0.000287225628866993,0.0,0,1877,false,0,10000.0,0.0,2150.5044049875337,0.21505044049875338,3
100000002175422100,2,false,3,6,68500.0,1621188.0,5,14,6,2026-07-01,2026-07-28,11,23.66697810218978,false,false,false,0.0008458861317816038,0.00015871562796105702,0,1877,true,3,13700.0,115799.14285714286,7453.256659518944,0.004597404285942743,31
100000004544958100,2,false,1,2,168000.0,23200.0,3,2,2,2026-07-08,2026-07-15,4,0.1380952380952381,false,false,false,0.001214607508891017,2.0805419395644178e-05,0,1877,true,1,56000.0,11600.0,50400.0,0.3,10
100000008466579100,2,false,2,17,36952.0,1933000.0,2,20,19,2026-07-13,2026-07-21,9,52.31110630006495,false,false,false,0.00035341388858493617,0.0005056322361854107,0,1877,true,2,18476.0,96650.0,6063.565318359562,0.0031368677280701304,6
100000001184915100,2,false,1,0,201000.0,0.0,2,0,1,2026-07-30,2026-07-30,1,0.0,false,true,false,0.0003495156202357245,0.0,0,1877,false,1,100500.0,0.0,5571.782752205876,0.027720312200029233,15
100000004435304100,2,false,1,0,26200.0,0.0,1,0,1,2026-07-31,2026-07-31,1,0.0,false,true,false,0.00029446779175500794,0.0,1,270,false,0,26200.0,0.0,450.24727152830656,0.017185010363675823,1
100000008762728100,2,false,1,0,17026.0,0.0,1,0,1,2026-07-29,2026-07-29,1,0.0,false,true,false,0.00031770106594377733,0.0,0,1877,false,0,17026.0,0.0,10112.918726786398,0.59396914875992,3
100000004285800100,2,false,1,1,5000.0,15000.0,1,1,2,2026-07-04,2026-07-17,2,3.0,false,false,false,0.000344218134783301,0.0,0,1877,false,0,5000.0,15000.0,1787.1621469409479,0.11914414312939653,0
100000008557672100,2,false,1,0,49125.0,0.0,1,0,1,2026-07-02,2026-07-02,1,0.0,false,true,false,0.00030225397710050976,0.0,1,270,false,0,49125.0,0.0,844.2136341155748,0.017185010363675823,1
100000005142589100,2,false,1,0,50000.0,0.0,2,0,1,2026-07-26,2026-07-26,1,0.0,false,true,false,0.00031036977108607613,0.0,0,1877,false,1,25000.0,0.0,4517.958444780084,0.0903591688956017,0
100000003747133100,2,false,5,2,237068.0,250000.0,8,2,7,2026-07-08,2026-07-20,8,1.0545497494389795,false,false,false,0.00037807073413400954,9.610122292273739e-05,0,1877,false,0,29633.5,125000.0,8602.017816022975,0.0344080712640919,24
100000003289405100,2,false,1,0,355000.0,0.0,1,0,1,2026-07-24,2026-07-24,1,0.0,false,true,false,0.0003390046672361463,0.0,0,1877,false,0,355000.0,0.0,7687.753869692743,0.02165564470335984,2
100000002691858100,2,false,1,0,51500.0,0.0,1,0,1,2026-07-15,2026-07-15,1,0.0,false,true,false,0.0003423820245136197,0.0,0,1877,false,0,51500.0,0.0,7668.535192613189,0.14890359597307162,32
100000007534354100,2,false,1,3,50000.0,147810.0,1,3,4,2026-07-02,2026-07-10,3,2.9562,false,false,false,0.00030354781418186536,2.377762216645049e-06,0,1877,false,0,50000.0,49270.0,728.2163994333152,0.004926705902397099,7
100000000765628100,2,false,1,0,5000.0,0.0,1,0,1,2026-07-10,2026-07-10,1,0.0,false,true,false,0.0003154241694621753,0.0,0,1877,false,0,5000.0,0.0,5000.0,1.0,3
100000004962193100,2,false,8,0,900468.0,0.0,11,0,8,2026-07-01,2026-07-08,5,0.0,false,true,false,0.0006573150442725728,0.0,0,1877,false,1,81860.72727272728,0.0,10578.062492851592,0.011747294176863134,0
100000005032294100,2,false,1,0,10000.0,0.0,1,0,1,2026-07-08,2026-07-08,1,0.0,false,true,false,0.0003923872798230192,0.0,0,1877,false,0,10000.0,0.0,3937.260793678754,0.3937260793678754,14
100000001251686100,2,false,1,0,18000.0,0.0,1,0,1,2026-07-12,2026-07-12,1,0.0,false,true,false,0.0002965688423999936,0.0,0,1877,false,0,18000.0,0.0,2681.593859249583,0.14897743662497684,2
100000002398779100,2,false,13,1,1095690.0,66000.0,28,3,14,2026-07-06,2026-07-10,5,0.06023601566136407,false,false,false,0.0016005031258790267,1.2780471914467137e-05,0,1877,false,7,39131.78571428572,22000.0,30411.366424663065,0.02775544763999221,0
100000008512827100,2,false,3,10,107949.0,1944500.0,3,10,13,2026-07-18,2026-07-31,8,18.01313583266172,false,false,false,0.0003352561979240582,0.0001372654450013755,0,1877,false,0,35983.0,194450.0,6949.013234989883,0.0035736761301053653,12
100000003943483100,2,false,1,0,10000.0,0.0,1,0,1,2026-07-06,2026-07-06,1,0.0,false,true,false,0.0003289649862338501,0.0,0,1877,false,0,10000.0,0.0,9155.795796850394,0.9155795796850394,11
100000005031696100,2,false,1,2,5000.0,115000.0,1,3,3,2026-07-03,2026-07-08,4,23.0,false,false,false,0.0005397118809391464,9.59030760713503e-05,0,1877,false,0,5000.0,38333.333333333336,5000.0,0.043478260869565216,50
100000002703376100,2,false,1,0,46501.0,0.0,1,0,1,2026-07-05,2026-07-05,1,0.0,false,true,false,0.0002928030278827963,0.0,0,1877,false,0,46501.0,0.0,1813.0164597218018,0.03898876281632227,0
100000003617552100,2,false,1,0,25000.0,0.0,1,0,1,2026-07-22,2026-07-22,1,0.0,false,true,false,0.000551045254274077,0.0,3,13,false,0,25000.0,0.0,16500.0,0.66,29
100000007617808100,2,false,1,0,450000.0,0.0,1,0,1,2026-07-07,2026-07-07,1,0.0,false,true,false,0.0003601043534538589,0.0,0,1877,false,0,450000.0,0.0,96772.69822443902,0.21505044049875338,3
100000002613776100,2,false,1,0,30000.0,0.0,2,0,1,2026-07-10,2026-07-11,2,0.0,false,true,false,0.0003014863033266471,0.0,0,1877,false,0,15000.0,0.0,1169.0070430089977,0.03896690143363326,0
100000002578405100,2,false,2,116,1200351.0,3108352.0,7,120,116,2026-07-01,2026-07-31,22,2.589535894084314,false,false,false,0.0005700071256448141,0.00017100073274705643,1,270,true,3,171478.7142857143,25902.933333333334,2065.523782050601,0.0006645076819004414,1
100000006161893100,2,false,1,0,14000.0,0.0,1,0,1,2026-07-16,2026-07-16,1,0.0,false,true,false,0.000531853518814669,0.0,0,1877,false,0,14000.0,0.0,14000.0,1.0,3
100000002633701100,2,false,1,0,266850.0,0.0,1,0,1,2026-07-31,2026-07-31,1,0.0,false,true,false,0.00031067978540157105,0.0,0,1877,false,0,266850.0,0.0,30439.149524273187,0.11406838869879403,8
100000002432143100,2,false,1,0,81310.0,0.0,1,0,1,2026-07-08,2026-07-08,1,0.0,false,true,false,0.0003352566977025973,0.0,0,1877,false,0,81310.0,0.0,12113.355371976866,0.14897743662497684,2
100000000490383100,2,false,3,8,62600.0,461375.0,3,9,11,2026-07-02,2026-07-28,9,7.37020766773163,false,false,false,0.0005480373500605449,5.1650279261567445e-05,0,1877,false,1,20866.666666666668,51263.88888888889,7415.164779378838,0.016071882480365944,3
100000005809252100,2,false,1,0,25000.0,0.0,1,0,1,2026-07-30,2026-07-30,1,0.0,false,true,false,0.0005671286342298161,0.0,0,1877,false,0,25000.0,0.0,2189.004643789097,0.08756018575156388,5
100000006612238100,2,false,1,1,160000.0,25000.0,1,1,1,2026-07-22,2026-07-22,1,0.15625,false,false,false,0.00033991126391326947,0.0,1,270,true,0,160000.0,25000.0,2749.6016581881318,0.017185010363675823,1
100000002593038100,2,false,1,0,28500.0,0.0,1,0,1,2026-07-09,2026-07-09,1,0.0,false,true,false,0.0006586124144995194,0.0,0,1877,false,0,28500.0,0.0,2424.385142042214,0.08506614533481452,11
100000002947299100,2,false,1,0,85000.0,0.0,1,0,1,2026-07-15,2026-07-15,1,0.0,false,true,false,0.0003375116050800512,0.0,0,1877,false,0,85000.0,0.0,12663.082113123031,0.14897743662497684,2
100000004336312100,2,false,3,2,90415.0,72650.0,7,3,4,2026-07-01,2026-07-31,6,0.8035171155228668,false,false,false,0.0006960070275624524,3.37840381614984e-05,0,1877,true,0,12916.42857142857,24216.666666666668,9268.700462523351,0.10251286249541947,33
100000001308856100,2,false,1,0,27000.0,0.0,1,0,1,2026-07-22,2026-07-22,1,0.0,false,true,false,0.00029473950160348783,0.0,1,270,false,0,27000.0,0.0,463.99527981924723,0.017185010363675823,1
100000008238989100,2,false,1,0,200000.0,0.0,2,0,1,2026-07-02,2026-07-03,2,0.0,false,true,false,0.0003232476510835717,0.0,0,1877,false,0,100000.0,0.0,6190.7645484689165,0.030953822742344584,21
100000005561741100,2,false,1,0,25000.0,0.0,1,0,1,2026-07-10,2026-07-10,1,0.0,false,true,false,0.0003298457193194201,0.0,0,1877,false,0,25000.0,0.0,1253.4404337162498,0.05013761734864999,7
100000006248077100,2,false,1,0,50000.0,0.0,1,0,1,2026-07-22,2026-07-22,1,0.0,false,true,false,0.000293850967465799,0.0,0,1877,false,0,50000.0,0.0,10752.522024937669,0.21505044049875338,3
100000000646541100,2,false,3,0,25300.0,0.0,4,0,3,2026-07-23,2026-07-31,4,0.0,false,true,false,0.0005058630830440064,0.0,0,1877,false,0,6325.0,0.0,1270.3563532312448,0.05021171356645236,0
100000006595426100,2,false,1,0,84800.0,0.0,3,0,1,2026-07-09,2026-07-15,3,0.0,false,true,false,0.0003343197804096485,0.0,0,1877,false,0,28266.666666666668,0.0,1992.9494712103408,0.023501762632197415,0
100000002956898100,2,false,2,0,290240.0,0.0,2,0,2,2026-07-11,2026-07-29,2,0.0,false,true,false,0.00037684131481220164,0.0,0,1877,false,0,145120.0,0.0,7055.974107946628,0.024310825895626473,15
100000001262647100,2,false,1,0,23650.0,0.0,1,0,1,2026-07-30,2026-07-30,1,0.0,false,true,false,0.0003033919724920164,0.0,0,1877,false,0,23650.0,0.0,4450.276195472567,0.18817235498826923,15
100000005849100100,2,false,1,0,33300.0,0.0,1,0,1,2026-07-15,2026-07-15,1,0.0,false,true,false,0.0004907169210974134,0.0,0,1877,false,0,33300.0,0.0,33300.0,1.0,2
100000000533217100,2,false,1,0,53587.0,0.0,1,0,1,2026-07-15,2026-07-15,1,0.0,false,true,false,0.00065360299073626,0.0,0,1877,false,0,53587.0,0.0,53003.33567388194,0.9891080984918347,0
100000002812641100,2,false,1,1,10000.0,7023.95,1,1,1,2026-07-20,2026-07-21,2,0.702395,false,false,false,0.0020638538513460276,0.0,0,1877,true,0,10000.0,7023.95,7274.860213943621,0.727486021394362,8
100000008647905100,2,false,1,2,50000.0,344222.0,1,2,3,2026-07-08,2026-07-14,3,6.88444,false,false,false,0.0003287103258672682,3.844048916909496e-05,0,1877,false,0,50000.0,172111.0,4102.797202797203,0.011919044113383813,18
100000002842337100,2,false,1,0,50000.0,0.0,1,0,1,2026-07-27,2026-07-27,1,0.0,false,true,false,0.0003666617032550878,0.0,0,1877,false,0,50000.0,0.0,27027.02702702703,0.5405405405405406,8
100000002445750100,2,false,1,1,70000.0,10000.0,1,1,2,2026-07-01,2026-07-05,2,0.14285714285714285,false,false,false,0.0005372906870343859,1.9418391435934565e-05,0,1877,false,0,70000.0,10000.0,46943.85831288901,0.6706265473269859,0
100000005619339100,2,false,1,1,5000.0,5442.6,1,1,2,2026-07-12,2026-07-30,2,1.0885200000000002,false,false,false,0.00032082585348585253,0.0,0,1877,false,0,5000.0,5442.6,426.61551349934524,0.07838450621014684,3
100000006844768100,2,false,1,2,282000.0,188000.0,5,5,2,2026-07-01,2026-07-30,9,0.6666666666666666,false,false,false,0.0013707774167539032,3.883678287186913e-05,0,1877,true,0,56400.0,37600.0,27255.660167415554,0.09665127718941685,0
100000002488629100,2,false,1,0,73050.0,0.0,1,0,1,2026-07-29,2026-07-29,1,0.0,false,true,false,0.00029941451688253554,0.0,0,1877,false,0,73050.0,0.0,17532.46753246753,0.24000640017067118,9
100000002796853100,2,false,1,1,199000.0,46167.62,8,5,1,2026-07-12,2026-07-29,7,0.23199809045226133,false,false,false,0.0021135984327107045,0.0,0,1877,true,3,24875.0,9233.524000000001,173561.42510561354,0.8721679653548419,62
100000006755850100,2,false,1,0,443475.8,0.0,3,0,1,2026-07-21,2026-07-22,2,0.0,false,true,false,0.0006492085817124333,0.0,0,1877,false,1,147825.26666666666,0.0,165233.3824805989,0.3725871456359037,5
100000008733194100,2,false,4,8,251424.0,159695.0,4,8,11,2026-07-19,2026-07-28,6,0.6351621165839378,false,false,false,0.0004707255944091296,0.00020045361098198542,0,1877,true,0,62856.0,19961.875,2009.2002276150558,0.007991282564970153,13
100000001904863100,2,false,1,0,500000.0,0.0,1,0,1,2026-07-30,2026-07-30,1,0.0,false,true,false,0.0004817984770777497,0.0,0,1877,false,0,500000.0,0.0,13709.260217278841,0.027418520434557683,14
100000001641951100,2,false,1,0,25000.0,0.0,4,0,1,2026-07-08,2026-07-28,4,0.0,false,true,false,0.0003190638874323941,0.0,0,1877,false,0,6250.0,0.0,14388.186157008424,0.5755274462803369,2
100000004816564100,2,false,1,1,285480.0,5000.0,1,1,2,2026-07-29,2026-07-30,2,0.01751436177665686,false,false,false,0.00037639216561899424,1.922024458454748e-05,0,1877,false,0,285480.0,5000.0,7913.594726864346,0.027720312200029233,15
100000002205022100,2,false,1,3,7100.0,518000.0,1,3,4,2026-07-17,2026-07-28,4,72.95774647887323,false,false,false,0.000545637030146703,5.451240044826982e-05,0,1877,false,0,7100.0,172666.66666666666,7100.0,0.013706563706563707,55
100000002267998100,2,false,2,3,420000.0,1115000.0,4,12,3,2026-07-02,2026-07-28,12,2.6547619047619047,false,false,false,0.0015848317238056782,5.8849614861964964e-05,0,1877,true,2,105000.0,92916.66666666667,54048.56900017359,0.048474052914953894,21
100000002199091100,2,false,1,0,65000.0,0.0,1,0,1,2026-07-23,2026-07-23,1,0.0,false,true,false,0.00030764571940628254,0.0,1,270,false,0,65000.0,0.0,1117.0256736389285,0.017185010363675823,1
100000008571443100,2,false,2,0,65000.0,0.0,2,0,2,2026-07-10,2026-07-22,2,0.0,false,true,false,0.0003147485731714499,0.0,0,1877,false,0,32500.0,0.0,1019.7788401211806,0.015688905232633547,13
100000002742067100,2,false,1,0,12730.0,0.0,1,0,1,2026-07-30,2026-07-30,1,0.0,false,true,false,0.00028961922819845896,0.0,0,1877,false,0,12730.0,0.0,352.87957430637215,0.027720312200029233,15
100000003292979100,2,false,1,0,48950.0,0.0,1,0,1,2026-07-18,2026-07-18,1,0.0,false,true,false,0.0003303145122730741,0.0,0,1877,false,0,48950.0,0.0,21159.698447280145,0.43227167410173944,2
100000002558173100,2,false,1,0,9300.0,0.0,1,0,1,2026-07-23,2026-07-23,1,0.0,false,true,false,0.00029582868046497797,0.0,0,1877,false,0,9300.0,0.0,1384.8034425495662,0.14890359597307162,32
100000004687282100,2,false,1,0,20000.0,0.0,1,0,1,2026-07-07,2026-07-07,1,0.0,false,true,false,0.0003322717689149055,0.0,0,1877,false,0,20000.0,0.0,19998.160051019728,0.9999080025509863,3
100000003034546100,2,false,1,0,486715.0,0.0,2,0,1,2026-07-29,2026-07-30,2,0.0,false,true,false,0.00033136900460423776,0.0,0,1877,false,0,243357.5,0.0,55518.79580553353,0.11406838869879403,8
100000003798151100,2,false,1,0,350000.0,0.0,3,0,1,2026-07-04,2026-07-21,3,0.0,false,true,false,0.0005753929174195454,0.0,0,1877,false,0,116666.66666666667,0.0,300361.6173558082,0.8581760495880234,3
100000008710791100,2,false,3,23,181510.0,5521511.0,3,25,26,2026-07-16,2026-07-31,10,30.41987218335078,false,false,false,0.0003342621960762579,0.0003146085077603707,0,1877,false,0,60503.333333333336,220860.44,6961.199086342266,0.0012607416858070673,6
100000008688476100,2,false,1,0,24000.0,0.0,1,0,1,2026-07-08,2026-07-08,1,0.0,false,true,false,0.00029372058967168824,0.0,1,270,false,0,24000.0,0.0,412.44024872821973,0.017185010363675823,1
100000003242289100,2,false,3,23,550791.0,2377741.0,8,26,25,2026-07-02,2026-07-31,17,4.316956885642648,false,false,false,0.0004397217042853975,0.0010013456094342635,0,1877,true,2,68848.875,91451.57692307692,5846.453593478147,0.002458826925841859,16
100000006564102100,2,false,1,0,233235.0,0.0,1,0,1,2026-07-23,2026-07-23,1,0.0,false,true,false,0.00042809593979465337,0.0,0,1877,false,0,233235.0,0.0,34746.75243122647,0.14897743662497684,2
100000001526235100,2,false,3,8,82000.0,432750.0,4,9,8,2026-07-03,2026-07-31,11,5.277439024390244,false,false,false,0.0008778562267377702,0.0002566001725462782,0,1877,true,0,20500.0,48083.333333333336,8279.545302307472,0.019132398156689708,25
100000004398811100,2,false,1,3,426000.0,1040672.0,1,4,4,2026-07-13,2026-07-31,4,2.4428920187793426,false,false,false,0.00034969174183991725,1.4861013854031556e-06,0,1877,false,0,426000.0,260168.0,9225.304643631292,0.008864757237276772,2
100000002957787100,2,false,4,34,84956.0,1276153.96,7,41,37,2026-07-01,2026-07-08,8,15.02135175855737,false,false,false,0.0006138323786231619,0.004276645426207851,0,1877,true,2,12136.57142857143,31125.706341463414,999.0281257643803,0.0007828429461319701,0
100000002621915100,2,false,1,0,5000.0,0.0,1,0,1,2026-07-23,2026-07-23,1,0.0,false,true,false,0.000532039201173055,0.0,0,1877,false,0,5000.0,0.0,5000.0,1.0,3
100000008283183100,2,false,1,0,29000.0,0.0,1,0,1,2026-07-08,2026-07-08,1,0.0,false,true,false,0.00029541877622468754,0.0,1,270,false,0,29000.0,0.0,498.36530054659886,0.017185010363675823,1
100000003843844100,3,false,1,1,16680.0,238000.0,1,1,2,2026-07-02,2026-07-11,2,14.268585131894485,false,false,false,0.0002917438481336836,1.922024458454748e-05,0,1877,false,0,16680.0,238000.0,180.24190088987424,0.0007573189113019926,13
100000000954884100,3,false,1,0,34000.0,0.0,1,0,1,2026-07-30,2026-07-30,1,0.0,false,true,false,0.0003115019185523939,0.0,0,1877,false,0,34000.0,0.0,109.01158248083614,0.0032062230141422393,34
100000005893892100,3,false,1,0,102780.0,0.0,1,0,1,2026-07-10,2026-07-10,1,0.0,false,true,false,0.00028890030912862583,0.0,0,1877,false,0,102780.0,0.0,122.85931062540585,0.0011953620415003489,5
100000001819396100,3,false,1,0,166080.0,0.0,1,0,1,2026-07-16,2026-07-16,1,0.0,false,true,false,0.00032721756236783436,0.0,0,1877,false,0,166080.0,0.0,53.59710337078556,0.0003227185896603177,26
100000008472324100,3,false,1,0,205200.0,0.0,1,0,1,2026-07-20,2026-07-20,1,0.0,false,true,false,0.00029221965673729343,0.0,0,1877,false,0,205200.0,0.0,245.28829091587158,0.0011953620415003489,5
100000002646745100,3,false,1,0,12300.0,0.0,1,0,1,2026-07-10,2026-07-10,1,0.0,false,true,false,0.00028748905090124067,0.0,1,270,false,0,12300.0,0.0,8.173444487375429,0.0006645076819004413,1
100000008405209100,3,false,1,0,54400.0,0.0,1,0,1,2026-07-11,2026-07-11,1,0.0,false,true,false,0.000294131802375186,0.0,0,1877,false,0,54400.0,0.0,133.7601847657971,0.0024588269258418584,16
100000004417753100,3,false,2,0,192099.0,0.0,2,0,2,2026-07-30,2026-07-30,1,0.0,false,true,false,0.00039314677564997744,0.0,0,1877,false,0,96049.5,0.0,1198.6366231192164,0.006239681742847263,2
100000003457710100,3,false,1,1,326555.0,1306000.0,1,2,2,2026-07-15,2026-07-15,1,3.999326300316945,false,false,false,0.0002961526720570538,1.922024458454748e-05,0,1877,false,1,326555.0,653000.0,390.35145146214643,0.00029889085104299113,5
100000007333038100,3,false,1,2,17500.0,34994.0,1,2,3,2026-07-01,2026-07-25,2,1.9996571428571428,false,false,false,0.0002996891805568396,1.5851748110966993e-06,0,1877,false,0,17500.0,17497.0,23.05881159263532,0.000658936148843668,12
100000006444163100,3,false,1,0,6026.0,0.0,1,0,1,2026-07-10,2026-07-10,1,0.0,false,true,false,0.00031891138227469124,0.0,0,1877,false,0,6026.0,0.0,128.95332472003744,0.021399489664792142,24
100000008706947100,3,false,1,0,17200.0,0.0,1,0,1,2026-07-13,2026-07-13,1,0.0,false,true,false,0.00028825383201923664,0.0,1,270,false,0,17200.0,0.0,11.429532128687592,0.0006645076819004414,1
100000008761219100,3,false,2,2,50000.0,375000.0,2,2,4,2026-07-28,2026-07-31,3,7.5,false,false,false,0.0002928408331364563,4.172642445459749e-05,0,1877,false,0,25000.0,187500.0,117.64822296026895,0.0003137285945607172,46
100000005022552100,3,false,1,1,241000.0,5000.0,3,1,2,2026-07-11,2026-07-26,4,0.02074688796680498,false,false,false,0.0003577563937236883,0.0,0,1877,false,0,80333.33333333333,5000.0,2514.1696199667304,0.010432239086998881,3
100000008735832100,3,false,1,0,17600.0,0.0,1,0,1,2026-07-20,2026-07-20,1,0.0,false,true,false,0.0002883162631309098,0.0,1,270,false,0,17600.0,0.0,11.695335201447769,0.0006645076819004414,1
100000005661528100,3,false,1,0,25000.0,0.0,1,0,1,2026-07-19,2026-07-19,1,0.0,false,true,false,0.00029109149679953277,0.0,0,1877,false,0,25000.0,0.0,41.78066856884419,0.0016712267427537676,4
100000002529880100,3,false,2,0,147000.0,0.0,2,0,2,2026-07-17,2026-07-17,1,0.0,false,true,false,0.0003061335485198574,0.0,0,1877,false,0,73500.0,0.0,406.77919588648933,0.002767205414193805,6
100000001969496100,3,false,1,0,22740.0,0.0,1,0,1,2026-07-17,2026-07-17,1,0.0,false,true,false,0.00029199679253671474,0.0,0,1877,false,0,22740.0,0.0,25.142999044168505,0.0011056727811859502,14
100000003215448100,3,false,1,2,91309.0,124000.0,1,4,3,2026-07-06,2026-07-23,4,1.3580260434349298,false,false,false,0.0003041469318708139,3.844048916909496e-05,0,1877,false,0,91309.0,31000.0,607.3421523140664,0.004897920583177955,4
100000006894637100,3,false,1,0,52831.0,0.0,1,0,1,2026-07-23,2026-07-23,1,0.0,false,true,false,0.00029025446633731993,0.0,0,1877,false,0,52831.0,0.0,256.2282684723109,0.004849960600259524,0
100000002936322100,3,false,2,0,787133.0,0.0,2,0,2,2026-07-03,2026-07-31,2,0.0,false,true,false,0.00036638128696323224,0.0,0,1877,false,0,393566.5,0.0,2538.888116833523,0.00322548809011123,4
100000005061890100,3,false,1,0,90000.0,0.0,1,0,1,2026-07-25,2026-07-25,1,0.0,false,true,false,0.0005346252088600038,0.0,0,1877,false,0,90000.0,0.0,636.1728734072447,0.007068587482302718,2
100000004017410100,3,false,2,5,193650.0,1330915.0,6,11,5,2026-07-01,2026-07-31,9,6.872785954040795,false,false,false,0.0011315419625793088,4.058708005912174e-05,0,1877,true,0,32275.0,120992.27272727272,14276.886667900755,0.010727121317214665,33
100000002983426100,3,false,1,0,88945.0,0.0,1,0,1,2026-07-06,2026-07-06,1,0.0,false,true,false,0.0003187086222678448,0.0,0,1877,false,0,88945.0,0.0,686.3105878638202,0.007716123310628143,7
100000005530114100,3,false,2,1,136970.0,25000.0,2,1,3,2026-07-04,2026-07-13,3,0.1825217200846901,false,false,false,0.0004948738015345299,4.4583041562094666e-06,0,1877,false,0,68485.0,25000.0,197.0279860076639,0.0014384754764376426,16
100000001169666100,3,false,1,1,220000.0,24000.0,2,1,2,2026-07-17,2026-07-29,3,0.10909090909090909,false,false,false,0.0003195447456388591,2.19943005039667e-05,0,1877,false,0,110000.0,24000.0,177.28811920765602,0.0008058550873075274,7
100000001784279100,3,false,1,0,35674.0,0.0,1,0,1,2026-07-14,2026-07-14,1,0.0,false,true,false,0.0002887329449187716,0.0,0,1877,false,0,35674.0,0.0,173.01749445365826,0.004849960600259524,0
100000008744364100,3,false,1,0,23700.0,0.0,1,0,1,2026-07-22,2026-07-22,1,0.0,false,true,false,0.0002892683375839252,0.0,1,270,false,0,23700.0,0.0,15.748832061040462,0.0006645076819004414,1
100000008714412100,3,false,1,0,169000.0,0.0,1,0,1,2026-07-16,2026-07-16,1,0.0,false,true,false,0.00031166861826385935,0.0,0,1877,false,0,169000.0,0.0,136.18950975497214,0.0008058550873075274,7
100000007754369100,3,false,1,0,82424.0,0.0,1,0,1,2026-07-15,2026-07-15,1,0.0,false,true,false,0.0002928788402569505,0.0,0,1877,false,0,82424.0,0.0,399.753152515791,0.004849960600259524,0
100000003122817100,3,false,1,0,444680.0,0.0,1,0,1,2026-07-16,2026-07-16,1,0.0,false,true,false,0.00039708273280823195,0.0,0,1877,false,0,444680.0,0.0,143.50650245015007,0.0003227185896603177,26
100000003711830100,3,false,1,0,50000.0,0.0,1,0,1,2026-07-30,2026-07-30,1,0.0,false,true,false,0.0002957422441201064,0.0,0,1877,false,0,50000.0,0.0,332.57518553158314,0.0066515037106316625,4
100000001110358100,3,false,2,0,32000.0,0.0,2,0,2,2026-07-16,2026-07-16,1,0.0,false,true,false,0.0002929859306214291,0.0,0,1877,false,0,16000.0,0.0,301.129061478139,0.009410283171191844,0
100000006530134100,3,false,2,0,144663.0,0.0,2,0,2,2026-07-03,2026-07-16,2,0.0,false,true,false,0.00029908777889777486,0.0,0,1877,false,0,72331.5,0.0,163.26222423875143,0.001128569324836008,5
100000001639766100,3,false,1,0,20000.0,0.0,1,0,1,2026-07-27,2026-07-27,1,0.0,false,true,false,0.0006506628579150657,0.0,0,1877,false,0,20000.0,0.0,4800.128003413394,0.2400064001706697,9
100000003242795100,3,false,1,0,111000.0,0.0,1,0,1,2026-07-16,2026-07-16,1,0.0,false,true,false,0.0002891667125395148,0.0,0,1877,false,0,111000.0,0.0,132.68518660653874,0.0011953620415003489,5
100000004970752100,3,false,1,0,10000.0,0.0,1,0,1,2026-07-01,2026-07-01,1,0.0,false,true,false,0.0007428614561261717,0.0,0,1877,false,0,10000.0,0.0,6706.265473269859,0.6706265473269859,0
100000004564736100,3,false,1,0,15000.0,0.0,2,0,1,2026-07-20,2026-07-23,2,0.0,false,true,false,0.0003767553644706438,0.0,0,1877,false,0,7500.0,0.0,528.9689136507376,0.035264594243382505,21
100000005873152100,3,false,1,1,10000.0,10000.0,1,1,2,2026-07-03,2026-07-05,2,1.0,false,false,false,0.00046745553089620626,3.962937027741748e-07,0,1877,true,0,10000.0,10000.0,3932.5783483589166,0.39325783483589166,10
100000001637376100,3,false,1,1,116700.0,234250.0,1,2,2,2026-07-22,2026-07-29,2,2.0072836332476434,false,false,false,0.00028935144483173707,1.922024458454748e-05,0,1877,false,0,116700.0,117125.0,139.4987502430907,0.0005955122742501204,5
100000006710485100,3,false,1,0,20000.0,0.0,1,0,1,2026-07-24,2026-07-24,1,0.0,false,true,false,0.00028869084980094866,0.0,1,270,false,0,20000.0,0.0,13.290153638008828,0.0006645076819004414,1
100000003582677100,3,false,2,4,29756.989999999998,56000.0,2,5,6,2026-07-02,2026-07-19,4,1.881910771217116,false,false,false,0.0002932927091390021,0.00017888146244571468,0,1877,false,1,14878.494999999999,11200.0,150.36329259256692,0.002685058796295838,2
100000008713685100,3,false,1,0,49700.0,0.0,1,0,1,2026-07-14,2026-07-14,1,0.0,false,true,false,0.0002933263598426795,0.0,1,270,false,0,49700.0,0.0,33.02603179045194,0.0006645076819004414,1
100000008070101100,3,false,1,0,100000.0,0.0,1,0,1,2026-07-29,2026-07-29,1,0.0,false,true,false,0.0002925878529376241,0.0,0,1877,false,0,100000.0,0.0,112.42617969656912,0.0011242617969656912,6
100000004475818100,3,false,1,3,13000.0,53989.0,1,3,3,2026-07-30,2026-07-31,2,4.153,false,false,false,0.00030980795030950453,6.940183893991107e-05,0,1877,true,0,13000.0,17996.333333333332,78.65002810992306,0.0014567787532631287,5
100000007197866100,3,false,1,1,20000.0,15000.0,1,1,2,2026-07-12,2026-07-12,1,0.75,false,false,false,0.00028963847417841745,1.922024458454748e-05,0,1877,false,0,20000.0,15000.0,133.03007421263325,0.0066515037106316625,4
100000006965162100,3,false,1,0,10000.0,0.0,1,0,1,2026-07-03,2026-07-03,1,0.0,false,true,false,0.0003092890887695548,0.0,0,1877,false,0,10000.0,0.0,110.40802685025447,0.011040802685025447,27
100000005995391100,3,false,1,0,17200.0,0.0,1,0,1,2026-07-14,2026-07-14,1,0.0,false,true,false,0.00028825383201923664,0.0,1,270,false,0,17200.0,0.0,11.429532128687592,0.0006645076819004414,1
100000003834495100,3,false,3,1,602441.0,20000.0,5,1,4,2026-07-07,2026-07-31,4,0.0331982716979754,false,false,false,0.000620860166432955,2.871714010460002e-06,0,1877,false,0,120488.2,20000.0,4208.525736424602,0.006985789042287297,0
100000001223977100,3,false,1,1,5000.0,18000.0,1,1,2,2026-07-05,2026-07-24,2,3.6,false,false,false,0.0003055412798976388,2.4173915869224665e-05,0,1877,false,0,5000.0,18000.0,217.3913043478261,0.012077294685990338,50
100000001046057100,3,false,1,0,83420.0,0.0,1,0,1,2026-07-05,2026-07-05,1,0.0,false,true,false,0.00031851488108134194,0.0,0,1877,false,0,83420.0,0.0,284.65206712841194,0.0034122760384609437,28
100000002989353100,3,false,1,2,500000.0,321160.0,2,2,3,2026-07-11,2026-07-21,3,0.64232,false,false,false,0.000309385218288553,2.774055919419224e-06,0,1877,false,0,250000.0,160580.0,160.3721659880976,0.0003207443319761952,12
100000006714366100,3,false,1,1,10500.0,5000.0,1,1,2,2026-07-21,2026-07-21,1,0.47619047619047616,false,false,false,0.00028945615369703476,1.922024458454748e-05,0,1877,false,0,10500.0,5000.0,113.46162825801436,0.01080586935790613,13
100000001063678100,3,false,1,2,35000.0,90000.0,1,2,3,2026-07-05,2026-07-17,3,2.5714285714285716,false,false,false,0.00032774872839870387,3.962937027741748e-05,0,1877,false,0,35000.0,45000.0,1696.5918520233863,0.018851020578037624,21
100000004889043100,3,false,2,0,272000.0,0.0,4,0,2,2026-07-14,2026-07-21,3,0.0,false,true,false,0.00029849724595782,0.0,0,1877,false,0,68000.0,0.0,265.1243280946548,0.0009747217944656427,0
100000002984403100,3,false,1,1,20000.0,25000.0,1,1,2,2026-07-21,2026-07-26,2,1.25,false,false,false,0.0003201027601659293,2.0012831990095827e-05,0,1877,false,0,20000.0,25000.0,382.6479631337942,0.015305918525351767,25
100000003951827100,3,false,1,2,9000.0,17000.0,1,2,3,2026-07-07,2026-07-31,3,1.8888888888888888,false,false,false,0.00028607617392076875,1.3265244417163455e-06,0,1877,false,0,9000.0,8500.0,7.617983229660345,0.00044811666056825556,0
100000000933075100,3,false,1,2,40000.0,55000.0,1,2,2,2026-07-08,2026-07-31,2,1.375,false,false,false,0.0008086964755110841,2.139985994980544e-05,0,1877,true,0,40000.0,27500.0,941.6126779199594,0.017120230507635625,11
100000008502995100,3,false,1,0,25000.0,0.0,2,0,1,2026-07-05,2026-07-12,2,0.0,false,true,false,0.0007270949451502094,0.0,0,1877,false,0,12500.0,0.0,18579.110320436732,0.7431644128174693,0
100000008086440100,3,false,1,5,199733.0,161300.0,1,6,5,2026-07-05,2026-07-24,6,0.8075781167859092,false,false,false,0.00033767394570343855,0.00010519757648287985,0,1877,true,0,199733.0,26883.333333333332,2422.844823078287,0.0121304182237201,0
100000008465789100,3,false,1,16,30099.0,1858100.0,1,17,17,2026-07-12,2026-07-19,7,61.732947938469714,false,false,false,0.00028988803979432075,0.0008450964058440695,0,1877,true,0,30099.0,109300.0,15.708576383994679,8.454107090035347e-06,6
100000002550141100,3,false,1,0,100586.0,0.0,1,0,1,2026-07-10,2026-07-10,1,0.0,false,true,false,0.0003077875449747842,0.0,0,1877,false,0,100586.0,0.0,168.10201314663047,0.0016712267427537676,4
100000008739887100,3,false,2,2,214000.0,307000.0,3,2,4,2026-07-21,2026-07-28,4,1.4345794392523366,false,false,false,0.00033330063396974337,3.844048916909496e-05,0,1877,false,0,71333.33333333333,153500.0,1823.3825535306319,0.005939356851891309,4
100000008532050100,3,false,1,0,455156.0,0.0,1,0,1,2026-07-15,2026-07-15,1,0.0,false,true,false,0.00030032052425215495,0.0,0,1877,false,0,455156.0,0.0,544.0762053611328,0.0011953620415003489,5
100000008422226100,3,false,1,0,87450.0,0.0,1,0,1,2026-07-03,2026-07-03,1,0.0,false,true,false,0.00029049447533607847,0.0,0,1877,false,0,87450.0,0.0,74.02140371486635,0.0008464425810733717,0
100000002369874100,3,false,4,0,600000.0,0.0,4,0,4,2026-07-29,2026-07-29,1,0.0,false,true,false,0.00033734785491166,0.0,0,1877,false,0,150000.0,0.0,1019.4418586591105,0.0016990697644318508,6
100000003321895100,3,false,1,2,24000.0,553830.0,1,3,3,2026-07-06,2026-07-24,4,23.07625,false,false,false,0.00031125966376989797,3.962937027741748e-05,0,1877,false,0,24000.0,184610.0,784.5209429095704,0.00141653746259605,51
100000001875239100,3,false,3,0,712000.0,0.0,3,0,3,2026-07-22,2026-07-22,1,0.0,false,true,false,0.0003339786305768775,0.0,0,1877,false,0,237333.33333333334,0.0,805.7903843158376,0.0011317280678593226,6
100000002216999100,3,false,1,0,23677.0,0.0,1,0,1,2026-07-20,2026-07-20,1,0.0,false,true,false,0.000289264747795004,0.0,1,270,false,0,23677.0,0.0,15.733548384356752,0.0006645076819004414,1
100000002653948100,3,false,1,0,85200.0,0.0,1,0,1,2026-07-03,2026-07-03,1,0.0,false,true,false,0.00028833055584840344,0.0,0,1877,false,0,85200.0,0.0,101.84484593582972,0.0011953620415003489,5
100000008632060100,3,false,1,9,6000.0,339200.0,1,12,10,2026-07-01,2026-07-22,11,56.53333333333333,false,false,false,0.00028802564816402974,0.000536543658121786,0,1877,true,0,6000.0,28266.666666666668,4.697057676791821,1.3847457773560793e-05,0
100000008746449100,3,false,1,10,10000.0,1009000.0,1,10,11,2026-07-22,2026-07-29,5,100.9,false,false,false,0.0002870041410816489,0.00016598228268404117,0,1877,false,0,10000.0,100900.0,5.218969528553998,5.1724177686362716e-06,6
100000003031761100,3,false,1,0,460408.0,0.0,1,0,1,2026-07-07,2026-07-07,1,0.0,false,true,false,0.0003183607828225488,0.0,0,1877,false,0,460408.0,0.0,992.9615112482028,0.002156699082657562,4
100000008388049100,3,false,1,0,496400.0,0.0,1,0,1,2026-07-13,2026-07-13,1,0.0,false,true,false,0.0003092137436352399,0.0,0,1877,false,0,496400.0,0.0,159.2174863929833,0.0003207443319761952,12
100000002677201100,3,false,1,1,150000.0,87750.0,1,1,2,2026-07-18,2026-07-27,2,0.585,false,false,false,0.0003089058485273866,2.139985994980544e-05,0,1877,false,0,150000.0,87750.0,470.53015921051957,0.0031368677280701304,6
100000002901457100,3,false,1,3,340000.0,119000.0,1,3,4,2026-07-05,2026-07-27,4,0.35,false,false,false,0.00037426561132708307,7.569209722986739e-05,0,1877,false,0,340000.0,39666.666666666664,4124.342196064834,0.0121304182237201,0
100000001160401100,3,false,1,0,47190.0,0.0,2,0,1,2026-07-03,2026-07-06,2,0.0,false,true,false,0.0003048885180083874,0.0,0,1877,false,0,23595.0,0.0,36.94235862796767,0.0007828429461319701,0
100000002842321100,3,false,1,0,160000.0,0.0,1,0,1,2026-07-02,2026-07-02,1,0.0,false,true,false,0.0002907547620691449,0.0,0,1877,false,0,160000.0,0.0,191.2579266400558,0.0011953620415003489,5
100000002547110100,3,false,6,0,1500000.0,0.0,10,0,6,2026-07-13,2026-07-16,2,0.0,false,true,false,0.0005516278220472688,0.0,0,1877,false,3,150000.0,0.0,2351.373809264599,0.0015675825395097328,6
100000001600934100,3,false,1,1,180300.0,11000.0,2,1,1,2026-07-07,2026-07-25,3,0.06100942872989462,false,false,false,0.002366851758392167,0.0,0,1877,true,0,90150.0,11000.0,11453.040953778429,0.0635221350736463,4
100000002818726100,3,false,1,0,10879.0,0.0,1,0,1,2026-07-22,2026-07-22,1,0.0,false,true,false,0.0002895964508153988,0.0,0,1877,false,0,10879.0,0.0,117.55705274466078,0.01080586935790613,13
100000008712827100,3,false,1,0,76000.0,0.0,1,0,1,2026-07-14,2026-07-14,1,0.0,false,true,false,0.0002974312054351886,0.0,1,270,false,0,76000.0,0.0,50.50258382443355,0.0006645076819004414,1
100000008259451100,3,false,1,0,55000.0,0.0,1,0,1,2026-07-03,2026-07-03,1,0.0,false,true,false,0.00030111513447974875,0.0,0,1877,false,0,55000.0,0.0,60.81200296522726,0.0011056727811859502,14
100000003060517100,3,false,1,0,315955.0,0.0,1,0,1,2026-07-05,2026-07-05,1,0.0,false,true,false,0.0003618834926166912,0.0,0,1877,false,0,315955.0,0.0,1187.9367760576808,0.0037598290138079185,16
100000002621434100,3,false,1,0,81000.0,0.0,1,0,1,2026-07-25,2026-07-25,1,0.0,false,true,false,0.00028974239008965156,0.0,0,1877,false,0,81000.0,0.0,102.12007655037245,0.0012607416858070673,6
100000001860090100,3,false,1,0,5000.0,0.0,1,0,1,2026-07-31,2026-07-31,1,0.0,false,true,false,0.00037803658179597354,0.0,0,1877,false,0,5000.0,0.0,410.36756257808946,0.0820735125156179,9
100000004689658100,3,false,1,1,456100.0,7092.0,1,1,2,2026-07-22,2026-07-23,2,0.015549221661916246,false,false,false,0.0003863163581277007,1.922024458454748e-05,0,1877,false,0,456100.0,7092.0,762.2465173699934,0.0016712267427537676,4
100000003486970100,3,false,1,0,150000.0,0.0,1,0,1,2026-07-11,2026-07-11,1,0.0,false,true,false,0.000290430670328404,0.0,0,1877,false,0,150000.0,0.0,179.30430622505233,0.0011953620415003489,5
100000004659919100,3,false,1,1,110000.0,39000.0,2,1,2,2026-07-07,2026-07-21,3,0.35454545454545455,false,false,false,0.0007249529791849316,2.4173915869224665e-05,0,1877,false,0,55000.0,39000.0,4782.608695652174,0.043478260869565216,50
100000006111439100,3,false,3,4,20570.0,24000.0,3,4,6,2026-07-02,2026-07-26,7,1.166747690811862,false,false,false,0.0003655017010699169,1.755563613021834e-05,0,1877,true,0,6856.666666666667,6000.0,49.7175895968614,0.0020715662332025583,5
100000002521039100,3,false,1,0,349370.0,0.0,1,0,1,2026-07-20,2026-07-20,1,0.0,false,true,false,0.0003052458011066065,0.0,0,1877,false,0,349370.0,0.0,295.7216445496038,0.0008464425810733715,0
100000008493007100,3,false,1,1,26150.0,26150.0,1,1,2,2026-07-28,2026-07-29,2,1.0,false,false,false,0.00028965072814292326,1.387027959709612e-06,1,270,false,0,26150.0,26150.0,17.376875881696545,0.0006645076819004415,1
100000007793871100,3,false,1,0,26000.0,0.0,3,0,1,2026-07-11,2026-07-25,3,0.0,false,true,false,0.0006872267875117624,0.0,0,1877,false,0,8666.666666666666,0.0,323.7234571045298,0.01245090219632807,7
100000001650895100,3,false,1,1,153500.0,10000.0,1,1,2,2026-07-10,2026-07-19,2,0.06514657980456026,false,false,false,0.00030927489327733985,2.19943005039667e-05,0,1877,false,0,153500.0,10000.0,123.69875590170545,0.0008058550873075274,7
100000002567887100,3,false,1,0,50915.0,0.0,1,0,1,2026-07-16,2026-07-16,1,0.0,false,true,false,0.0002872194073152735,0.0,0,1877,false,0,50915.0,0.0,60.86185834299027,0.0011953620415003489,5
100000008055972100,3,false,1,0,28300.0,0.0,1,0,1,2026-07-10,2026-07-10,1,0.0,false,true,false,0.00028998629536816634,0.0,1,270,false,0,28300.0,0.0,18.805567397782493,0.0006645076819004414,1
100000008684452100,3,false,1,0,51800.0,0.0,1,0,1,2026-07-08,2026-07-08,1,0.0,false,true,false,0.00029365412317896347,0.0,1,270,false,0,51800.0,0.0,34.42149792244287,0.0006645076819004414,1
100000000764836100,3,false,1,2,251716.0,50000.0,1,2,3,2026-07-08,2026-07-17,2,0.1986365586613485,false,false,false,0.0003367831793720302,3.844048916909496e-05,0,1877,false,0,251716.0,25000.0,1674.2899080253596,0.0066515037106316625,4
100000003072676100,3,false,1,0,31545.0,0.0,1,0,1,2026-07-08,2026-07-08,1,0.0,false,true,false,0.0002931885165385368,0.0,0,1877,false,0,31545.0,0.0,118.60380624057078,0.003759829013807918,16
100000008757369100,3,false,1,1,25961.0,58398.0,1,3,2,2026-07-25,2026-07-27,3,2.249451099726513,false,false,false,0.00028787157419321585,1.922024458454748e-05,0,1877,false,0,25961.0,19466.0,125.9098271433375,0.002156064028619773,0
100000007618425100,3,false,1,0,39348.0,0.0,1,0,1,2026-07-08,2026-07-08,1,0.0,false,true,false,0.0002950732143281288,0.0,0,1877,false,0,39348.0,0.0,147.94175203531395,0.003759829013807918,16
100000004671609100,3,false,1,0,100000.0,0.0,1,0,1,2026-07-31,2026-07-31,1,0.0,false,true,false,0.0003002421115187916,0.0,0,1877,false,0,100000.0,0.0,357.36761301053656,0.0035736761301053657,12
100000004676985100,3,false,1,1,32260.0,27102.0,1,1,2,2026-07-08,2026-07-11,2,0.8401115933044018,false,false,false,0.00028738617635442205,1.922024458454748e-05,0,1877,false,0,32260.0,27102.0,27.306237665426966,0.0008464425810733716,0
100000002531406100,3,false,1,1,520000.0,500000.0,1,1,2,2026-07-08,2026-07-09,2,0.9615384615384616,false,false,false,0.00032260508437457325,7.925874055483496e-07,0,1877,false,0,520000.0,500000.0,1121.4835229819323,0.002156699082657562,4
100000002877262100,3,false,1,0,100000.0,0.0,1,0,1,2026-07-13,2026-07-13,1,0.0,false,true,false,0.0002999177628608652,0.0,0,1877,false,0,100000.0,0.0,52.18969528553998,0.0005218969528553998,6
100000007591246100,3,false,1,1,12190.0,120000.0,1,1,2,2026-07-22,2026-07-28,2,9.844134536505333,false,false,false,0.0002978930938238496,1.0237587321666182e-06,0,1877,false,0,12190.0,120000.0,195.91624743566086,0.0016326353952971738,28
100000008712184100,3,false,1,0,18000.0,0.0,1,0,1,2026-07-14,2026-07-14,1,0.0,false,true,false,0.0002883786942425829,0.0,1,270,false,0,18000.0,0.0,11.961138274207945,0.0006645076819004414,1
100000002975437100,3,false,1,1,530000.0,8500.0,2,1,1,2026-07-18,2026-07-22,2,0.016037735849056604,false,false,false,0.0005210057143091028,0.0,0,1877,true,1,265000.0,8500.0,2436.6242715496537,0.004597404285942743,31
100000005008589100,3,false,1,0,42806.68,0.0,1,0,1,2026-07-01,2026-07-01,1,0.0,false,true,false,0.0003030940204447513,0.0,0,1877,false,0,42806.68,0.0,33.51090748532848,0.00078284294613197,0
100000000782285100,3,false,1,0,6151.0,0.0,1,0,1,2026-07-14,2026-07-14,1,0.0,false,true,false,0.00031960301204687425,0.0,0,1877,false,0,6151.0,0.0,131.62826092813646,0.02139948966479214,24
100000005198498100,3,false,1,0,28800.0,0.0,1,0,1,2026-07-09,2026-07-09,1,0.0,false,true,false,0.0002900643342577578,0.0,1,270,false,0,28800.0,0.0,19.137821238732712,0.0006645076819004414,1
100000008517538100,3,false,3,17,155500.0,1439000.0,6,18,20,2026-07-14,2026-07-31,13,9.254019292604502,false,false,false,0.0003070164607928248,0.00024580536471765883,0,1877,false,1,25916.666666666668,79944.44444444444,211.6878442518409,0.00014710760545645648,6
100000005756535100,3,false,1,0,20000.0,0.0,1,0,1,2026-07-18,2026-07-18,1,0.0,false,true,false,0.0005415991635083564,0.0,1,270,false,0,20000.0,0.0,343.70020727351647,0.017185010363675823,1
100000004917367100,3,false,2,0,120000.0,0.0,2,0,2,2026-07-10,2026-07-23,2,0.0,false,true,false,0.0002940276420429229,0.0,0,1877,false,0,60000.0,0.0,362.1445686244369,0.0030178714052036407,5
100000001222263100,3,false,1,1,745570.0,420000.0,1,5,2,2026-07-19,2026-07-31,5,0.5633273870998028,false,false,false,0.0003097326021317058,1.922024458454748e-05,0,1877,false,0,745570.0,84000.0,891.2260772814151,0.0011953620415003489,5
100000001149815100,3,false,1,0,12000.0,0.0,1,0,1,2026-07-27,2026-07-27,1,0.0,false,true,false,0.0002874422275674858,0.0,1,270,false,0,12000.0,0.0,7.974092182805297,0.0006645076819004414,1
100000006020215100,3,false,1,2,30000.0,33800.0,1,2,3,2026-07-01,2026-07-24,3,1.1266666666666667,false,false,false,0.00029667460701655787,6.055520199044306e-05,0,1877,false,0,30000.0,16900.0,324.1760807371839,0.009591008305833842,13
100000000673868100,3,false,1,5,2030650.0,383000.0,5,19,5,2026-07-02,2026-07-14,11,0.18860955851574618,false,false,false,0.0011728050936714376,4.1016398237127094e-05,0,1877,true,5,406130.0,20157.894736842107,3350.610248543156,0.0016500185893891888,30
100000008749900100,3,false,1,0,17150.0,0.0,1,0,1,2026-07-23,2026-07-23,1,0.0,false,true,false,0.0002882460281302775,0.0,1,270,false,0,17150.0,0.0,11.39630674459257,0.0006645076819004414,1
100000002862113100,3,false,1,0,47405.0,0.0,2,0,1,2026-07-03,2026-07-04,2,0.0,false,true,false,0.000298968395265324,0.0,0,1877,false,0,23702.5,0.0,52.41441819211997,0.0011056727811859502,14
100000001066017100,3,false,2,4,136123.0,82500.0,3,4,6,2026-07-04,2026-07-27,5,0.6060695106631503,false,false,false,0.00030123840753404184,7.688097833818992e-05,0,1877,false,1,45374.333333333336,20625.0,556.6832825307185,0.004089560783487864,0
100000008436257100,3,false,2,0,35000.0,0.0,2,0,2,2026-07-18,2026-07-18,1,0.0,false,true,false,0.00029457981498549874,0.0,0,1877,false,0,17500.0,0.0,235.81561284115256,0.006737588938318644,16
100000003016438100,3,false,1,1,200000.0,300000.0,1,3,2,2026-07-08,2026-07-17,3,1.5,false,false,false,0.000316684699964085,2.139985994980544e-05,0,1877,false,0,200000.0,100000.0,627.373545614026,0.0020912451520467535,6
100000002534091100,3,false,1,0,22200.0,0.0,1,0,1,2026-07-23,2026-07-23,1,0.0,false,true,false,0.00029636616273709084,0.0,0,1877,false,0,22200.0,0.0,241.26331308397863,0.010867716805584623,4
100000006882208100,3,false,1,0,18000.0,0.0,1,0,1,2026-07-19,2026-07-19,1,0.0,false,true,false,0.0006403184460375351,0.0,0,1877,false,0,18000.0,0.0,16419.20876276626,0.9121782645981255,3
100000005362848100,3,false,1,0,29000.0,0.0,1,0,1,2026-07-03,2026-07-03,1,0.0,false,true,false,0.00029637417941000667,0.0,0,1877,false,0,29000.0,0.0,223.7675760082161,0.007716123310628141,7
100000001073568100,3,false,1,2,707465.0,219503.0,4,3,3,2026-07-13,2026-07-18,3,0.31026693900051594,false,false,false,0.0004855354375132787,1.922024458454748e-05,0,1877,false,2,176866.25,73167.66666666667,782.2247941417182,0.0011056727811859502,14
100000008687733100,3,false,1,0,14650.0,0.0,1,0,1,2026-07-08,2026-07-08,1,0.0,false,true,false,0.0002878558336823204,0.0,1,270,false,0,14650.0,0.0,9.735037539841468,0.0006645076819004414,1
100000007229557100,3,false,3,0,878000.0,0.0,3,0,3,2026-07-28,2026-07-28,1,0.0,false,true,false,0.0003942093306983504,0.0,0,1877,false,0,292666.6666666667,0.0,2933.708094365312,0.003341353182648419,17
100000001052789100,3,false,1,0,70975.0,0.0,1,0,1,2026-07-23,2026-07-23,1,0.0,false,true,false,0.00029770710734911877,0.0,0,1877,false,0,70975.0,0.0,526.5050555866942,0.007418176197065082,18
100000006967370100,3,false,1,1,33225.0,13526.27,1,1,2,2026-07-08,2026-07-08,1,0.40711121143717083,false,false,false,0.0002935942953782798,1.922024458454748e-05,0,1877,false,0,33225.0,13526.27,124.92031898376808,0.003759829013807918,16
100000001837130100,3,false,1,0,172900.0,0.0,1,0,1,2026-07-13,2026-07-13,1,0.0,false,true,false,0.00030090245579956164,0.0,0,1877,false,0,172900.0,0.0,838.5581877848717,0.004849960600259524,0
100000005820746100,3,false,1,1,1989000.0,60000.0,2,1,1,2026-07-16,2026-07-20,2,0.030165912518853696,false,false,false,0.000989461905456685,0.0,0,1877,true,1,994500.0,60000.0,60426.90615887848,0.030380546082895164,22
100000002883402100,3,false,3,0,300000.0,0.0,3,0,3,2026-07-16,2026-07-30,3,0.0,false,true,false,0.0003006570717458929,0.0,0,1877,false,0,100000.0,0.0,235.05355029001734,0.0007835118343000578,6
100000008582730100,3,false,1,1,5000.0,5000.0,1,1,1,2026-07-27,2026-07-27,1,1.0,false,false,false,0.0008925911171850298,0.0,0,1877,true,0,5000.0,5000.0,105.78377194400825,0.02115675438880165,18
100000003116106100,3,false,1,0,494050.0,0.0,2,0,1,2026-07-26,2026-07-27,2,0.0,false,true,false,0.00030158104666859237,0.0,0,1877,false,0,247025.0,0.0,590.5686166032474,0.0011953620415003489,5
100000001818442100,3,false,1,0,42215.0,0.0,1,0,1,2026-07-06,2026-07-06,1,0.0,false,true,false,0.0003012978538176525,0.0,0,1877,false,0,42215.0,0.0,325.73614555816704,0.007716123310628142,7
100000008690762100,3,false,1,0,26750.0,0.0,1,0,1,2026-07-09,2026-07-09,1,0.0,false,true,false,0.0002897443748104329,0.0,1,270,false,0,26750.0,0.0,17.77558049083681,0.0006645076819004414,1
100000008712991100,3,false,1,0,66100.0,0.0,1,0,1,2026-07-14,2026-07-14,1,0.0,false,true,false,0.0002958860354212783,0.0,1,270,false,0,66100.0,0.0,43.92395777361918,0.0006645076819004414,1
100000003292191100,3,false,1,0,112000.0,0.0,1,0,1,2026-07-30,2026-07-30,1,0.0,false,true,false,0.0002996284816997223,0.0,0,1877,false,0,112000.0,0.0,26.071712914888945,0.00023278315102579416,17
100000005367284100,3,false,1,2,13700.0,48300.0,1,5,3,2026-07-02,2026-07-15,5,3.5255474452554743,false,false,false,0.0002891432340537743,3.844048916909496e-05,0,1877,false,0,13700.0,9660.0,166.18672966496538,0.003440719040682513,0
100000003216073100,3,false,1,1,37001.0,70000.0,1,1,2,2026-07-14,2026-07-17,2,1.891840761060512,false,false,false,0.00028820460435500226,7.925874055483496e-07,0,1877,false,0,37001.0,70000.0,79.80002275741245,0.001140000325105892,4
100000006169033100,3,false,1,3,49000.0,1140271.0,1,10,3,2026-07-01,2026-07-21,10,23.270836734693876,false,false,false,0.00041804163396876764,3.923307657464331e-05,0,1877,true,0,49000.0,114027.1,1005.1578513084653,0.0008815078619981261,41
100000004407753100,3,false,1,1,250000.0,100000.0,4,1,1,2026-07-08,2026-07-14,4,0.4,false,false,false,0.000878564158023873,0.0,0,1877,true,1,62500.0,100000.0,2760.2006712563616,0.011040802685025447,27
100000004420041100,3,false,1,7,69638.0,651830.0,1,11,8,2026-07-01,2026-07-31,8,9.360263074758034,false,false,false,0.0002997377719239359,0.00015424862618236015,0,1877,false,0,69638.0,59257.27272727273,463.1974154009677,0.0007106107656919254,11
100000004715209100,3,false,1,5,5000.0,350450.0,1,17,5,2026-07-02,2026-07-26,13,70.09,false,false,false,0.00028754397576032976,7.767356574373826e-05,0,1877,true,3,5000.0,20614.70588235294,17.061380192304718,4.8684206569566896e-05,28
100000004580254100,3,false,2,0,27940.0,0.0,2,0,2,2026-07-15,2026-07-19,2,0.0,false,true,false,0.00031227898997919024,0.0,0,1877,false,0,13970.0,0.0,115.63628464855262,0.004138736028938891,16
100000001056414100,3,false,1,0,250000.0,0.0,1,0,1,2026-07-15,2026-07-15,1,0.0,false,true,false,0.0002974772562529223,0.0,0,1877,false,0,250000.0,0.0,80.1860829940488,0.0003207443319761952,12
100000008686494100,3,false,1,0,15700.0,0.0,1,0,1,2026-07-08,2026-07-08,1,0.0,false,true,false,0.0002880197153504624,0.0,1,270,false,0,15700.0,0.0,10.43277060583693,0.0006645076819004414,1
100000002822472100,3,false,2,0,266722.0,0.0,2,0,2,2026-07-02,2026-07-07,2,0.0,false,true,false,0.0003122355768599004,0.0,0,1877,false,0,133361.0,0.0,132.17981409555864,0.000495571471777951,12
100000001831496100,3,false,1,1,25000.0,373000.0,1,1,2,2026-07-02,2026-07-20,2,14.92,false,false,false,0.00029263558524568115,1.8493706129461493e-06,0,1877,false,0,25000.0,373000.0,27.641819529648753,7.410675477117628e-05,10
100000008732488100,3,false,1,1,137000.0,10000.0,1,1,2,2026-07-27,2026-07-27,1,0.072992700729927,false,false,false,0.0003134431769510041,1.922024458454748e-05,0,1877,false,0,137000.0,10000.0,911.2560083565378,0.0066515037106316625,4
100000004007197100,3,false,1,0,10048.0,0.0,1,0,1,2026-07-29,2026-07-29,1,0.0,false,true,false,0.0002876887083181026,0.0,2,17,false,0,10048.0,0.0,23.68368133778384,0.002357054273266704,23
100000002815005100,3,false,1,0,476500.0,0.0,1,0,1,2026-07-29,2026-07-29,1,0.0,false,true,false,0.0003190127265196762,0.0,0,1877,false,0,476500.0,0.0,535.7107462541519,0.0011242617969656912,6
100000005756189100,3,false,1,1,65000.0,49050.0,1,1,2,2026-07-02,2026-07-02,1,0.7546153846153846,false,false,false,0.00028767589053210697,1.922024458454748e-05,0,1877,false,0,65000.0,49050.0,77.69853269752268,0.0011953620415003489,5
100000004877085100,3,false,1,3,25000.0,95600.0,1,9,4,2026-07-01,2026-07-26,5,3.824,false,false,false,0.0002948237215500134,5.7660733753642434e-05,0,1877,false,2,25000.0,10622.222222222223,270.1467339476532,0.002825802656356205,13
100000002713074100,3,false,2,1,700000.0,430000.0,2,2,3,2026-07-10,2026-07-24,3,0.6142857142857143,false,false,false,0.0004336098166177607,1.922024458454748e-05,0,1877,false,0,350000.0,215000.0,2306.6297876740277,0.003295185410962897,16
100000002356167100,3,false,1,2,300000.0,29500.0,1,3,3,2026-07-03,2026-07-13,3,0.09833333333333333,false,false,false,0.00029529204643951646,3.844048916909496e-05,0,1877,false,0,300000.0,9833.333333333334,358.60861245010466,0.0011953620415003489,5
100000004140487100,3,false,1,10,24510.0,262600.0,1,19,11,2026-07-19,2026-07-30,7,10.713994288045695,false,false,false,0.00028942714485975465,0.00032537043857319123,0,1877,true,4,24510.0,13821.052631578947,60.26584795238396,0.00022949675534038064,2
100000003147719100,3,false,1,0,100000.0,0.0,1,0,1,2026-07-29,2026-07-29,1,0.0,false,true,false,0.0002907212644300817,0.0,0,1877,false,0,100000.0,0.0,126.07416858070673,0.0012607416858070673,6
100000008745884100,3,false,1,0,20000.0,0.0,1,0,1,2026-07-22,2026-07-22,1,0.0,false,true,false,0.00028869084980094866,0.0,1,270,false,0,20000.0,0.0,13.290153638008828,0.0006645076819004414,1
100000002559089100,3,false,2,0,715000.0,0.0,2,0,2,2026-07-29,2026-07-29,1,0.0,false,true,false,0.0003924259537320134,0.0,0,1877,false,0,357500.0,0.0,2675.946340005882,0.0037425822937145205,12
100000004984689100,3,false,1,0,53030.0,0.0,1,0,1,2026-07-08,2026-07-08,1,0.0,false,true,false,0.0002963587248842169,0.0,0,1877,false,0,53030.0,0.0,352.72924177479706,0.0066515037106316625,4
100000004340038100,3,false,1,1,9978.0,49000.0,1,1,2,2026-07-08,2026-07-17,2,4.910803768290238,false,false,false,0.0002892629212543275,1.922024458454748e-05,0,1877,false,0,9978.0,49000.0,107.82096445318736,0.0022004278459834153,13
100000005052998100,3,false,1,1,9500.0,28400.0,1,1,2,2026-07-10,2026-07-14,2,2.9894736842105263,false,false,false,0.00028610433390429524,4.333353000324482e-06,0,1877,true,0,9500.0,28400.0,8.04120452019703,0.0002831410042322898,0
100000007597382100,3,false,1,0,15700.0,0.0,1,0,1,2026-07-10,2026-07-10,1,0.0,false,true,false,0.0002860781182502547,0.0,0,1877,false,0,15700.0,0.0,18.76718405155548,0.0011953620415003489,5
100000008697670100,3,false,1,0,25350.0,0.0,1,0,1,2026-07-10,2026-07-10,1,0.0,false,true,false,0.00028952586591957693,0.0,1,270,false,0,25350.0,0.0,16.845269736176192,0.0006645076819004415,1
100000008460102100,3,false,1,31,17500.0,476570.0,1,34,32,2026-07-07,2026-07-31,9,27.23257142857143,false,false,false,0.0002996891805568396,0.0009777226136943515,0,1877,false,1,17500.0,14016.764705882353,23.05881159263532,4.838494154612191e-05,7
100000004399686100,3,false,1,0,806000.0,0.0,2,0,1,2026-07-09,2026-07-09,1,0.0,false,true,false,0.0005708068229548236,0.0,0,1877,false,1,403000.0,0.0,24486.7201428135,0.030380546082895164,22
100000008688155100,3,false,1,0,23600.0,0.0,1,0,1,2026-07-08,2026-07-08,1,0.0,false,true,false,0.0002892527298060069,0.0,1,270,false,0,23600.0,0.0,15.682381292850417,0.0006645076819004414,1
100000004386331100,3,false,1,2,20000.0,17500.0,1,2,2,2026-07-05,2026-07-30,3,0.875,false,false,false,0.000512694045519713,2.0210978841482916e-05,0,1877,true,0,20000.0,8750.0,11108.791595484532,0.5554395797742266,11
100000007999728100,3,false,1,0,23250.0,0.0,1,0,1,2026-07-04,2026-07-04,1,0.0,false,true,false,0.0002921409448736939,0.0,0,1877,false,0,23250.0,0.0,25.70689216257334,0.0011056727811859502,14
100000001597424100,3,false,1,0,48100.0,0.0,1,0,1,2026-07-01,2026-07-01,1,0.0,false,true,false,0.0002991648381559132,0.0,0,1877,false,0,48100.0,0.0,53.182860775044205,0.0011056727811859502,14
100000003677936100,3,false,1,1,71000.0,13000.0,1,2,2,2026-07-05,2026-07-22,2,0.18309859154929578,false,false,false,0.0003088836385994447,1.922024458454748e-05,0,1877,false,0,71000.0,6500.0,185.07716945440984,0.0026067206965409836,8
100000002943472100,3,false,1,0,170000.0,0.0,1,0,1,2026-07-13,2026-07-13,1,0.0,false,true,false,0.0003099616909113668,0.0,0,1877,false,0,170000.0,0.0,88.72248198541797,0.0005218969528553998,6
100000004892144100,3,false,2,1,4500000.0,180300.0,7,1,2,2026-07-02,2026-07-16,5,0.04006666666666667,false,false,false,0.0027832036872124247,0.0,0,1877,true,1,642857.1428571428,180300.0,67252.52047468917,0.014945004549930927,22
100000008077552100,3,false,1,0,214000.0,0.0,1,0,1,2026-07-24,2026-07-24,1,0.0,false,true,false,0.0003291095198013389,0.0,0,1877,false,0,214000.0,0.0,1423.4217940751757,0.0066515037106316625,4
100000002914245100,3,false,1,0,140611.0,0.0,1,0,1,2026-07-06,2026-07-06,1,0.0,false,true,false,0.00029558398554384063,0.0,0,1877,false,0,140611.0,0.0,303.25561471156243,0.002156699082657562,4
100000004906181100,3,false,1,7,100000.0,2473417.91,1,33,8,2026-07-01,2026-07-15,13,24.734179100000002,false,false,false,0.0002888102116246999,0.00013454171209183234,0,1877,false,6,100000.0,74952.05787878788,119.53620415003489,4.832834906982415e-05,35
100000008514970100,3,false,1,1,379966.0,31000.0,1,1,2,2026-07-08,2026-07-08,1,0.0815862471905381,false,false,false,0.00031263148853056405,7.925874055483496e-07,0,1877,false,0,379966.0,31000.0,819.4723236410632,0.002156699082657562,4
100000008258458100,3,false,1,2,19000.0,1557988.0,1,4,3,2026-07-02,2026-07-17,3,81.99936842105264,false,false,false,0.00029126039334850123,3.844048916909496e-05,0,1877,false,1,19000.0,389497.0,198.21254265297875,0.00012722340778810795,63
100000003484058100,3,false,1,1,110000.0,6000.0,1,1,2,2026-07-06,2026-07-19,2,0.05454545454545454,false,false,false,0.00031666097474220597,1.922024458454748e-05,0,1877,false,0,110000.0,6000.0,121.62400593045452,0.0011056727811859502,14
100000003574895100,3,false,1,1,27968.0,20000.0,1,1,2,2026-07-21,2026-07-21,1,0.7151029748283753,false,false,false,0.0002871444510558305,1.922024458454748e-05,0,1877,false,0,27968.0,20000.0,23.673306107460057,0.0008464425810733716,0
100000000896111100,3,false,1,0,287100.0,0.0,1,0,1,2026-07-01,2026-07-01,1,0.0,false,true,false,0.000387171892853204,0.0,0,1877,false,0,287100.0,0.0,8722.254780399202,0.030380546082895164,22
100000008715887100,3,false,1,0,18000.0,0.0,1,0,1,2026-07-15,2026-07-15,1,0.0,false,true,false,0.0002883786942425829,0.0,1,270,false,0,18000.0,0.0,11.961138274207945,0.0006645076819004414,1
100000000560751100,3,false,1,0,25000.0,0.0,1,0,1,2026-07-09,2026-07-09,1,0.0,false,true,false,0.0005524500973404978,0.0,0,1877,false,0,25000.0,0.0,596.0794375653788,0.023843177502615154,13
100000008708207100,3,false,2,0,465000.0,0.0,2,0,2,2026-07-31,2026-07-31,1,0.0,false,true,false,0.00035978690472981365,0.0,0,1877,false,0,232500.0,0.0,1103.753594116944,0.002373663643262245,6
100000003152964100,3,false,1,1,141847.0,5500.0,1,1,2,2026-07-25,2026-07-28,2,0.03877417217142414,false,false,false,0.00031442934271458297,1.922024458454748e-05,0,1877,false,0,141847.0,5500.0,943.4958468419694,0.0066515037106316625,4
100000004991812100,3,false,1,0,10000.0,0.0,1,0,1,2026-07-23,2026-07-23,1,0.0,false,true,false,0.0003463600077195264,0.0,0,1877,false,0,10000.0,0.0,352.64594243382504,0.035264594243382505,21
100000000291908100,3,false,1,1,295500.0,13300.0,5,1,2,2026-07-01,2026-07-31,6,0.045008460236886635,false,false,false,0.0007065527083397013,1.981468513870874e-05,0,1877,false,0,59100.0,13300.0,6368.144670263089,0.02155040497550961,49
100000003132484100,3,false,1,0,90000.0,0.0,1,0,1,2026-07-22,2026-07-22,1,0.0,false,true,false,0.0005388233251189487,0.0,0,1877,false,0,90000.0,0.0,10266.154982891463,0.11406838869879403,8
100000004077081100,3,false,1,4,140000.0,615000.0,1,6,5,2026-07-09,2026-07-25,5,4.392857142857143,false,false,false,0.0002901065785876632,0.00011599154155885529,0,1877,false,0,140000.0,102500.0,167.35068581004884,0.0002721149362765022,2
100000004770073100,3,false,1,1,5462.4,5466.97,1,1,2,2026-07-02,2026-07-02,1,1.0008366285881665,false,false,false,0.00028780555885040196,1.922024458454748e-05,0,1877,false,0,5462.4,5466.97,4.276201308951274,0.0007821885448340257,0
100000003163886100,3,false,1,0,500000.0,0.0,1,0,1,2026-07-17,2026-07-17,1,0.0,false,true,false,0.000733835068059372,0.0,0,1877,false,0,500000.0,0.0,6853.281853281854,0.013706563706563708,55
100000000795374100,3,false,1,0,50000.0,0.0,1,0,1,2026-07-12,2026-07-12,1,0.0,false,true,false,0.0002957422441201064,0.0,0,1877,false,0,50000.0,0.0,332.57518553158314,0.0066515037106316625,4
100000002391278100,3,false,1,1,30000.0,52700.0,5,2,1,2026-07-15,2026-07-27,6,1.7566666666666666,false,false,false,0.000391322341132936,0.0,0,1877,true,1,6000.0,26350.0,1958.2203867714452,0.03715788210192011,9
100000004635886100,3,false,1,0,23000.0,0.0,1,0,1,2026-07-19,2026-07-19,1,0.0,false,true,false,0.0002924585194813875,0.0,0,1877,false,0,23000.0,0.0,239.94149900097426,0.010432239086998881,3
100000000413678100,3,false,2,3,306500.0,528198.0,2,18,5,2026-07-03,2026-07-28,15,1.723321370309951,false,false,false,0.0003006988541738507,5.7660733753642434e-05,0,1877,false,1,153250.0,29344.333333333332,193.4938756933185,0.00036632830054888224,4
100000008659950100,3,false,1,0,246000.0,0.0,1,0,1,2026-07-13,2026-07-13,1,0.0,false,true,false,0.0003208665270804828,0.0,0,1877,false,0,246000.0,0.0,128.38665040242836,0.0005218969528553998,6
100000003964910100,3,false,2,0,1000000.0,0.0,2,0,2,2026-07-02,2026-07-02,1,0.0,false,true,false,0.0005093616966720367,0.0,0,1877,false,0,500000.0,0.0,5298.379736152746,0.005298379736152746,16
100000008764654100,3,false,1,0,26150.0,0.0,1,0,1,2026-07-27,2026-07-27,1,0.0,false,true,false,0.00028965072814292326,0.0,1,270,false,0,26150.0,0.0,17.376875881696545,0.0006645076819004415,1
100000005830339100,3,false,5,1,476341.0,339251.0,12,1,6,2026-07-01,2026-07-27,12,0.7122019729563485,false,false,false,0.0003636000613544052,3.7978146515858416e-06,0,1877,false,1,39695.083333333336,339251.0,2360.1777024684143,0.004954806960703392,2
100000002032323100,3,false,1,1,300000.0,1050000.0,1,2,2,2026-07-13,2026-07-14,2,3.5,false,false,false,0.0004040501867995875,1.9616538287321655e-05,0,1877,false,0,300000.0,525000.0,1023.6828115382831,0.000974936010988841,28
100000008668099100,3,false,1,0,15700.0,0.0,1,0,1,2026-07-02,2026-07-02,1,0.0,false,true,false,0.0002880197153504624,0.0,1,270,false,0,15700.0,0.0,10.43277060583693,0.0006645076819004414,1
100000008634520100,3,false,1,0,90000.0,0.0,1,0,1,2026-07-16,2026-07-16,1,0.0,false,true,false,0.00029848291599650784,0.0,0,1877,false,0,90000.0,0.0,46.970725756985985,0.0005218969528553998,6
100000002103448100,3,false,1,0,27000.0,0.0,1,0,1,2026-07-13,2026-07-13,1,0.0,false,true,false,0.00028978339425522867,0.0,1,270,false,0,27000.0,0.0,17.94170741131192,0.0006645076819004415,1
100000005996909100,3,false,1,0,5500.0,0.0,1,0,1,2026-07-29,2026-07-29,1,0.0,false,true,false,0.00031594960600230145,0.0,0,1877,false,0,5500.0,0.0,1052.7617396515034,0.19141122539118244,15
100000007392365100,3,false,1,6,9613.0,1765600.0,1,9,7,2026-07-01,2026-07-31,9,183.66794965151357,false,false,false,0.00028611069806057225,0.00011532146750728487,0,1877,false,1,9613.0,196177.77777777778,8.13685253185832,4.608548103680517e-06,40
100000008279405100,3,false,1,0,234738.0,0.0,2,0,1,2026-07-20,2026-07-30,2,0.0,false,true,false,0.0003333288525030304,0.0,0,1877,false,0,117369.0,0.0,1561.360678026255,0.006651503710631662,4
100000008343874100,3,false,2,2,283535.0,176400.0,2,5,4,2026-07-09,2026-07-28,5,0.6221454141464017,false,false,false,0.0003076522795593059,3.883678287186913e-05,0,1877,false,1,141767.5,35280.0,902.8701716830801,0.003184334109309539,4
100000002548759100,3,false,2,0,375000.0,0.0,2,0,2,2026-07-28,2026-07-28,1,0.0,false,true,false,0.00030852903010496235,0.0,0,1877,false,0,187500.0,0.0,446.1645538535819,0.0011897721436095517,6
100000003069463100,3,false,1,1,11500.0,17920.0,1,1,2,2026-07-16,2026-07-25,2,1.5582608695652174,false,false,false,0.000288453175983496,1.9616538287321655e-05,0,1877,false,0,11500.0,17920.0,3.7112637810936535,0.00020710177349852978,26
100000008474391100,3,false,1,0,20000.0,0.0,1,0,1,2026-07-06,2026-07-06,1,0.0,false,true,false,0.0004071507212217613,0.0,0,1877,false,0,20000.0,0.0,705.2918848676501,0.035264594243382505,21
100000003097324100,3,false,2,0,294000.0,0.0,2,0,2,2026-07-26,2026-07-26,1,0.0,false,true,false,0.00032601311145724876,0.0,0,1877,false,0,147000.0,0.0,1325.5027275868997,0.004508512678867006,17
100000001852140100,3,false,1,0,30000.0,0.0,1,0,1,2026-07-03,2026-07-03,1,0.0,false,true,false,0.0008047208113869028,0.0,11,4,false,0,30000.0,0.0,2343.3179723502303,0.07811059907834102,59
100000003293377100,3,false,1,0,50000.0,0.0,1,0,1,2026-07-05,2026-07-05,1,0.0,false,true,false,0.00028718975292099566,0.0,0,1877,false,0,50000.0,0.0,59.768102075017445,0.0011953620415003489,5
100000006048193100,3,false,1,0,41559.0,0.0,1,0,1,2026-07-26,2026-07-26,1,0.0,false,true,false,0.0002964108537548381,0.0,0,1877,false,0,41559.0,0.0,504.1280509595836,0.0121304182237201,0
100000002435265100,3,false,1,0,132628.0,0.0,3,0,1,2026-07-05,2026-07-21,3,0.0,false,true,false,0.0002930388988076,0.0,0,1877,false,0,44209.333333333336,0.0,112.26198664259913,0.0008464425810733716,0
100000004587414100,3,false,2,0,533603.0,0.0,2,0,2,2026-07-02,2026-07-14,2,0.0,false,true,false,0.00031487177064037735,0.0,0,1877,false,0,266801.5,0.0,1417.751067665595,0.002656939836668075,5
100000001726614100,3,false,1,0,138717.0,0.0,1,0,1,2026-07-13,2026-07-13,1,0.0,false,true,false,0.00029787103033763714,0.0,0,1877,false,0,138717.0,0.0,672.7719845862003,0.004849960600259524,0
100000003934614100,3,false,2,1,17000.0,11500.0,2,2,3,2026-07-09,2026-07-18,3,0.6764705882352942,false,false,false,0.00031349068936918,6.604895046236247e-08,0,1877,true,0,8500.0,5750.0,548.1016472332705,0.032241273366662965,33
100000008772246100,3,false,1,0,44500.0,0.0,1,0,1,2026-07-29,2026-07-29,1,0.0,false,true,false,0.0002925147553909286,0.0,1,270,false,0,44500.0,0.0,29.570591844569645,0.0006645076819004414,1
100000002603371100,3,false,1,0,9300.0,0.0,1,0,1,2026-07-03,2026-07-03,1,0.0,false,true,false,0.00028937664283473573,0.0,0,1877,false,0,9300.0,0.0,7.280439399027323,0.0007828429461319701,0
100000004445291100,3,false,1,0,19500.0,0.0,2,0,1,2026-07-04,2026-07-05,2,0.0,false,true,false,0.00031923942351721335,0.0,0,1877,false,0,9750.0,0.0,373.0817640554493,0.019132398156689708,25
100000008571243100,3,false,1,0,134000.0,0.0,1,0,1,2026-07-19,2026-07-19,1,0.0,false,true,false,0.00030626343281042815,0.0,0,1877,false,0,134000.0,0.0,107.98458169920868,0.0008058550873075274,7
100000001138283100,3,false,1,2,81805.0,50000.0,1,2,2,2026-07-05,2026-07-18,2,0.6112095837662734,false,false,false,0.00030221325755328687,1.9022097733160393e-05,0,1877,true,0,81805.0,25000.0,544.1262610482231,0.0066515037106316625,4
100000002593344100,3,false,2,0,431000.0,0.0,2,0,2,2026-07-29,2026-07-29,1,0.0,false,true,false,0.0003589615897510946,0.0,0,1877,false,0,215500.0,0.0,1591.2495820275356,0.003691994389855071,6
100000007390016100,3,false,1,1,511000.0,346500.0,13,14,1,2026-07-03,2026-07-17,7,0.678082191780822,false,false,false,0.001843001360809707,0.0,0,1877,true,5,39307.692307692305,24750.0,3182.6558268293547,0.006228289289288277,69
100000001285440100,3,false,2,0,243000.0,0.0,2,0,2,2026-07-30,2026-07-30,1,0.0,false,true,false,0.00032036477909845037,0.0,0,1877,false,0,121500.0,0.0,1048.78082908294,0.004315970490053251,17
100000006746688100,3,false,1,0,41000.0,0.0,1,0,1,2026-07-21,2026-07-21,1,0.0,false,true,false,0.00029196848316378864,0.0,1,270,false,0,41000.0,0.0,27.2448149579181,0.0006645076819004414,1
100000006471232100,3,false,1,0,41800.0,0.0,1,0,1,2026-07-16,2026-07-16,1,0.0,false,true,false,0.0002920933453871349,0.0,1,270,false,0,41800.0,0.0,27.77642110343845,0.0006645076819004414,1
100000008662805100,3,false,1,0,16500.0,0.0,1,0,1,2026-07-01,2026-07-01,1,0.0,false,true,false,0.00028814457757380866,0.0,1,270,false,0,16500.0,0.0,10.964376751357284,0.0006645076819004414,1
100000004292885100,3,false,1,0,112700.0,0.0,1,0,1,2026-07-01,2026-07-01,1,0.0,false,true,false,0.0003031592599311994,0.0,1,270,false,0,112700.0,0.0,74.89001575017976,0.0006645076819004415,1
100000008190442100,3,false,1,0,13000.0,0.0,1,0,1,2026-07-16,2026-07-16,1,0.0,false,true,false,0.00028759830534666865,0.0,1,270,false,0,13000.0,0.0,8.63859986470574,0.0006645076819004414,1
100000007131370100,3,false,1,1,30000.0,30000.0,1,1,1,2026-07-24,2026-07-29,2,1.0,false,false,false,0.0008999890359090033,0.0,0,1877,true,0,30000.0,30000.0,673.8296847439514,0.022460989491465046,15
100000008717802100,3,false,1,0,26150.0,0.0,1,0,1,2026-07-15,2026-07-15,1,0.0,false,true,false,0.00028965072814292326,0.0,1,270,false,0,26150.0,0.0,17.376875881696545,0.0006645076819004415,1
100000005357034100,3,false,1,0,9754.0,0.0,1,0,1,2026-07-16,2026-07-16,1,0.0,false,true,false,0.00028611863917592673,0.0,0,1877,false,0,9754.0,0.0,8.256200935789666,0.0008464425810733716,0
100000005532138100,3,false,1,0,25046.0,0.0,1,0,1,2026-07-09,2026-07-09,1,0.0,false,true,false,0.0002937936754763818,0.0,0,1877,false,0,25046.0,0.0,65.28792656556547,0.0026067206965409836,8
100000005264874100,3,false,1,2,30000.0,78000.0,1,3,2,2026-07-01,2026-07-20,4,2.6,false,false,false,0.00042829267239375367,7.925874055483496e-07,0,1877,true,0,30000.0,26000.0,7578.034682080925,0.0971542907959093,36
100000008193258100,3,false,1,1,75000.0,30000.0,2,1,2,2026-07-11,2026-07-24,3,0.4,false,false,false,0.00029737422274380044,1.922024458454748e-05,0,1877,false,0,37500.0,30000.0,184.41201943813942,0.002458826925841859,16
100000003190207100,3,false,1,1,5000.0,377000.0,1,8,2,2026-07-07,2026-07-23,8,75.4,false,false,false,0.00029912588276162104,2.1003566247031264e-05,0,1877,false,1,5000.0,47125.0,422.1008564081858,0.0011196309188546043,19
100000004321983100,3,false,1,2,10840.0,36200.0,1,3,3,2026-07-04,2026-07-31,3,3.339483394833948,false,false,false,0.00032378139516947774,1.387027959709612e-06,0,1877,true,1,10840.0,12066.666666666666,707.5702997534155,0.019546140877163623,9
100000002633108100,3,false,1,0,320000.0,0.0,3,0,1,2026-07-04,2026-07-16,3,0.0,false,true,false,0.00037601781938067895,0.0,0,1877,false,0,106666.66666666667,0.0,353.81528997950403,0.0011056727811859502,14
100000005941908100,3,false,1,0,10000.0,0.0,1,0,1,2026-07-25,2026-07-25,1,0.0,false,true,false,0.0006923487710335462,0.0,0,1877,false,0,10000.0,0.0,3937.260793678754,0.3937260793678754,14
100000001835625100,3,false,1,0,75130.0,0.0,1,0,1,2026-07-16,2026-07-16,1,0.0,false,true,false,0.00028800419546547737,0.0,0,1877,false,0,75130.0,0.0,89.80755017792121,0.0011953620415003489,5
100000008671081100,3,false,1,0,37200.0,0.0,1,0,1,2026-07-03,2026-07-03,1,0.0,false,true,false,0.00029137538760289376,0.0,1,270,false,0,37200.0,0.0,24.719685766696422,0.0006645076819004414,1
100000002908521100,3,false,1,0,44500.0,0.0,1,0,1,2026-07-31,2026-07-31,1,0.0,false,true,false,0.0002925147553909286,0.0,1,270,false,0,44500.0,0.0,29.570591844569645,0.0006645076819004414,1
100000000749118100,3,false,1,1,10330.0,16500.0,1,1,2,2026-07-06,2026-07-25,2,1.5972894482090998,false,false,false,0.0002861510794769493,1.922024458454748e-05,0,1877,false,0,10330.0,16500.0,8.743751862487928,0.0005299243553022986,0
100000008652094100,3,false,1,0,35000.0,0.0,1,0,1,2026-07-16,2026-07-16,1,0.0,false,true,false,0.0002875404930641474,0.0,0,1877,false,0,35000.0,0.0,29.625490337568007,0.0008464425810733716,0
100000007647294100,3,false,1,0,385000.0,0.0,1,0,1,2026-07-16,2026-07-16,1,0.0,false,true,false,0.0005792181286000686,0.0,0,1877,false,0,385000.0,0.0,1234.395860444762,0.0032062230141422393,34
100000003270419100,3,false,1,0,150000.0,0.0,1,0,1,2026-07-19,2026-07-19,1,0.0,false,true,false,0.000833481409870604,0.0,0,1877,false,0,150000.0,0.0,43997.98724674538,0.29331991497830256,13
100000003050771100,3,false,1,0,229000.0,0.0,1,0,1,2026-07-21,2026-07-21,1,0.0,false,true,false,0.0003703398485850242,0.0,0,1877,false,0,229000.0,0.0,2474.5440829605036,0.01080586935790613,13
100000008427027100,3,false,1,0,300000.0,0.0,1,0,1,2026-07-03,2026-07-03,1,0.0,false,true,false,0.0005512640793595248,0.0,0,1877,false,0,300000.0,0.0,18431.985270049103,0.06143995090016367,2
100000004291560100,3,false,1,0,47190.0,0.0,1,0,1,2026-07-24,2026-07-24,1,0.0,false,true,false,0.0002882270334625237,0.0,0,1877,false,0,47190.0,0.0,39.943625400852405,0.0008464425810733716,0
100000003594472100,3,false,1,0,20000.0,0.0,1,0,1,2026-07-28,2026-07-28,1,0.0,false,true,false,0.00029445368742830327,0.0,0,1877,false,0,20000.0,0.0,91.94808571885486,0.004597404285942743,31
100000002575080100,3,false,1,1,13000.0,12500.0,1,1,2,2026-07-08,2026-07-08,1,0.9615384615384616,false,false,false,0.0005518178489503667,1.981468513870874e-05,0,1877,false,0,13000.0,12500.0,291.9928633890456,0.022460989491465046,15
100000008038077100,3,false,1,0,499850.0,0.0,2,0,1,2026-07-13,2026-07-13,1,0.0,false,true,false,0.0003017690198782221,0.0,0,1877,false,1,249925.0,0.0,597.5017164439494,0.0011953620415003489,5
100000003899325100,3,false,1,0,50120.0,0.0,1,0,1,2026-07-10,2026-07-10,1,0.0,false,true,false,0.00029664020595416874,0.0,0,1877,false,0,50120.0,0.0,83.76188434681883,0.0016712267427537676,4
100000001155773100,3,false,1,0,21500.0,0.0,1,0,1,2026-07-16,2026-07-16,1,0.0,false,true,false,0.00028892496646972296,0.0,1,270,false,0,21500.0,0.0,14.286915160859492,0.0006645076819004414,1
100000000611474100,3,false,1,0,32000.0,0.0,1,0,1,2026-07-26,2026-07-26,1,0.0,false,true,false,0.0005956216679556017,0.0,0,1877,false,0,32000.0,0.0,990.5223277550266,0.03095382274234458,21
100000006704530100,3,false,1,3,450500.0,428000.0,1,5,4,2026-07-05,2026-07-27,5,0.9500554938956715,false,false,false,0.0003985422277542589,5.8849614861964964e-05,0,1877,false,0,450500.0,85600.0,145.38472464197312,0.0003227185896603177,26
100000003996562100,3,false,1,0,7700.0,0.0,1,0,1,2026-07-01,2026-07-01,1,0.0,false,true,false,0.00032817368818376645,0.0,0,1877,false,0,7700.0,0.0,164.7760704188995,0.021399489664792142,24
100000002646887100,3,false,1,0,24354.0,0.0,1,0,1,2026-07-09,2026-07-09,1,0.0,false,true,false,0.00029518757307712236,0.0,0,1877,false,0,24354.0,0.0,83.10257064067783,0.0034122760384609437,28
100000002556775100,3,false,1,0,300000.0,0.0,1,0,1,2026-07-16,2026-07-16,1,0.0,false,true,false,0.00029529204643951646,0.0,0,1877,false,0,300000.0,0.0,358.60861245010466,0.0011953620415003489,5
100000002722108100,3,false,1,0,800000.0,0.0,2,0,1,2026-07-19,2026-07-20,2,0.0,false,true,false,0.00032367477273130985,0.0,0,1877,false,0,400000.0,0.0,256.59546558095616,0.0003207443319761952,12
100000002737980100,3,false,1,0,32900.0,0.0,1,0,1,2026-07-13,2026-07-13,1,0.0,false,true,false,0.000295423881660281,0.0,0,1877,false,0,32900.0,0.0,343.2206659622632,0.010432239086998881,3
100000002913340100,3,false,1,0,23600.0,0.0,1,0,1,2026-07-21,2026-07-21,1,0.0,false,true,false,0.0002892527298060069,0.0,1,270,false,0,23600.0,0.0,15.682381292850417,0.0006645076819004414,1
100000003610172100,3,false,1,0,70000.0,0.0,1,0,1,2026-07-06,2026-07-06,1,0.0,false,true,false,0.00028783793640247736,0.0,0,1877,false,0,70000.0,0.0,83.67534290502442,0.0011953620415003489,5
100000001052945100,3,false,1,3,56520.0,1595700.0,1,6,4,2026-07-03,2026-07-27,6,28.23248407643312,false,false,false,0.00030154476497427484,5.7660733753642434e-05,0,1877,false,0,56520.0,265950.0,62.492625592629906,3.916314193935571e-05,57
100000002369510100,3,false,1,0,37150.0,0.0,1,0,1,2026-07-31,2026-07-31,1,0.0,false,true,false,0.0002913675837139346,0.0,1,270,false,0,37150.0,0.0,24.6864603826014,0.0006645076819004414,1
100000001954534100,3,false,1,1,13000.0,40000.0,1,1,2,2026-07-04,2026-07-25,2,3.076923076923077,false,false,false,0.0003659515092221366,1.9616538287321655e-05,0,1877,false,0,13000.0,40000.0,1256.466603462419,0.03141166508656047,0
100000008488166100,3,false,1,0,5600.0,0.0,1,0,1,2026-07-21,2026-07-21,1,0.0,false,true,false,0.00028644332978071553,0.0,1,270,false,0,5600.0,0.0,3.721243018642472,0.0006645076819004414,1
100000005100475100,3,false,1,0,40000.0,0.0,1,0,1,2026-07-22,2026-07-22,1,0.0,false,true,false,0.00033774974625014423,0.0,0,1877,false,0,40000.0,0.0,1515.8298958147655,0.037895747395369134,9
100000002708624100,3,false,1,0,25000.0,0.0,1,0,1,2026-07-24,2026-07-24,1,0.0,false,true,false,0.0003287361266530887,0.0,0,1877,false,0,25000.0,0.0,478.3099539172427,0.019132398156689708,25
100000004591973100,3,false,1,1,10000.0,100000.0,1,1,2,2026-07-19,2026-07-25,2,10.0,false,false,false,0.00039913166986850225,2.0409125692870002e-05,0,1877,false,0,10000.0,100000.0,5554.395797742266,0.05554395797742266,11
100000000802149100,3,false,1,0,104128.0,0.0,1,0,1,2026-07-11,2026-07-11,1,0.0,false,true,false,0.0002948035998809041,0.0,0,1877,false,0,104128.0,0.0,505.0166973838237,0.004849960600259524,0
100000003095610100,3,false,1,0,23665.0,0.0,1,0,1,2026-07-06,2026-07-06,1,0.0,false,true,false,0.0002943864531167951,0.0,0,1877,false,0,23665.0,0.0,182.602058146015,0.007716123310628143,7
100000004183610100,3,false,1,1,22000.0,915000.0,1,3,2,2026-07-18,2026-07-30,4,41.59090909090909,false,false,false,0.00034076272266534205,1.9616538287321655e-05,0,1877,false,0,22000.0,305000.0,175.80821642934336,0.000192140127245184,13
100000005198906100,3,false,1,1,227970.0,60000.0,1,1,2,2026-07-04,2026-07-18,2,0.26319252533228055,false,false,false,0.0002929576136309603,1.922024458454748e-05,0,1877,false,0,227970.0,60000.0,272.50668460083455,0.0011953620415003489,5
100000008599354100,3,false,1,1,177000.0,38200.0,1,2,2,2026-07-10,2026-07-21,3,0.21581920903954802,false,false,false,0.0003317435534185653,4.359230730515923e-06,0,1877,false,0,177000.0,19100.0,2147.0840255984576,0.0121304182237201,0
100000001303311100,3,false,5,0,1324000.0,0.0,5,0,5,2026-07-30,2026-07-31,2,0.0,false,true,false,0.0005016994290161652,0.0,0,1877,false,0,264800.0,0.0,4293.682536768295,0.003242962641063667,17
100000008776420100,3,false,1,0,69500.0,0.0,1,0,1,2026-07-30,2026-07-30,1,0.0,false,true,false,0.0002964166998705,0.0,1,270,false,0,69500.0,0.0,46.18328389208068,0.0006645076819004414,1
100000004737764100,3,false,1,0,600000.0,0.0,1,0,1,2026-07-30,2026-07-30,1,0.0,false,true,false,0.0006766224227546188,0.0,0,1877,false,0,600000.0,0.0,9722.651790803817,0.016204419651339695,2
100000003154105100,3,false,1,7,60000.0,338000.0,1,9,8,2026-07-07,2026-07-26,6,5.633333333333334,false,false,false,0.0005506807965745379,0.0001400898239306708,0,1877,false,1,60000.0,37555.555555555555,4964.691324847687,0.014688435872330433,20
100000008708025100,3,false,1,0,10000.0,0.0,1,0,1,2026-07-25,2026-07-25,1,0.0,false,true,false,0.0003092890887695548,0.0,0,1877,false,0,10000.0,0.0,110.40802685025447,0.011040802685025447,27
100000008740793100,3,false,1,0,21000.0,0.0,1,0,1,2026-07-21,2026-07-21,1,0.0,false,true,false,0.0002888469275801315,0.0,1,270,false,0,21000.0,0.0,13.95466131990927,0.0006645076819004414,1
100000008459449100,3,false,1,0,53700.0,0.0,1,0,1,2026-07-03,2026-07-03,1,0.0,false,true,false,0.00029957809489022035,0.0,0,1877,false,0,53700.0,0.0,651.4034586137694,0.012130418223720102,0
100000008677518100,3,false,1,0,48700.0,0.0,1,0,1,2026-07-05,2026-07-05,1,0.0,false,true,false,0.0002931702820634966,0.0,1,270,false,0,48700.0,0.0,32.3615241085515,0.0006645076819004414,1
100000002212494100,3,false,1,0,160000.0,0.0,1,0,1,2026-07-21,2026-07-21,1,0.0,false,true,false,0.0003566444399053855,0.0,0,1877,false,0,160000.0,0.0,735.5846857508388,0.004597404285942743,31
100000001825934100,3,false,1,1,40000.0,97000.0,1,1,2,2026-07-19,2026-07-24,2,2.425,false,false,false,0.00047586713178590775,9.90734256935437e-07,0,1877,false,0,40000.0,97000.0,10104.046242774568,0.10416542518324297,36
100000003736419100,3,false,1,1,23300.0,10000.0,1,1,2,2026-07-26,2026-07-26,1,0.4291845493562232,false,false,false,0.00029164760065452137,1.922024458454748e-05,0,1877,false,0,23300.0,10000.0,282.63874461267835,0.0121304182237201,0
100000008430691100,3,false,1,2,20000.0,604900.0,1,2,2,2026-07-01,2026-07-08,2,30.245,false,false,false,0.0003069779355111302,1.9616538287321655e-05,0,1877,true,0,20000.0,302450.0,653.767452424642,0.001080786001693903,51
100000003073635100,3,false,1,0,129231.0,0.0,1,0,1,2026-07-25,2026-07-25,1,0.0,false,true,false,0.00031186250399510475,0.0,0,1877,false,0,129231.0,0.0,859.5804760286404,0.0066515037106316625,4
100000001686328100,3,false,1,0,140000.0,0.0,1,0,1,2026-07-30,2026-07-30,1,0.0,false,true,false,0.00031505439334769594,0.0,0,1877,false,0,140000.0,0.0,767.9150635127539,0.005485107596519671,6
100000008707810100,3,false,1,0,26200.0,0.0,1,0,1,2026-07-13,2026-07-13,1,0.0,false,true,false,0.00028965853203188235,0.0,1,270,false,0,26200.0,0.0,17.410101265791567,0.0006645076819004415,1
100000001236706100,3,false,3,2,142700.0,36000.0,3,2,5,2026-07-02,2026-07-21,4,0.25227750525578135,false,false,false,0.0007662915221773803,3.923307657464331e-05,0,1877,false,0,47566.666666666664,18000.0,23827.67148481967,0.16697737550679517,13
100000008536546100,3,false,2,0,250000.0,0.0,2,0,2,2026-07-26,2026-07-26,1,0.0,false,true,false,0.0003172528720016754,0.0,0,1877,false,0,125000.0,0.0,79.67510365369186,0.0003187004146147674,17
100000007140834100,3,false,1,0,10200.0,0.0,2,0,1,2026-07-19,2026-07-22,2,0.0,false,true,false,0.0007122600056993963,0.0,0,1877,false,0,5100.0,0.0,3548.2035247038953,0.34786309065724463,9
100000007022818100,3,false,1,0,17200.0,0.0,1,0,1,2026-07-07,2026-07-07,1,0.0,false,true,false,0.00028825383201923664,0.0,1,270,false,0,17200.0,0.0,11.429532128687592,0.0006645076819004414,1
100000007484343100,3,false,2,0,26757.0,0.0,2,0,2,2026-07-10,2026-07-10,1,0.0,false,true,false,0.00028913342255288045,0.0,0,1877,false,0,13378.5,0.0,136.13120717987834,0.005087685733822116,0
100000001379511100,3,false,1,0,55000.0,0.0,1,0,1,2026-07-04,2026-07-04,1,0.0,false,true,false,0.0003072907911907125,0.0,0,1877,false,0,55000.0,0.0,187.6751821153519,0.0034122760384609437,28
100000004569484100,3,false,2,4,98312.0,156000.0,3,4,4,2026-07-03,2026-07-28,6,1.586784929611848,false,false,false,0.0003193810040919866,0.002793401699161767,0,1877,true,0,32770.666666666664,39000.0,191.15420727842582,0.0012253474825540116,7
100000002948492100,3,false,1,0,23660.0,0.0,1,0,1,2026-07-21,2026-07-21,1,0.0,false,true,false,0.0002922568320465595,0.0,0,1877,false,0,23660.0,0.0,26.16021800285958,0.0011056727811859502,14
100000002116705100,3,false,1,0,17600.0,0.0,1,0,1,2026-07-24,2026-07-24,1,0.0,false,true,false,0.0002883162631309098,0.0,1,270,false,0,17600.0,0.0,11.695335201447769,0.0006645076819004414,1
100000002481974100,3,false,2,2,89447.0,318000.0,2,4,4,2026-07-02,2026-07-18,5,3.5551779265934016,false,false,false,0.00033166866103899223,3.883678287186913e-05,0,1877,false,0,44723.5,79500.0,213.83358886021006,0.0006724326693717297,4
100000003920950100,3,false,1,0,323290.0,0.0,1,0,1,2026-07-15,2026-07-15,1,0.0,false,true,false,0.000391728370207521,0.0,0,1877,false,0,323290.0,0.0,842.7267339847346,0.0026067206965409836,8
100000000733451100,3,false,1,1,70000.0,300000.0,2,1,2,2026-07-07,2026-07-19,2,4.285714285714286,false,false,false,0.000541261614855504,2.4570209571998837e-05,0,1877,false,1,35000.0,300000.0,20532.39404848118,0.06844131349493726,13
100000005182219100,3,false,2,0,55000.0,0.0,2,0,2,2026-07-03,2026-07-14,2,0.0,false,true,false,0.0003541294978841447,0.0,0,1877,false,0,27500.0,0.0,548.6964996676968,0.009976299993958123,5
100000008633099100,3,false,1,1,19468.0,13500.0,1,1,2,2026-07-06,2026-07-14,2,0.6934456544072324,false,false,false,0.0002919620217726684,1.922024458454748e-05,0,1877,false,0,19468.0,13500.0,50.74763852025987,0.0026067206965409836,8
100000001380107100,3,false,1,0,6000.0,0.0,1,0,1,2026-07-22,2026-07-22,1,0.0,false,true,false,0.0002909484835033965,0.0,0,1877,false,0,6000.0,0.0,82.23938223938224,0.013706563706563707,55
100000008755168100,3,false,1,0,17600.0,0.0,1,0,1,2026-07-24,2026-07-24,1,0.0,false,true,false,0.0002883162631309098,0.0,1,270,false,0,17600.0,0.0,11.695335201447769,0.0006645076819004414,1
100000002628576100,3,false,2,2,727882.0,539000.0,3,2,4,2026-07-25,2026-07-31,2,0.7405046422359668,false,false,false,0.0003113901539132396,3.844048916909496e-05,0,1877,false,1,242627.33333333334,269500.0,837.5293745919012,0.0011506389422899607,5
100000001611488100,3,false,2,0,779300.0,0.0,3,0,2,2026-07-09,2026-07-28,3,0.0,false,true,false,0.0008775368508533181,0.0,0,1877,false,0,259766.66666666666,0.0,6771.318138093659,0.008688974898105556,5
100000005375968100,3,false,1,2,170082.0,86000.0,1,4,3,2026-07-03,2026-07-27,4,0.5056384567443939,false,false,false,0.00029514830685360396,3.844048916909496e-05,0,1877,false,0,170082.0,21500.0,143.9646470741212,0.0008464425810733716,0
100000003581109100,3,false,1,0,42750.0,0.0,1,0,1,2026-07-07,2026-07-07,1,0.0,false,true,false,0.0002879769728088083,0.0,0,1877,false,0,42750.0,0.0,36.18542034088664,0.0008464425810733716,0
100000002933386100,3,false,1,1,15000.0,58000.0,1,1,2,2026-07-13,2026-07-27,2,3.8666666666666667,false,false,false,0.0006527823249129221,2.0012831990095827e-05,0,1877,false,0,15000.0,58000.0,299.1591160954658,0.00515791579474941,2
100000002284426100,3,false,1,0,90000.0,0.0,2,0,1,2026-07-08,2026-07-21,2,0.0,false,true,false,0.000288486119883959,0.0,0,1877,false,0,45000.0,0.0,107.5825837350314,0.0011953620415003489,5
100000008579978100,3,false,1,1,34000.0,77000.0,1,6,2,2026-07-18,2026-07-20,3,2.264705882352941,false,false,false,0.00028667120613581036,1.922024458454748e-05,0,1877,false,2,34000.0,12833.333333333334,40.642309411011865,0.0005278222001430113,5
100000001549194100,3,false,1,0,46500.0,0.0,1,0,1,2026-07-08,2026-07-08,1,0.0,false,true,false,0.00029871259553009623,0.0,0,1877,false,0,46500.0,0.0,51.41378432514668,0.0011056727811859502,14
100000001427082100,3,false,1,5,5000.0,124900.0,1,6,6,2026-07-07,2026-07-20,7,24.98,false,false,false,0.00043924505239805123,7.846615314928662e-05,0,1877,false,0,5000.0,20816.666666666668,1075.2522024937668,0.00860890474374513,20
100000004657034100,3,false,1,0,141250.0,0.0,1,0,1,2026-07-16,2026-07-16,1,0.0,false,true,false,0.0002901470900552558,0.0,0,1877,false,0,141250.0,0.0,168.8448883619243,0.0011953620415003489,5
100000003796063100,3,false,1,15,35000.0,959150.0,1,23,15,2026-07-07,2026-07-18,11,27.404285714285713,false,false,false,0.0006852648705720584,0.0011789271739411369,0,1877,true,1,35000.0,41702.17391304348,2484.0922675672577,0.0025898892431499326,5
100000005268319100,3,false,1,5,19712.8,91000.0,2,10,5,2026-07-02,2026-07-26,8,4.6162899232985675,false,false,false,0.00029363956323083496,4.0473877157209365e-05,0,1877,true,2,9856.4,9100.0,15.4320264285103,0.0001695827080056077,0
100000008744799100,3,false,1,0,12600.0,0.0,1,0,1,2026-07-22,2026-07-22,1,0.0,false,true,false,0.0002875358742349955,0.0,1,270,false,0,12600.0,0.0,8.372796791945563,0.0006645076819004414,1
100000008677215100,3,false,1,0,9000.0,0.0,1,0,1,2026-07-05,2026-07-05,1,0.0,false,true,false,0.00030437671563686176,0.0,0,1877,false,0,9000.0,0.0,686.5881899603779,0.07628757666226421,21
100000007593823100,3,false,3,13,25000.0,162900.0,3,21,15,2026-07-02,2026-07-28,13,6.516,false,false,false,0.00029059209456347765,0.0006813203182041415,0,1877,true,3,8333.333333333334,7757.142857142857,183.79795483746537,0.0011282870155768286,0
100000001282143100,3,false,5,0,1700000.0,0.0,6,0,5,2026-07-05,2026-07-29,3,0.0,false,true,false,0.0004017630614327061,0.0,0,1877,false,0,283333.3333333333,0.0,857.8266750664858,0.0005046039265096975,12
100000008029279100,3,false,1,0,17000.0,0.0,1,0,1,2026-07-10,2026-07-10,1,0.0,false,true,false,0.00028902809718424853,0.0,0,1877,false,0,17000.0,0.0,113.07556308073826,0.0066515037106316625,4
100000000594783100,3,false,1,2,2635000.0,152500.0,10,2,2,2026-07-02,2026-07-27,8,0.05787476280834915,false,false,false,0.0013815888060884857,0.0,0,1877,true,1,263500.0,76250.0,39380.086989068,0.014945004549930929,22
100000002705460100,3,false,1,0,95000.0,0.0,1,0,1,2026-07-02,2026-07-02,1,0.0,false,true,false,0.0005577272422551449,0.0,0,1877,false,0,95000.0,0.0,15005.843117353656,0.1579562433405648,3
100000002952756100,3,false,1,0,47000.0,0.0,1,0,1,2026-07-07,2026-07-07,1,0.0,false,true,false,0.00036770900100062496,0.0,0,1877,false,0,47000.0,0.0,231.55517741266365,0.004926705902397099,7
100000004634420100,3,false,1,0,26150.0,0.0,1,0,1,2026-07-22,2026-07-22,1,0.0,false,true,false,0.00028965072814292326,0.0,1,270,false,0,26150.0,0.0,17.376875881696545,0.0006645076819004415,1
100000000583220100,3,false,1,1,5000.0,761255.0,1,4,2,2026-07-05,2026-07-28,5,152.251,false,false,false,0.0002981132552282121,1.9616538287321655e-05,0,1877,false,0,5000.0,190313.75,39.956412824850766,5.248755387465536e-05,66
100000003286537100,3,false,2,0,153000.0,0.0,2,0,2,2026-07-28,2026-07-28,1,0.0,false,true,false,0.00030109471518583705,0.0,0,1877,false,0,76500.0,0.0,135.98445335213836,0.0008887872768113619,6
100000002958345100,3,false,1,0,307000.0,0.0,1,0,1,2026-07-15,2026-07-15,1,0.0,false,true,false,0.0003001922715970461,0.0,0,1877,false,0,307000.0,0.0,98.46850991669193,0.0003207443319761952,12
100000005055454100,3,false,1,0,6500.0,0.0,1,0,1,2026-07-14,2026-07-14,1,0.0,false,true,false,0.0005059810158324268,0.0,3,13,false,0,6500.0,0.0,2209.9447513812156,0.3399915002124947,29
100000008738526100,3,false,1,1,15000.0,140000.0,1,1,2,2026-07-21,2026-07-26,2,9.333333333333334,false,false,false,0.0002874522211122599,2.139985994980544e-05,0,1877,false,0,15000.0,140000.0,3.491747265386912,2.49410518956208e-05,17
100000001298099100,3,false,1,0,19000.0,0.0,1,0,1,2026-07-06,2026-07-06,1,0.0,false,true,false,0.00029264835692976006,0.0,0,1877,false,0,19000.0,0.0,146.6063429019347,0.007716123310628142,7
100000006491272100,3,false,1,0,26200.0,0.0,1,0,1,2026-07-01,2026-07-01,1,0.0,false,true,false,0.00028965853203188235,0.0,1,270,false,0,26200.0,0.0,17.410101265791567,0.0006645076819004415,1
100000000552584100,3,false,1,1,2500000.0,57500.0,3,1,2,2026-07-08,2026-07-16,3,0.023,false,false,false,0.0013254360037725042,0.0,0,1877,true,1,833333.3333333334,57500.0,37362.51137482732,0.014945004549930929,22
100000005187208100,3,false,1,0,14160.0,0.0,1,0,1,2026-07-17,2026-07-17,1,0.0,false,true,false,0.00031197078423773276,0.0,0,1877,false,0,14160.0,0.0,85.66803061819311,0.006050002162301773,5
100000003528285100,3,false,4,4,118870.0,548000.0,5,6,8,2026-07-02,2026-07-30,9,4.6100782367292,false,false,false,0.0004042756455484554,0.00011504626015844327,0,1877,false,0,23774.0,91333.33333333333,1083.5646362683967,0.0019773077304167824,2
100000001484381100,3,false,2,0,95585.0,0.0,4,0,2,2026-07-06,2026-07-20,3,0.0,false,true,false,0.0003213079861341881,0.0,0,1877,false,1,23896.25,0.0,353.01722825239654,0.003693228312521803,7
100000002508637100,3,false,1,1,306410.0,8000.0,1,1,2,2026-07-15,2026-07-27,2,0.02610880845925394,false,false,false,0.00030739263356746984,7.925874055483496e-07,0,1877,false,0,306410.0,8000.0,660.8341659171035,0.002156699082657562,4
100000003149149100,3,false,1,0,245000.0,0.0,1,0,1,2026-07-07,2026-07-07,1,0.0,false,true,false,0.0002935095418654419,0.0,0,1877,false,0,245000.0,0.0,292.8637001675855,0.0011953620415003489,5
100000001538095100,3,false,2,0,280000.0,0.0,2,0,2,2026-07-28,2026-07-28,1,0.0,false,true,false,0.0003301352266623985,0.0,0,1877,false,0,140000.0,0.0,657.9724639646114,0.002349901657016469,12
100000008695133100,3,false,1,0,36610.0,0.0,1,0,1,2026-07-10,2026-07-10,1,0.0,false,true,false,0.0002912833017131759,0.0,1,270,false,0,36610.0,0.0,24.32762623437516,0.0006645076819004414,1
100000008749405100,3,false,1,0,37150.0,0.0,1,0,1,2026-07-23,2026-07-23,1,0.0,false,true,false,0.0002913675837139346,0.0,1,270,false,0,37150.0,0.0,24.6864603826014,0.0006645076819004414,1
100000005815602100,3,false,1,1,20000.0,165000.0,1,1,2,2026-07-02,2026-07-21,2,8.25,false,false,false,0.0005521710322392165,1.9418391435934565e-05,0,1877,false,0,20000.0,165000.0,3188.8426541141685,0.019326319115843444,3
100000006641671100,3,false,2,1,22000.0,25000.0,2,3,3,2026-07-04,2026-07-27,3,1.1363636363636365,false,false,false,0.0004399911079982398,5.449038413144904e-06,0,1877,false,0,11000.0,8333.333333333334,152.4169781007456,0.006096679124029824,4
100000002945031100,3,false,1,0,15000.0,0.0,1,0,1,2026-07-08,2026-07-08,1,0.0,false,true,false,0.0002911219506169247,0.0,0,1877,false,0,15000.0,0.0,162.08804036859195,0.01080586935790613,13
100000003497735100,3,false,1,0,125000.0,0.0,1,0,1,2026-07-26,2026-07-26,1,0.0,false,true,false,0.0003069462106171282,0.0,0,1877,false,0,125000.0,0.0,927.2720246331353,0.007418176197065082,18
100000004644615100,3,false,1,2,50810.0,379665.0,1,14,3,2026-07-06,2026-07-30,12,7.472249557173785,false,false,false,0.00037436756021008244,1.1888811083225246e-06,0,1877,false,1,50810.0,27118.928571428572,250.3259269007966,0.00065933369391647,7
100000002755292100,3,false,1,0,203400.0,0.0,1,0,1,2026-07-16,2026-07-16,1,0.0,false,true,false,0.00029216132022396007,0.0,0,1877,false,0,203400.0,0.0,243.13663924117097,0.0011953620415003489,5
100000005142492100,3,false,1,1,10000.0,57000.0,1,1,1,2026-07-28,2026-07-28,1,5.7,false,false,false,0.0019077900971988604,0.0,0,1877,true,0,10000.0,57000.0,1224.2979052011897,0.021478910617564732,9
100000002893020100,3,false,1,0,18340.0,0.0,1,0,1,2026-07-03,2026-07-03,1,0.0,false,true,false,0.00029240245264606373,0.0,0,1877,false,0,18340.0,0.0,141.51370151692012,0.007716123310628142,7
100000004500444100,3,false,2,1,180000.0,74000.0,7,5,3,2026-07-01,2026-07-23,8,0.4111111111111111,false,false,false,0.0004643947559108741,1.9418391435934565e-05,0,1877,false,3,25714.285714285714,14800.0,199.02110061347102,0.0011056727811859502,14
100000008454065100,3,false,1,0,24050.0,0.0,1,0,1,2026-07-01,2026-07-01,1,0.0,false,true,false,0.0002923670661866024,0.0,0,1877,false,0,24050.0,0.0,26.591430387522102,0.0011056727811859502,14
100000008416433100,3,false,1,0,20000.0,0.0,1,0,1,2026-07-16,2026-07-16,1,0.0,false,true,false,0.00029122232704000326,0.0,0,1877,false,0,20000.0,0.0,22.113455623719002,0.0011056727811859502,14
100000005265073100,3,false,1,1,5000.0,9000.0,1,1,2,2026-07-07,2026-07-21,2,1.8,false,false,false,0.00029912588276162104,2.1003566247031264e-05,0,1877,false,0,5000.0,9000.0,422.1008564081858,0.04690009515646509,19
100000006734214100,3,false,5,3,610000.0,36000.0,10,4,8,2026-07-02,2026-07-29,11,0.05901639344262295,false,false,false,0.0006063901366273091,5.9444055416126226e-05,0,1877,false,1,61000.0,9000.0,1324.1607633858291,0.0021707553498128344,5
100000002611334100,3,false,1,1,48288.0,15500.0,1,1,2,2026-07-02,2026-07-29,2,0.3209907223326706,false,false,false,0.0003053380307806405,1.922024458454748e-05,0,1877,false,0,48288.0,15500.0,37.801920182820574,0.0007828429461319701,0
100000006225798100,3,false,3,2,722000.0,26300.0,4,2,5,2026-07-06,2026-07-23,5,0.03642659279778394,false,false,false,0.00035996892038230927,3.844048916909496e-05,0,1877,false,0,180500.0,13150.0,1353.7827303619229,0.0018750453329112505,16
100000002849158100,3,false,3,1,723000.0,1313000.0,3,3,4,2026-07-25,2026-07-31,3,1.8160442600276625,false,false,false,0.00033624556849174347,2.2786887909515052e-05,0,1877,false,0,241000.0,437666.6666666667,1093.1815693921142,0.000832583068843956,6
100000008686214100,3,false,1,0,25000.0,0.0,1,0,1,2026-07-22,2026-07-22,1,0.0,false,true,false,0.00029772792993778624,0.0,0,1877,false,0,25000.0,0.0,271.6929201396156,0.010867716805584623,4
100000004931931100,3,false,1,1,23938.0,45000.0,1,1,2,2026-07-07,2026-07-10,2,1.8798562954298605,false,false,false,0.00029181403668486266,1.922024458454748e-05,0,1877,false,0,23938.0,45000.0,290.37795143941173,0.006452843365320261,0
100000007510875100,3,false,1,0,5000.0,0.0,1,0,1,2026-07-05,2026-07-05,1,0.0,false,true,false,0.00035624626017075934,0.0,0,1877,false,0,5000.0,0.0,592.0393186432191,0.11840786372864381,8
100000005233755100,3,false,1,1,25000.0,5000.0,1,1,2,2026-07-08,2026-07-08,1,0.2,false,false,false,0.00029160766980870485,1.922024458454748e-05,0,1877,false,0,25000.0,5000.0,93.99572534519795,0.003759829013807918,16
100000008042075100,3,false,1,0,5000.0,0.0,1,0,1,2026-07-01,2026-07-01,1,0.0,false,true,false,0.0002919566745724357,0.0,0,1877,false,0,5000.0,0.0,159.77443609022555,0.03195488721804511,22
100000001680944100,3,false,1,0,393000.0,0.0,1,0,1,2026-07-31,2026-07-31,1,0.0,false,true,false,0.00034558988439926746,0.0,0,1877,false,0,393000.0,0.0,2071.097867026857,0.005269969127294801,17
100000008417029100,3,false,1,0,100000.0,0.0,1,0,1,2026-07-29,2026-07-29,1,0.0,false,true,false,0.00030663007931043757,0.0,0,1877,false,0,100000.0,0.0,548.5107596519671,0.005485107596519671,6
100000004975919100,3,false,1,2,22351.0,15000.0,1,2,3,2026-07-02,2026-07-21,3,0.6711109122634334,false,false,false,0.0002901168062828478,3.844048916909496e-05,0,1877,false,0,22351.0,7500.0,148.66775943632828,0.0066515037106316625,4
100000003087877100,3,false,1,0,91486.0,0.0,1,0,1,2026-07-11,2026-07-11,1,0.0,false,true,false,0.0002920851717140782,0.0,0,1877,false,0,91486.0,0.0,197.30777227600973,0.002156699082657562,4
100000008295429100,3,false,1,0,352000.0,0.0,1,0,1,2026-07-20,2026-07-20,1,0.0,false,true,false,0.0002969773234913688,0.0,0,1877,false,0,352000.0,0.0,420.7674386081228,0.0011953620415003489,5
100000003254277100,3,false,1,1,49200.0,44997.0,1,1,2,2026-07-06,2026-07-06,1,0.9145731707317073,false,false,false,0.0002883402365963003,1.922024458454748e-05,0,1877,false,0,49200.0,44997.0,41.644974988809885,0.0008464425810733717,0
100000005314565100,3,false,1,0,218500.0,0.0,3,0,1,2026-07-07,2026-07-07,1,0.0,false,true,false,0.0003750215171110073,0.0,0,1877,false,1,72833.33333333333,0.0,171.0511837298355,0.0007828429461319701,0
100000002951898100,3,false,1,0,39990.0,0.0,1,0,1,2026-07-08,2026-07-08,1,0.0,false,true,false,0.0002968725333463036,0.0,0,1877,false,0,39990.0,0.0,44.21585451962615,0.0011056727811859502,14
100000001009583100,3,false,1,0,393740.0,0.0,1,0,1,2026-07-31,2026-07-31,1,0.0,false,true,false,0.0002983300824172211,0.0,0,1877,false,0,393740.0,0.0,470.6618502203474,0.0011953620415003489,5
100000004064431100,3,false,1,1,26000.0,10000.0,1,1,2,2026-07-24,2026-07-26,2,0.38461538461538464,false,false,false,0.00029105344694630114,9.90734256935437e-07,2,17,false,0,26000.0,10000.0,61.2834111049343,0.002357054273266704,23
100000001927599100,3,false,2,0,188000.0,0.0,2,0,2,2026-07-08,2026-07-08,1,0.0,false,true,false,0.00032725546771546617,0.0,0,1877,false,0,94000.0,0.0,552.2963133664108,0.0029377463476936744,7
100000007737775100,3,false,1,0,6000.0,0.0,1,0,1,2026-07-06,2026-07-06,1,0.0,false,true,false,0.00030312962676535,0.0,0,1877,false,0,6000.0,0.0,669.8122047279793,0.11163536745466321,10
100000003157679100,3,false,4,0,541000.0,0.0,4,0,4,2026-07-13,2026-07-29,3,0.0,false,true,false,0.0003728530959036702,0.0,0,1877,false,0,135250.0,0.0,1036.5075175643208,0.0019159103836678757,6
100000001229743100,3,false,1,1,7000.0,9000.0,1,1,2,2026-07-02,2026-07-08,2,1.2857142857142858,false,false,false,0.00028843504048848607,1.922024458454748e-05,0,1877,false,0,7000.0,9000.0,5.479900622923791,0.0006088778469915324,0
100000003795588100,3,false,1,0,400000.0,0.0,2,0,1,2026-07-18,2026-07-18,1,0.0,false,true,false,0.0003210421955065225,0.0,0,1877,false,1,200000.0,0.0,1939.9842401038095,0.004849960600259524,0
100000002301828100,3,false,1,0,46977.0,0.0,1,0,1,2026-07-19,2026-07-19,1,0.0,false,true,false,0.0002929634292491556,0.0,0,1877,false,0,46977.0,0.0,115.508312495273,0.002458826925841859,16
100000005409156100,3,false,2,0,260080.0,0.0,2,0,2,2026-07-11,2026-07-17,2,0.0,false,true,false,0.0004239310051282027,0.0,0,1877,false,0,130040.0,0.0,655.1808371206478,0.0025191511731799746,5
100000002513028100,3,false,1,3,9500.0,332709.0,1,24,4,2026-07-03,2026-07-31,16,35.022,false,false,false,0.00030559789686242716,6.063293652444875e-05,0,1877,false,6,9500.0,13862.875,214.57146592153595,0.0006449223373023752,60
100000003218308100,3,false,1,0,11165.0,0.0,1,0,1,2026-07-20,2026-07-20,1,0.0,false,true,false,0.00028619810664943856,0.0,0,1877,false,0,11165.0,0.0,9.450531417684195,0.0008464425810733717,0
100000008489604100,3,false,1,0,11000.0,0.0,1,0,1,2026-07-02,2026-07-02,1,0.0,false,true,false,0.00028728614978830295,0.0,1,270,false,0,11000.0,0.0,7.3095845009048555,0.0006645076819004414,1
100000004450649100,3,false,2,2,192528.0,46527.0,2,2,4,2026-07-13,2026-07-27,4,0.24166355023684866,false,false,false,0.0002989552239324572,0.00013874903023628483,0,1877,false,0,96264.0,23263.5,550.9765153585856,0.0028617994024691764,5
100000008767065100,3,false,1,0,10000.0,0.0,1,0,1,2026-07-29,2026-07-29,1,0.0,false,true,false,0.00028709653569774894,0.0,0,1877,false,0,10000.0,0.0,52.69969127294801,0.005269969127294801,17
100000003035737100,3,false,2,1,809170.0,6544.53,3,1,3,2026-07-15,2026-07-24,4,0.008087954323566123,false,false,false,0.0003788112784639964,1.922024458454748e-05,0,1877,false,0,269723.3333333333,6544.53,1136.4543149455153,0.0014044691658681306,5
100000002748761100,3,false,1,0,796800.0,0.0,3,0,1,2026-07-03,2026-07-11,2,0.0,false,true,false,0.0003235223508172538,0.0,0,1877,false,1,265600.0,0.0,255.56908371863236,0.0003207443319761952,12
100000008432942100,3,false,1,0,44542.0,0.0,2,0,1,2026-07-16,2026-07-27,2,0.0,false,true,false,0.0002880778981897673,0.0,0,1877,false,0,22271.0,0.0,37.70224544617012,0.0008464425810733716,0
100000004278574100,3,false,1,1,25000.0,12500.0,1,1,2,2026-07-03,2026-07-14,2,0.5,false,false,false,0.0002863795235691436,1.922024458454748e-05,0,1877,false,0,25000.0,12500.0,29.884051037508723,0.0011953620415003489,5
100000000926766100,3,false,1,1,18750.0,6000.0,1,1,1,2026-07-31,2026-07-31,1,0.32,false,false,false,0.0003179444185441394,0.0,0,1877,true,0,18750.0,6000.0,358.73246543793204,0.019132398156689708,25
100000008661550100,3,false,1,0,22800.0,0.0,1,0,1,2026-07-01,2026-07-01,1,0.0,false,true,false,0.00028912786758266063,0.0,1,270,false,0,22800.0,0.0,15.150775147330064,0.0006645076819004414,1
100000000783406100,3,false,1,0,6066.0,0.0,1,0,1,2026-07-22,2026-07-22,1,0.0,false,true,false,0.00029019597948837185,0.0,0,1877,false,0,6066.0,0.0,19.448948803786823,0.0032062230141422393,34
100000008730371100,3,false,2,0,520000.0,0.0,3,0,2,2026-07-18,2026-07-31,3,0.0,false,true,false,0.0008583627263123987,0.0,0,1877,false,0,173333.33333333334,0.0,2564.696080975508,0.004932107848029822,0
100000002878467100,3,false,2,0,200000.0,0.0,2,0,2,2026-07-13,2026-07-17,2,0.0,false,true,false,0.00031440364212176157,0.0,0,1877,false,0,100000.0,0.0,314.5321835160166,0.001572660917580083,6
100000003171587100,3,false,2,2,700000.0,431300.0,2,7,4,2026-07-01,2026-07-29,8,0.6161428571428571,false,false,false,0.00031601841593021073,3.883678287186913e-05,0,1877,false,0,350000.0,61614.28571428572,1029.020837281687,0.001470029767545267,5
100000002696152100,3,false,1,2,21800.0,69000.0,3,8,2,2026-07-01,2026-07-31,10,3.165137614678899,false,false,false,0.001205060559679083,2.139985994980544e-05,0,1877,true,1,7266.666666666667,8625.0,933.6341956117602,0.01353093037118493,10
100000002109656100,3,false,1,0,500000.0,0.0,1,0,1,2026-07-17,2026-07-17,1,0.0,false,true,false,0.000309385218288553,0.0,0,1877,false,0,500000.0,0.0,160.3721659880976,0.0003207443319761952,12
100000001317336100,3,false,1,2,131196.0,1752000.0,1,3,3,2026-07-20,2026-07-28,3,13.354065672733924,false,false,false,0.00034384913680288637,4.0025663980191654e-05,0,1877,false,0,131196.0,584000.0,603.161052698544,0.0003442700072480274,31
100000005222360100,3,false,1,1,5000.0,27000.0,1,1,2,2026-07-03,2026-07-07,2,5.4,false,false,false,0.0006008605701429433,0.001908712707932619,0,1877,false,0,5000.0,27000.0,441.4217081105255,0.016348952152241684,14
100000001445848100,3,false,1,1,546000.0,351850.0,13,14,1,2026-07-02,2026-07-28,19,0.6444139194139195,false,false,false,0.0007020167320692299,0.0,0,1877,true,5,42000.0,25132.14285714286,1750.5977657216627,0.0032062230141422393,34
100000008720856100,3,false,1,1,18105.0,46000.0,1,2,2,2026-07-19,2026-07-30,3,2.5407346037006353,false,false,false,0.0003193262841057159,1.9616538287321655e-05,0,1877,false,0,18105.0,23000.0,109.53528914847362,0.002381201938010296,5
100000002448088100,3,false,3,1,20000.0,25000.0,3,1,4,2026-07-03,2026-07-08,2,1.25,false,false,false,0.000508656079647421,2.0805419395644178e-05,0,1877,false,0,6666.666666666667,25000.0,1343.9645137055693,0.05375858054822277,20
100000003109805100,3,false,1,0,36929.0,0.0,1,0,1,2026-07-21,2026-07-21,1,0.0,false,true,false,0.0002913818836246975,0.0,0,1877,false,0,36929.0,0.0,90.80201954441401,0.002458826925841859,16
100000008223661100,3,false,2,5,202000.0,262580.0,2,5,7,2026-07-09,2026-07-20,5,1.29990099009901,false,false,false,0.000314669175022383,0.0003254231789280599,0,1877,false,0,101000.0,52516.0,314.5490917301966,0.0011979171746903672,6
100000004096559100,3,false,1,0,46200.0,0.0,1,0,1,2026-07-26,2026-07-26,1,0.0,false,true,false,0.0009765877187482867,0.0,0,1877,false,0,46200.0,0.0,21081.081081081084,0.45630045630045635,8
100000002257794100,3,false,1,0,154000.0,0.0,1,0,1,2026-07-13,2026-07-13,1,0.0,false,true,false,0.0008606341011324367,0.0,2,17,false,0,154000.0,0.0,744.0685692070891,0.004831614085760319,23
100000003112578100,3,false,1,0,101080.0,0.0,1,0,1,2026-07-01,2026-07-01,1,0.0,false,true,false,0.00029038392142753775,0.0,0,1877,false,0,101080.0,0.0,32.42083707615381,0.0003207443319761952,12
100000007020162100,3,false,1,0,86395.0,0.0,1,0,1,2026-07-20,2026-07-20,1,0.0,false,true,false,0.00030998898275320046,0.0,0,1877,false,0,86395.0,0.0,95.52459993056017,0.0011056727811859502,14
100000001934935100,3,false,1,0,118935.0,0.0,1,0,1,2026-07-27,2026-07-27,1,0.0,false,true,false,0.00029226770949874293,0.0,0,1877,false,0,118935.0,0.0,100.67164837996145,0.0008464425810733716,0
100000002663511100,3,false,1,0,268940.0,0.0,1,0,1,2026-07-13,2026-07-13,1,0.0,false,true,false,0.000309419499399106,0.0,0,1877,false,0,268940.0,0.0,1304.3484038337963,0.004849960600259524,0
100000003338583100,3,false,1,0,21765.0,0.0,1,0,1,2026-07-27,2026-07-27,1,0.0,false,true,false,0.0002901601628383259,0.0,2,17,false,0,21765.0,0.0,51.301286257649814,0.002357054273266704,23
100000002904919100,3,false,1,1,60325.0,5500.0,1,1,2,2026-07-25,2026-07-26,2,0.09117281392457521,false,false,false,0.00029091905114297364,1.922024458454748e-05,0,1877,false,0,60325.0,5500.0,292.5738732106558,0.004849960600259524,0
100000005127767100,3,false,1,0,7000.0,0.0,1,0,1,2026-07-06,2026-07-06,1,0.0,false,true,false,0.00042253166627963316,0.0,0,1877,false,0,7000.0,0.0,1524.8810707456978,0.21784015296367112,37
100000004066647100,3,false,1,0,51000.0,0.0,1,0,1,2026-07-19,2026-07-19,1,0.0,false,true,false,0.00029429107610842487,0.0,0,1877,false,0,51000.0,0.0,378.3269860503192,0.007418176197065082,18
100000002394199100,3,false,1,1,277398.0,76777.0,3,1,1,2026-07-02,2026-07-13,3,0.2767756076107254,false,false,false,0.002967852391512181,0.0,0,1877,true,0,92466.0,76777.0,61094.60114232016,0.22024167853524598,8
100000003968044100,3,false,1,3,40000.0,311000.0,1,4,4,2026-07-03,2026-07-24,5,7.775,false,false,false,0.00029600415505373764,6.561503152343142e-05,0,1877,true,0,40000.0,77750.0,485.216728948804,0.0015601824081955113,4
100000001808684100,3,false,1,1,48400.0,37700.0,3,2,1,2026-07-02,2026-07-29,4,0.7789256198347108,false,false,false,0.0011690957183659047,0.0,0,1877,true,0,16133.333333333334,18850.0,11616.309768260415,0.24000640017066974,9
100000008097580100,3,false,2,0,32000.0,0.0,4,0,2,2026-07-04,2026-07-31,4,0.0,false,true,false,0.0006747919200885528,0.0,0,1877,false,0,8000.0,0.0,310.5222687797721,0.009703820899367879,4
100000008687617100,3,false,1,0,43350.0,0.0,2,0,1,2026-07-08,2026-07-15,2,0.0,false,true,false,0.00029233526594486835,0.0,1,270,false,0,21675.0,0.0,28.806408010384136,0.0006645076819004414,1
100000005667841100,3,false,2,0,186000.0,0.0,2,0,2,2026-07-17,2026-07-17,1,0.0,false,true,false,0.000312225563719486,0.0,0,1877,false,0,93000.0,0.0,270.61603532303474,0.0014549249210915845,6
100000001329153100,3,false,1,0,150687.0,0.0,1,0,1,2026-07-03,2026-07-03,1,0.0,false,true,false,0.0002940559810926105,0.0,0,1877,false,0,150687.0,0.0,127.54789321420314,0.0008464425810733716,0
100000007689942100,3,false,1,2,5000.0,25000.0,1,2,2,2026-07-06,2026-07-28,3,5.0,false,false,false,0.0008925911171850298,1.981468513870874e-05,0,1877,true,0,5000.0,12500.0,105.78377194400825,0.00423135087776033,18
100000006476758100,3,false,1,0,5200.0,0.0,1,0,1,2026-07-15,2026-07-15,1,0.0,false,true,false,0.0005168074362570575,0.0,0,1877,false,0,5200.0,0.0,1560.0,0.3,10
100000002184107100,3,false,1,0,6066.0,0.0,1,0,1,2026-07-21,2026-07-21,1,0.0,false,true,false,0.00029019597948837185,0.0,0,1877,false,0,6066.0,0.0,19.448948803786823,0.0032062230141422393,34
100000008663723100,3,false,1,0,15600.0,0.0,1,0,1,2026-07-01,2026-07-01,1,0.0,false,true,false,0.0002880041075725441,0.0,1,270,false,0,15600.0,0.0,10.366319837646886,0.0006645076819004414,1
100000000254336100,3,false,2,1,97177.0,60000.0,2,1,3,2026-07-12,2026-07-13,2,0.6174300503205491,false,false,false,0.00029193514276874887,1.922024458454748e-05,0,1877,false,0,48588.5,60000.0,192.70780933229378,0.0019830598735533487,0
100000008750464100,3,false,1,0,8500.0,0.0,1,0,1,2026-07-23,2026-07-23,1,0.0,false,true,false,0.0002868959553403458,0.0,1,270,false,0,8500.0,0.0,5.648315296153752,0.0006645076819004414,1
100000001530709100,3,false,1,0,53961.0,0.0,1,0,1,2026-07-16,2026-07-16,1,0.0,false,true,false,0.0002886083759594398,0.0,0,1877,false,0,53961.0,0.0,45.674888117300206,0.0008464425810733716,0
100000000656682100,3,false,1,2,71000.0,80000.0,1,3,3,2026-07-16,2026-07-29,4,1.1267605633802817,false,false,false,0.00028956801187805624,3.844048916909496e-05,0,1877,false,0,71000.0,26666.666666666668,60.09742325620938,0.0007512177907026173,0
100000008755754100,3,false,1,0,7000.0,0.0,1,0,1,2026-07-29,2026-07-29,1,0.0,false,true,false,0.00029589900207032977,0.0,0,1877,false,0,7000.0,0.0,73.67871891850598,0.010525531274072283,12
100000002691583100,3,false,1,0,285200.0,0.0,1,0,1,2026-07-16,2026-07-16,1,0.0,false,true,false,0.00035708956201916303,0.0,0,1877,false,0,285200.0,0.0,92.03934177112261,0.0003227185896603177,26
100000005241556100,3,false,1,0,100000.0,0.0,1,0,1,2026-07-08,2026-07-08,1,0.0,false,true,false,0.0005490718879795905,0.0,0,1877,false,0,100000.0,0.0,6362.441091622753,0.06362441091622753,17
100000004713684100,3,false,1,0,37500.0,0.0,1,0,1,2026-07-24,2026-07-24,1,0.0,false,true,false,0.00028768129298178,0.0,0,1877,false,0,37500.0,0.0,31.741596790251435,0.0008464425810733716,0
100000006919124100,3,false,1,0,25000.0,0.0,1,0,1,2026-07-25,2026-07-25,1,0.0,false,true,false,0.00028697729339361713,0.0,0,1877,false,0,25000.0,0.0,21.16106452683429,0.0008464425810733717,0
100000003006633100,3,false,1,0,10000.0,0.0,1,0,1,2026-07-10,2026-07-10,1,0.0,false,true,false,0.0002931965366687922,0.0,0,1877,false,0,10000.0,0.0,32.06223014142239,0.003206223014142239,34
100000008306857100,3,false,1,0,125000.0,0.0,1,0,1,2026-07-16,2026-07-16,1,0.0,false,true,false,0.00029152327523510686,0.0,0,1877,false,0,125000.0,0.0,40.0930414970244,0.0003207443319761952,12
100000003671721100,3,false,1,0,5000.0,0.0,1,0,1,2026-07-16,2026-07-16,1,0.0,false,true,false,0.0005587421555235851,0.0,0,1877,false,0,5000.0,0.0,250.68808674324995,0.05013761734864999,7
100000002613929100,3,false,1,0,28560.0,0.0,1,0,1,2026-07-23,2026-07-23,1,0.0,false,true,false,0.0007809340979896427,0.0,0,1877,false,0,28560.0,0.0,2390.8443939581707,0.08371303900413762,8
100000008669310100,3,false,1,0,59567.0,0.0,2,0,1,2026-07-03,2026-07-27,2,0.0,false,true,false,0.000288924105694739,0.0,0,1877,false,0,29783.5,0.0,50.42004522679753,0.0008464425810733716,0
100000006573438100,3,false,1,0,5000.0,0.0,1,0,1,2026-07-11,2026-07-11,1,0.0,false,true,false,0.00029908687990621766,0.0,0,1877,false,0,5000.0,0.0,102.56712768453727,0.020513425536907454,41
100000006165886100,3,false,2,1,184481.0,75000.0,2,1,3,2026-07-19,2026-07-30,2,0.4065459315593476,false,false,false,0.0002985616389392791,6.92098645202041e-07,0,1877,false,0,92240.5,75000.0,478.09147179383194,0.0025915485702800393,0
100000008491390100,3,false,1,0,36000.0,0.0,1,0,1,2026-07-05,2026-07-05,1,0.0,false,true,false,0.0002875968130312004,0.0,0,1877,false,0,36000.0,0.0,30.47193291864138,0.0008464425810733716,0
100000005186131100,3,false,1,1,10000.0,10000.0,1,1,2,2026-07-07,2026-07-07,1,1.0,false,false,false,0.0002861324938878218,1.922024458454748e-05,0,1877,false,0,10000.0,10000.0,8.464425810733715,0.0008464425810733715,0
100000001550419100,3,false,1,0,23000.0,0.0,1,0,1,2026-07-21,2026-07-21,1,0.0,false,true,false,0.00029207028196341005,0.0,0,1877,false,0,23000.0,0.0,25.430473967276853,0.0011056727811859502,14
100000004979283100,3,false,1,0,40132.0,0.0,1,0,1,2026-07-05,2026-07-05,1,0.0,false,true,false,0.00030052176499501714,0.0,0,1877,false,0,40132.0,0.0,309.6634607021286,0.007716123310628142,7
100000002537811100,3,false,1,1,52000.0,15000.0,1,1,2,2026-07-01,2026-07-09,2,0.28846153846153844,false,false,false,0.0012313777249476484,2.6353531234482626e-05,0,1877,false,0,52000.0,15000.0,20449.407411466367,0.39325783483589166,10
100000002990675100,3,false,1,0,51143.0,0.0,1,0,1,2026-07-19,2026-07-19,1,0.0,false,true,false,0.0002872267966069624,0.0,0,1877,false,0,51143.0,0.0,61.13440088845234,0.0011953620415003489,5
100000008763688100,3,false,1,0,21000.0,0.0,1,0,1,2026-07-27,2026-07-27,1,0.0,false,true,false,0.0002888469275801315,0.0,1,270,false,0,21000.0,0.0,13.95466131990927,0.0006645076819004414,1
100000002809896100,3,false,1,0,38000.0,0.0,1,0,1,2026-07-04,2026-07-04,1,0.0,false,true,false,0.0002997274196422286,0.0,0,1877,false,0,38000.0,0.0,293.2126858038694,0.007716123310628142,7
100000008716072100,3,false,1,0,12100.0,0.0,1,0,1,2026-07-15,2026-07-15,1,0.0,false,true,false,0.0002874578353454041,0.0,1,270,false,0,12100.0,0.0,8.040542950995341,0.0006645076819004414,1
100000001279272100,3,false,1,2,250000.0,136758.0,1,2,3,2026-07-12,2026-07-16,3,0.547032,false,false,false,0.0003077398575230609,0.00029919545413681863,0,1877,true,0,250000.0,68379.0,1212.490150064881,0.004849960600259524,0
100000001714173100,3,false,1,0,638905.0,0.0,6,0,1,2026-07-11,2026-07-13,3,0.0,false,true,false,0.0005706777097822577,0.0,0,1877,false,2,106484.16666666667,0.0,15479.418996268327,0.0242280448521585,17
100000008729597100,3,false,1,0,83090.0,0.0,1,0,1,2026-07-18,2026-07-18,1,0.0,false,true,false,0.0003024747023657892,0.0,0,1877,false,0,83090.0,0.0,552.6734433163848,0.0066515037106316625,4
100000002255058100,3,false,1,0,491500.0,0.0,2,0,1,2026-07-13,2026-07-24,2,0.0,false,true,false,0.000426128672218052,0.0,0,1877,false,0,245750.0,0.0,4357.028182121533,0.008864757237276772,2
100000006111442100,3,false,1,0,64000.0,0.0,1,0,1,2026-07-17,2026-07-17,1,0.0,false,true,false,0.0002955262240562654,0.0,0,1877,false,0,64000.0,0.0,200.75953459648835,0.0031368677280701304,6
100000008686247100,3,false,1,1,22000.0,5000.0,2,1,1,2026-07-15,2026-07-27,3,0.22727272727272727,false,false,false,0.0003136737677799257,0.0,0,1877,true,0,11000.0,5000.0,703.0075187969925,0.03195488721804511,22
100000001893287100,3,false,1,1,18000.0,152700.0,3,14,1,2026-07-02,2026-07-18,12,8.483333333333333,false,false,false,0.0006184515295005468,0.0,0,1877,true,3,6000.0,10907.142857142857,1477.3232252811222,0.009674677310288947,9
100000005172860100,3,false,1,0,15209.2,0.0,1,0,1,2026-07-01,2026-07-01,1,0.0,false,true,false,0.0002917958239584133,0.0,0,1877,false,0,15209.2,0.0,11.90641493631036,0.0007828429461319701,0
100000001788284100,3,false,1,5,8000.0,296700.0,1,8,5,2026-07-03,2026-07-30,6,37.0875,false,false,false,0.00029938268059674666,5.9444055416126226e-05,0,1877,true,2,8000.0,37087.5,153.05918525351765,0.0005158718748012054,25
100000008755580100,3,false,1,0,16000.0,0.0,1,0,1,2026-07-24,2026-07-24,1,0.0,false,true,false,0.00028806653868421726,0.0,1,270,false,0,16000.0,0.0,10.632122910407062,0.0006645076819004414,1
100000003896956100,3,false,1,1,10000.0,27000.0,1,2,2,2026-07-11,2026-07-14,3,2.7,false,false,false,0.00028856460954950717,1.922024458454748e-05,0,1877,false,0,10000.0,13500.0,104.32239086998881,0.00386379225444403,3
100000002475601100,3,false,1,0,232301.0,0.0,1,0,1,2026-07-09,2026-07-09,1,0.0,false,true,false,0.00030211439246599674,0.0,0,1877,false,0,232301.0,0.0,501.0033536004343,0.002156699082657562,4
100000008619857100,3,false,1,2,29000.0,13000.0,1,2,3,2026-07-06,2026-07-26,2,0.4482758620689655,false,false,false,0.00028720257326182925,1.7582327098700904e-06,0,1877,false,0,29000.0,6500.0,24.546834851127777,0.0008464425810733716,0
100000001373265100,3,false,1,1,142482.0,5000.0,1,1,2,2026-07-13,2026-07-20,2,0.0350921519911287,false,false,false,0.00031455853917834877,1.922024458454748e-05,0,1877,false,0,142482.0,5000.0,947.7195516982206,0.0066515037106316625,4
100000004185681100,3,false,1,0,10000.0,0.0,1,0,1,2026-07-14,2026-07-14,1,0.0,false,true,false,0.0005352962052822031,0.0,0,1877,false,0,10000.0,0.0,141.37174964605438,0.014137174964605438,2
100000003031633100,3,false,1,0,414000.0,0.0,2,0,1,2026-07-26,2026-07-26,1,0.0,false,true,false,0.00031462612731946837,0.0,0,1877,false,1,207000.0,0.0,465.4443839437962,0.0011242617969656912,6
100000002632742100,3,false,2,0,235500.0,0.0,2,0,2,2026-07-17,2026-07-31,2,0.0,false,true,false,0.0003175643151957899,0.0,0,1877,false,0,117750.0,0.0,93.99535221448609,0.0003991310072801957,6
100000005847078100,3,false,1,0,16300.0,0.0,1,0,1,2026-07-23,2026-07-23,1,0.0,false,true,false,0.0002881133620179721,0.0,1,270,false,0,16300.0,0.0,10.831475214977196,0.0006645076819004414,1
100000002807334100,3,false,1,0,54715.0,0.0,1,0,1,2026-07-05,2026-07-05,1,0.0,false,true,false,0.00028734256217675496,0.0,0,1877,false,0,54715.0,0.0,65.4042341006916,0.001195362041500349,5
100000008748795100,3,false,1,0,47057.0,0.0,1,0,1,2026-07-23,2026-07-23,1,0.0,false,true,false,0.00028821954290690567,0.0,0,1877,false,0,47057.0,0.0,39.83104853756965,0.0008464425810733717,0
100000003899899100,3,false,2,1,218500.0,10000.0,5,1,3,2026-07-11,2026-07-26,5,0.04576659038901602,false,false,false,0.0006539846029635878,1.9418391435934565e-05,0,1877,false,1,43700.0,10000.0,2279.444240509256,0.010432239086998883,3
100000002308091100,3,false,1,0,186720.0,0.0,1,0,1,2026-07-07,2026-07-07,1,0.0,false,true,false,0.0005611068728343343,0.0,0,1877,false,0,186720.0,0.0,1965.3271994947768,0.010525531274072283,12
100000008680912100,3,false,1,1,45112.0,5990.85,2,1,1,2026-07-06,2026-07-11,3,0.13279947685759888,false,false,false,0.0005351757124790598,0.0,0,1877,true,0,22556.0,5990.85,965.3737777581031,0.021399489664792142,24
100000008742053100,3,false,1,12,10000.0,2789000.0,1,12,13,2026-07-23,2026-07-31,7,278.9,false,false,false,0.00028627115008932475,0.00012107303358925228,0,1877,false,0,10000.0,232416.66666666666,11.242617969656912,4.031056998801331e-06,12
100000008473765100,3,false,1,0,30000.0,0.0,1,0,1,2026-07-04,2026-07-04,1,0.0,false,true,false,0.0002916730641589804,0.0,0,1877,false,0,30000.0,0.0,199.54511131894986,0.0066515037106316625,4
100000007472293100,3,false,1,3,5000.0,345900.0,1,3,4,2026-07-27,2026-07-31,2,69.18,false,false,false,0.0002863329149575202,4.803409922375311e-05,0,1877,false,0,5000.0,115300.0,26.349845636474004,7.617763988572999e-05,46
100000008753061100,3,false,1,0,28400.0,0.0,2,0,1,2026-07-24,2026-07-28,2,0.0,false,true,false,0.0002900019031460847,0.0,1,270,false,0,14200.0,0.0,18.872018165972538,0.0006645076819004414,1
100000008501413100,3,false,1,1,5000.0,5100.0,1,1,2,2026-07-28,2026-07-30,2,1.02,false,false,false,0.0003666452836068586,2.1201713098418353e-05,0,1877,false,0,5000.0,5100.0,300.3726888305187,0.05889660565304288,10
100000002748581100,3,false,1,0,41180.0,0.0,1,0,1,2026-07-09,2026-07-09,1,0.0,false,true,false,0.00029720888879925493,0.0,0,1877,false,0,41180.0,0.0,45.53160512923743,0.0011056727811859502,14
100000001384826100,3,false,1,1,364260.0,10000.0,1,1,2,2026-07-15,2026-07-27,2,0.027452918245209467,false,false,false,0.00029737465996551707,1.922024458454748e-05,0,1877,false,0,364260.0,10000.0,435.4225772369171,0.0011953620415003489,5
100000004099450100,3,false,1,0,31000.0,0.0,1,0,1,2026-07-25,2026-07-25,1,0.0,false,true,false,0.0002961658639475326,0.0,0,1877,false,0,31000.0,0.0,455.79403202921816,0.014703033291265101,0
100000002926970100,3,false,1,0,85000.0,0.0,1,0,1,2026-07-09,2026-07-09,1,0.0,false,true,false,0.00031723878529938754,0.0,0,1877,false,0,85000.0,0.0,655.8704814033921,0.007716123310628142,7
100000002753146100,3,false,1,0,803540.0,0.0,3,0,1,2026-07-10,2026-07-20,2,0.0,false,true,false,0.0003238433894737344,0.0,0,1877,false,1,267846.6666666667,0.0,257.7309005161519,0.0003207443319761952,12
100000003943247100,3,false,1,0,40000.0,0.0,1,0,1,2026-07-06,2026-07-06,1,0.0,false,true,false,0.00028782209289941247,0.0,0,1877,false,0,40000.0,0.0,33.85770324293486,0.0008464425810733715,0
100000002872399100,3,false,1,0,1090000.0,0.0,9,0,1,2026-07-03,2026-07-28,8,0.0,false,true,false,0.0007057669186571375,0.0,0,1877,false,1,121111.11111111111,0.0,88908.71487448481,0.08156762832521543,48
100000008417359100,3,false,1,2,40810.0,110760.0,2,3,3,2026-07-06,2026-07-31,5,2.714040676304827,false,false,false,0.00029199274932618257,0.0,0,1877,true,0,20405.0,36920.0,100.34472684360625,0.0009059653922319091,16
100000002614095100,3,false,1,0,5300.0,0.0,1,0,1,2026-07-09,2026-07-09,1,0.0,false,true,false,0.00028639650644696066,0.0,1,270,false,0,5300.0,0.0,3.5218907140723394,0.0006645076819004414,1
100000004717647100,3,false,1,5,300000.0,2240000.0,2,10,5,2026-07-02,2026-07-28,8,7.466666666666667,false,false,false,0.00102336095526445,7.767356574373826e-05,0,1877,true,2,150000.0,224000.0,329.20842627217513,0.00014696804744293533,44
100000008537380100,3,false,1,0,8000.0,0.0,1,0,1,2026-07-21,2026-07-21,1,0.0,false,true,false,0.00028681791645075434,0.0,1,270,false,0,8000.0,0.0,5.316061455203531,0.0006645076819004414,1
100000001534244100,3,false,2,1,366000.0,45000.0,2,1,3,2026-07-02,2026-07-28,2,0.12295081967213115,false,false,false,0.0003415070880405251,2.159800680119253e-05,0,1877,false,0,183000.0,45000.0,214.5200869507613,0.0005861204561496211,6
100000008767950100,3,false,1,0,17350.0,0.0,1,0,1,2026-07-28,2026-07-28,1,0.0,false,true,false,0.00028827724368611407,0.0,1,270,false,0,17350.0,0.0,11.529208280972659,0.0006645076819004414,1
100000004613582100,3,false,1,1,5000.0,9500.0,1,1,2,2026-07-03,2026-07-18,2,1.9,false,false,false,0.0005534434661680626,3.962937027741748e-07,0,1877,false,0,5000.0,9500.0,2702.702702702703,0.2844950213371266,8
100000008121806100,3,false,1,4,67000.0,248509.0,1,6,5,2026-07-10,2026-07-19,5,3.709089552238806,false,false,false,0.0003003687971376981,0.0007808641134044802,0,1877,true,0,67000.0,41418.166666666664,111.97219176450243,0.0004505760023359413,4
100000002369443100,3,false,1,0,50000.0,0.0,1,0,1,2026-07-27,2026-07-27,1,0.0,false,true,false,0.0002933731831764343,0.0,1,270,false,0,50000.0,0.0,33.22538409502207,0.0006645076819004414,1
100000008655779100,3,false,1,2,47000.0,24704.0,1,2,3,2026-07-06,2026-07-30,3,0.5256170212765957,false,false,false,0.0003970523286129288,5.920977464216475e-05,0,1877,false,0,47000.0,12352.0,518.917726196196,0.011040802685025447,27
100000008561016100,3,false,1,1,180000.0,185000.0,2,4,2,2026-07-25,2026-07-26,2,1.0277777777777777,false,false,false,0.0002948428406003138,2.2390594206740877e-05,0,1877,false,2,90000.0,46250.0,226.93350344527212,0.0012266675861906601,6
100000002727288100,3,false,1,0,16000.0,0.0,1,0,1,2026-07-18,2026-07-18,1,0.0,false,true,false,0.0003661692337362462,0.0,0,1877,false,0,16000.0,0.0,290.0653468611059,0.01812908417881912,15
100000001270349100,3,false,1,0,200000.0,0.0,1,0,1,2026-07-05,2026-07-05,1,0.0,false,true,false,0.0003553003383239658,0.0,0,1877,false,0,200000.0,0.0,3511.1242290613563,0.01755562114530678,9
100000004722765100,3,false,1,3,230000.0,2284500.0,1,9,4,2026-07-08,2026-07-23,6,9.932608695652174,false,false,false,0.0005815882668655421,5.8255174307803695e-05,0,1877,false,2,230000.0,253833.33333333334,7913.856390741137,0.003464152501965917,24
100000001677389100,3,false,1,1,11000.0,5400.0,1,1,2,2026-07-02,2026-07-18,2,0.4909090909090909,false,false,false,0.0002886309695446784,1.922024458454748e-05,0,1877,false,0,11000.0,5400.0,83.94159693730191,0.007631054267027446,16
100000005857058100,3,false,3,0,80222.0,0.0,3,0,3,2026-07-01,2026-07-06,3,0.0,false,true,false,0.00038993375522918043,0.0,0,1877,false,0,26740.666666666668,0.0,5458.7244610340185,0.0680452302489843,0
100000008760098100,3,false,1,1,7000.0,390000.0,1,1,2,2026-07-27,2026-07-31,2,55.714285714285715,false,false,false,0.0002866383632536117,7.299981620149681e-06,0,1877,false,0,7000.0,390000.0,36.88978389106361,9.458918946426566e-05,17
100000002838519100,3,false,1,0,46900.0,0.0,1,0,1,2026-07-18,2026-07-18,1,0.0,false,true,false,0.0002988256561865505,0.0,0,1877,false,0,46900.0,0.0,51.856053437621064,0.0011056727811859502,14
100000002597623100,3,false,1,0,16418.0,0.0,1,0,1,2026-07-20,2026-07-20,1,0.0,false,true,false,0.00028649395543636807,0.0,0,1877,false,0,16418.0,0.0,13.896894296062614,0.0008464425810733716,0
100000003635660100,3,false,1,0,18985.0,0.0,1,0,1,2026-07-03,2026-07-03,1,0.0,false,true,false,0.00029052194004178976,0.0,0,1877,false,0,18985.0,0.0,230.29598997732612,0.0121304182237201,0
100000008676812100,3,false,1,0,230800.0,0.0,1,0,1,2026-07-09,2026-07-09,1,0.0,false,true,false,0.00047313415798956116,0.0,0,1877,false,0,230800.0,0.0,2750.915381368984,0.011919044113383813,18
100000003213473100,3,false,1,11,57500.0,240000.0,2,12,11,2026-07-02,2026-07-31,12,4.173913043478261,false,false,false,0.0002888076923228404,0.00010972673620999489,0,1877,true,0,28750.0,20000.0,48.670448411718866,0.00020279353504882862,0
100000003071649100,3,false,1,0,189500.0,0.0,1,0,1,2026-07-22,2026-07-22,1,0.0,false,true,false,0.0002953322777705289,0.0,0,1877,false,0,189500.0,0.0,238.91054946043926,0.0012607416858070673,6
100000002433697100,3,false,1,1,130000.0,110000.0,1,1,2,2026-07-03,2026-07-03,1,0.8461538461538461,false,false,false,0.00028978248684692235,1.922024458454748e-05,0,1877,false,0,130000.0,110000.0,155.39706539504536,0.0011953620415003489,5
100000008612257100,3,false,1,0,9500.0,0.0,1,0,1,2026-07-08,2026-07-08,1,0.0,false,true,false,0.00028786387694202856,0.0,0,1877,false,0,9500.0,0.0,35.71837563117522,0.003759829013807918,16
100000002736033100,3,false,1,1,34530.0,11000.0,1,1,2,2026-07-09,2026-07-29,2,0.3185635679119606,false,false,false,0.00029518017140407954,1.922024458454748e-05,0,1877,false,0,34530.0,11000.0,263.5003038404577,0.007631054267027446,16
100000008687990100,3,false,1,0,17600.0,0.0,1,0,1,2026-07-08,2026-07-08,1,0.0,false,true,false,0.0002883162631309098,0.0,1,270,false,0,17600.0,0.0,11.695335201447769,0.0006645076819004414,1
100000008776310100,3,false,1,0,19200.0,0.0,1,0,1,2026-07-30,2026-07-30,1,0.0,false,true,false,0.0002885659875776024,0.0,1,270,false,0,19200.0,0.0,12.758547492488475,0.0006645076819004414,1
100000007267915100,3,false,2,1,21000.0,10000.0,3,1,3,2026-07-01,2026-07-15,4,0.47619047619047616,false,false,false,0.0002913946069790765,1.6729898929614312e-06,0,1877,false,0,7000.0,10000.0,34.87552564558015,0.0016607393164561975,16
100000004217419100,3,false,2,1,118200.0,7700.0,3,1,3,2026-07-20,2026-07-23,3,0.06514382402707276,false,false,false,0.0005841829530235474,1.9418391435934565e-05,0,1877,false,0,39400.0,7700.0,995.5022729966408,0.008422185050733002,4
100000002773323100,3,false,2,1,285000.0,1171644.0,2,2,3,2026-07-15,2026-07-31,3,4.111031578947369,false,false,false,0.0003254977886002262,2.139985994980544e-05,0,1877,false,0,142500.0,585822.0,102.53077544490615,8.75101783860167e-05,6
100000002528544100,3,false,1,0,192912.0,0.0,1,0,1,2026-07-10,2026-07-10,1,0.0,false,true,false,0.00029930900258425604,0.0,0,1877,false,0,192912.0,0.0,416.0531334336356,0.002156699082657562,4
100000003760160100,3,false,1,0,104470.0,0.0,1,0,1,2026-07-18,2026-07-18,1,0.0,false,true,false,0.000288955080632811,0.0,0,1877,false,0,104470.0,0.0,124.87947247554145,0.0011953620415003489,5
100000000640800100,3,false,1,4,80000.0,518135.0,1,6,5,2026-07-09,2026-07-30,5,6.4766875,false,false,false,0.0003032403424804635,0.00014517495482809596,0,1877,false,0,80000.0,86355.83333333333,133.6981394203014,0.00025803726716068477,4
100000008238112100,3,false,1,0,190000.0,0.0,1,0,1,2026-07-20,2026-07-20,1,0.0,false,true,false,0.00029172703729136735,0.0,0,1877,false,0,190000.0,0.0,227.1187878850663,0.0011953620415003489,5
100000008751349100,3,false,1,0,11630.0,0.0,1,0,1,2026-07-23,2026-07-23,1,0.0,false,true,false,0.0002884857763860705,0.0,0,1877,false,0,11630.0,0.0,3.753217197749495,0.0003227185896603177,26
100000002963189100,3,false,1,7,490000.0,5219000.0,3,15,7,2026-07-08,2026-07-25,7,10.651020408163266,false,false,false,0.00042406859837372854,8.540784150822377e-05,0,1877,true,4,163333.33333333334,347933.3333333333,541.7796627811156,0.00010380909422899321,14
100000008548853100,3,false,1,0,14000.0,0.0,1,0,1,2026-07-09,2026-07-09,1,0.0,false,true,false,0.0002877543831258515,0.0,1,270,false,0,14000.0,0.0,9.30310754660618,0.0006645076819004414,1
100000003164661100,3,false,1,0,596200.0,0.0,3,0,1,2026-07-14,2026-07-21,3,0.0,false,true,false,0.0006007384807220615,0.0,3,13,false,0,198733.33333333334,0.0,16999.575010624736,0.028513208672634578,29
100000000791285100,3,false,1,3,1120000.0,650000.0,2,3,3,2026-07-07,2026-07-30,2,0.5803571428571429,false,false,false,0.0005664343010128598,3.883678287186913e-05,0,1877,true,1,560000.0,216666.66666666666,361.4448204195558,0.0003227185896603177,26
100000003192309100,3,false,1,1,17200.0,213000.0,1,1,2,2026-07-07,2026-07-23,2,12.383720930232558,false,false,false,0.00028825383201923664,1.387027959709612e-06,1,270,false,0,17200.0,213000.0,11.429532128687592,5.365977525205442e-05,1
100000002891765100,3,false,1,0,55576.0,0.0,1,0,1,2026-07-03,2026-07-03,1,0.0,false,true,false,0.00030127794182504284,0.0,0,1877,false,0,55576.0,0.0,61.44887048719037,0.0011056727811859502,14
100000001740277100,3,false,1,1,8700.0,5000.0,1,1,1,2026-07-08,2026-07-10,2,0.5747126436781609,false,false,false,0.0003696934153229431,0.0,0,1877,true,0,8700.0,5000.0,1916.1026032566401,0.22024167853524598,8
100000002232266100,3,false,1,0,45000.0,0.0,1,0,1,2026-07-19,2026-07-19,1,0.0,false,true,false,0.00029472494912982487,0.0,0,1877,false,0,45000.0,0.0,299.3176669784248,0.0066515037106316625,4
100000006701983100,3,false,1,0,27000.0,0.0,1,0,1,2026-07-03,2026-07-03,1,0.0,false,true,false,0.00028978339425522867,0.0,1,270,false,0,27000.0,0.0,17.94170741131192,0.0006645076819004415,1
100000002871199100,3,false,1,0,23186.0,0.0,1,0,1,2026-07-06,2026-07-06,1,0.0,false,true,false,0.0002921228551686612,0.0,0,1877,false,0,23186.0,0.0,25.636129104577442,0.0011056727811859502,14
100000002757791100,3,false,1,0,73050.0,0.0,1,0,1,2026-07-03,2026-07-03,1,0.0,false,true,false,0.0003110385580772543,0.0,0,1877,false,0,73050.0,0.0,1282.4381246646603,0.01755562114530678,9
100000000572276100,3,false,1,1,13075.0,34547.0,1,1,2,2026-07-09,2026-07-22,2,2.6422179732313578,false,false,false,0.0002876100111801074,1.387027959709612e-06,1,270,false,0,13075.0,34547.0,8.688437940848273,0.00025149616293305564,1
100000001853812100,3,false,1,0,70000.0,0.0,1,0,1,2026-07-10,2026-07-10,1,0.0,false,true,false,0.0002998114240812323,0.0,0,1877,false,0,70000.0,0.0,465.60525974421637,0.0066515037106316625,4
100000004726132100,3,false,1,1,349000.0,24000.0,1,2,2,2026-07-15,2026-07-22,3,0.06876790830945559,false,false,false,0.0003165194005921456,1.922024458454748e-05,0,1877,false,0,349000.0,12000.0,1692.6362494905738,0.004849960600259524,0
100000001785161100,3,false,2,0,30000.0,0.0,2,0,2,2026-07-10,2026-07-31,2,0.0,false,true,false,0.00033122087090430876,0.0,0,1877,false,0,15000.0,0.0,49.500557681675666,0.0016500185893891888,30
100000002612809100,3,false,1,3,30000.0,114000.0,2,4,3,2026-07-22,2026-07-31,5,3.8,false,false,false,0.00042829267239375367,1.5851748110966993e-06,0,1877,true,0,15000.0,28500.0,7578.034682080925,0.06647398843930637,36
100000008769097100,3,false,1,0,31100.0,0.0,1,0,1,2026-07-28,2026-07-28,1,0.0,false,true,false,0.00029042331314987836,0.0,1,270,false,0,31100.0,0.0,20.666188907103727,0.0006645076819004414,1
100000004488265100,3,false,1,0,38740.0,0.0,1,0,1,2026-07-18,2026-07-18,1,0.0,false,true,false,0.00029345129580199246,0.0,0,1877,false,0,38740.0,0.0,257.6792537498706,0.0066515037106316625,4
100000002509598100,3,false,1,0,305550.0,0.0,1,0,1,2026-07-18,2026-07-18,1,0.0,false,true,false,0.00030012320541723944,0.0,0,1877,false,0,305550.0,0.0,98.00343063532645,0.0003207443319761952,12
100000008706846100,3,false,1,0,14200.0,0.0,1,0,1,2026-07-13,2026-07-13,1,0.0,false,true,false,0.0002877855986816881,0.0,1,270,false,0,14200.0,0.0,9.436009082986269,0.0006645076819004414,1
100000001280798100,3,false,1,0,23785.0,0.0,1,0,1,2026-07-06,2026-07-06,1,0.0,false,true,false,0.00029443116298655806,0.0,0,1877,false,0,23785.0,0.0,183.52799294329037,0.007716123310628142,7
100000006664478100,3,false,1,2,55000.0,60000.0,3,2,3,2026-07-04,2026-07-21,3,1.0909090909090908,false,false,false,0.000616842630311313,1.1888811083225246e-06,0,1877,false,1,18333.333333333332,30000.0,4695.121951219513,0.07825203252032521,9
100000003781406100,3,false,1,0,45000.0,0.0,2,0,1,2026-07-12,2026-07-12,1,0.0,false,true,false,0.0007228806641155325,0.0,0,1877,false,1,22500.0,0.0,29964.682499566756,0.6658818333237057,11
100000008708595100,3,false,1,0,17200.0,0.0,1,0,1,2026-07-13,2026-07-13,1,0.0,false,true,false,0.00028825383201923664,0.0,1,270,false,0,17200.0,0.0,11.429532128687592,0.0006645076819004414,1
100000004611571100,3,false,1,0,22550.0,0.0,1,0,1,2026-07-03,2026-07-03,1,0.0,false,true,false,0.0002868393094743372,0.0,0,1877,false,0,22550.0,0.0,19.08728020320453,0.0008464425810733716,0
100000008576243100,3,false,2,0,82920.0,0.0,4,0,2,2026-07-08,2026-07-10,3,0.0,false,true,false,0.0016515737888683514,0.0,0,1877,false,0,20730.0,0.0,1863.8935991439298,0.022478215136805715,0
100000008662216100,3,false,1,0,26200.0,0.0,1,0,1,2026-07-01,2026-07-01,1,0.0,false,true,false,0.00028965853203188235,0.0,1,270,false,0,26200.0,0.0,17.410101265791567,0.0006645076819004415,1
100000002681544100,3,false,2,0,166072.0,0.0,2,0,2,2026-07-15,2026-07-15,1,0.0,false,true,false,0.0003357172435156974,0.0,0,1877,false,0,83036.0,0.0,574.9035167916356,0.00346177270576398,8
100000007864477100,3,false,2,6,76000.0,203500.0,2,10,8,2026-07-01,2026-07-15,9,2.6776315789473686,false,false,false,0.00030477469496319285,7.541973196343609e-05,0,1877,false,0,38000.0,20350.0,863.8822372154581,0.004245121558798319,0
100000004746397100,3,false,1,1,219520.0,7500.0,1,1,2,2026-07-02,2026-07-29,2,0.03416545189504373,false,false,false,0.0002926837561100343,0.0006677699345145905,0,1877,false,0,219520.0,7500.0,262.4058753501566,0.0011953620415003489,5
100000003814002100,3,false,1,0,30000.0,0.0,1,0,1,2026-07-10,2026-07-10,1,0.0,false,true,false,0.000286541569439514,0.0,0,1877,false,0,30000.0,0.0,35.86086124501047,0.0011953620415003489,5
100000003962994100,3,false,1,0,10000.0,0.0,1,0,1,2026-07-30,2026-07-30,1,0.0,false,true,false,0.0004812298257349225,0.0,0,1877,false,0,10000.0,0.0,2178.401529636711,0.2178401529636711,37
100000003366471100,3,false,2,1,329789.0,20000.0,5,1,3,2026-07-01,2026-07-28,4,0.0606448365470043,false,false,false,0.0003604911511540963,1.922024458454748e-05,0,1877,false,0,65957.8,20000.0,2940.177043351501,0.008915327810665308,4
100000003561031100,3,false,1,1,13300.0,5000.0,1,1,2,2026-07-04,2026-07-26,2,0.37593984962406013,false,false,false,0.0002882752988914403,1.922024458454748e-05,0,1877,false,0,13300.0,5000.0,88.4649993514011,0.006651503710631662,4
100000001690439100,3,false,1,0,14200.0,0.0,1,0,1,2026-07-01,2026-07-01,1,0.0,false,true,false,0.0004770672723873445,0.0,0,1877,false,0,14200.0,0.0,93.09568072470714,0.0065560338538526155,5
100000002954780100,3,false,1,0,133400.0,0.0,1,0,1,2026-07-29,2026-07-29,1,0.0,false,true,false,0.0002924420224811536,0.0,0,1877,false,0,133400.0,0.0,168.18294088666278,0.0012607416858070673,6
100000008720668100,3,false,1,0,16000.0,0.0,1,0,1,2026-07-16,2026-07-16,1,0.0,false,true,false,0.00028806653868421726,0.0,1,270,false,0,16000.0,0.0,10.632122910407062,0.0006645076819004414,1
100000002459164100,3,false,1,0,20000.0,0.0,1,0,1,2026-07-31,2026-07-31,1,0.0,false,true,false,0.0005418286835835186,0.0,0,1877,false,0,20000.0,0.0,779.7752563264454,0.03898876281632227,0
100000005082652100,3,false,1,0,30000.0,0.0,1,0,1,2026-07-02,2026-07-02,1,0.0,false,true,false,0.0004080036516780198,0.0,0,1877,false,0,30000.0,0.0,16216.216216216217,0.5405405405405406,8
100000005041905100,3,false,1,1,5000.0,1080351.0,1,5,1,2026-07-08,2026-07-31,5,216.0702,false,false,false,0.0002863496831132058,0.0,1,270,true,1,5000.0,216070.2,3.322538409502207,3.0754249401372397e-06,1
100000008653041100,3,false,1,0,28000.0,0.0,1,0,1,2026-07-22,2026-07-22,1,0.0,false,true,false,0.0002899394720344115,0.0,1,270,false,0,28000.0,0.0,18.60621509321236,0.0006645076819004414,1
100000008722417100,3,false,1,3,331900.0,720000.0,1,6,4,2026-07-16,2026-07-31,6,2.16932811087677,false,false,false,0.0002963258990924797,5.7660733753642434e-05,0,1877,false,0,331900.0,120000.0,396.7406615739658,0.000551028696630508,5
100000008625905100,3,false,1,2,197800.0,635000.0,1,2,3,2026-07-05,2026-07-31,2,3.210313447927199,false,false,false,0.0005453128171044605,3.962937027741748e-05,0,1877,false,0,197800.0,317500.0,720.2404314002837,0.0011342368998429665,58
100000007487729100,3,false,1,0,25000.0,0.0,1,0,1,2026-07-20,2026-07-20,1,0.0,false,true,false,0.00029411491496748594,0.0,0,1877,false,0,25000.0,0.0,367.5758322816275,0.014703033291265101,0
100000000838385100,3,false,1,2,436900.0,177500.0,8,6,2,2026-07-03,2026-07-30,7,0.40627145799954223,false,false,false,0.0019211545642599085,2.1796153652579615e-05,0,1877,true,2,54612.5,29583.333333333332,34736.02482805595,0.07950566451832446,27
100000004750321100,3,false,2,0,50185.0,0.0,2,0,2,2026-07-23,2026-07-30,2,0.0,false,true,false,0.00031253610038112684,0.0,0,1877,false,0,25092.5,0.0,138.72038056380137,0.0027641801447404876,7
100000008664774100,3,false,1,0,16300.0,0.0,1,0,1,2026-07-02,2026-07-02,1,0.0,false,true,false,0.0002881133620179721,0.0,1,270,false,0,16300.0,0.0,10.831475214977196,0.0006645076819004414,1
100000006274203100,3,false,2,3,3417512.0,72000.0,41,3,4,2026-07-02,2026-07-31,21,0.02106795821053445,false,false,false,0.0006321051467844583,3.734276532549143e-05,0,1877,true,12,83353.9512195122,24000.0,7154.786292477092,0.0020935658141001674,18
100000002185328100,3,false,1,4,15000.0,55000.0,1,4,5,2026-07-03,2026-07-31,5,3.6666666666666665,false,false,false,0.0003518471698066031,6.162367078138419e-05,0,1877,false,0,15000.0,13750.0,1241.1728312119217,0.022566778749307667,20
100000008254576100,3,false,1,1,8000.0,60000.0,1,1,2,2026-07-03,2026-07-31,2,7.5,false,false,false,0.0002916710881784921,1.9616538287321655e-05,0,1877,false,0,8000.0,60000.0,25.649784113137915,0.0004274964018856319,34
100000001689968100,3,false,3,0,344333.75,0.0,3,0,3,2026-07-03,2026-07-20,3,0.0,false,true,false,0.0003391431091830124,0.0,0,1877,false,0,114777.91666666667,0.0,635.3037921223362,0.0018450233011499343,5
100000002236528100,3,false,1,0,66000.0,0.0,1,0,1,2026-07-10,2026-07-10,1,0.0,false,true,false,0.0003072417833612649,0.0,0,1877,false,0,66000.0,0.0,172.0435659717049,0.0026067206965409836,8
100000002670960100,3,false,1,0,480310.0,0.0,1,0,1,2026-07-01,2026-07-01,1,0.0,false,true,false,0.0003084473471986267,0.0,0,1877,false,0,480310.0,0.0,154.0567100914863,0.0003207443319761952,12
100000003557488100,3,false,1,2,664992.0,138000.0,3,4,2,2026-07-16,2026-07-31,5,0.20752129348924497,false,false,false,0.0005809718147261477,1.981468513870874e-05,0,1877,true,0,221664.0,34500.0,3057.2370709176366,0.004597404285942743,31
100000003888197100,3,false,1,0,83167.0,0.0,1,0,1,2026-07-09,2026-07-09,1,0.0,false,true,false,0.0002882646679975108,0.0,0,1877,false,0,83167.0,0.0,99.41467490545952,0.0011953620415003489,5
100000002799941100,3,false,1,0,600000.0,0.0,1,0,1,2026-07-23,2026-07-23,1,0.0,false,true,false,0.00038817849293650724,0.0,0,1877,false,0,600000.0,0.0,4450.90571823905,0.007418176197065083,18
100000001632325100,3,false,1,0,85600.0,0.0,3,0,1,2026-07-02,2026-07-07,2,0.0,false,true,false,0.000298929552115344,0.0,1,270,false,1,28533.333333333332,0.0,56.88185757067779,0.0006645076819004414,1
100000008620570100,3,false,2,2,145000.0,31800.0,2,2,4,2026-07-03,2026-07-22,3,0.2193103448275862,false,false,false,0.00034853843958795145,3.3083447508379774e-05,0,1877,false,0,72500.0,15900.0,1571.7988527106681,0.01083999208765978,4
100000005308954100,3,false,1,1,69020.0,30000.0,1,1,2,2026-07-06,2026-07-11,2,0.43465662126919735,false,false,false,0.00035945051532232884,1.981468513870874e-05,0,1877,false,0,69020.0,30000.0,2256.15147831744,0.0326883726212321,3
100000008468762100,3,false,2,0,170000.0,0.0,2,0,2,2026-07-27,2026-07-27,1,0.0,false,true,false,0.0003104050738410007,0.0,0,1877,false,0,85000.0,0.0,32.74481367667027,0.00019261655103923686,17
100000002305007100,3,false,1,0,56000.0,0.0,1,0,1,2026-07-13,2026-07-13,1,0.0,false,true,false,0.00029430964985153145,0.0,1,270,false,0,56000.0,0.0,37.21243018642472,0.0006645076819004414,1
100000008314863100,3,false,1,0,12000.0,0.0,1,0,1,2026-07-20,2026-07-20,1,0.0,false,true,false,0.0005170968391841093,0.0,0,1877,false,0,12000.0,0.0,6885.245901639344,0.5737704918032787,2
100000005709551100,3,false,1,0,24560.0,0.0,1,0,1,2026-07-03,2026-07-03,1,0.0,false,true,false,0.0002946608436289575,0.0,0,1877,false,0,24560.0,0.0,265.3921514301745,0.01080586935790613,13
100000008297199100,3,false,1,0,42268.0,0.0,1,0,1,2026-07-06,2026-07-06,1,0.0,false,true,false,0.00029659581166316406,0.0,0,1877,false,0,42268.0,0.0,512.7285174802012,0.0121304182237201,0
100000003271151100,3,false,1,0,127294.0,0.0,1,0,1,2026-07-18,2026-07-18,1,0.0,false,true,false,0.0003114684039158697,0.0,0,1877,false,0,127294.0,0.0,846.6965133411469,0.0066515037106316625,4
100000007005380100,3,false,1,0,9400.0,0.0,1,0,1,2026-07-15,2026-07-15,1,0.0,false,true,false,0.00030309570708396866,0.0,0,1877,false,0,9400.0,0.0,56.87002032563667,0.006050002162301774,5
100000004451012100,3,false,1,3,91245.0,65740.0,1,3,4,2026-07-06,2026-07-26,2,0.7204778344018851,false,false,false,0.00030117358811251627,5.7660733753642434e-05,0,1877,false,0,91245.0,21913.333333333332,676.8714871012035,0.007418176197065082,18
100000004779204100,3,false,1,1,30450.0,20000.0,1,2,2,2026-07-21,2026-07-23,2,0.6568144499178982,false,false,false,0.00028728423721405613,1.922024458454748e-05,0,1877,false,0,30450.0,10000.0,25.774176593684164,0.0008464425810733716,0
100000002793881100,3,false,3,0,785600.0,0.0,3,0,3,2026-07-31,2026-07-31,1,0.0,false,true,false,0.000375083147079739,0.0,0,1877,false,0,261866.66666666666,0.0,2194.268511772969,0.0027931116494055103,6
100000008671129100,3,false,1,0,26200.0,0.0,1,0,1,2026-07-03,2026-07-03,1,0.0,false,true,false,0.00028965853203188235,0.0,1,270,false,0,26200.0,0.0,17.410101265791567,0.0006645076819004415,1
100000002095257100,3,false,1,0,8500.0,0.0,1,0,1,2026-07-17,2026-07-17,1,0.0,false,true,false,0.0003967338202422224,0.0,0,1877,false,0,8500.0,0.0,200.0926940579914,0.023540316947998987,11
100000002194329100,3,false,1,0,25170.0,0.0,1,0,1,2026-07-22,2026-07-22,1,0.0,false,true,false,0.0002869868677880161,0.0,0,1877,false,0,25170.0,0.0,21.30495976561676,0.0008464425810733715,0
100000001884825100,3,false,3,0,495000.0,0.0,3,0,3,2026-07-17,2026-07-26,2,0.0,false,true,false,0.0003400964668098251,0.0,0,1877,false,0,165000.0,0.0,394.39609210538526,0.0007967597820310814,6
100000008692291100,3,false,3,3,160000.0,156000.0,3,3,6,2026-07-14,2026-07-30,5,0.975,false,false,false,0.00030785298657717565,6.419957984941633e-05,0,1877,false,0,53333.333333333336,52000.0,320.06856379314786,0.0020004285237071743,6
100000002697752100,3,false,2,0,190785.0,0.0,2,0,2,2026-07-06,2026-07-10,2,0.0,false,true,false,0.0003295800430415265,0.0,0,1877,false,0,95392.5,0.0,1764.6571368594073,0.00924945429074302,4
100000007170072100,3,false,1,2,100000.0,99500.0,1,9,3,2026-07-11,2026-07-13,2,0.995,false,false,false,0.0003076581045462565,3.844048916909496e-05,0,1877,false,2,100000.0,11055.555555555555,167.12267427537677,0.0016712267427537676,4
100000002373144100,3,false,1,1,46468.0,10764.0,1,1,2,2026-07-13,2026-07-18,2,0.2316432813979513,false,false,false,0.0002896901811600615,1.922024458454748e-05,0,1877,false,0,46468.0,10764.0,225.36796917285955,0.004849960600259524,0
100000000287768100,3,false,1,0,35168.0,0.0,1,0,1,2026-07-27,2026-07-27,1,0.0,false,true,false,0.0002886880716986407,0.0,0,1877,false,0,35168.0,0.0,170.56341438992695,0.004849960600259524,0
100000004508696100,3,false,1,3,7000.0,111000.0,1,4,3,2026-07-05,2026-07-22,3,15.857142857142858,false,false,false,0.00042253166627963316,3.923307657464331e-05,0,1877,true,0,7000.0,27750.0,1524.8810707456978,0.013737667304015296,37
100000008688109100,3,false,1,0,12800.0,0.0,1,0,1,2026-07-08,2026-07-08,1,0.0,false,true,false,0.00028756708979083207,0.0,1,270,false,0,12800.0,0.0,8.50569832832565,0.0006645076819004414,1
100000008724461100,3,false,1,1,100111.0,130000.0,1,1,2,2026-07-21,2026-07-21,1,1.298558599954051,false,false,false,0.00029072698311701786,2.2390594206740877e-05,0,1877,false,0,100111.0,130000.0,126.21411090783131,0.000970877776214087,6
100000001714413100,3,false,1,0,250172.0,0.0,1,0,1,2026-07-24,2026-07-24,1,0.0,false,true,false,0.0002936771621137531,0.0,0,1877,false,0,250172.0,0.0,299.0461126462253,0.001195362041500349,5
100000008672493100,3,false,1,0,14000.0,0.0,1,0,1,2026-07-03,2026-07-03,1,0.0,false,true,false,0.0002877543831258515,0.0,1,270,false,0,14000.0,0.0,9.30310754660618,0.0006645076819004414,1
100000003241965100,3,false,1,0,15000.0,0.0,1,0,1,2026-07-06,2026-07-06,1,0.0,false,true,false,0.0002911580279376614,0.0,0,1877,false,0,15000.0,0.0,115.74184965942213,0.007716123310628142,7
100000002241986100,3,false,1,6,280000.0,3077000.0,1,12,7,2026-07-02,2026-07-31,12,10.989285714285714,false,false,false,0.00029464386295803487,0.00011532146750728487,0,1877,false,0,280000.0,256416.66666666666,334.7013716200977,0.00010877522639587186,38
100000004140994100,3,false,1,0,18650.0,0.0,1,0,1,2026-07-15,2026-07-15,1,0.0,false,true,false,0.0002884801447990518,0.0,1,270,false,0,18650.0,0.0,12.393068267443233,0.0006645076819004414,1
100000008489922100,3,false,3,36,262010.0,3789900.0,5,41,38,2026-07-13,2026-07-31,15,14.464715087210411,false,false,false,0.0005858952858663105,0.0008721882963004527,0,1877,true,2,52402.0,92436.58536585367,2510.314050451907,0.0006623694689706607,6
100000001252290100,3,false,1,1,141005.0,5000.0,1,1,2,2026-07-04,2026-07-22,2,0.03545973547037339,false,false,false,0.00029013914980760764,1.922024458454748e-05,0,1877,false,0,141005.0,5000.0,168.5520246617567,0.0011953620415003489,5
100000008667799100,3,false,1,0,34000.0,0.0,1,0,1,2026-07-02,2026-07-02,1,0.0,false,true,false,0.0002908759387095086,0.0,1,270,false,0,34000.0,0.0,22.59326118461501,0.0006645076819004414,1
100000008684951100,3,false,1,0,17200.0,0.0,1,0,1,2026-07-07,2026-07-07,1,0.0,false,true,false,0.00028825383201923664,0.0,1,270,false,0,17200.0,0.0,11.429532128687592,0.0006645076819004414,1
100000006126743100,3,false,1,0,55000.0,0.0,1,0,1,2026-07-14,2026-07-14,1,0.0,false,true,false,0.0002873517987913661,0.0,0,1877,false,0,55000.0,0.0,65.7449122825192,0.0011953620415003489,5
100000003009900100,3,false,1,0,15998.0,0.0,1,0,1,2026-07-02,2026-07-02,1,0.0,false,true,false,0.00029152986502119,0.0,0,1877,false,0,15998.0,0.0,123.44254072342902,0.007716123310628142,7
100000001745217100,3,false,1,0,50000.0,0.0,1,0,1,2026-07-13,2026-07-13,1,0.0,false,true,false,0.00029000340687844543,0.0,0,1877,false,0,50000.0,0.0,242.4980300129762,0.004849960600259524,0
100000002886166100,3,false,1,0,185000.0,0.0,3,0,1,2026-07-28,2026-07-29,2,0.0,false,true,false,0.0003245911501737058,0.0,2,17,false,1,61666.666666666664,0.0,436.0550405543402,0.002357054273266704,23
100000002956779100,3,false,1,0,411000.0,0.0,1,0,1,2026-07-27,2026-07-27,1,0.0,false,true,false,0.00040310724815078604,0.0,0,1877,false,0,411000.0,0.0,3643.4152245207533,0.008864757237276772,2
100000008568512100,3,false,1,0,199640.0,0.0,1,0,1,2026-07-12,2026-07-12,1,0.0,false,true,false,0.0002920394617294415,0.0,0,1877,false,0,199640.0,0.0,238.64207796512966,0.0011953620415003489,5
100000008583360100,3,false,1,1,112843.0,170000.0,1,1,2,2026-07-05,2026-07-10,2,1.5065179054083992,false,false,false,0.0003276125928311381,1.922024458454748e-05,0,1877,false,0,112843.0,170000.0,870.7105027412115,0.005121826486713009,7
100000001130176100,3,false,1,0,25000.0,0.0,2,0,1,2026-07-22,2026-07-24,2,0.0,false,true,false,0.0005580456003895477,0.0,0,1877,false,0,12500.0,0.0,1948.7271713952202,0.07794908685580881,0
100000001145749100,3,false,1,0,10000.0,0.0,1,0,1,2026-07-20,2026-07-20,1,0.0,false,true,false,0.000478508915022973,0.0,0,1877,false,0,10000.0,0.0,5737.704918032787,0.5737704918032787,2
100000005367445100,3,false,1,1,5000.0,5000.0,1,1,1,2026-07-22,2026-07-23,2,1.0,false,false,false,0.0018429964605732592,0.0,0,1877,true,0,5000.0,5000.0,312.41836204714764,0.06248367240942953,6
100000003917461100,3,false,1,2,10000.0,140000.0,1,5,2,2026-07-03,2026-07-30,5,14.0,false,false,false,0.00039913166986850225,2.0210978841482916e-05,0,1877,true,0,10000.0,28000.0,5554.395797742266,0.03967425569815904,11
100000008200810100,3,false,1,0,475000.0,0.0,1,0,1,2026-07-03,2026-07-03,1,0.0,false,true,false,0.0003081944220849899,0.0,0,1877,false,0,475000.0,0.0,152.35355768869272,0.0003207443319761952,12
100000002554175100,3,false,1,0,24621.0,0.0,1,0,1,2026-07-05,2026-07-05,1,0.0,false,true,false,0.00029474264174590665,0.0,0,1877,false,0,24621.0,0.0,189.9786720309755,0.007716123310628143,7
100000008751380100,3,false,2,0,345780.0,0.0,2,0,2,2026-07-24,2026-07-31,2,0.0,false,true,false,0.0003127638118830462,0.0,0,1877,false,0,172890.0,0.0,568.4946763241968,0.0016440935748863346,6
100000004071444100,3,false,1,1,247350.0,100000.0,1,1,2,2026-07-24,2026-07-25,2,0.40428542551041036,false,false,false,0.0003075048495520197,1.922024458454748e-05,0,1877,false,0,247350.0,100000.0,1199.6377544741933,0.004849960600259525,0
100000001141268100,3,false,2,1,480000.0,10000.0,2,1,3,2026-07-28,2026-07-29,2,0.020833333333333332,false,false,false,0.0003648625677100102,2.2390594206740877e-05,0,1877,false,0,240000.0,10000.0,2570.003881729322,0.005354174753602755,17
100000002645993100,3,false,2,5,49650.0,86980.0,4,9,7,2026-07-07,2026-07-09,2,1.7518630412890233,false,false,false,0.00029330859358512093,9.387624077821865e-05,0,1877,true,2,12412.5,9664.444444444445,41.135479261113275,0.00047293032031631724,0
100000002546921100,3,false,1,0,20000.0,0.0,1,0,1,2026-07-18,2026-07-18,1,0.0,false,true,false,0.00029122232704000326,0.0,0,1877,false,0,20000.0,0.0,22.113455623719002,0.0011056727811859502,14
100000008753897100,3,false,1,0,24050.0,0.0,1,0,1,2026-07-24,2026-07-24,1,0.0,false,true,false,0.0002893229648066392,0.0,1,270,false,0,24050.0,0.0,15.981409749705616,0.0006645076819004414,1
100000000870121100,3,false,1,0,12000.0,0.0,1,0,1,2026-07-21,2026-07-21,1,0.0,false,true,false,0.00031567480064350093,0.0,0,1877,false,0,12000.0,0.0,95.89539077964183,0.007991282564970153,13
100000003171006100,3,false,2,0,485000.0,0.0,2,0,2,2026-07-25,2026-07-25,1,0.0,false,true,false,0.00033496794429429215,0.0,0,1877,false,0,242500.0,0.0,428.95619148132363,0.0008844457556315951,6
100000001690558100,3,false,1,0,740000.0,0.0,1,0,1,2026-07-19,2026-07-19,1,0.0,false,true,false,0.00041212063930432425,0.0,0,1877,false,0,740000.0,0.0,5489.450385828161,0.007418176197065083,18
100000008667795100,3,false,1,0,34000.0,0.0,1,0,1,2026-07-02,2026-07-02,1,0.0,false,true,false,0.0002908759387095086,0.0,1,270,false,0,34000.0,0.0,22.59326118461501,0.0006645076819004414,1
100000005674387100,3,false,1,0,26200.0,0.0,1,0,1,2026-07-13,2026-07-13,1,0.0,false,true,false,0.00028965853203188235,0.0,1,270,false,0,26200.0,0.0,17.410101265791567,0.0006645076819004415,1
100000003636627100,3,false,1,1,77000.0,10000.0,8,1,1,2026-07-03,2026-07-30,9,0.12987012987012986,false,false,false,0.0019763124102947973,0.0,0,1877,true,0,9625.0,10000.0,19288.13310950132,0.25049523518832884,9
100000001275752100,3,false,1,0,151500.0,0.0,1,0,1,2026-07-30,2026-07-30,1,0.0,false,true,false,0.0002933745290896686,0.0,0,1877,false,0,151500.0,0.0,191.0023653997707,0.0012607416858070673,6
100000002459240100,3,false,1,0,150000.0,0.0,1,0,1,2026-07-03,2026-07-03,1,0.0,false,true,false,0.000290430670328404,0.0,0,1877,false,0,150000.0,0.0,179.30430622505233,0.0011953620415003489,5
100000002644285100,3,false,1,0,500000.0,0.0,1,0,1,2026-07-04,2026-07-04,1,0.0,false,true,false,0.000309385218288553,0.0,0,1877,false,0,500000.0,0.0,160.3721659880976,0.0003207443319761952,12
100000005186109100,3,false,1,0,5000.0,0.0,1,0,1,2026-07-30,2026-07-30,1,0.0,false,true,false,0.0006059178330672818,0.0,0,1877,false,0,5000.0,0.0,138.60156100014618,0.027720312200029237,15
100000005317181100,3,false,1,1,141250.0,14500.0,1,1,2,2026-07-05,2026-07-16,2,0.10265486725663717,false,false,false,0.00032241739654599165,1.922024458454748e-05,0,1877,false,0,141250.0,14500.0,1713.421574100464,0.0121304182237201,0
100000003001661100,3,false,1,5,110000.0,439500.0,1,8,5,2026-07-02,2026-07-29,9,3.9954545454545456,false,false,false,0.0005464870342921875,8.322167758257671e-05,0,1877,true,0,110000.0,54937.5,1214.4882953527992,0.0027633408312919207,27
100000000288317100,3,false,2,3,100000.0,53500.0,2,3,5,2026-07-18,2026-07-31,4,0.535,false,false,false,0.00031283348562049514,5.8255174307803695e-05,0,1877,false,0,50000.0,17833.333333333332,1067.7268500948383,0.010677268500948382,4
100000004368189100,3,false,1,2,384600.0,28200.0,1,2,3,2026-07-08,2026-07-12,3,0.07332293291731669,false,false,false,0.00030388850301290584,2.774055919419224e-06,0,1877,false,0,384600.0,14100.0,123.35827007804468,0.0003207443319761952,12
100000004493586100,3,false,1,0,7500.0,0.0,1,0,1,2026-07-05,2026-07-05,1,0.0,false,true,false,0.00028863973665071426,0.0,0,1877,false,0,7500.0,0.0,5.871322095989776,0.0007828429461319701,0
100000004114962100,3,false,2,0,165000.0,0.0,2,0,2,2026-07-06,2026-07-07,2,0.0,false,true,false,0.0007112908662345307,0.0,0,1877,false,0,82500.0,0.0,203.31257272098992,0.0012321974104302419,5
100000008088082100,3,false,1,1,39138.0,50000.0,1,1,2,2026-07-08,2026-07-28,2,1.2775307884920026,false,false,false,0.0003000572852952144,1.922024458454748e-05,0,1877,false,0,39138.0,50000.0,422.92011492973006,0.0084584022985946,13
100000008595687100,3,false,1,1,64395.0,10400.0,1,1,2,2026-07-11,2026-07-12,2,0.161503222299868,false,false,false,0.0003048576272990941,0.00030108414068267934,0,1877,true,0,64395.0,10400.0,671.784036007293,0.010432239086998881,3
100000001248999100,3,false,1,0,23425.0,0.0,1,0,1,2026-07-22,2026-07-22,1,0.0,false,true,false,0.0002892563668937378,0.0,0,1877,false,0,23425.0,0.0,57.598020737845545,0.002458826925841859,16
100000002736316100,3,false,3,0,266921.0,0.0,3,0,3,2026-07-04,2026-07-17,2,0.0,false,true,false,0.000383823272414158,0.0,0,1877,false,0,88973.66666666667,0.0,783.8769769705892,0.002936737750010637,0
100000008596924100,3,false,1,0,100000.0,0.0,1,0,1,2026-07-31,2026-07-31,1,0.0,false,true,false,0.00041602042429942325,0.0,0,1877,false,0,100000.0,0.0,3789.5747395369135,0.037895747395369134,9
100000008598972100,3,false,1,0,120000.0,0.0,1,0,1,2026-07-06,2026-07-06,1,0.0,false,true,false,0.0002941160150228181,0.0,0,1877,false,0,120000.0,0.0,258.80388991890743,0.002156699082657562,4
100000002769809100,3,false,1,0,113422.0,0.0,1,0,1,2026-07-14,2026-07-14,1,0.0,false,true,false,0.00037774425946329835,0.0,0,1877,false,0,113422.0,0.0,1351.881821428219,0.011919044113383813,18
100000003089553100,3,false,1,0,150000.0,0.0,1,0,1,2026-07-14,2026-07-14,1,0.0,false,true,false,0.00030709199718265205,0.0,0,1877,false,0,150000.0,0.0,78.28454292830997,0.0005218969528553998,6
100000002343825100,3,false,3,2,350000.0,89800.0,4,2,5,2026-07-14,2026-07-21,3,0.25657142857142856,false,false,false,0.0003335972535476287,4.279971989961088e-05,0,1877,false,0,87500.0,44900.0,319.3293792900977,0.0009123696551145648,6
100000002015633100,3,false,1,0,94970.0,0.0,1,0,1,2026-07-09,2026-07-09,1,0.0,false,true,false,0.00028864719347910725,0.0,0,1877,false,0,94970.0,0.0,113.52353308128814,0.0011953620415003489,5
100000002906470100,3,false,1,0,130000.0,0.0,1,0,1,2026-07-26,2026-07-26,1,0.0,false,true,false,0.0003078012872731216,0.0,0,1877,false,0,130000.0,0.0,964.3629056184607,0.007418176197065082,18
100000005628518100,3,false,1,0,77000.0,0.0,3,0,1,2026-07-06,2026-07-25,3,0.0,false,true,false,0.0005329929869212523,0.0,0,1877,false,0,25666.666666666668,0.0,492.3356643356644,0.00639396966669694,18
100000002958139100,3,false,1,0,209500.0,0.0,2,0,1,2026-07-22,2026-07-25,2,0.0,false,true,false,0.00030027317473638827,0.0,0,1877,false,0,104750.0,0.0,235.5328464643123,0.0011242617969656912,6
100000008754747100,3,false,1,0,45500.0,0.0,1,0,1,2026-07-24,2026-07-24,1,0.0,false,true,false,0.0002926708331701115,0.0,1,270,false,0,45500.0,0.0,30.235099526470087,0.0006645076819004414,1
100000008776720100,3,false,1,0,26150.0,0.0,1,0,1,2026-07-30,2026-07-30,1,0.0,false,true,false,0.00028965072814292326,0.0,1,270,false,0,26150.0,0.0,17.376875881696545,0.0006645076819004415,1
100000008576528100,3,false,1,0,28000.0,0.0,1,0,1,2026-07-26,2026-07-26,1,0.0,false,true,false,0.00028647675109136583,0.0,0,1877,false,0,28000.0,0.0,33.47013716200977,0.0011953620415003489,5
100000004603109100,3,false,3,2,2730000.0,400000.0,8,2,4,2026-07-02,2026-07-12,6,0.14652014652014653,false,false,false,0.0031783652796316866,6.93513979854806e-07,0,1877,true,1,341250.0,200000.0,40799.86242131144,0.01494500454993093,22
100000008721637100,3,false,1,2,24041.0,127000.0,1,2,3,2026-07-18,2026-07-22,2,5.282642152988644,false,false,false,0.00029046065198956296,7.331450401719377e-05,0,1877,false,0,24041.0,63500.0,159.9088007072958,0.0012591244150180771,9
100000004491749100,3,false,1,0,50000.0,0.0,1,0,1,2026-07-31,2026-07-31,1,0.0,false,true,false,0.00035079485925835737,0.0,0,1877,false,0,50000.0,0.0,1894.7873697684568,0.037895747395369134,9
100000005171642100,3,false,2,1,696800.0,683600.0,5,4,2,2026-07-04,2026-07-27,7,0.9810562571756601,false,false,false,0.0027671822247582736,3.962937027741748e-07,0,1877,true,0,139360.0,170900.0,45199.41937691709,0.06486713458224908,9
100000008682426100,3,false,1,0,20000.0,0.0,1,0,1,2026-07-18,2026-07-18,1,0.0,false,true,false,0.00029122232704000326,0.0,0,1877,false,0,20000.0,0.0,22.113455623719002,0.0011056727811859502,14
100000006209210100,3,false,1,0,229111.0,0.0,1,0,1,2026-07-09,2026-07-09,1,0.0,false,true,false,0.00036080271331221395,0.0,0,1877,false,0,229111.0,0.0,597.2283855052013,0.0026067206965409836,8
100000003888527100,3,false,1,0,30000.0,0.0,1,0,1,2026-07-14,2026-07-14,1,0.0,false,true,false,0.00036667480835084833,0.0,0,1877,false,0,30000.0,0.0,615.4027661072237,0.020513425536907454,41
100000008490127100,3,false,1,6,431755.0,923000.0,2,9,7,2026-07-01,2026-07-20,7,2.137786476126507,false,false,false,0.0002995621171696474,0.00011532146750728487,0,1877,false,1,215877.5,102555.55555555556,516.1035382279831,0.0005591587629772298,5
100000004336228100,3,false,1,0,51407.0,0.0,2,0,1,2026-07-27,2026-07-27,1,0.0,false,true,false,0.00029602851093037157,0.0,0,1877,false,1,25703.5,0.0,341.93385125244185,0.0066515037106316625,4
100000006844004100,3,false,1,0,20600.0,0.0,1,0,1,2026-07-22,2026-07-22,1,0.0,false,true,false,0.0005454417164852403,0.0,0,1877,false,0,20600.0,0.0,618.3702397076396,0.03001797280134173,0
100000001688676100,3,false,1,0,133700.0,0.0,1,0,1,2026-07-26,2026-07-26,1,0.0,false,true,false,0.00030843404399855676,0.0,0,1877,false,0,133700.0,0.0,991.8101575476015,0.007418176197065082,18
100000008712036100,3,false,1,0,21000.0,0.0,1,0,1,2026-07-14,2026-07-14,1,0.0,false,true,false,0.0002888469275801315,0.0,1,270,false,0,21000.0,0.0,13.95466131990927,0.0006645076819004414,1
100000004697956100,3,false,1,1,10000.0,10000.0,1,1,1,2026-07-07,2026-07-10,2,1.0,false,false,false,0.00046811607606617856,0.0,0,1877,true,0,10000.0,10000.0,2400.064001706697,0.2400064001706697,9
100000004921657100,3,false,1,1,8300.0,22190.0,1,1,2,2026-07-18,2026-07-18,1,2.6734939759036145,false,false,false,0.00036129622421142746,0.0,0,1877,false,0,8300.0,22190.0,6593.313518821605,0.2971299467697884,2
100000000408846100,3,false,1,0,40500.0,0.0,1,0,1,2026-07-16,2026-07-16,1,0.0,false,true,false,0.00029572557348088126,0.0,0,1877,false,0,40500.0,0.0,13.070102881242867,0.0003227185896603177,26
100000003406094100,3,false,1,3,70000.0,47000.0,4,3,3,2026-07-10,2026-07-31,7,0.6714285714285714,false,false,false,0.000778150781378676,3.883678287186913e-05,0,1877,true,0,17500.0,15666.666666666666,6696.569573639754,0.09566527962342505,3
100000008695566100,3,false,1,0,33700.0,0.0,1,0,1,2026-07-10,2026-07-10,1,0.0,false,true,false,0.00029082911537575375,0.0,1,270,false,0,33700.0,0.0,22.393908880044876,0.0006645076819004414,1
100000005974542100,3,false,1,0,94500.0,0.0,3,0,1,2026-07-01,2026-07-14,3,0.0,false,true,false,0.00048304721912277874,0.0,0,1877,false,0,31500.0,0.0,7209.175994583968,0.07628757666226421,21
100000001887715100,3,false,3,1,1331500.0,750000.0,4,1,4,2026-07-31,2026-07-31,1,0.5632745024408562,false,false,false,0.0007309294553868698,2.2588741058127966e-05,0,1877,false,1,332875.0,750000.0,112.48824119323402,8.448234411808789e-05,17
100000002472632100,3,false,2,1,502400.0,20000.0,3,1,3,2026-07-10,2026-07-21,3,0.03980891719745223,false,false,false,0.0009856193332908692,2.0012831990095827e-05,0,1877,false,1,167466.66666666666,20000.0,6020.988914144617,0.011984452456498044,25
100000004629688100,3,false,1,1,5000.0,15000.0,1,2,1,2026-07-19,2026-07-24,3,3.0,false,false,false,0.0003879725844992435,0.0,0,1877,true,0,5000.0,7500.0,112.30494745732523,0.007486996497155015,15
100000002459832100,3,false,2,0,880606.0,0.0,2,0,2,2026-07-09,2026-07-23,2,0.0,false,true,false,0.00039318803670429937,0.0,0,1877,false,0,440303.0,0.0,1753.5604504116068,0.001991311040819171,4
100000006100920100,3,false,1,0,100000.0,0.0,1,0,1,2026-07-04,2026-07-04,1,0.0,false,true,false,0.000326508526662928,0.0,0,1877,false,0,100000.0,0.0,78.28429461319702,0.0007828429461319701,0
100000001439416100,3,false,1,2,10000.0,165000.0,1,3,2,2026-07-01,2026-07-27,4,16.5,false,false,false,0.0003408996759919343,1.981468513870874e-05,0,1877,true,0,10000.0,55000.0,213.99489664792142,0.00129693876756316,24
100000002121357100,3,false,2,1,255300.0,113000.0,2,1,3,2026-07-18,2026-07-22,3,0.4426165295730513,false,false,false,0.00032627377480928663,2.159800680119253e-05,0,1877,false,0,127650.0,113000.0,93.13783189229663,0.0003648172028683769,6
100000002970466100,3,false,1,2,23317.0,93000.0,1,3,3,2026-07-22,2026-07-29,4,3.9885062400823434,false,false,false,0.00028688250688906693,3.844048916909496e-05,0,1877,false,0,23317.0,31000.0,19.736501662887804,0.0002122204479880409,0
100000002581346100,3,false,1,0,166400.0,0.0,1,0,1,2026-07-24,2026-07-24,1,0.0,false,true,false,0.000290962180783219,0.0,0,1877,false,0,166400.0,0.0,198.90824370565807,0.0011953620415003489,5
100000008738658100,3,false,1,0,29920.0,0.0,1,0,1,2026-07-21,2026-07-21,1,0.0,false,true,false,0.00029023914137044256,0.0,1,270,false,0,29920.0,0.0,19.882069842461206,0.0006645076819004413,1
100000005910114100,3,false,3,19,326144.0,1469993.0,3,56,22,2026-07-01,2026-07-21,20,4.507190075549451,false,false,false,0.0003616504127742264,0.0058422060565729555,0,1877,true,13,108714.66666666667,26249.875,2783.0872618881804,0.001893265656291003,0
100000001046626100,3,false,1,0,150000.0,0.0,1,0,1,2026-07-20,2026-07-20,1,0.0,false,true,false,0.000290430670328404,0.0,0,1877,false,0,150000.0,0.0,179.30430622505233,0.0011953620415003489,5
100000006492770100,3,false,1,1,269000.0,20000.0,1,1,2,2026-07-06,2026-07-07,2,0.07434944237918216,false,false,false,0.00030071936535455495,1.922024458454748e-05,0,1877,false,0,269000.0,20000.0,227.69305430873695,0.0008464425810733716,0
100000001674850100,3,false,2,0,237000.0,0.0,2,0,2,2026-07-17,2026-07-17,1,0.0,false,true,false,0.0003140936423748871,0.0,0,1877,false,0,118500.0,0.0,54.44658480449421,0.0002297324253354186,6
100000000860514100,3,false,1,1,12000.0,50000.0,1,1,2,2026-07-19,2026-07-30,2,4.166666666666667,false,false,false,0.00030628937378647417,2.0012831990095827e-05,0,1877,false,0,12000.0,50000.0,229.5887778802765,0.00459177555760553,25
100000003650146100,3,false,1,0,14400.0,0.0,1,0,1,2026-07-02,2026-07-02,1,0.0,false,true,false,0.00030012735117663814,0.0,0,1877,false,0,14400.0,0.0,231.4351077172696,0.016071882480365944,3
100000001227106100,3,false,1,0,164765.0,0.0,1,0,1,2026-07-23,2026-07-23,1,0.0,false,true,false,0.0002909091917836078,0.0,0,1877,false,0,164765.0,0.0,196.953826767805,0.0011953620415003489,5
100000003647799100,3,false,1,0,100000.0,0.0,1,0,1,2026-07-03,2026-07-03,1,0.0,false,true,false,0.0002888102116246999,0.0,0,1877,false,0,100000.0,0.0,119.53620415003489,0.0011953620415003489,5
100000008293431100,3,false,1,5,15000.0,297000.0,1,7,5,2026-07-16,2026-07-30,7,19.8,false,false,false,0.0002868995280156377,5.6870616875245766e-05,0,1877,true,0,15000.0,42428.57142857143,72.74940900389286,0.0002449475050636123,0
100000002975287100,3,false,1,0,15000.0,0.0,1,0,1,2026-07-08,2026-07-08,1,0.0,false,true,false,0.0002891923195721395,0.0,0,1877,false,0,15000.0,0.0,56.39743520711877,0.003759829013807918,16
100000008507703100,3,false,1,0,28500.0,0.0,1,0,1,2026-07-03,2026-07-03,1,0.0,false,true,false,0.0002900175109240029,0.0,1,270,false,0,28500.0,0.0,18.938468934162582,0.0006645076819004414,1
100000001733687100,3,false,1,0,300000.0,0.0,1,0,1,2026-07-30,2026-07-30,1,0.0,false,true,false,0.0003066249703782892,0.0,0,1877,false,0,300000.0,0.0,337.27853908970735,0.0011242617969656912,6
100000004552204100,3,false,1,2,22500.0,10000.0,2,2,2,2026-07-01,2026-07-31,4,0.4444444444444444,false,false,false,0.0008646978335399408,2.0210978841482916e-05,0,1877,true,0,11250.0,5000.0,3350.3309093941107,0.1489035959730716,32
100000008223756100,3,false,2,0,331682.0,0.0,2,0,2,2026-07-19,2026-07-22,2,0.0,false,true,false,0.0003562811211633065,0.0,0,1877,false,0,165841.0,0.0,541.5217765740689,0.001632653495137116,4
100000002956769100,3,false,3,0,840000.0,0.0,3,0,3,2026-07-31,2026-07-31,1,0.0,false,true,false,0.0003847827561785808,0.0,0,1877,false,0,280000.0,0.0,1225.6500056426842,0.001459107149574624,12
100000008555233100,3,false,1,0,440600.0,0.0,1,0,1,2026-07-31,2026-07-31,1,0.0,false,true,false,0.00036340872056222205,0.0,0,1877,false,0,440600.0,0.0,2393.1823154725553,0.005431643929806072,17
100000002346166100,3,false,1,0,6000.0,0.0,1,0,1,2026-07-23,2026-07-23,1,0.0,false,true,false,0.0002865057608923887,0.0,1,270,false,0,6000.0,0.0,3.9870460914026484,0.0006645076819004414,1
100000000878006100,3,false,1,0,47003.0,0.0,1,0,1,2026-07-03,2026-07-03,1,0.0,false,true,false,0.00028709262262629565,0.0,0,1877,false,0,47003.0,0.0,56.1856020366409,0.0011953620415003489,5
100000004997515100,3,false,4,4,395000.0,54500.0,4,4,8,2026-07-01,2026-07-31,8,0.1379746835443038,false,false,false,0.0003566158833194692,8.956237682696351e-05,0,1877,false,0,98750.0,13625.0,1498.9304276901646,0.0037947605764307966,6
100000007653003100,3,false,1,0,100000.0,0.0,1,0,1,2026-07-15,2026-07-15,1,0.0,false,true,false,0.0003013091989193034,0.0,0,1877,false,0,100000.0,0.0,245.8826925841859,0.002458826925841859,16
100000000661131100,3,false,1,0,15600.0,0.0,1,0,1,2026-07-08,2026-07-08,1,0.0,false,true,false,0.0002880041075725441,0.0,1,270,false,0,15600.0,0.0,10.366319837646886,0.0006645076819004414,1
100000003880331100,3,false,1,16,100000.0,3904908.0,1,31,16,2026-07-09,2026-07-27,8,39.04908,false,false,false,0.0003076581045462565,0.0006596540844331801,0,1877,true,5,100000.0,125964.7741935484,167.12267427537677,4.2798107990092664e-05,4
100000003204491100,3,false,1,1,140000.0,100000.0,1,2,2,2026-07-20,2026-07-20,1,0.7142857142857143,false,false,false,0.0002979848096685224,1.922024458454748e-05,0,1877,false,1,140000.0,50000.0,678.9944840363333,0.004849960600259524,0
100000008463968100,3,false,1,0,10000.0,0.0,1,0,1,2026-07-30,2026-07-30,1,0.0,false,true,false,0.0002871300720091201,0.0,1,270,false,0,10000.0,0.0,6.645076819004414,0.0006645076819004414,1
100000002712416100,3,false,2,0,116800.0,0.0,2,0,2,2026-07-14,2026-07-22,2,0.0,false,true,false,0.0003026575194807809,0.0,0,1877,false,0,58400.0,0.0,370.7131505843822,0.0031739139604827246,12
100000008754997100,3,false,1,0,18000.0,0.0,1,0,1,2026-07-24,2026-07-24,1,0.0,false,true,false,0.0002883786942425829,0.0,1,270,false,0,18000.0,0.0,11.961138274207945,0.0006645076819004414,1
100000008011573100,3,false,1,0,15000.0,0.0,1,0,1,2026-07-08,2026-07-08,1,0.0,false,true,false,0.0002891923195721395,0.0,0,1877,false,0,15000.0,0.0,56.39743520711877,0.003759829013807918,16
100000003178549100,3,false,2,4,250000.0,89080.0,2,4,6,2026-07-02,2026-07-16,5,0.35632,false,false,false,0.00035215781948056535,0.00027212202015205507,0,1877,true,0,125000.0,22270.0,1868.5815445010303,0.007474326178004121,16
100000000534581100,3,false,2,1,55960.0,40000.0,2,1,3,2026-07-10,2026-07-25,3,0.7147962830593281,false,false,false,0.00029845332198865206,1.922024458454748e-05,0,1877,false,0,27980.0,40000.0,409.5575860846507,0.007318756005801478,4
100000007138613100,3,false,3,2,1002000.0,179000.0,3,2,5,2026-07-02,2026-07-30,5,0.17864271457085829,false,false,false,0.00035417522726660905,3.883678287186913e-05,0,1877,false,0,334000.0,89500.0,2148.3680508719194,0.00214407989108974,0
100000002380341100,3,false,1,0,57566.4,0.0,1,0,1,2026-07-01,2026-07-01,1,0.0,false,true,false,0.00030913653652387644,0.0,0,1877,false,0,57566.4,0.0,45.06545017421145,0.0007828429461319701,0
100000008309514100,3,false,1,0,17200.0,0.0,1,0,1,2026-07-09,2026-07-09,1,0.0,false,true,false,0.00028825383201923664,0.0,1,270,false,0,17200.0,0.0,11.429532128687592,0.0006645076819004414,1
100000003134474100,3,false,1,0,116000.0,0.0,1,0,1,2026-07-18,2026-07-18,1,0.0,false,true,false,0.00028932875840988523,0.0,0,1877,false,0,116000.0,0.0,138.66199681404046,0.0011953620415003489,5
100000002373386100,3,false,1,0,24000.0,0.0,1,0,1,2026-07-29,2026-07-29,1,0.0,false,true,false,0.00028931516091768006,0.0,1,270,false,0,24000.0,0.0,15.948184365610594,0.0006645076819004414,1
100000008684767100,3,false,1,0,31100.0,0.0,1,0,1,2026-07-07,2026-07-07,1,0.0,false,true,false,0.00029042331314987836,0.0,1,270,false,0,31100.0,0.0,20.666188907103727,0.0006645076819004414,1
100000008332511100,3,false,1,0,100000.0,0.0,1,0,1,2026-07-01,2026-07-01,1,0.0,false,true,false,0.0011127776746800734,0.0,0,1877,false,0,100000.0,0.0,14466.859049423452,0.14466859049423453,9
100000005754335100,3,false,1,0,44037.0,0.0,1,0,1,2026-07-11,2026-07-11,1,0.0,false,true,false,0.0004046240784139396,0.0,0,1877,false,0,44037.0,0.0,903.3497203687936,0.020513425536907454,41
100000008547295100,3,false,1,0,15000.0,0.0,1,0,1,2026-07-31,2026-07-31,1,0.0,false,true,false,0.0005629711569533376,0.0,0,1877,false,0,15000.0,0.0,1231.1026877342686,0.0820735125156179,9
100000001875167100,3,false,1,0,1000000.0,0.0,2,0,1,2026-07-27,2026-07-27,1,0.0,false,true,false,0.0003179784682913747,0.0,0,1877,false,1,500000.0,0.0,1195.3620415003488,0.0011953620415003489,5
100000004670388100,3,false,1,2,160354.0,720000.0,1,4,2,2026-07-03,2026-07-24,3,4.490065729573319,false,false,false,0.0005140172616899984,1.9616538287321655e-05,0,1877,true,1,160354.0,180000.0,3455.693639442868,0.0047995744992262055,49
100000004097972100,3,false,1,2,118878.0,10000.0,1,2,3,2026-07-07,2026-07-22,2,0.0841198539679335,false,false,false,0.0003165811788801674,3.844048916909496e-05,0,1877,false,0,118878.0,5000.0,1442.0398575993981,0.0121304182237201,0
100000000481716100,3,false,1,0,8000.0,0.0,1,0,1,2026-07-22,2026-07-22,1,0.0,false,true,false,0.0003771539261882803,0.0,0,1877,false,0,8000.0,0.0,1153.7609998628386,0.14422012498285483,7
100000005089460100,3,false,1,0,12300.0,0.0,1,0,1,2026-07-08,2026-07-08,1,0.0,false,true,false,0.00028748905090124067,0.0,1,270,false,0,12300.0,0.0,8.173444487375429,0.0006645076819004413,1
100000003105929100,3,false,1,1,429567.0,156354.0,2,1,2,2026-07-01,2026-07-05,2,0.3639804733603838,false,false,false,0.00029949120589677325,1.922024458454748e-05,0,1877,false,1,214783.5,156354.0,513.4880860811804,0.001195362041500349,5
100000008379273100,3,false,2,4,36000.0,38000.0,2,4,6,2026-07-02,2026-07-20,5,1.0555555555555556,false,false,false,0.00029901719044964987,0.0017005148871402581,0,1877,false,0,18000.0,9500.0,170.66945912857568,0.004491301556015149,7
100000005357705100,3,false,1,4,52595.0,387080.0,1,5,5,2026-07-22,2026-07-26,4,7.35963494628767,false,false,false,0.00029627022022006246,7.688097833818992e-05,0,1877,false,1,52595.0,77416.0,349.83583766067227,0.0009037817444989984,4
100000003111305100,3,false,4,0,509338.0,0.0,4,0,4,2026-07-07,2026-07-16,3,0.0,false,true,false,0.0004036018095361811,0.0,0,1877,false,0,127334.5,0.0,3102.7207412052408,0.006091673390175563,9
100000008503177100,3,false,1,0,33951.0,0.0,1,0,1,2026-07-31,2026-07-31,1,0.0,false,true,false,0.00029247693066030084,0.0,0,1877,false,0,33951.0,0.0,225.82520247965556,0.0066515037106316625,4
100000000955529100,3,false,1,1,27000.0,63500.0,1,1,2,2026-07-07,2026-07-14,2,2.3518518518518516,false,false,false,0.00029562901491395733,3.368496473580486e-06,0,1877,false,0,27000.0,63500.0,208.33532938695984,0.0032808713289285015,2
100000008695689100,3,false,1,0,26200.0,0.0,1,0,1,2026-07-10,2026-07-10,1,0.0,false,true,false,0.00028965853203188235,0.0,1,270,false,0,26200.0,0.0,17.410101265791567,0.0006645076819004415,1
100000004184158100,3,false,1,0,203805.0,0.0,1,0,1,2026-07-24,2026-07-24,1,0.0,false,true,false,0.00030364318083542084,0.0,0,1877,false,0,203805.0,0.0,988.4462201358923,0.004849960600259524,0
100000005475379100,3,false,1,3,108370.0,81000.0,1,3,4,2026-07-16,2026-07-31,4,0.7474393282273692,false,false,false,0.0004216387717503743,6.538846095773885e-05,0,1877,false,0,108370.0,27000.0,546.4152238790905,0.00504212626999253,10
100000003093299100,3,false,1,0,15000.0,0.0,1,0,1,2026-07-22,2026-07-22,1,0.0,false,true,false,0.0002864140937230869,0.0,0,1877,false,0,15000.0,0.0,12.696638716100574,0.0008464425810733716,0
100000008767027100,3,false,1,0,5000.0,0.0,1,0,1,2026-07-29,2026-07-29,1,0.0,false,true,false,0.0002863329149575202,0.0,0,1877,false,0,5000.0,0.0,26.349845636474004,0.005269969127294801,17
100000004539443100,3,false,2,0,61990.0,0.0,2,0,2,2026-07-18,2026-07-18,1,0.0,false,true,false,0.0009561831780302809,0.0,0,1877,false,0,30995.0,0.0,38209.44340425532,0.6163807614817763,2
100000007863304100,3,false,1,0,25000.0,0.0,1,0,1,2026-07-03,2026-07-03,1,0.0,false,true,false,0.0002863795235691436,0.0,0,1877,false,0,25000.0,0.0,29.884051037508723,0.0011953620415003489,5
100000004959752100,3,false,1,0,22200.0,0.0,1,0,1,2026-07-31,2026-07-31,1,0.0,false,true,false,0.0007848703238285046,0.0,0,1877,false,0,22200.0,0.0,5755.27446280337,0.2592465974235752,2
100000002214664100,3,false,1,1,7950.0,76950.0,1,2,2,2026-07-30,2026-07-30,1,9.679245283018869,false,false,false,0.00028681011256179525,1.387027959709612e-06,1,270,false,1,7950.0,38475.0,5.28283607110851,6.865284043026003e-05,1
100000008192264100,3,false,1,1,162810.0,187910.0,1,2,2,2026-07-02,2026-07-20,2,1.1541674344327744,false,false,false,0.000290845831848293,1.922024458454748e-05,0,1877,false,0,162810.0,93955.0,194.6168939766718,0.001035692054582895,5
100000000942301100,3,false,1,0,57580.0,0.0,2,0,1,2026-07-07,2026-07-08,2,0.0,false,true,false,0.00030059027639135565,0.0,0,1877,false,0,28790.0,0.0,698.4694813218034,0.0121304182237201,0
100000002578653100,3,false,1,0,20000.0,0.0,1,0,1,2026-07-18,2026-07-18,1,0.0,false,true,false,0.00031131007444757416,0.0,0,1877,false,0,20000.0,0.0,688.161425281838,0.0344080712640919,24
100000002511581100,3,false,1,0,17600.0,0.0,1,0,1,2026-07-07,2026-07-07,1,0.0,false,true,false,0.0002883162631309098,0.0,1,270,false,0,17600.0,0.0,11.695335201447769,0.0006645076819004414,1
100000005610717100,3,false,4,1,484500.0,265200.0,6,7,5,2026-07-04,2026-07-27,8,0.5473684210526316,false,false,false,0.0003445448367122149,1.922024458454748e-05,0,1877,false,1,80750.0,37885.71428571428,2753.1350346311647,0.005682425252076707,0
100000005704413100,3,false,3,32,97834.67,1363593.0,4,35,34,2026-07-12,2026-07-30,12,13.9377278014021,false,false,false,0.0005996888032985929,0.0025627562605435093,0,1877,true,1,24458.6675,38959.8,3218.862602268106,0.00236057430792627,7
100000000976943100,3,false,1,1,70000.0,84000.0,1,3,2,2026-07-20,2026-07-30,3,1.2,false,false,false,0.00037346136238482674,2.1796153652579615e-05,0,1877,false,0,70000.0,28000.0,352.9488388994771,0.004201771891660442,10
100000008708061100,3,false,1,0,8650.0,0.0,1,0,1,2026-07-13,2026-07-13,1,0.0,false,true,false,0.00028691936700722323,0.0,1,270,false,0,8650.0,0.0,5.747991448438818,0.0006645076819004414,1
100000003986141100,3,false,1,0,5286.32,0.0,1,0,1,2026-07-08,2026-07-08,1,0.0,false,true,false,0.00028684612564354754,0.0,0,1877,false,0,5286.32,0.0,19.875659312273072,0.003759829013807918,16
100000005037490100,3,false,1,2,15000.0,30000.0,1,3,2,2026-07-16,2026-07-24,3,2.0,false,false,false,0.0003232011772500533,1.9418391435934565e-05,0,1877,true,0,15000.0,10000.0,119.86923847455229,0.003995641282485076,13
100000004257714100,3,false,1,0,52220.0,0.0,1,0,1,2026-07-10,2026-07-10,1,0.0,false,true,false,0.00029371967584622025,0.0,1,270,false,0,52220.0,0.0,34.70059114884105,0.0006645076819004413,1
100000000569479100,3,false,1,0,320000.0,0.0,1,0,1,2026-07-31,2026-07-31,1,0.0,false,true,false,0.00039495323981977984,0.0,0,1877,false,0,320000.0,0.0,4704.970653204832,0.014703033291265101,0
100000007303047100,3,false,1,0,52250.0,0.0,1,0,1,2026-07-28,2026-07-28,1,0.0,false,true,false,0.0002937243581795957,0.0,1,270,false,0,52250.0,0.0,34.720526379298065,0.0006645076819004414,1
100000008708743100,3,false,1,0,15550.0,0.0,1,0,1,2026-07-13,2026-07-13,1,0.0,false,true,false,0.00028799630368358495,0.0,1,270,false,0,15550.0,0.0,10.333094453551864,0.0006645076819004414,1
100000008745863100,3,false,1,0,22900.0,0.0,1,0,1,2026-07-22,2026-07-22,1,0.0,false,true,false,0.0002891434753605789,0.0,1,270,false,0,22900.0,0.0,15.217225915520109,0.0006645076819004414,1
100000005048668100,3,false,2,8,16668.0,159400.0,2,11,9,2026-07-02,2026-07-31,10,9.563234941204703,false,false,false,0.00028854810674879434,0.0006542869684636799,0,1877,true,0,8334.0,14490.90909090909,78.84477899074389,0.0004946347490009027,4
100000006522972100,3,false,1,0,9515.0,0.0,1,0,1,2026-07-17,2026-07-17,1,0.0,false,true,false,0.0003033101259647844,0.0,0,1877,false,0,9515.0,0.0,57.56577057430138,0.006050002162301774,5
100000008759857100,3,false,1,2,5000.0,994000.0,1,3,3,2026-07-27,2026-07-31,3,198.8,false,false,false,0.0002863329149575202,7.299981620149681e-06,0,1877,false,1,5000.0,331333.3333333333,26.349845636474004,2.650889903065795e-05,17
100000005342513100,3,false,1,1,235000.0,30000.0,2,1,1,2026-07-08,2026-07-10,2,0.1276595744680851,false,false,false,0.0010816512996714878,0.0,1,270,true,0,117500.0,30000.0,320.49708786632186,0.0013638173951758376,1
100000004750897100,3,false,1,0,10000.0,0.0,1,0,1,2026-07-21,2026-07-21,1,0.0,false,true,false,0.0004903758747811955,0.0,0,1877,false,0,10000.0,0.0,224.60989491465045,0.022460989491465046,15
100000001140785100,3,false,2,0,215000.0,0.0,2,0,2,2026-07-14,2026-07-14,1,0.0,false,true,false,0.00031534667818847455,0.0,0,1877,false,0,107500.0,0.0,60.86356028737452,0.000283086326918021,6
100000002821425100,3,false,1,0,275000.0,0.0,1,0,1,2026-07-11,2026-07-11,1,0.0,false,true,false,0.0002986680524564853,0.0,0,1877,false,0,275000.0,0.0,88.20469129345368,0.0003207443319761952,12
100000003221510100,3,false,1,2,24000.0,120000.0,1,3,3,2026-07-08,2026-07-23,3,5.0,false,false,false,0.0002869209734265641,3.844048916909496e-05,0,1877,false,1,24000.0,40000.0,20.31462194576092,0.00016928851621467433,0
100000003031003100,3,false,3,0,280090.0,0.0,3,0,3,2026-07-20,2026-07-31,2,0.0,false,true,false,0.00031149881059583845,0.0,0,1877,false,0,93363.33333333333,0.0,137.22614671595105,0.0004899359017314115,12
100000003060187100,3,false,1,0,93046.0,0.0,1,0,1,2026-07-24,2026-07-24,1,0.0,false,true,false,0.00030148158672400514,0.0,0,1877,false,0,93046.0,0.0,690.2316224321177,0.007418176197065082,18
100000008718811100,3,false,1,0,73300.0,0.0,1,0,1,2026-07-15,2026-07-15,1,0.0,false,true,false,0.00029700979543139484,0.0,1,270,false,0,73300.0,0.0,48.70841308330236,0.0006645076819004414,1
100000008043184100,3,false,1,0,50564.0,0.0,1,0,1,2026-07-19,2026-07-19,1,0.0,false,true,false,0.0002935280196308168,0.0,0,1877,false,0,50564.0,0.0,124.32812467826774,0.002458826925841859,16
100000002530224100,3,false,1,0,113000.0,0.0,1,0,1,2026-07-22,2026-07-22,1,0.0,false,true,false,0.00029139102055774437,0.0,0,1877,false,0,113000.0,0.0,142.4638104961986,0.001260741685807067,6
100000008754608100,3,false,1,0,12300.0,0.0,1,0,1,2026-07-30,2026-07-30,1,0.0,false,true,false,0.00028748905090124067,0.0,1,270,false,0,12300.0,0.0,8.173444487375429,0.0006645076819004413,1
100000006989232100,3,false,1,0,22194.0,0.0,1,0,1,2026-07-16,2026-07-16,1,0.0,false,true,false,0.0002875375081453245,0.0,0,1877,false,0,22194.0,0.0,107.64002556215988,0.004849960600259524,0
100000006532229100,3,false,1,0,105000.0,0.0,1,0,1,2026-07-12,2026-07-12,1,0.0,false,true,false,0.0003006351862930439,0.0,0,1877,false,0,105000.0,0.0,54.79918004981698,0.0005218969528553998,6
100000005661829100,3,false,1,2,37790.0,40362.0,1,4,3,2026-07-25,2026-07-27,3,1.0680603334215402,false,false,false,0.00029203196358329014,2.229209894062771e-06,0,1877,false,1,37790.0,10090.5,280.3328784870895,0.006945465499407598,18
100000004553349100,3,false,1,0,7755.0,0.0,1,0,1,2026-07-15,2026-07-15,1,0.0,false,true,false,0.00030002858483230014,0.0,0,1877,false,0,7755.0,0.0,46.91776676865026,0.006050002162301774,5
100000002945626100,3,false,3,0,584000.0,0.0,3,0,3,2026-07-22,2026-07-29,2,0.0,false,true,false,0.0003377644362503456,0.0,0,1877,false,0,194666.66666666666,0.0,971.3249727341079,0.001663227693037856,6
100000008775471100,3,false,1,0,580000.0,0.0,2,0,1,2026-07-30,2026-07-30,1,0.0,false,true,false,0.00035837580082273633,0.0,0,1877,false,1,290000.0,0.0,135.0142275949606,0.00023278315102579414,17
100000000404740100,4,false,1,0,25000.0,0.0,1,0,1,2026-07-21,2026-07-21,1,0.0,true,false,false,0.0005579900727464845,0.0,0,1877,false,0,25000.0,0.0,382.6479631337942,0.015305918525351767,25
100000004268036100,4,false,1,0,5500.0,0.0,1,0,1,2026-07-24,2026-07-24,1,0.0,true,false,false,0.0002885126171078145,0.0,0,1877,false,0,5500.0,0.0,0.2661171785036705,4.838494154612191e-05,7
100000001256409100,4,false,1,0,8000.0,0.0,1,0,1,2026-07-27,2026-07-27,1,0.0,true,false,false,0.0005471647850140205,0.0,0,1877,false,0,8000.0,0.0,17.253592661260495,0.002156699082657562,4
100000005360814100,4,false,1,0,144000.0,0.0,3,0,1,2026-07-10,2026-07-17,3,0.0,true,false,false,0.0004336887325641281,0.0,0,1877,false,0,48000.0,0.0,64.88294433637554,0.0004505760023359413,4
100000002369454100,4,false,1,0,25000.0,0.0,1,0,1,2026-07-17,2026-07-17,1,0.0,true,false,false,0.00042888184355224855,0.0,0,1877,false,0,25000.0,0.0,166.28759276579157,0.0066515037106316625,4
100000004272302100,4,false,1,0,10000.0,0.0,1,0,1,2026-07-15,2026-07-15,1,0.0,true,false,false,0.0002877361499743476,0.0,0,1877,false,0,10000.0,0.0,34.64152501965917,0.003464152501965917,24
100000008727982100,4,false,1,0,30000.0,0.0,2,0,1,2026-07-31,2026-07-31,1,0.0,true,false,false,0.0005138489258762222,0.0,0,1877,false,1,15000.0,0.0,586.3842263149087,0.019546140877156695,9
100000000600707100,4,false,1,0,89000.0,0.0,2,0,1,2026-07-22,2026-07-31,2,0.0,true,false,false,0.0005701602511841824,0.0,0,1877,false,0,44500.0,0.0,5916.184971098267,0.06647398843930637,36
100000004500781100,4,false,1,0,74000.0,0.0,5,0,1,2026-07-13,2026-07-23,3,0.0,true,false,false,0.0006807503625850077,0.0,0,1877,false,2,14800.0,0.0,81.81978580776031,0.0011056727811859502,14
100000008703533100,4,false,1,0,75000.0,0.0,1,0,1,2026-07-16,2026-07-16,1,0.0,true,false,false,0.00029552677799059654,0.0,0,1877,false,0,75000.0,0.0,0.634058031752651,8.454107090035347e-06,6
100000004549591100,4,false,1,0,49000.0,0.0,1,0,1,2026-07-20,2026-07-20,1,0.0,true,false,false,0.0004443211683334058,0.0,0,1877,false,0,49000.0,0.0,673.1456978967495,0.013737667304015296,37
100000002700161100,4,false,1,0,39000.0,0.0,1,0,1,2026-07-21,2026-07-21,1,0.0,true,false,false,0.0009026643078152174,0.0,0,1877,false,0,39000.0,0.0,1695.6521739130435,0.043478260869565216,50
100000003134550100,4,false,1,0,100000.0,0.0,1,0,1,2026-07-17,2026-07-17,1,0.0,true,false,false,0.0002988459392483648,0.0,0,1877,false,0,100000.0,0.0,0.8454107090035347,8.454107090035347e-06,6
100000001957974100,4,false,1,0,500000.0,0.0,1,0,1,2026-07-24,2026-07-24,1,0.0,true,false,false,0.0003201374676904359,0.0,0,1877,false,0,500000.0,0.0,51.90454711449661,0.00010380909422899321,14
100000001246806100,4,false,1,0,130000.0,0.0,1,0,1,2026-07-21,2026-07-21,1,0.0,true,false,false,0.0005329767614424818,0.0,0,1877,false,0,130000.0,0.0,126.21411090783131,0.000970877776214087,6
100000003622955100,4,false,1,0,15000.0,0.0,1,0,1,2026-07-01,2026-07-01,1,0.0,true,false,false,0.0013342637758280186,0.0,0,1877,false,0,15000.0,0.0,5898.867522538375,0.39325783483589166,10
100000003692843100,4,false,1,0,510000.0,0.0,2,0,1,2026-07-06,2026-07-24,2,0.0,true,false,false,0.0005294957412060616,0.0,0,1877,false,0,255000.0,0.0,722.4341059239855,0.00141653746259605,51
100000008629504100,4,false,1,0,20000.0,0.0,1,0,1,2026-07-16,2026-07-16,1,0.0,true,false,false,0.0003020103417337856,0.0,0,1877,false,0,20000.0,0.0,4.898950101272247,0.0002449475050636123,0
100000005621418100,4,false,1,0,30000.0,0.0,1,0,1,2026-07-07,2026-07-07,1,0.0,true,false,false,0.000307826386396474,0.0,0,1877,false,0,30000.0,0.0,9.68155768980953,0.0003227185896603177,26
100000004167082100,4,false,1,0,13300.0,0.0,1,0,1,2026-07-01,2026-07-01,1,0.0,true,false,false,0.0003849148092594299,0.0,0,1877,false,0,13300.0,0.0,127.5604104675901,0.009591008305833842,13
100000004379306100,4,false,1,0,15000.0,0.0,1,0,1,2026-07-12,2026-07-12,1,0.0,true,false,false,0.0005320511103436077,0.0,0,1877,false,0,15000.0,0.0,99.77255565947493,0.0066515037106316625,4
100000004856746100,4,false,1,0,20000.0,0.0,1,0,1,2026-07-31,2026-07-31,1,0.0,true,false,false,0.00030004730606245246,0.0,0,1877,false,0,20000.0,0.0,214.5424263442933,0.010727121317214665,33
100000004891562100,4,false,1,0,103400.0,0.0,1,0,1,2026-07-07,2026-07-07,1,0.0,true,false,false,0.00034090376455912303,0.0,0,1877,false,0,103400.0,0.0,5.003002955869006,4.8384941546121915e-05,7
100000007042175100,4,false,1,0,60000.0,0.0,1,0,1,2026-07-13,2026-07-13,1,0.0,true,false,false,0.0005340058628254463,0.0,0,1877,false,0,60000.0,0.0,118.98359241320092,0.0019830598735533487,0
100000002670463100,4,false,1,0,31500.0,0.0,1,0,1,2026-07-25,2026-07-25,1,0.0,true,false,false,0.0003024265071357412,0.0,0,1877,false,0,31500.0,0.0,1.52412565870284,4.838494154612191e-05,7
100000005567828100,4,false,1,0,94000.0,0.0,1,0,1,2026-07-30,2026-07-30,1,0.0,true,false,false,0.00032075622145792134,0.0,0,1877,false,0,94000.0,0.0,221.89398494506938,0.00236057430792627,7
100000004200745100,4,false,1,0,130000.0,0.0,4,0,1,2026-07-03,2026-07-23,4,0.0,true,false,false,0.0006010148962169096,0.0,0,1877,false,0,32500.0,0.0,5157.6532407606755,0.03967425569815904,11
100000003989033100,4,false,1,0,373400.0,0.0,13,0,1,2026-07-06,2026-07-30,12,0.0,true,false,false,0.0005989171063455122,0.0,0,1877,false,1,28723.076923076922,0.0,246.19520130840988,0.00065933369391647,7
100000005146665100,4,false,1,0,5500.0,0.0,1,0,1,2026-07-21,2026-07-21,1,0.0,true,false,false,0.0002864537524941126,0.0,0,1877,false,0,5500.0,0.0,0.21539728066645641,3.916314193935571e-05,57
100000003096787100,4,false,1,0,16400.0,0.0,1,0,1,2026-07-12,2026-07-12,1,0.0,true,false,false,0.0002917082900337419,0.0,0,1877,false,0,16400.0,0.0,38.71341864999083,0.00236057430792627,7
100000003074515100,4,false,1,0,105000.0,0.0,1,0,1,2026-07-13,2026-07-13,1,0.0,true,false,false,0.00029938285450538247,0.0,0,1877,false,0,105000.0,0.0,69.54879424191937,0.0006623694689706606,6
100000004377043100,4,false,1,0,5700.0,0.0,1,0,1,2026-07-21,2026-07-21,1,0.0,true,false,false,0.000363549525686565,0.0,0,1877,false,0,5700.0,0.0,62.93257530464505,0.011040802685025447,27
100000008680061100,4,false,1,0,41300.0,0.0,2,0,1,2026-07-07,2026-07-09,2,0.0,true,false,false,0.00031068559080704277,0.0,0,1877,false,0,20650.0,0.0,106.96242574209222,0.0025898892431499326,5
100000008471634100,4,false,1,0,20000.0,0.0,1,0,1,2026-07-10,2026-07-10,1,0.0,true,false,false,0.0011246149928916343,0.0,0,1877,false,0,20000.0,0.0,239.68904912996086,0.011984452456498044,25
100000002119762100,4,false,1,0,77000.0,0.0,6,0,1,2026-07-18,2026-07-20,3,0.0,true,false,false,0.0005295245957280128,0.0,0,1877,false,2,12833.333333333334,0.0,40.642309411011865,0.0005278222001430113,5
100000008628818100,4,false,1,0,46310.0,0.0,1,0,1,2026-07-28,2026-07-28,1,0.0,true,false,false,0.0003029044708184997,0.0,0,1877,false,0,46310.0,0.0,109.31819620006556,0.00236057430792627,7
100000007510567100,4,false,1,0,52000.0,0.0,1,0,1,2026-07-13,2026-07-13,1,0.0,true,false,false,0.0003050344029035974,0.0,0,1877,false,0,52000.0,0.0,122.74986401216603,0.00236057430792627,7
100000004780327100,4,false,1,0,12000.0,0.0,1,0,1,2026-07-24,2026-07-24,1,0.0,true,false,false,0.0002919910896147962,0.0,0,1877,false,0,12000.0,0.0,0.580619298553463,4.8384941546121915e-05,7
100000008376785100,4,false,1,0,234250.0,0.0,2,0,1,2026-07-22,2026-07-29,2,0.0,true,false,false,0.0005318070054641113,0.0,0,1877,false,0,117125.0,0.0,139.4987502430907,0.0005955122742501204,5
100000005745873100,4,false,1,0,223000.0,0.0,1,0,1,2026-07-15,2026-07-15,1,0.0,true,false,false,0.0003163211975392913,0.0,0,1877,false,0,223000.0,0.0,1.0277062271207553,4.608548103680517e-06,40
100000002594214100,4,false,1,0,1000000.0,0.0,1,0,1,2026-07-17,2026-07-17,1,0.0,true,false,false,0.0003670592433622206,0.0,0,1877,false,0,1000000.0,0.0,108.77522639587185,0.00010877522639587186,38
100000001299323100,4,false,1,0,109000.0,0.0,1,0,1,2026-07-28,2026-07-28,1,0.0,true,false,false,0.0002999090853735002,0.0,0,1877,false,0,109000.0,0.0,72.19827211780202,0.0006623694689706607,6
100000003838587100,4,false,1,0,6000.0,0.0,1,0,1,2026-07-19,2026-07-19,1,0.0,true,false,false,0.0005550324069085234,0.0,0,1877,false,0,6000.0,0.0,6.634036687115701,0.0011056727811859502,14
100000000673915100,4,false,1,0,20200.0,0.0,1,0,1,2026-07-14,2026-07-14,1,0.0,true,false,false,0.0002875765133018179,0.0,0,1877,false,0,20200.0,0.0,0.9762326512104478,4.832834906982415e-05,35
100000003061115100,4,false,1,0,45000.0,0.0,1,0,1,2026-07-10,2026-07-10,1,0.0,true,false,false,0.0005339039923107214,0.0,0,1877,false,0,45000.0,0.0,290.37795143941173,0.006452843365320261,0
100000004326224100,4,false,1,0,60000.0,0.0,1,0,1,2026-07-04,2026-07-04,1,0.0,true,false,false,0.0005348779091078319,0.0,0,1877,false,0,60000.0,0.0,71.72172249002094,0.0011953620415003489,5
100000004988240100,4,false,1,0,20000.0,0.0,1,0,1,2026-07-21,2026-07-21,1,0.0,true,false,false,0.0005299271891403079,0.0,0,1877,false,0,20000.0,0.0,16.92885162146743,0.0008464425810733715,0
100000008525136100,4,false,1,0,14100.0,0.0,1,0,1,2026-07-10,2026-07-10,1,0.0,true,false,false,0.0002885216550484365,0.0,0,1877,false,0,14100.0,0.0,26.69504575370314,0.001893265656291003,0
100000001991973100,4,false,1,0,20800.0,0.0,1,0,1,2026-07-24,2026-07-24,1,0.0,true,false,false,0.00029670040623963286,0.0,0,1877,false,0,20800.0,0.0,1.0064067841593356,4.83849415461219e-05,7
100000004569637100,4,false,1,0,5500.0,0.0,1,0,1,2026-07-28,2026-07-28,1,0.0,true,false,false,0.0005531603067223203,0.0,0,1877,false,0,5500.0,0.0,36.58327040847414,0.0066515037106316625,4
100000008675322100,4,false,1,0,340000.0,0.0,4,0,1,2026-07-09,2026-07-15,4,0.0,true,false,false,0.00031935416989743715,0.0,0,1877,false,0,85000.0,0.0,16.43163868374021,4.832834906982415e-05,35
100000004235471100,4,false,1,0,180000.0,0.0,1,0,1,2026-07-20,2026-07-20,1,0.0,true,false,false,0.0003486135302974621,0.0,0,1877,false,0,180000.0,0.0,99.18516539349145,0.000551028696630508,5
100000003194831100,4,false,1,0,6265.0,0.0,1,0,1,2026-07-25,2026-07-25,1,0.0,true,false,false,0.0002908267233629351,0.0,0,1877,false,0,6265.0,0.0,4.130725592386685,0.00065933369391647,7
100000008588665100,4,false,1,0,25000.0,0.0,1,0,1,2026-07-05,2026-07-05,1,0.0,true,false,false,0.00035249090665569075,0.0,0,1877,false,0,25000.0,0.0,303.2604555930025,0.0121304182237201,0
100000003230329100,4,false,1,0,110000.0,0.0,1,0,1,2026-07-20,2026-07-20,1,0.0,true,false,false,0.0003000406430905296,0.0,0,1877,false,0,110000.0,0.0,72.86064158677267,0.0006623694689706607,6
100000002217806100,4,false,1,0,55000.0,0.0,2,0,1,2026-07-05,2026-07-20,2,0.0,true,false,false,0.00046376017332721566,0.0,0,1877,false,0,27500.0,0.0,755.5717017208412,0.013737667304015296,37
100000004041294100,4,false,1,0,17800.0,0.0,2,0,1,2026-07-13,2026-07-13,1,0.0,true,false,false,0.00030085428557357805,0.0,0,1877,false,1,8900.0,0.0,9.182519371461456,0.0005158718748012054,25
100000008583971100,4,false,2,0,51000.0,0.0,2,0,2,2026-07-23,2026-07-28,2,0.0,true,false,false,0.00032971602313587996,0.0,0,1877,false,0,25500.0,0.0,12.028629088081608,0.00023585547231532564,0
100000008251939100,4,false,1,0,44360.0,0.0,1,0,1,2026-07-12,2026-07-12,1,0.0,true,false,false,0.0003021745292427632,0.0,0,1877,false,0,44360.0,0.0,104.71507629960932,0.00236057430792627,7
100000004049912100,4,false,1,0,10000.0,0.0,1,0,1,2026-07-06,2026-07-06,1,0.0,true,false,false,0.0003245564257590696,0.0,0,1877,false,0,10000.0,0.0,74.18176197065083,0.007418176197065082,18
100000002227960100,4,false,1,0,10000.0,0.0,1,0,1,2026-07-08,2026-07-08,1,0.0,true,false,false,0.0002994376832159775,0.0,0,1877,false,0,10000.0,0.0,146.88435872330433,0.014688435872330433,20
100000008677368100,4,false,1,0,13500.0,0.0,1,0,1,2026-07-14,2026-07-14,1,0.0,true,false,false,0.0005340288694748745,0.0,0,1877,false,0,13500.0,0.0,35.19072940330328,0.0026067206965409836,8
100000008631800100,4,false,1,0,12850.0,0.0,1,0,1,2026-07-28,2026-07-28,1,0.0,true,false,false,0.0002924459667887861,0.0,0,1877,false,0,12850.0,0.0,0.6217464988676665,4.838494154612191e-05,7
100000003220685100,4,false,1,0,1306000.0,0.0,2,0,1,2026-07-15,2026-07-15,1,0.0,true,false,false,0.0005375987236644616,0.0,0,1877,false,1,653000.0,0.0,390.35145146214643,0.00029889085104299113,5
100000003072205100,4,false,2,0,163000.0,0.0,2,0,2,2026-07-27,2026-07-27,1,0.0,true,false,false,0.00031897392558810693,0.0,0,1877,false,0,81500.0,0.0,15.036622865069733,9.224922003110265e-05,6
100000001202637100,4,false,1,0,10000.0,0.0,1,0,1,2026-07-10,2026-07-10,1,0.0,true,false,false,0.0005487659443752257,0.0,0,1877,false,0,10000.0,0.0,8.058550873075275,0.0008058550873075275,7
100000002835874100,4,false,1,0,58700.0,0.0,1,0,1,2026-07-16,2026-07-16,1,0.0,true,false,false,0.0002932917322069195,0.0,0,1877,false,0,58700.0,0.0,38.88108782857778,0.0006623694689706607,6
100000002707106100,4,false,1,0,15000.0,0.0,2,0,1,2026-07-08,2026-07-14,2,0.0,true,false,false,0.0002866063394214859,0.0,0,1877,false,0,7500.0,0.0,1.5571364134348982,0.00010380909422899321,14
100000008343415100,4,false,1,0,100000.0,0.0,3,0,1,2026-07-11,2026-07-11,1,0.0,true,false,false,0.00043399201964799565,0.0,0,1877,false,1,33333.333333333336,0.0,318.43341093095387,0.003184334109309539,4
100000004981068100,4,false,1,0,10000.0,0.0,1,0,1,2026-07-10,2026-07-10,1,0.0,true,false,false,0.000378847236826839,0.0,0,1877,false,0,10000.0,0.0,108.3999208765978,0.01083999208765978,4
100000004241142100,4,false,1,0,27102.0,0.0,1,0,1,2026-07-11,2026-07-11,1,0.0,true,false,false,0.0005301329725055748,0.0,0,1877,false,0,27102.0,0.0,22.940286832250518,0.0008464425810733716,0
100000008190411100,4,false,1,0,198450.0,0.0,12,0,1,2026-07-02,2026-07-26,9,0.0,true,false,false,0.0004241348636842574,0.0,0,1877,false,3,16537.5,0.0,9.661380793730551,4.8684206569566896e-05,28
100000008699083100,4,false,1,0,238500.0,0.0,1,0,1,2026-07-30,2026-07-30,1,0.0,true,false,false,0.0003064017089345794,0.0,0,1877,false,0,238500.0,0.0,0.9614070942141174,4.031056998801331e-06,12
100000008136608100,4,false,1,0,170000.0,0.0,1,0,1,2026-07-10,2026-07-10,1,0.0,true,false,false,0.0005643778935793372,0.0,0,1877,false,0,170000.0,0.0,870.7105027412115,0.005121826486713009,7
100000008695157100,4,false,1,0,425546.0,0.0,3,0,1,2026-07-10,2026-07-30,3,0.0,true,false,false,0.0004975174254247287,0.0,0,1877,false,0,141848.66666666666,0.0,109.80672689116076,0.00025803726716068477,4
100000000369781100,4,false,1,0,5000.0,0.0,1,0,1,2026-07-04,2026-07-04,1,0.0,true,false,false,0.0005324777910582574,0.0,0,1877,false,0,5000.0,0.0,5.976810207501744,0.0011953620415003489,5
100000003133045100,4,false,1,0,68000.0,0.0,1,0,1,2026-07-08,2026-07-08,1,0.0,true,false,false,0.00033304955989506263,0.0,0,1877,false,0,68000.0,0.0,3.310526046730549,4.8684206569566896e-05,28
100000002474570100,4,false,1,0,6750.0,0.0,1,0,1,2026-07-24,2026-07-24,1,0.0,true,false,false,0.0002891815541283879,0.0,0,1877,false,0,6750.0,0.0,0.3265983554363229,4.838494154612191e-05,7
100000002514975100,4,false,1,0,17920.0,0.0,1,0,1,2026-07-25,2026-07-25,1,0.0,true,false,false,0.0005310425183631433,0.0,0,1877,false,0,17920.0,0.0,3.7112637810936535,0.00020710177349852978,26
100000001089055100,4,false,1,0,13000.0,0.0,1,0,1,2026-07-10,2026-07-10,1,0.0,true,false,false,0.00032930768290614096,0.0,0,1877,false,0,13000.0,0.0,97.16624031405357,0.007474326178004121,16
100000000608031100,4,false,1,0,30000.0,0.0,1,0,1,2026-07-24,2026-07-24,1,0.0,true,false,false,0.0005386366709608584,0.0,0,1877,false,0,30000.0,0.0,73.76480777525576,0.002458826925841859,16
100000002659103100,4,false,1,0,165000.0,0.0,1,0,1,2026-07-07,2026-07-07,1,0.0,true,false,false,0.0003497105242568365,0.0,0,1877,false,0,165000.0,0.0,24.24972782808433,0.00014696804744293533,44
100000000733940100,4,false,1,0,752000.0,0.0,2,0,1,2026-07-20,2026-07-28,2,0.0,true,false,false,0.00041118521018324884,0.0,0,1877,false,0,376000.0,0.0,258.89104545051663,0.0003442700072480274,31
100000001537524100,4,false,1,0,150000.0,0.0,1,0,1,2026-07-30,2026-07-30,1,0.0,true,false,false,0.00029867144183822733,0.0,0,1877,false,0,150000.0,0.0,0.6046585498201996,4.031056998801331e-06,12
100000002971593100,4,false,1,0,49050.0,0.0,1,0,1,2026-07-02,2026-07-02,1,0.0,true,false,false,0.000530380154395716,0.0,0,1877,false,0,49050.0,0.0,58.63250813559211,0.0011953620415003489,5
100000006918814100,4,false,1,0,20000.0,0.0,2,0,1,2026-07-23,2026-07-30,2,0.0,true,false,false,0.00030432797108967917,0.0,0,1877,false,0,10000.0,0.0,4.589935106807613,0.00022949675534038064,2
100000007381662100,4,false,1,0,11000.0,0.0,1,0,1,2026-07-31,2026-07-31,1,0.0,true,false,false,0.0002968339281028918,0.0,0,1877,false,0,11000.0,0.0,2.230728885537115,0.00020279353504882862,0
100000003199390100,4,false,1,0,260000.0,0.0,1,0,1,2026-07-16,2026-07-16,1,0.0,true,false,false,0.0003766331907775379,0.0,0,1877,false,0,260000.0,0.0,143.2674611239321,0.000551028696630508,5
100000007749747100,4,false,1,0,50000.0,0.0,1,0,1,2026-07-14,2026-07-14,1,0.0,true,false,false,0.0004436219671018528,0.0,0,1877,false,0,50000.0,0.0,45.61848275572824,0.0009123696551145647,6
100000003447411100,4,false,1,0,302000.0,0.0,3,0,1,2026-07-14,2026-07-22,3,0.0,true,false,false,0.00030581844296807473,0.0,0,1877,false,0,100666.66666666667,0.0,12.925028613007985,4.2798107990092664e-05,4
100000000500040100,4,false,1,0,20000.0,0.0,1,0,1,2026-07-28,2026-07-28,1,0.0,true,false,false,0.0003060504467365647,0.0,0,1877,false,0,20000.0,0.0,4.055870700976572,0.00020279353504882862,0
100000008551752100,4,false,1,0,406000.0,0.0,2,0,1,2026-07-21,2026-07-23,2,0.0,true,false,false,0.0003415570643909772,0.0,0,1877,false,0,203000.0,0.0,1.8710705300942898,4.608548103680517e-06,40
100000002876914100,4,false,1,0,12000.0,0.0,1,0,1,2026-07-25,2026-07-25,1,0.0,true,false,false,0.0002919910896147962,0.0,0,1877,false,0,12000.0,0.0,0.580619298553463,4.8384941546121915e-05,7
100000004571634100,4,false,1,0,20000.0,0.0,1,0,1,2026-07-16,2026-07-16,1,0.0,true,false,false,0.00037417734894680435,0.0,0,1877,false,0,20000.0,0.0,100.8425253998506,0.00504212626999253,10
100000004610802100,4,false,1,0,241000.0,0.0,18,0,1,2026-07-03,2026-07-29,14,0.0,true,false,false,0.00047395222486411326,0.0,0,1877,false,4,13388.888888888889,0.0,155.42628328987243,0.0006449223373023752,60
100000001311175100,4,false,1,0,300000.0,0.0,1,0,1,2026-07-21,2026-07-21,1,0.0,true,false,false,0.0005315144876960907,0.0,0,1877,false,0,300000.0,0.0,96.22329959285857,0.0003207443319761952,12
100000008740295100,4,false,1,0,300000.0,0.0,1,0,1,2026-07-26,2026-07-26,1,0.0,true,false,false,0.0003250366093261227,0.0,0,1877,false,0,300000.0,0.0,198.7108406911982,0.0006623694689706607,6
100000002596039100,4,false,1,0,280000.0,0.0,1,0,1,2026-07-16,2026-07-16,1,0.0,true,false,false,0.00030434333941669315,0.0,0,1877,false,0,280000.0,0.0,11.983470237225946,4.2798107990092664e-05,4
100000002126791100,4,false,1,0,1313000.0,0.0,3,0,1,2026-07-25,2026-07-31,3,0.0,true,false,false,0.000571680600606074,0.0,0,1877,false,0,437666.6666666667,0.0,1093.1815693921142,0.000832583068843956,6
100000005783452100,4,false,2,0,286500.0,0.0,2,0,2,2026-07-28,2026-07-28,1,0.0,true,false,false,0.0003144185669015856,0.0,0,1877,false,0,143250.0,0.0,58.10117046572242,0.00020279640651212012,12
100000006693788100,4,false,1,0,10764.0,0.0,1,0,1,2026-07-18,2026-07-18,1,0.0,true,false,false,0.0005320949120369117,0.0,0,1877,false,0,10764.0,0.0,52.204975901193514,0.004849960600259524,0
100000002832753100,4,false,1,0,12500.0,0.0,1,0,1,2026-07-08,2026-07-08,1,0.0,true,false,false,0.0007555331214190873,0.0,0,1877,false,0,12500.0,0.0,280.7623686433131,0.022460989491465046,15
100000002981489100,4,false,1,0,10000.0,0.0,1,0,1,2026-07-04,2026-07-04,1,0.0,true,false,false,0.00028833129648364066,0.0,0,1877,false,0,10000.0,0.0,5.591587629772298,0.0005591587629772298,5
100000003084870100,4,false,1,0,6500.0,0.0,1,0,1,2026-07-08,2026-07-08,1,0.0,true,false,false,0.00034517865606512976,0.0,0,1877,false,0,6500.0,0.0,2.084838157845269,0.0003207443319761952,12
100000002791494100,4,false,1,0,85860.0,0.0,1,0,1,2026-07-27,2026-07-27,1,0.0,true,false,false,0.0003177091832904881,0.0,0,1877,false,0,85860.0,0.0,202.67891007854954,0.00236057430792627,7
100000003345947100,4,false,1,0,79500.0,0.0,6,0,1,2026-07-13,2026-07-13,1,0.0,true,false,false,0.0004947659232077668,0.0,0,1877,false,1,13250.0,0.0,132.86252604892454,0.0016712267427537678,4
100000002733083100,4,false,1,0,15200.0,0.0,1,0,1,2026-07-20,2026-07-20,1,0.0,true,false,false,0.000291259095217904,0.0,0,1877,false,0,15200.0,0.0,35.8807294804793,0.00236057430792627,7
100000003247600100,4,false,1,0,58000.0,0.0,1,0,1,2026-07-13,2026-07-13,1,0.0,true,false,false,0.0008412090951663774,0.0,0,1877,false,0,58000.0,0.0,299.1591160954658,0.00515791579474941,2
100000001378288100,4,false,1,0,268000.0,0.0,3,0,1,2026-07-11,2026-07-18,3,0.0,true,false,false,0.000523450886876281,0.0,0,1877,false,0,89333.33333333333,0.0,180.21195539162358,0.0006724326693717297,4
100000002305477100,4,false,1,0,20000.0,0.0,1,0,1,2026-07-18,2026-07-18,1,0.0,true,false,false,0.00031330607221466346,0.0,0,1877,false,0,20000.0,0.0,293.76871744660866,0.014688435872330433,20
100000006638021100,4,false,2,0,388500.0,0.0,2,0,2,2026-07-31,2026-07-31,1,0.0,true,false,false,0.000544485696289976,0.0,0,1877,false,0,194250.0,0.0,117.48886632535137,0.00030241664433809873,46
100000008517061100,4,false,1,0,1844000.0,0.0,4,0,1,2026-07-16,2026-07-16,1,0.0,true,false,false,0.00041305671798624785,0.0,0,1877,false,1,461000.0,0.0,191.4239697582635,0.00010380909422899321,14
100000005910895100,4,false,1,0,5100.0,0.0,1,0,1,2026-07-30,2026-07-30,1,0.0,true,false,false,0.0005976000607837538,0.0,0,1877,false,0,5100.0,0.0,300.3726888305187,0.05889660565304288,10
100000002723439100,4,false,1,0,18000.0,0.0,2,0,1,2026-07-02,2026-07-27,2,0.0,true,false,false,0.0005526233540248647,0.0,0,1877,false,0,9000.0,0.0,243.55674668132875,0.01353093037118493,10
100000002320495100,4,false,1,0,13526.27,0.0,1,0,1,2026-07-08,2026-07-08,1,0.0,true,false,false,0.0005354179344206226,0.0,0,1877,false,0,13526.27,0.0,50.85646239459963,0.003759829013807918,16
100000002229615100,4,false,1,0,25000.0,0.0,1,0,1,2026-07-08,2026-07-08,1,0.0,true,false,false,0.0007184983881728369,0.0,0,1877,false,0,25000.0,0.0,1343.9645137055693,0.05375858054822277,20
100000008327791100,4,false,1,0,11000.0,0.0,1,0,1,2026-07-29,2026-07-29,1,0.0,true,false,false,0.0005367685704661648,0.0,0,1877,false,0,11000.0,0.0,83.94159693730191,0.007631054267027446,16
100000002208836100,4,false,1,0,90000.0,0.0,1,0,1,2026-07-31,2026-07-31,1,0.0,true,false,false,0.0003298185449195245,0.0,0,1877,false,0,90000.0,0.0,103.55750480609646,0.0011506389422899607,5
100000001724740100,4,false,1,0,185000.0,0.0,4,0,1,2026-07-25,2026-07-26,2,0.0,true,false,false,0.000536480415214988,0.0,0,1877,false,2,46250.0,0.0,226.93350344527212,0.0012266675861906601,6
100000004386286100,4,false,1,0,12500.0,0.0,1,0,1,2026-07-29,2026-07-29,1,0.0,true,false,false,0.0005972866869113232,0.0,0,1877,false,0,12500.0,0.0,6942.994747177833,0.5554395797742266,11
100000001714883100,4,false,1,0,6900.0,0.0,1,0,1,2026-07-29,2026-07-29,1,0.0,true,false,false,0.0002892618265708567,0.0,0,1877,false,0,6900.0,0.0,0.3338560966682412,4.838494154612191e-05,7
100000008337304100,4,false,1,0,105465.0,0.0,2,0,1,2026-07-26,2026-07-26,1,0.0,true,false,false,0.0003542650469239134,0.0,0,1877,false,1,52732.5,0.0,95.31734168358686,0.0009037817444989984,4
100000000655469100,4,false,1,0,20000.0,0.0,2,0,1,2026-07-14,2026-07-18,2,0.0,true,false,false,0.0003454311507267092,0.0,0,1877,false,0,10000.0,0.0,172.1780948749026,0.00860890474374513,20
100000008722541100,4,false,1,0,280000.0,0.0,4,0,1,2026-07-19,2026-07-31,4,0.0,true,false,false,0.0003836381058975568,0.0,0,1877,false,0,70000.0,0.0,154.28803505654224,0.000551028696630508,5
100000004222274100,4,false,1,0,15500.0,0.0,1,0,1,2026-07-29,2026-07-29,1,0.0,true,false,false,0.0005454170226679225,0.0,0,1877,false,0,15500.0,0.0,12.134065665045537,0.0007828429461319701,0
100000006232642100,4,false,1,0,456000.0,0.0,4,0,1,2026-07-14,2026-07-19,4,0.0,true,false,false,0.00042785609111614106,0.0,0,1877,false,0,114000.0,0.0,401.9675850711455,0.0008815078619981261,41
100000004066370100,4,false,1,0,65000.0,0.0,2,0,1,2026-07-15,2026-07-17,2,0.0,true,false,false,0.0005893461583954334,0.0,0,1877,false,0,32500.0,0.0,6315.028901734105,0.0971542907959093,36
100000005685783100,4,false,1,0,26150.0,0.0,1,0,1,2026-07-29,2026-07-29,1,0.0,true,false,false,0.0005320610913052187,0.0,1,270,false,0,26150.0,0.0,17.376875881696545,0.0006645076819004415,1
100000006171671100,4,false,1,0,10000.0,0.0,1,0,1,2026-07-07,2026-07-07,1,0.0,true,false,false,0.0005290656990407938,0.0,0,1877,false,0,10000.0,0.0,8.464425810733715,0.0008464425810733715,0
100000003481025100,4,false,1,0,9000.0,0.0,1,0,1,2026-07-08,2026-07-08,1,0.0,true,false,false,0.0005310260909453566,0.0,0,1877,false,0,9000.0,0.0,5.479900622923791,0.0006088778469915324,0
100000003646145100,4,false,1,0,5000.0,0.0,1,0,1,2026-07-01,2026-07-01,1,0.0,true,false,false,0.0006536813277109192,0.0,0,1877,false,0,5000.0,0.0,744.517979865358,0.1489035959730716,32
100000002659265100,4,false,1,0,141000.0,0.0,1,0,1,2026-07-27,2026-07-27,1,0.0,true,false,false,0.00031969973198944405,0.0,0,1877,false,0,141000.0,0.0,0.7293109053777143,5.1724177686362716e-06,6
100000003289281100,4,false,1,0,40000.0,0.0,1,0,1,2026-07-25,2026-07-25,1,0.0,true,false,false,0.0005967179150727099,0.0,0,1877,false,0,40000.0,0.0,1256.4666034624188,0.03141166508656047,0
100000004840086100,4,false,1,0,100000.0,0.0,2,0,1,2026-07-20,2026-07-20,1,0.0,true,false,false,0.0005391572563123904,0.0,0,1877,false,1,50000.0,0.0,484.9960600259524,0.004849960600259524,0
100000008554390100,4,false,1,0,14000.0,0.0,1,0,1,2026-07-24,2026-07-24,1,0.0,true,false,false,0.00029306138884771364,0.0,0,1877,false,0,14000.0,0.0,0.6773891816457067,4.838494154612191e-05,7
100000004691350100,4,false,1,0,13300.0,0.0,1,0,1,2026-07-05,2026-07-05,1,0.0,true,false,false,0.0008870591048616347,0.0,0,1877,false,0,13300.0,0.0,286.6203861742778,0.02155040497550961,49
100000004652395100,4,false,3,0,101528.0,0.0,5,0,3,2026-07-20,2026-07-20,1,0.0,true,false,false,0.0003357067098927758,0.0,0,1877,false,2,20305.6,0.0,162.95963897062285,0.0016050709062585971,0
100000004979264100,4,false,1,0,39800.0,0.0,1,0,1,2026-07-21,2026-07-21,1,0.0,true,false,false,0.00041137922183340236,0.0,0,1877,false,0,39800.0,0.0,36.31231227355968,0.0009123696551145647,6
100000008074304100,4,false,1,0,5500.0,0.0,1,0,1,2026-07-03,2026-07-03,1,0.0,true,false,false,0.00033242119278309554,0.0,0,1877,false,0,5500.0,0.0,6.574491228251919,0.0011953620415003489,5
100000002227989100,4,false,1,0,20000.0,0.0,1,0,1,2026-07-23,2026-07-23,1,0.0,true,false,false,0.00039446042046132235,0.0,0,1877,false,0,20000.0,0.0,451.33557498615335,0.022566778749307667,20
100000003207060100,4,false,1,0,53000.0,0.0,1,0,1,2026-07-06,2026-07-06,1,0.0,true,false,false,0.00042744311258669795,0.0,0,1877,false,0,53000.0,0.0,642.9121658571653,0.0121304182237201,0
100000004601193100,4,false,1,0,84000.0,0.0,3,0,1,2026-07-20,2026-07-30,3,0.0,true,false,false,0.0006034150427286842,0.0,0,1877,false,0,28000.0,0.0,352.9488388994771,0.004201771891660442,10
100000004991593100,4,false,1,0,45000.0,0.0,2,0,1,2026-07-02,2026-07-03,2,0.0,true,false,false,0.0003548910511069674,0.0,0,1877,false,0,22500.0,0.0,22.258563705040622,0.0004946347490009027,4
100000003128638100,4,false,1,0,300000.0,0.0,1,0,1,2026-07-29,2026-07-29,1,0.0,true,false,false,0.0003581872469239989,0.0,0,1877,false,0,300000.0,0.0,1.5517253305908814,5.1724177686362716e-06,6
100000005878334100,4,false,1,0,76400.0,0.0,2,0,1,2026-07-12,2026-07-28,2,0.0,true,false,false,0.0003989642564463494,0.0,0,1877,false,0,38200.0,0.0,243.28312595124876,0.003184334109309539,4
100000002878483100,4,false,1,0,6000.0,0.0,1,0,1,2026-07-24,2026-07-24,1,0.0,true,false,false,0.0002887801919160438,0.0,0,1877,false,0,6000.0,0.0,0.2903096492767315,4.8384941546121915e-05,7
100000000981693100,4,false,1,0,16500.0,0.0,1,0,1,2026-07-25,2026-07-25,1,0.0,true,false,false,0.000529081521154153,0.0,0,1877,false,0,16500.0,0.0,8.743751862487928,0.0005299243553022986,0
100000006416061100,4,false,1,0,30000.0,0.0,1,0,1,2026-07-28,2026-07-28,1,0.0,true,false,false,0.0004348563786213141,0.0,0,1877,false,0,30000.0,0.0,320.31805502845145,0.010677268500948382,4
100000008168850100,4,false,1,0,187910.0,0.0,2,0,1,2026-07-02,2026-07-20,2,0.0,true,false,false,0.0005330795799856531,0.0,0,1877,false,0,93955.0,0.0,194.6168939766718,0.001035692054582895,5
100000004747154100,4,false,1,0,67000.0,0.0,1,0,1,2026-07-04,2026-07-04,1,0.0,true,false,false,0.00033235132069391895,0.0,0,1877,false,0,67000.0,0.0,3.261841840160982,4.8684206569566896e-05,28
100000008524903100,4,false,1,0,15000.0,0.0,1,0,1,2026-07-16,2026-07-16,1,0.0,true,false,false,0.00033177325018699167,0.0,0,1877,false,0,15000.0,0.0,11.26826686053926,0.0007512177907026173,0
100000005049404100,4,false,1,0,98000.0,0.0,2,0,1,2026-07-01,2026-07-10,2,0.0,true,false,false,0.00031263691642751263,0.0,0,1877,false,0,49000.0,0.0,54.79755877176852,0.0005591587629772298,5
100000002258492100,4,false,1,0,9000.0,0.0,1,0,1,2026-07-07,2026-07-07,1,0.0,true,false,false,0.0005401265380892365,0.0,0,1877,false,0,9000.0,0.0,422.1008564081858,0.04690009515646509,19
100000005497148100,4,false,1,0,24000.0,0.0,2,0,1,2026-07-12,2026-07-13,2,0.0,true,false,false,0.0004900139425044363,0.0,0,1877,false,0,12000.0,0.0,28.688688996008374,0.0011953620415003489,5
100000004596284100,4,false,1,0,30000.0,0.0,1,0,1,2026-07-11,2026-07-11,1,0.0,true,false,false,0.0005914888430857152,0.0,0,1877,false,0,30000.0,0.0,980.651178636963,0.0326883726212321,3
100000007960337100,4,false,1,0,35500.0,0.0,1,0,1,2026-07-21,2026-07-21,1,0.0,true,false,false,0.00030276808937766263,0.0,0,1877,false,0,35500.0,0.0,13.00465466948532,0.00036632830054888224,4
100000003180305100,4,false,1,0,144000.0,0.0,1,0,1,2026-07-02,2026-07-02,1,0.0,true,false,false,0.0005280565512084173,0.0,0,1877,false,0,144000.0,0.0,308.7475043169225,0.00214407989108974,0
100000007653094100,4,false,1,0,16000.0,0.0,1,0,1,2026-07-07,2026-07-07,1,0.0,true,false,false,0.000575474243291751,0.0,0,1877,false,0,16000.0,0.0,2671.6380081087227,0.16697737550679517,13
100000008175078100,4,false,1,0,1846711.0,0.0,15,0,1,2026-07-02,2026-07-15,8,0.0,true,false,false,0.0004690719458412837,0.0,0,1877,false,4,123114.06666666667,0.0,89.24849383908402,4.832834906982415e-05,35
100000004263867100,4,false,1,0,9000.0,0.0,1,0,1,2026-07-30,2026-07-30,1,0.0,true,false,false,0.00029038564076542,0.0,0,1877,false,0,9000.0,0.0,0.4354644739150972,4.838494154612191e-05,7
100000002194320100,4,false,1,0,275000.0,0.0,1,0,1,2026-07-05,2026-07-05,1,0.0,true,false,false,0.0004865679346318268,0.0,0,1877,false,0,275000.0,0.0,311.91514745681576,0.0011342368998429665,58
100000001222245100,4,false,1,0,420000.0,0.0,5,0,1,2026-07-19,2026-07-31,5,0.0,true,false,false,0.0005491629789918055,0.0,0,1877,false,0,84000.0,0.0,502.05205743014653,0.0011953620415003489,5
100000008151098100,4,false,1,0,30000.0,0.0,1,0,1,2026-07-19,2026-07-19,1,0.0,true,false,false,0.00030934772461346376,0.0,0,1877,false,0,30000.0,0.0,9.68155768980953,0.0003227185896603177,26
100000008735802100,4,false,1,0,85000.0,0.0,2,0,1,2026-07-24,2026-07-29,2,0.0,true,false,false,0.0005087033417052588,0.0,0,1877,false,0,42500.0,0.0,18.038738078983474,0.00021222044798804087,0
100000004047887100,4,false,1,0,30000.0,0.0,1,0,1,2026-07-29,2026-07-29,1,0.0,true,false,false,0.0002880139926916394,0.0,0,1877,false,0,30000.0,0.0,3.263256791876156,0.00010877522639587186,38
100000003146511100,4,false,1,0,10000.0,0.0,1,0,1,2026-07-06,2026-07-06,1,0.0,true,false,false,0.0003118136674871977,0.0,0,1877,false,0,10000.0,0.0,28.25802656356205,0.002825802656356205,13
100000007511780100,4,false,1,0,155000.0,0.0,2,0,1,2026-07-01,2026-07-27,2,0.0,true,false,false,0.0005577703986813208,0.0,0,1877,false,0,77500.0,0.0,201.0255089722898,0.00129693876756316,24
100000007867364100,4,false,1,0,41852.0,0.0,1,0,1,2026-07-06,2026-07-06,1,0.0,true,false,false,0.0004487382371459412,0.0,0,1877,false,0,41852.0,0.0,310.4655101995678,0.0074181761970650816,18
100000006288612100,4,false,1,0,30805.0,0.0,3,0,1,2026-07-02,2026-07-21,3,0.0,true,false,false,0.00029762424517468857,0.0,0,1877,false,0,10268.333333333334,0.0,21.89036463713976,0.0007106107656919254,11
100000006735545100,4,false,1,0,5000.0,0.0,1,0,1,2026-07-03,2026-07-03,1,0.0,true,false,false,0.00029327171164947774,0.0,0,1877,false,0,5000.0,0.0,2.4731737450045137,0.0004946347490009027,4
100000004403641100,4,false,1,0,171500.0,0.0,1,0,1,2026-07-30,2026-07-30,1,0.0,true,false,false,0.00030054941633056144,0.0,0,1877,false,0,171500.0,0.0,0.6913262752944282,4.031056998801331e-06,12
100000003370425100,4,false,1,0,20000.0,0.0,1,0,1,2026-07-21,2026-07-21,1,0.0,true,false,false,0.0006479504805603659,0.0,0,1877,false,0,20000.0,0.0,3339.5475101359034,0.16697737550679517,13
100000004350094100,4,false,1,0,20000.0,0.0,1,0,1,2026-07-06,2026-07-06,1,0.0,true,false,false,0.0008939457051040858,0.0,0,1877,false,0,20000.0,0.0,84.62701755520659,0.00423135087776033,18
100000004911971100,4,false,1,0,35000.0,0.0,3,0,1,2026-07-11,2026-07-12,2,0.0,true,false,false,0.0002890471490667183,0.0,0,1877,false,1,11666.666666666666,0.0,1.6914922174438451,4.832834906982415e-05,35
100000001202787100,4,false,2,0,14850.0,0.0,2,0,2,2026-07-09,2026-07-17,2,0.0,true,false,false,0.00035114494940795623,0.0,0,1877,false,0,7425.0,0.0,31.133242670890304,0.002096514657972411,0
100000008469048100,4,false,1,0,265200.0,0.0,7,0,1,2026-07-04,2026-07-27,6,0.0,true,false,false,0.0005788057669614722,0.0,0,1877,false,1,37885.71428571428,0.0,1506.9791768507428,0.005682425252076707,0
100000002635746100,4,false,1,0,5300.0,0.0,1,0,1,2026-07-30,2026-07-30,1,0.0,true,false,false,0.0002884055871845227,0.0,0,1877,false,0,5300.0,0.0,0.25644019019444614,4.8384941546121915e-05,7
100000008321975100,4,false,1,0,5900.0,0.0,1,0,1,2026-07-11,2026-07-11,1,0.0,true,false,false,0.00030322854188756976,0.0,0,1877,false,0,5900.0,0.0,50.79253798809627,0.00860890474374513,20
100000003078839100,4,false,1,0,14000.0,0.0,2,0,1,2026-07-19,2026-07-23,2,0.0,true,false,false,0.00031479267228486676,0.0,0,1877,false,0,7000.0,0.0,68.57088816449136,0.004897920583177955,4
100000004006327100,4,false,1,0,300000.0,0.0,3,0,1,2026-07-08,2026-07-17,3,0.0,true,false,false,0.0005549673062458674,0.0,0,1877,false,0,100000.0,0.0,627.373545614026,0.0020912451520467535,6
100000007865484100,4,false,1,0,584600.0,0.0,2,0,1,2026-07-01,2026-07-07,2,0.0,true,false,false,0.00036618616723092855,0.0,0,1877,false,0,292300.0,0.0,2.69415722141163,4.608548103680517e-06,40
100000005367180100,4,false,1,0,7700.0,0.0,1,0,1,2026-07-23,2026-07-23,1,0.0,true,false,false,0.0007828047220453444,0.0,0,1877,false,0,7700.0,0.0,64.8508248906441,0.008422185050733,4
100000001669260100,4,false,1,0,500000.0,0.0,1,0,1,2026-07-08,2026-07-08,1,0.0,true,false,false,0.000560115378020432,0.0,0,1877,false,0,500000.0,0.0,1078.349541328781,0.002156699082657562,4
100000001297206100,4,false,1,0,6758.0,0.0,1,0,1,2026-07-16,2026-07-16,1,0.0,true,false,false,0.0002985109724275807,0.0,0,1877,false,0,6758.0,0.0,32.77603373655386,0.004849960600259524,0
100000002645046100,4,false,1,0,12000.0,0.0,1,0,1,2026-07-28,2026-07-28,1,0.0,true,false,false,0.0002919910896147962,0.0,0,1877,false,0,12000.0,0.0,0.580619298553463,4.8384941546121915e-05,7
100000006308406100,4,false,1,0,183000.0,0.0,2,0,1,2026-07-11,2026-07-20,2,0.0,true,false,false,0.0005393608128932448,0.0,0,1877,false,0,91500.0,0.0,2687.9837646364695,0.014688435872330435,20
100000002728246100,4,false,1,0,10000.0,0.0,1,0,1,2026-07-27,2026-07-27,1,0.0,true,false,false,0.000538639331392389,0.0,0,1877,false,0,10000.0,0.0,11.953620415003488,0.0011953620415003489,5
100000001590795100,4,false,1,0,5060.0,0.0,1,0,1,2026-07-27,2026-07-27,1,0.0,true,false,false,0.0002882771512765727,0.0,0,1877,false,0,5060.0,0.0,0.24482780422337685,4.838494154612191e-05,7
100000006257675100,4,false,1,0,70000.0,0.0,2,0,1,2026-07-20,2026-07-20,1,0.0,true,false,false,0.0003826480172080934,0.0,0,1877,false,1,35000.0,0.0,1028.1905110631303,0.014688435872330433,20
100000002130400100,4,false,1,0,10000.0,0.0,1,0,1,2026-07-31,2026-07-31,1,0.0,true,false,false,0.0003175458062360433,0.0,0,1877,false,0,10000.0,0.0,664.7398843930637,0.06647398843930637,36
100000000557536100,4,false,1,0,153000.0,0.0,7,0,1,2026-07-01,2026-07-13,6,0.0,true,false,false,0.00030077248827335706,0.0,0,1877,false,1,21857.14285714286,0.0,7.394237407683095,4.832834906982415e-05,35
100000002689717100,4,false,1,0,47500.0,0.0,1,0,1,2026-07-27,2026-07-27,1,0.0,true,false,false,0.0003033499223442055,0.0,0,1877,false,0,47500.0,0.0,112.12727962649781,0.00236057430792627,7
100000005189258100,4,false,1,0,50000.0,0.0,1,0,1,2026-07-16,2026-07-16,1,0.0,true,false,false,0.0003159764329458039,0.0,0,1877,false,0,50000.0,0.0,129.49446215749663,0.0025898892431499326,5
100000002748511100,4,false,1,0,20000.0,0.0,1,0,1,2026-07-26,2026-07-26,1,0.0,true,false,false,0.0005674892808776481,0.0,0,1877,false,0,20000.0,0.0,1913.3055924685011,0.09566527962342505,3
100000002371892100,4,false,1,0,43830.0,0.0,1,0,1,2026-07-21,2026-07-21,1,0.0,true,false,false,0.000306532620043797,0.0,0,1877,false,0,43830.0,0.0,62.086836985584874,0.00141653746259605,51
100000008130868100,4,false,1,0,22782.0,0.0,1,0,1,2026-07-01,2026-07-01,1,0.0,true,false,false,0.00045160449766273354,0.0,0,1877,false,0,22782.0,0.0,15.011883342956445,0.000658936148843668,12
100000007153161100,4,false,1,0,44997.0,0.0,1,0,1,2026-07-06,2026-07-06,1,0.0,true,false,false,0.0005309451743246849,0.0,0,1877,false,0,44997.0,0.0,38.087376820558504,0.0008464425810733716,0
100000002994441100,4,false,1,0,5000.0,0.0,1,0,1,2026-07-13,2026-07-13,1,0.0,true,false,false,0.0005532703163220683,0.0,0,1877,false,0,5000.0,0.0,33.25751855315831,0.0066515037106316625,4
100000001065481100,4,false,1,0,16000.0,0.0,2,0,1,2026-07-16,2026-07-23,2,0.0,true,false,false,0.00043226569249872257,0.0,0,1877,false,0,8000.0,0.0,63.93026051976122,0.003995641282485076,13
100000007731977100,4,false,1,0,50000.0,0.0,1,0,1,2026-07-02,2026-07-02,1,0.0,true,false,false,0.00033677217551547454,0.0,0,1877,false,0,50000.0,0.0,10.139676752441432,0.00020279353504882864,0
100000003252446100,4,false,1,0,108600.0,0.0,1,0,1,2026-07-14,2026-07-14,1,0.0,true,false,false,0.0002999877307210371,0.0,0,1877,false,0,108600.0,0.0,0.9181160299778387,8.454107090035347e-06,6
100000002671326100,4,false,1,0,1050000.0,0.0,2,0,1,2026-07-13,2026-07-14,2,0.0,true,false,false,0.0006294451129335784,0.0,0,1877,false,0,525000.0,0.0,1023.6828115382831,0.000974936010988841,28
100000005087923100,4,false,1,0,20000.0,0.0,1,0,1,2026-07-21,2026-07-21,1,0.0,true,false,false,0.0004605791647030644,0.0,0,1877,false,0,20000.0,0.0,1565.0406504065043,0.07825203252032521,9
100000008770483100,4,false,1,0,5000.0,0.0,1,0,1,2026-07-29,2026-07-29,1,0.0,true,false,false,0.00028889205365381084,0.0,0,1877,false,0,5000.0,0.0,1.568642972803586,0.0003137285945607172,46
100000002748040100,4,false,1,0,18000.0,0.0,1,0,1,2026-07-14,2026-07-14,1,0.0,true,false,false,0.0002923072164548589,0.0,0,1877,false,0,18000.0,0.0,42.490337542672854,0.00236057430792627,7
100000004800648100,4,false,1,0,131000.0,0.0,1,0,1,2026-07-01,2026-07-01,1,0.0,true,false,false,0.00033683365310120683,0.0,0,1877,false,0,131000.0,0.0,93.09001030564222,0.0007106107656919254,11
100000005025629100,4,false,1,0,5227.0,0.0,1,0,1,2026-07-27,2026-07-27,1,0.0,true,false,false,0.0003141510108848515,0.0,0,1877,false,0,5227.0,0.0,14.958625476706386,0.0028617994024691764,5
100000000581682100,4,false,1,0,5000.0,0.0,1,0,1,2026-07-11,2026-07-11,1,0.0,true,false,false,0.00029086218722334037,0.0,0,1877,false,0,5000.0,0.0,13.816704156459604,0.0027633408312919207,27
100000004976946100,4,false,1,0,246000.0,0.0,1,0,1,2026-07-09,2026-07-09,1,0.0,true,false,false,0.00031949291850972173,0.0,0,1877,false,0,246000.0,0.0,1.1337028335054071,4.608548103680517e-06,40
100000000957746100,4,false,1,0,5300.0,0.0,1,0,1,2026-07-06,2026-07-06,1,0.0,true,false,false,0.00034730735985062146,0.0,0,1877,false,0,5300.0,0.0,9.937740264429628,0.0018750453329112505,16
100000003001138100,4,false,1,0,30000.0,0.0,1,0,1,2026-07-15,2026-07-15,1,0.0,true,false,false,0.0003173266522535846,0.0,0,1877,false,0,30000.0,0.0,82.90022493875762,0.0027633408312919207,27
100000001325618100,4,false,1,0,9300.0,0.0,1,0,1,2026-07-29,2026-07-29,1,0.0,true,false,false,0.0002905461856503576,0.0,0,1877,false,0,9300.0,0.0,0.44997995637893373,4.838494154612191e-05,7
100000003792647100,4,false,1,0,8000.0,0.0,1,0,1,2026-07-29,2026-07-29,1,0.0,true,false,false,0.0004002731421119275,0.0,0,1877,false,0,8000.0,0.0,17.366042798502676,0.0021707553498128344,5
100000004107228100,4,false,1,0,5000.0,0.0,1,0,1,2026-07-02,2026-07-02,1,0.0,true,false,false,0.0002887085719064821,0.0,0,1877,false,0,5000.0,0.0,9.886538652083912,0.0019773077304167824,2
100000003500764100,4,false,1,0,21000.0,0.0,1,0,1,2026-07-06,2026-07-06,1,0.0,true,false,false,0.0005301918184248253,0.0,0,1877,false,0,21000.0,0.0,39.37595199113626,0.0018750453329112505,16
100000004261340100,4,false,1,0,48500.0,0.0,4,0,1,2026-07-01,2026-07-09,4,0.0,true,false,false,0.0003473850492015373,0.0,0,1877,false,0,12125.0,0.0,205.88839560171849,0.004245121558798319,0
100000008172721100,4,false,1,0,168335.0,0.0,1,0,1,2026-07-22,2026-07-22,1,0.0,true,false,false,0.00039521609203523294,0.0,0,1877,false,0,168335.0,0.0,152.1380999602389,0.0009037817444989984,4
100000005079473100,4,false,1,0,39312.0,0.0,1,0,1,2026-07-18,2026-07-18,1,0.0,true,false,false,0.0003260059008859779,0.0,0,1877,false,0,39312.0,0.0,17.713043803830523,0.0004505760023359413,4
100000004850609100,4,false,1,0,10000.0,0.0,1,0,1,2026-07-26,2026-07-26,1,0.0,true,false,false,0.0003130294967403112,0.0,0,1877,false,0,10000.0,0.0,1.6958270800560769,0.0001695827080056077,0
100000005042822100,4,false,1,0,1000000.0,0.0,1,0,1,2026-07-20,2026-07-20,1,0.0,true,false,false,0.0004526117356613837,0.0,0,1877,false,0,1000000.0,0.0,344.2700072480274,0.0003442700072480274,31
100000002794374100,4,false,1,0,111000.0,0.0,1,0,1,2026-07-31,2026-07-31,1,0.0,true,false,false,0.0003637625168388333,0.0,0,1877,false,0,111000.0,0.0,8.455718027316028,7.617763988572997e-05,46
100000002860934100,4,false,1,0,279500.0,0.0,4,0,1,2026-07-06,2026-07-29,4,0.0,true,false,false,0.000581442013255422,0.0,0,1877,false,0,69875.0,0.0,772.3537623460918,0.0027633408312919207,27
100000003097947100,4,false,1,0,52980.0,0.0,1,0,1,2026-07-24,2026-07-24,1,0.0,true,false,false,0.0003200783823355945,0.0,0,1877,false,0,52980.0,0.0,47.88235682355693,0.0009037817444989984,4
100000004260869100,4,false,1,0,10000.0,0.0,1,0,1,2026-07-14,2026-07-14,1,0.0,true,false,false,0.0008422084803364159,0.0,0,1877,false,0,10000.0,0.0,104.32239086998884,0.010432239086998883,3
100000008762885100,4,false,1,0,7000.0,0.0,1,0,1,2026-07-27,2026-07-27,1,0.0,true,false,false,0.00028726371311378135,0.0,0,1877,false,0,7000.0,0.0,0.0362069243804539,5.1724177686362716e-06,6
100000002986245100,4,false,1,0,5750.0,0.0,1,0,1,2026-07-26,2026-07-26,1,0.0,true,false,false,0.00028864640451192915,0.0,0,1877,false,0,5750.0,0.0,0.278213413890201,4.838494154612191e-05,7
100000001471706100,4,false,1,0,377000.0,0.0,8,0,1,2026-07-07,2026-07-23,7,0.0,true,false,false,0.0005401265380892365,0.0,0,1877,false,1,47125.0,0.0,422.10085640818585,0.0011196309188546043,19
100000002304943100,4,false,1,0,15000.0,0.0,1,0,1,2026-07-07,2026-07-07,1,0.0,true,false,false,0.0003063718777153205,0.0,0,1877,false,0,15000.0,0.0,220.3265380849565,0.014688435872330433,20
100000002695812100,4,false,1,0,95000.0,0.0,1,0,1,2026-07-23,2026-07-23,1,0.0,true,false,false,0.0003211305504711195,0.0,0,1877,false,0,95000.0,0.0,224.25455925299562,0.00236057430792627,7
100000008761220100,4,false,1,0,10000.0,0.0,1,0,1,2026-07-26,2026-07-26,1,0.0,true,false,false,0.0002868848713875859,0.0,0,1877,false,0,10000.0,0.0,6.623694689706607,0.0006623694689706607,6
100000004890713100,4,false,1,0,40485.0,0.0,1,0,1,2026-07-14,2026-07-14,1,0.0,true,false,false,0.0003007240043166203,0.0,0,1877,false,0,40485.0,0.0,95.56785085639504,0.00236057430792627,7
100000003083865100,4,false,1,0,15000.0,0.0,1,0,1,2026-07-12,2026-07-12,1,0.0,true,false,false,0.0002911842294152644,0.0,0,1877,false,0,15000.0,0.0,35.40861461889405,0.00236057430792627,7
100000004030553100,4,false,1,0,70000.0,0.0,1,0,1,2026-07-17,2026-07-17,1,0.0,true,false,false,0.0005308297210537961,0.0,0,1877,false,0,70000.0,0.0,79.80002275741244,0.001140000325105892,4
100000002653187100,4,false,1,0,15000.0,0.0,1,0,1,2026-07-31,2026-07-31,1,0.0,true,false,false,0.00047327891401503476,0.0,0,1877,false,0,15000.0,0.0,256.80345761453435,0.017120230507635625,11
100000006412162100,4,false,1,0,15000.0,0.0,2,0,1,2026-07-30,2026-07-30,1,0.0,true,false,false,0.0002935965384641723,0.0,0,1877,false,1,7500.0,0.0,0.7257741231918287,4.838494154612191e-05,7
100000004674178100,4,false,1,0,20000.0,0.0,1,0,1,2026-07-07,2026-07-07,1,0.0,true,false,false,0.0003027434418086247,0.0,0,1877,false,0,20000.0,0.0,10.317437496024109,0.0005158718748012054,25
100000004070530100,4,false,1,0,20000.0,0.0,1,0,1,2026-07-22,2026-07-22,1,0.0,true,false,false,0.0002871990932001901,0.0,0,1877,false,0,20000.0,0.0,2.175504527917437,0.00010877522639587185,38
100000006706519100,4,false,1,0,36000.0,0.0,3,0,1,2026-07-04,2026-07-27,3,0.0,true,false,false,0.0003907109210365776,0.0,0,1877,false,0,12000.0,0.0,30.47193291864138,0.0008464425810733716,0
100000005636951100,4,false,1,0,40000.0,0.0,1,0,1,2026-07-07,2026-07-07,1,0.0,true,false,false,0.0006355890351888373,0.0,0,1877,false,0,40000.0,0.0,3130.0813008130085,0.07825203252032521,9
100000003040087100,4,false,1,0,29000.0,0.0,1,0,1,2026-07-27,2026-07-27,1,0.0,true,false,false,0.000296424835600039,0.0,0,1877,false,0,29000.0,0.0,68.45665492986183,0.00236057430792627,7
100000008766764100,4,false,1,0,5000.0,0.0,1,0,1,2026-07-28,2026-07-28,1,0.0,true,false,false,0.0002862270828024387,0.0,0,1877,false,0,5000.0,0.0,3.3118473448533035,0.0006623694689706607,6
100000000299820100,4,false,1,0,10000.0,0.0,1,0,1,2026-07-09,2026-07-09,1,0.0,true,false,false,0.00045016203522434464,0.0,0,1877,false,0,10000.0,0.0,66.51503710631663,0.0066515037106316625,4
100000008349740100,4,false,1,0,70000.0,0.0,2,0,1,2026-07-07,2026-07-10,2,0.0,true,false,false,0.00029252500391614505,0.0,0,1877,false,0,35000.0,0.0,3.3829844348876903,4.832834906982415e-05,35
100000008761132100,4,false,1,0,10000.0,0.0,1,0,1,2026-07-26,2026-07-26,1,0.0,true,false,false,0.0002868848713875859,0.0,0,1877,false,0,10000.0,0.0,6.623694689706607,0.0006623694689706607,6
100000002540033100,4,false,1,0,10000.0,0.0,1,0,1,2026-07-29,2026-07-29,1,0.0,true,false,false,0.0005960851621180818,0.0,0,1877,false,0,10000.0,0.0,53.54174753602754,0.005354174753602755,17
100000001845505100,4,false,1,0,20000.0,0.0,1,0,1,2026-07-26,2026-07-26,1,0.0,true,false,false,0.0005923838494805288,0.0,0,1877,false,0,20000.0,0.0,178.30655621330615,0.008915327810665308,4
100000003782913100,4,false,1,0,200000.0,0.0,1,0,1,2026-07-16,2026-07-16,1,0.0,true,false,false,0.0002993965636065493,0.0,0,1877,false,0,200000.0,0.0,20.761818845798643,0.00010380909422899321,14
100000008778753100,4,false,1,0,10000.0,0.0,1,0,1,2026-07-30,2026-07-30,1,0.0,true,false,false,0.0002941563680129581,0.0,0,1877,false,0,10000.0,0.0,5.158718748012054,0.0005158718748012054,25
100000008710913100,4,false,1,0,14000.0,0.0,1,0,1,2026-07-16,2026-07-16,1,0.0,true,false,false,0.0002881109747996285,0.0,0,1877,false,0,14000.0,0.0,2.0595064763903905,0.00014710760545645645,6
100000005495211100,4,false,1,0,14500.0,0.0,1,0,1,2026-07-05,2026-07-05,1,0.0,true,false,false,0.0005599644833584317,0.0,0,1877,false,0,14500.0,0.0,175.89106424394146,0.0121304182237201,0
100000004013952100,4,false,1,0,5500.0,0.0,1,0,1,2026-07-25,2026-07-25,1,0.0,true,false,false,0.0005331412160251223,0.0,0,1877,false,0,5500.0,0.0,26.674783301427382,0.004849960600259524,0
100000007330432100,4,false,1,0,584900.0,0.0,1,0,1,2026-07-01,2026-07-01,1,0.0,true,false,false,0.000538175993067431,0.0,0,1877,false,0,584900.0,0.0,632.1517323907639,0.001080786001693903,51
100000000737152100,4,false,1,0,35000.0,0.0,1,0,1,2026-07-06,2026-07-06,1,0.0,true,false,false,0.0003445071691804124,0.0,0,1877,false,0,35000.0,0.0,75.0427961881409,0.00214407989108974,0
100000004674389100,4,false,1,0,15000.0,0.0,1,0,1,2026-07-17,2026-07-17,1,0.0,true,false,false,0.0003520253352644261,0.0,0,1877,false,0,15000.0,0.0,75.63189404988795,0.00504212626999253,10
100000002529877100,4,false,1,0,232000.0,0.0,1,0,1,2026-07-27,2026-07-27,1,0.0,true,false,false,0.0003058339492043389,0.0,0,1877,false,0,232000.0,0.0,0.9352052237219087,4.031056998801331e-06,12
100000004035925100,4,false,1,0,1111588.0,0.0,2,0,1,2026-07-03,2026-07-17,2,0.0,true,false,false,0.0004624126239356543,0.0,0,1877,false,0,555794.0,0.0,141.42001341636734,0.00012722340778810795,63
100000002188586100,4,false,1,0,38310.0,0.0,1,0,1,2026-07-28,2026-07-28,1,0.0,true,false,false,0.00029990983871291423,0.0,0,1877,false,0,38310.0,0.0,90.43360173665539,0.00236057430792627,7
100000008050986100,4,false,1,0,95000.0,0.0,2,0,1,2026-07-05,2026-07-07,2,0.0,true,false,false,0.00031180831574760786,0.0,0,1877,false,0,47500.0,0.0,53.120082482836835,0.0005591587629772298,5
100000004777215100,4,false,1,0,60000.0,0.0,1,0,1,2026-07-20,2026-07-20,1,0.0,true,false,false,0.00046515486374554466,0.0,0,1877,false,0,60000.0,0.0,516.5342846247078,0.00860890474374513,20
100000000926078100,4,false,1,0,250000.0,0.0,1,0,1,2026-07-28,2026-07-28,1,0.0,true,false,false,0.000516563589986261,0.0,0,1877,false,0,250000.0,0.0,1484.8392129728272,0.005939356851891309,4
100000003486846100,4,false,1,0,27000.0,0.0,2,0,1,2026-07-12,2026-07-14,2,0.0,true,false,false,0.0005311359663531792,0.0,0,1877,false,0,13500.0,0.0,104.32239086998881,0.00386379225444403,3
100000002516862100,4,false,1,0,81710.0,0.0,5,0,1,2026-07-05,2026-07-28,3,0.0,true,false,false,0.00034943970609758947,0.0,0,1877,false,2,16342.0,0.0,52.696604180977076,0.0006449223373023752,60
100000008730238100,4,false,1,0,113000.0,0.0,1,0,1,2026-07-18,2026-07-18,1,0.0,true,false,false,0.0005632359245676697,0.0,0,1877,false,0,113000.0,0.0,41.22434392412659,0.0003648172028683769,6
100000000803368100,4,false,1,0,139503.0,0.0,1,0,1,2026-07-13,2026-07-13,1,0.0,true,false,false,0.0005481144591336177,0.0,0,1877,false,0,139503.0,0.0,154.24466999378362,0.0011056727811859502,14
100000002528978100,4,false,1,0,15900.0,0.0,1,0,1,2026-07-26,2026-07-26,1,0.0,true,false,false,0.00029152112552714276,0.0,0,1877,false,0,15900.0,0.0,37.53313149602769,0.00236057430792627,7
100000002597074100,4,false,1,0,8000.0,0.0,1,0,1,2026-07-24,2026-07-24,1,0.0,true,false,false,0.0003104283235888249,0.0,0,1877,false,0,8000.0,0.0,32.71648626790291,0.004089560783487864,0
100000003631015100,4,false,1,0,266000.0,0.0,1,0,1,2026-07-16,2026-07-16,1,0.0,true,false,false,0.00032225093674487866,0.0,0,1877,false,0,266000.0,0.0,1.2258737955790175,4.608548103680517e-06,40
100000008255655100,4,false,1,0,5400.0,0.0,1,0,1,2026-07-02,2026-07-02,1,0.0,true,false,false,0.0005311928331096015,0.0,0,1877,false,0,5400.0,0.0,41.20769304194821,0.007631054267027446,16
100000004265639100,4,false,1,0,10000.0,0.0,1,0,1,2026-07-27,2026-07-27,1,0.0,true,false,false,0.0005523205956514887,0.0,0,1877,false,0,10000.0,0.0,66.51503710631663,0.0066515037106316625,4
100000002726055100,4,false,1,0,10000.0,0.0,1,0,1,2026-07-31,2026-07-31,1,0.0,true,false,false,0.0003400148573393069,0.0,0,1877,false,0,10000.0,0.0,225.66778749307667,0.022566778749307667,20
100000003696422100,4,false,1,0,118000.0,0.0,2,0,1,2026-07-20,2026-07-31,2,0.0,true,false,false,0.0007085171420194989,0.0,0,1877,false,0,59000.0,0.0,542.4937057412436,0.004597404285942743,31
100000007745062100,4,false,1,0,100000.0,0.0,1,0,1,2026-07-19,2026-07-19,1,0.0,true,false,false,0.0006252799425245726,0.0,0,1877,false,0,100000.0,0.0,5554.395797742266,0.05554395797742266,11
100000005041147100,4,false,1,0,10000.0,0.0,1,0,1,2026-07-26,2026-07-26,1,0.0,true,false,false,0.0005337622626216151,0.0,0,1877,false,0,10000.0,0.0,121.304182237201,0.0121304182237201,0
100000003819173100,4,false,1,0,143777.0,0.0,1,0,1,2026-07-16,2026-07-16,1,0.0,true,false,false,0.0002952095652767,0.0,0,1877,false,0,143777.0,0.0,6.153383572491553,4.2798107990092664e-05,4
100000001275557100,4,false,1,0,20000.0,0.0,1,0,1,2026-07-07,2026-07-07,1,0.0,true,false,false,0.0003475117995580232,0.0,0,1877,false,0,20000.0,0.0,377.0204115607525,0.018851020578037624,21
100000002706810100,4,false,1,0,45000.0,0.0,1,0,1,2026-07-29,2026-07-29,1,0.0,true,false,false,0.00030965102695793386,0.0,0,1877,false,0,45000.0,0.0,2.177322369575486,4.838494154612191e-05,7
100000002896506100,4,false,1,0,45000.0,0.0,1,0,1,2026-07-19,2026-07-19,1,0.0,true,false,false,0.0003136296448083378,0.0,0,1877,false,0,45000.0,0.0,66.15133953953702,0.001470029767545267,5
100000008766031100,4,false,1,0,5000.0,0.0,1,0,1,2026-07-29,2026-07-29,1,0.0,true,false,false,0.00028647703728241185,0.0,0,1877,false,0,5000.0,0.0,0.7355380272822825,0.00014710760545645648,6
100000008758607100,4,false,1,0,5000.0,0.0,1,0,1,2026-07-28,2026-07-28,1,0.0,true,false,false,0.0002862270828024387,0.0,0,1877,false,0,5000.0,0.0,3.3118473448533035,0.0006623694689706607,6
100000008648783100,4,false,1,0,5200.0,0.0,1,0,1,2026-07-28,2026-07-28,1,0.0,true,false,false,0.00028835207222287684,0.0,0,1877,false,0,5200.0,0.0,0.2516016960398339,4.83849415461219e-05,7
100000004291663100,4,false,1,0,25000.0,0.0,1,0,1,2026-07-31,2026-07-31,1,0.0,true,false,false,0.000311170734866383,0.0,0,1877,false,0,25000.0,0.0,5.069838376220716,0.00020279353504882864,0
100000003037476100,4,false,3,0,555000.0,0.0,3,0,3,2026-07-25,2026-07-30,2,0.0,true,false,false,0.00035935405632803137,0.0,0,1877,false,0,185000.0,0.0,259.41472116739993,0.0004674139120133332,6
100000008715513100,4,false,1,0,32500.0,0.0,1,0,1,2026-07-31,2026-07-31,1,0.0,true,false,false,0.0003029616567521999,0.0,0,1877,false,0,32500.0,0.0,1.572510600248962,4.838494154612191e-05,7
100000001276409100,4,false,1,0,94760.0,0.0,1,0,1,2026-07-14,2026-07-14,1,0.0,true,false,false,0.000321040711507952,0.0,0,1877,false,0,94760.0,0.0,223.68802141909333,0.00236057430792627,7
100000003232675100,4,false,1,0,44000.0,0.0,2,0,1,2026-07-06,2026-07-06,1,0.0,true,false,false,0.0004010445366048787,0.0,0,1877,false,1,22000.0,0.0,124.33531687967303,0.002825802656356205,13
100000007988344100,4,false,1,0,20000.0,0.0,3,0,1,2026-07-02,2026-07-15,3,0.0,true,false,false,0.0003874576414894593,0.0,0,1877,false,0,6666.666666666667,0.0,68.81438081365026,0.003440719040682513,0
100000003047800100,4,false,1,0,12212.0,0.0,1,0,1,2026-07-01,2026-07-01,1,0.0,true,false,false,0.0003745703434875811,0.0,0,1877,false,0,12212.0,0.0,8.046928249678874,0.000658936148843668,12
100000003230328100,4,false,3,0,26572.0,0.0,3,0,3,2026-07-23,2026-07-26,3,0.0,true,false,false,0.00035168013741866216,0.0,0,1877,false,0,8857.333333333334,0.0,52.61988210260405,0.0019802755570752693,0
100000002702968100,4,false,1,0,31600.0,0.0,1,0,1,2026-07-13,2026-07-13,1,0.0,true,false,false,0.0002973980910343543,0.0,0,1877,false,0,31600.0,0.0,74.59414813047013,0.00236057430792627,7
100000004788983100,4,false,1,0,27000.0,0.0,1,0,1,2026-07-17,2026-07-17,1,0.0,true,false,false,0.00036946851834621677,0.0,0,1877,false,0,27000.0,0.0,110.41814115417233,0.004089560783487864,0
100000006490615100,4,false,1,0,41600.0,0.0,6,0,1,2026-07-01,2026-07-26,5,0.0,true,false,false,0.00039474588702010125,0.0,0,1877,false,1,6933.333333333333,0.0,117.55339050441813,0.002825802656356205,13
100000008745676100,4,false,1,0,34547.0,0.0,1,0,1,2026-07-22,2026-07-22,1,0.0,true,false,false,0.0005303236661827141,0.0,1,270,false,0,34547.0,0.0,8.688437940848273,0.00025149616293305564,1
100000001598625100,4,false,1,0,25000.0,0.0,1,0,1,2026-07-08,2026-07-08,1,0.0,true,false,false,0.00042888184355224855,0.0,0,1877,false,0,25000.0,0.0,166.28759276579157,0.0066515037106316625,4
100000008461217100,4,false,1,0,18000.0,0.0,1,0,1,2026-07-24,2026-07-24,1,0.0,true,false,false,0.0005455897895490733,0.0,0,1877,false,0,18000.0,0.0,217.3913043478261,0.012077294685990338,50
100000005711521100,4,false,1,0,238000.0,0.0,1,0,1,2026-07-11,2026-07-11,1,0.0,true,false,false,0.0005338432844113289,0.0,0,1877,false,0,238000.0,0.0,180.24190088987424,0.0007573189113019926,13
100000002713974100,4,false,1,0,50000.0,0.0,1,0,1,2026-07-11,2026-07-11,1,0.0,true,false,false,0.0003299501883700881,0.0,0,1877,false,0,50000.0,0.0,33.62163346858649,0.0006724326693717297,4
100000005272139100,4,false,1,0,165000.0,0.0,1,0,1,2026-07-21,2026-07-21,1,0.0,true,false,false,0.0007555290963517893,0.0,0,1877,false,0,165000.0,0.0,3188.8426541141685,0.019326319115843444,3
100000002968096100,4,false,1,0,70000.0,0.0,1,0,1,2026-07-28,2026-07-28,1,0.0,true,false,false,0.0003194824114349246,0.0,0,1877,false,0,70000.0,0.0,25.642981038421755,0.00036632830054888224,4
100000004449824100,4,false,1,0,9000.0,0.0,1,0,1,2026-07-28,2026-07-28,1,0.0,true,false,false,0.00029038564076542,0.0,0,1877,false,0,9000.0,0.0,0.4354644739150972,4.838494154612191e-05,7
100000004502048100,4,false,1,0,13888.0,0.0,1,0,1,2026-07-06,2026-07-06,1,0.0,true,false,false,0.00033971462250251294,0.0,0,1877,false,0,13888.0,0.0,103.02363102483986,0.0074181761970650816,18
100000002660298100,4,false,1,0,30900.0,0.0,1,0,1,2026-07-23,2026-07-23,1,0.0,true,false,false,0.0002971360607251156,0.0,0,1877,false,0,30900.0,0.0,72.94174611492174,0.00236057430792627,7
100000001299828100,4,false,1,0,100000.0,0.0,1,0,1,2026-07-24,2026-07-24,1,0.0,true,false,false,0.0005472629597932595,0.0,0,1877,false,0,100000.0,0.0,484.9960600259525,0.004849960600259525,0
100000000581662100,4,false,1,0,21160.0,0.0,1,0,1,2026-07-16,2026-07-16,1,0.0,true,false,false,0.0003029166285306628,0.0,0,1877,false,0,21160.0,0.0,6.786950064616291,0.0003207443319761952,12
100000001249054100,4,false,1,0,17375.0,0.0,1,0,1,2026-07-26,2026-07-26,1,0.0,true,false,false,0.0002920732608216101,0.0,0,1877,false,0,17375.0,0.0,41.01497860021894,0.00236057430792627,7
100000008759795100,4,false,1,0,17000.0,0.0,1,0,1,2026-07-26,2026-07-26,1,0.0,true,false,false,0.00029466683769708977,0.0,0,1877,false,0,17000.0,0.0,0.8225440062840724,4.838494154612191e-05,7
100000001299443100,4,false,1,0,8000.0,0.0,1,0,1,2026-07-24,2026-07-24,1,0.0,true,false,false,0.00028985049114896126,0.0,0,1877,false,0,8000.0,0.0,0.38707953236897524,4.838494154612191e-05,7
100000007997939100,4,false,1,0,13000.0,0.0,1,0,1,2026-07-16,2026-07-16,1,0.0,true,false,false,0.0003579630834798832,0.0,0,1877,false,0,13000.0,0.0,49.331887493600355,0.0037947605764307966,6
100000003470579100,4,false,1,0,357000.0,0.0,2,0,1,2026-07-14,2026-07-19,2,0.0,true,false,false,0.0005685326159317407,0.0,0,1877,false,0,178500.0,0.0,115.21053650873341,0.0003227185896603177,26
100000008649416100,4,false,1,0,5000.0,0.0,1,0,1,2026-07-08,2026-07-08,1,0.0,true,false,false,0.0005337267176293691,0.0,0,1877,false,0,5000.0,0.0,18.79914506903959,0.003759829013807918,16
100000008183752100,4,false,1,0,140000.0,0.0,1,0,1,2026-07-26,2026-07-26,1,0.0,true,false,false,0.0005301890395310145,0.0,0,1877,false,0,140000.0,0.0,3.491747265386912,2.49410518956208e-05,17
100000003950749100,4,false,1,0,7000.0,0.0,1,0,1,2026-07-30,2026-07-30,1,0.0,true,false,false,0.0003842412895484163,0.0,0,1877,false,0,7000.0,0.0,669.6569573639754,0.09566527962342505,3
100000005979037100,4,false,1,0,60300.0,0.0,1,0,1,2026-07-25,2026-07-25,1,0.0,true,false,false,0.00032484634241536006,0.0,0,1877,false,0,60300.0,0.0,54.4980391932896,0.0009037817444989984,4
100000008734279100,4,false,1,0,31650.0,0.0,1,0,1,2026-07-23,2026-07-23,1,0.0,true,false,false,0.00030133294456934605,0.0,0,1877,false,0,31650.0,0.0,8.166879505635674,0.00025803726716068477,4
100000005589319100,4,false,1,0,26000.0,0.0,1,0,1,2026-07-21,2026-07-21,1,0.0,true,false,false,0.0003099555741513955,0.0,0,1877,false,0,26000.0,0.0,5.966915638849897,0.00022949675534038064,2
100000003626268100,4,false,1,0,5000.0,0.0,1,0,1,2026-07-04,2026-07-04,1,0.0,true,false,false,0.0005308903791336692,0.0,0,1877,false,0,5000.0,0.0,33.257518553158306,0.006651503710631662,4
100000001220124100,4,false,1,0,40000.0,0.0,1,0,1,2026-07-15,2026-07-15,1,0.0,true,false,false,0.0005395565851958813,0.0,0,1877,false,0,40000.0,0.0,292.7502402320591,0.007318756005801478,4
100000003904497100,4,false,1,0,10000.0,0.0,1,0,1,2026-07-02,2026-07-02,1,0.0,true,false,false,0.0003412568244192851,0.0,0,1877,false,0,10000.0,0.0,37.947605764307966,0.0037947605764307966,6
100000001270470100,4,false,1,0,28300.0,0.0,2,0,1,2026-07-06,2026-07-07,2,0.0,true,false,false,0.0004297413056074089,0.0,0,1877,false,0,14150.0,0.0,97.37234885131512,0.0034407190406825134,0
100000003091142100,4,false,1,0,40000.0,0.0,1,0,1,2026-07-27,2026-07-27,1,0.0,true,false,false,0.00040986444107495853,0.0,0,1877,false,0,40000.0,0.0,163.58243133951456,0.004089560783487864,0
100000001053894100,4,false,1,0,2000000.0,0.0,7,0,1,2026-07-02,2026-07-28,7,0.0,true,false,false,0.0004485491925071496,0.0,0,1877,false,0,285714.28571428574,0.0,217.5504527917437,0.00010877522639587186,38
100000004722630100,4,false,1,0,340000.0,0.0,2,0,1,2026-07-08,2026-07-24,2,0.0,true,false,false,0.0004921869960127072,0.0,0,1877,false,0,170000.0,0.0,1631.8553297369099,0.0047995744992262055,49
100000004655046100,4,false,1,0,24000.0,0.0,1,0,1,2026-07-29,2026-07-29,1,0.0,true,false,false,0.0005575082914139787,0.0,0,1877,false,0,24000.0,0.0,19.340522095380656,0.0008058550873075274,7
100000004019056100,4,false,1,0,50000.0,0.0,1,0,1,2026-07-28,2026-07-28,1,0.0,true,false,false,0.0005409213827074585,0.0,0,1877,false,0,50000.0,0.0,422.92011492973006,0.0084584022985946,13
100000008071749100,4,false,1,0,24943.0,0.0,1,0,1,2026-07-21,2026-07-21,1,0.0,true,false,false,0.000294906182793494,0.0,0,1877,false,0,24943.0,0.0,58.87980496260495,0.00236057430792627,7
100000008221765100,4,false,1,0,156354.0,0.0,1,0,1,2026-07-01,2026-07-01,1,0.0,true,false,false,0.0005404417175185727,0.0,0,1877,false,0,156354.0,0.0,186.89963663674558,0.001195362041500349,5
100000008778010100,4,false,1,0,76950.0,0.0,2,0,1,2026-07-30,2026-07-30,1,0.0,true,false,false,0.0005296426486872772,0.0,1,270,false,1,38475.0,0.0,5.28283607110851,6.865284043026003e-05,1
100000004584730100,4,false,1,0,47000.0,0.0,1,0,1,2026-07-28,2026-07-28,1,0.0,true,false,false,0.00030383982641037403,0.0,0,1877,false,0,47000.0,0.0,6.907498229817961,0.00014696804744293533,44
100000004797167100,4,false,1,0,31000.0,0.0,1,0,1,2026-07-08,2026-07-08,1,0.0,true,false,false,0.0005516247027029554,0.0,0,1877,false,0,31000.0,0.0,66.85767156238443,0.002156699082657562,4
100000005010159100,4,false,1,0,7092.0,0.0,1,0,1,2026-07-22,2026-07-22,1,0.0,true,false,false,0.000614368456825926,0.0,0,1877,false,0,7092.0,0.0,11.85234005960972,0.0016712267427537676,4
100000003025903100,4,false,1,0,386300.0,0.0,6,0,1,2026-07-05,2026-07-29,6,0.0,true,false,false,0.000526451814957762,0.0,0,1877,false,0,64383.333333333336,0.0,567.8724992027367,0.001470029767545267,5
100000003005167100,4,false,1,0,7000.0,0.0,1,0,1,2026-07-26,2026-07-26,1,0.0,true,false,false,0.0002893153415325026,0.0,0,1877,false,0,7000.0,0.0,0.33869459082285336,4.838494154612191e-05,7
100000002214383100,4,false,1,0,213000.0,0.0,1,0,1,2026-07-23,2026-07-23,1,0.0,true,false,false,0.0005308718022156265,0.0,1,270,false,0,213000.0,0.0,11.429532128687592,5.365977525205442e-05,1
100000004800452100,4,false,1,0,6544.53,0.0,1,0,1,2026-07-24,2026-07-24,1,0.0,true,false,false,0.0006079797659745999,0.0,0,1877,false,0,6544.53,0.0,9.191590590098956,0.0014044691658681306,5
100000006903193100,4,false,1,0,9000.0,0.0,1,0,1,2026-07-05,2026-07-05,1,0.0,true,false,false,0.0003016045268852544,0.0,0,1877,false,0,9000.0,0.0,109.1737640134809,0.0121304182237201,0
100000007811950100,4,false,1,0,50000.0,0.0,1,0,1,2026-07-30,2026-07-30,1,0.0,true,false,false,0.0005462285400719744,0.0,0,1877,false,0,50000.0,0.0,229.5887778802765,0.00459177555760553,25
100000000375150100,4,false,1,0,300000.0,0.0,1,0,1,2026-07-07,2026-07-07,1,0.0,true,false,false,0.0007463802351751584,0.0,0,1877,false,0,300000.0,0.0,20532.39404848118,0.06844131349493726,13
100000008775747100,4,false,1,0,5000.0,0.0,1,0,1,2026-07-31,2026-07-31,1,0.0,true,false,false,0.0002862270828024387,0.0,0,1877,false,0,5000.0,0.0,3.3118473448533035,0.0006623694689706607,6
100000006689603100,4,false,1,0,400000.0,0.0,2,0,1,2026-07-09,2026-07-11,2,0.0,true,false,false,0.00031238935878786524,0.0,0,1877,false,0,200000.0,0.0,17.119243196037065,4.2798107990092664e-05,4
100000005075949100,4,false,1,0,2226000.0,0.0,7,0,1,2026-07-09,2026-07-23,4,0.0,true,false,false,0.0007679113857379723,0.0,0,1877,false,2,318000.0,0.0,7711.203469376132,0.003464152501965917,24
100000003985389100,4,false,1,0,422698.0,0.0,16,0,1,2026-07-03,2026-07-28,15,0.0,true,false,false,0.0004903551059552782,0.0,0,1877,false,1,26418.625,0.0,154.84623998541142,0.00036632830054888224,4
100000002478829100,4,false,1,0,34000.0,0.0,1,0,1,2026-07-07,2026-07-07,1,0.0,true,false,false,0.0003873344502833016,0.0,0,1877,false,0,34000.0,0.0,292.70276128733445,0.00860890474374513,20
100000003125997100,4,false,1,0,87750.0,0.0,1,0,1,2026-07-27,2026-07-27,1,0.0,true,false,false,0.0005483720399494529,0.0,0,1877,false,0,87750.0,0.0,275.2601431381539,0.00313686772807013,6
100000003214786100,4,false,1,0,5000.0,0.0,1,0,1,2026-07-22,2026-07-22,1,0.0,true,false,false,0.0004202819541446905,0.0,0,1877,false,0,5000.0,0.0,60.6520911186005,0.0121304182237201,0
100000008308418100,4,false,1,0,50000.0,0.0,1,0,1,2026-07-03,2026-07-03,1,0.0,true,false,false,0.0004315993314662999,0.0,0,1877,false,0,50000.0,0.0,42.32212905366858,0.0008464425810733717,0
100000008619159100,4,false,1,0,446400.0,0.0,2,0,1,2026-07-02,2026-07-02,1,0.0,true,false,false,0.0003565873893984892,0.0,0,1877,false,1,223200.0,0.0,56.792529236611394,0.00012722340778810795,63
100000004418967100,4,false,1,0,100000.0,0.0,1,0,1,2026-07-21,2026-07-21,1,0.0,true,false,false,0.000453474808952558,0.0,0,1877,false,0,100000.0,0.0,200.0428523707174,0.0020004285237071743,6
100000003173783100,4,false,1,0,23500.0,0.0,2,0,1,2026-07-09,2026-07-14,2,0.0,true,false,false,0.0003468224290716637,0.0,0,1877,false,0,11750.0,0.0,38.77543685064594,0.0016500185893891888,30
100000002242455100,4,false,1,0,110000.0,0.0,1,0,1,2026-07-03,2026-07-03,1,0.0,true,false,false,0.0005321740677312227,0.0,0,1877,false,0,110000.0,0.0,131.4898245650384,0.0011953620415003489,5
100000004848236100,4,false,1,0,7500.0,0.0,1,0,1,2026-07-23,2026-07-23,1,0.0,true,false,false,0.00030887463425310414,0.0,0,1877,false,0,7500.0,0.0,30.671705876158978,0.004089560783487864,0
100000004674412100,4,false,1,0,46000.0,0.0,1,0,1,2026-07-31,2026-07-31,1,0.0,true,false,false,0.000489367820095171,0.0,0,1877,false,0,46000.0,0.0,231.9378084196564,0.00504212626999253,10
100000007071852100,4,false,1,0,195000.0,0.0,1,0,1,2026-07-24,2026-07-24,1,0.0,true,false,false,0.00044351479276962344,0.0,0,1877,false,0,195000.0,0.0,304.2355695981247,0.0015601824081955113,4
100000001498732100,4,false,1,0,5500.0,0.0,1,0,1,2026-07-20,2026-07-20,1,0.0,true,false,false,0.00028940960982358184,0.0,0,1877,false,0,5500.0,0.0,0.26776313613261793,4.8684206569566896e-05,28
100000000627521100,4,false,1,0,6500.0,0.0,1,0,1,2026-07-11,2026-07-11,1,0.0,true,false,false,0.0002860989788867336,0.0,0,1877,false,0,6500.0,0.0,0.7070389715731671,0.00010877522639587186,38
100000003105089100,4,false,1,0,10000.0,0.0,1,0,1,2026-07-26,2026-07-26,1,0.0,true,false,false,0.0002994376832159775,0.0,0,1877,false,0,10000.0,0.0,146.88435872330433,0.014688435872330433,20
100000003166017100,4,false,1,0,15000.0,0.0,1,0,1,2026-07-23,2026-07-23,1,0.0,true,false,false,0.0002911842294152644,0.0,0,1877,false,0,15000.0,0.0,35.40861461889405,0.00236057430792627,7
100000002506987100,4,false,1,0,28200.0,0.0,1,0,1,2026-07-12,2026-07-12,1,0.0,true,false,false,0.0002961253723894805,0.0,0,1877,false,0,28200.0,0.0,66.56819548352081,0.00236057430792627,7
100000005767403100,4,false,1,0,1100000.0,0.0,2,0,1,2026-07-08,2026-07-31,2,0.0,true,false,false,0.0010818599457011432,0.0,0,1877,false,0,550000.0,0.0,11799.833448936131,0.010727121317214665,33
100000005553088100,4,false,1,0,17500.0,0.0,1,0,1,2026-07-09,2026-07-09,1,0.0,true,false,false,0.0002942853726110025,0.0,0,1877,false,0,17500.0,0.0,4.515652175311984,0.00025803726716068477,4
100000003632533100,4,false,1,0,10000.0,0.0,1,0,1,2026-07-19,2026-07-19,1,0.0,true,false,false,0.00042894910408558653,0.0,0,1877,false,0,10000.0,0.0,21.707553498128345,0.0021707553498128344,5
100000008762005100,4,false,1,0,5000.0,0.0,1,0,1,2026-07-27,2026-07-27,1,0.0,true,false,false,0.00028677959342906996,0.0,0,1877,false,0,5000.0,0.0,0.025862088843181356,5.1724177686362716e-06,6
100000002214207100,4,false,1,0,97000.0,0.0,1,0,1,2026-07-19,2026-07-19,1,0.0,true,false,false,0.0006906066279546793,0.0,0,1877,false,0,97000.0,0.0,10104.046242774568,0.10416542518324297,36
100000003180820100,4,false,1,0,101000.0,0.0,1,0,1,2026-07-14,2026-07-14,1,0.0,true,false,false,0.0002988566236372647,0.0,0,1877,false,0,101000.0,0.0,66.89931636603673,0.0006623694689706607,6
100000003786516100,4,false,1,0,5000.0,0.0,1,0,1,2026-07-28,2026-07-28,1,0.0,true,false,false,0.00029315964798120404,0.0,0,1877,false,0,5000.0,0.0,5.641435077884143,0.0011282870155768286,0
100000005226217100,4,false,1,0,17500.0,0.0,1,0,1,2026-07-01,2026-07-01,1,0.0,true,false,false,0.00038302247207078026,0.0,0,1877,false,0,17500.0,0.0,66.40831008753894,0.003794760576430796,6
100000001533161100,4,false,1,0,100000.0,0.0,1,0,1,2026-07-21,2026-07-21,1,0.0,true,false,false,0.0003244427669685309,0.0,0,1877,false,0,100000.0,0.0,14.696804744293534,0.00014696804744293533,44
100000007034089100,4,false,2,0,198000.0,0.0,2,0,2,2026-07-25,2026-07-25,1,0.0,true,false,false,0.00032111599242810006,0.0,0,1877,false,0,99000.0,0.0,33.24940078849202,0.00016792626660854553,6
100000008336318100,4,false,1,0,170000.0,0.0,1,0,1,2026-07-27,2026-07-27,1,0.0,true,false,false,0.00032671946741775907,0.0,0,1877,false,0,170000.0,0.0,0.8793110206681661,5.1724177686362716e-06,6
100000005370558100,4,false,1,0,5000.0,0.0,1,0,1,2026-07-09,2026-07-09,1,0.0,true,false,false,0.0002992993954788014,0.0,0,1877,false,0,5000.0,0.0,0.8479135400280384,0.0001695827080056077,0
100000002729875100,4,false,1,0,76000.0,0.0,1,0,1,2026-07-21,2026-07-21,1,0.0,true,false,false,0.00031401829922035395,0.0,0,1877,false,0,76000.0,0.0,179.4036474023965,0.00236057430792627,7
100000006512787100,4,false,1,0,20000.0,0.0,2,0,1,2026-07-21,2026-07-23,2,0.0,true,false,false,0.0005300461906110889,0.0,0,1877,false,0,10000.0,0.0,16.92885162146743,0.0008464425810733715,0
100000003186579100,4,false,1,0,110000.0,0.0,2,0,1,2026-07-06,2026-07-19,2,0.0,true,false,false,0.0005151815504625255,0.0,0,1877,false,0,55000.0,0.0,538.771264149575,0.004897920583177955,4
100000004472936100,4,false,1,0,5000.0,0.0,1,0,1,2026-07-21,2026-07-21,1,0.0,true,false,false,0.0005318955309395112,0.0,0,1877,false,0,5000.0,0.0,54.02934678953065,0.01080586935790613,13
100000002231144100,4,false,1,0,15000.0,0.0,1,0,1,2026-07-28,2026-07-28,1,0.0,true,false,false,0.0003672376389003147,0.0,0,1877,false,0,15000.0,0.0,338.501681239615,0.022566778749307667,20
100000002505277100,4,false,1,0,60000.0,0.0,1,0,1,2026-07-08,2026-07-08,1,0.0,true,false,false,0.0004076531172154517,0.0,0,1877,false,0,60000.0,0.0,10.15731097288046,0.00016928851621467433,0
100000003177533100,4,false,1,0,20000.0,0.0,3,0,1,2026-07-13,2026-07-13,1,0.0,true,false,false,0.00033819737698219095,0.0,0,1877,false,1,6666.666666666667,0.0,33.42453485507535,0.0016712267427537676,4
100000005888829100,4,false,1,0,197000.0,0.0,1,0,1,2026-07-13,2026-07-13,1,0.0,true,false,false,0.0003114861644720907,0.0,0,1877,false,0,197000.0,0.0,130.48678538722015,0.0006623694689706607,6
100000002242066100,4,false,1,0,60000.0,0.0,1,0,1,2026-07-03,2026-07-03,1,0.0,true,false,false,0.0005337841025658824,0.0,0,1877,false,0,60000.0,0.0,25.649784113137915,0.0004274964018856319,34
100000008027922100,4,false,1,0,70000.0,0.0,1,0,1,2026-07-17,2026-07-17,1,0.0,true,false,false,0.0005023680629098523,0.0,0,1877,false,0,70000.0,0.0,1319.5714404626337,0.018851020578037624,21
100000002686226100,4,false,1,0,430000.0,0.0,2,0,1,2026-07-22,2026-07-24,2,0.0,true,false,false,0.0006546162523072494,0.0,0,1877,false,0,215000.0,0.0,1416.9297267140457,0.003295185410962897,16
100000001065234100,4,false,1,0,360000.0,0.0,1,0,1,2026-07-05,2026-07-05,1,0.0,true,false,false,0.0005486947871235923,0.0,0,1877,false,0,360000.0,0.0,408.3252839434679,0.0011342368998429665,58
100000000424935100,4,false,1,0,15000.0,0.0,1,0,1,2026-07-05,2026-07-05,1,0.0,true,false,false,0.00030144797323543803,0.0,0,1877,false,0,15000.0,0.0,41.45011246937881,0.0027633408312919207,27
100000005723580100,4,false,1,0,35000.0,0.0,1,0,1,2026-07-14,2026-07-14,1,0.0,true,false,false,0.0003443362243746348,0.0,0,1877,false,0,35000.0,0.0,70.0149983297511,0.0020004285237071743,6
100000000704700100,4,false,1,0,10000.0,0.0,1,0,1,2026-07-26,2026-07-26,1,0.0,true,false,false,0.000533255171856774,0.0,2,17,false,0,10000.0,0.0,23.57054273266704,0.002357054273266704,23
100000005293969100,4,false,1,0,5466.97,0.0,1,0,1,2026-07-02,2026-07-02,1,0.0,true,false,false,0.0005304901604905847,0.0,0,1877,false,0,5466.97,0.0,4.276201308951274,0.0007821885448340257,0
100000002512742100,4,false,1,0,6000.0,0.0,1,0,1,2026-07-26,2026-07-26,1,0.0,true,false,false,0.0002887801919160438,0.0,0,1877,false,0,6000.0,0.0,0.2903096492767315,4.8384941546121915e-05,7
100000001816678100,4,false,1,0,60000.0,0.0,1,0,1,2026-07-25,2026-07-25,1,0.0,true,false,false,0.0003096552220398215,0.0,0,1877,false,0,60000.0,0.0,16.326896176590132,0.0002721149362765022,2
100000004586598100,4,false,1,0,761255.0,0.0,4,0,1,2026-07-05,2026-07-28,4,0.0,true,false,false,0.0005392658410384645,0.0,0,1877,false,0,190313.75,0.0,39.956412824850766,5.248755387465536e-05,66
100000005782886100,4,false,1,0,14000.0,0.0,1,0,1,2026-07-23,2026-07-23,1,0.0,true,false,false,0.0003635318365000825,0.0,0,1877,false,0,14000.0,0.0,53.12664807003115,0.0037947605764307966,6
100000002622822100,4,false,1,0,750000.0,0.0,1,0,1,2026-07-31,2026-07-31,1,0.0,true,false,false,0.0009076861139921077,0.0,0,1877,false,0,750000.0,0.0,63.361758088565914,8.448234411808789e-05,17
100000003718715100,4,false,1,0,915000.0,0.0,3,0,1,2026-07-18,2026-07-30,3,0.0,true,false,false,0.0005755764809645322,0.0,0,1877,false,0,305000.0,0.0,175.80821642934336,0.000192140127245184,13
100000006491963100,4,false,1,0,16000.0,0.0,3,0,1,2026-07-27,2026-07-30,3,0.0,true,false,false,0.00029413168808063104,0.0,0,1877,false,0,5333.333333333333,0.0,0.7741590647379505,4.838494154612191e-05,7
100000004526651100,4,false,1,0,33000.0,0.0,1,0,1,2026-07-17,2026-07-17,1,0.0,true,false,false,0.000289910698879263,0.0,0,1877,false,0,33000.0,0.0,21.858192476031803,0.0006623694689706607,6
100000008331280100,4,false,1,0,41000.0,0.0,2,0,1,2026-07-05,2026-07-27,2,0.0,true,false,false,0.0003180664824253935,0.0,0,1877,false,0,20500.0,0.0,13.231462176073025,0.0003227185896603177,26
100000004177936100,4,false,1,0,10000.0,0.0,1,0,1,2026-07-05,2026-07-05,1,0.0,true,false,false,0.0003370071199031592,0.0,0,1877,false,0,10000.0,0.0,66.51503710631663,0.0066515037106316625,4
100000002922000100,4,false,1,0,448000.0,0.0,1,0,1,2026-07-11,2026-07-11,1,0.0,true,false,false,0.00045972245214284386,0.0,0,1877,false,0,448000.0,0.0,65.84168525443502,0.0001469680474429353,44
100000002404112100,4,false,1,0,60000.0,0.0,1,0,1,2026-07-30,2026-07-30,1,0.0,true,false,false,0.0003300834785756565,0.0,0,1877,false,0,60000.0,0.0,19.36311537961906,0.0003227185896603177,26
100000000634341100,4,false,1,0,24000.0,0.0,2,0,1,2026-07-19,2026-07-22,2,0.0,true,false,false,0.000554938271938861,0.0,0,1877,false,0,12000.0,0.0,116.39905440622857,0.004849960600259524,0
100000001822650100,4,false,1,0,112000.0,0.0,1,0,1,2026-07-31,2026-07-31,1,0.0,true,false,false,0.00030590273887598724,0.0,0,1877,false,0,112000.0,0.0,16.476051811123124,0.00014710760545645645,6
100000004791226100,4,false,1,0,20000.0,0.0,1,0,1,2026-07-07,2026-07-07,1,0.0,true,false,false,0.0005414836607379313,0.0,0,1877,false,0,20000.0,0.0,16.92885162146743,0.0008464425810733715,0
100000007841978100,4,false,1,0,449000.0,0.0,1,0,1,2026-07-31,2026-07-31,1,0.0,true,false,false,0.0005063238893873206,0.0,0,1877,false,0,449000.0,0.0,516.6368850881923,0.0011506389422899607,5
100000006866831100,4,false,1,0,16500.0,0.0,1,0,1,2026-07-23,2026-07-23,1,0.0,true,false,false,0.0003676771906395039,0.0,0,1877,false,0,16500.0,0.0,176.1749302656483,0.010677268500948382,4
100000002999140100,4,false,1,0,10000.0,0.0,2,0,1,2026-07-07,2026-07-10,2,0.0,true,false,false,0.00028948260405575835,0.0,0,1877,false,0,5000.0,0.0,7.106107656919254,0.0007106107656919254,11
100000002884708100,4,false,1,0,1171644.0,0.0,2,0,1,2026-07-30,2026-07-31,2,0.0,true,false,false,0.0005625754563953275,0.0,0,1877,false,0,585822.0,0.0,102.53077544490615,8.75101783860167e-05,6
100000001130553100,4,false,1,0,18000.0,0.0,2,0,1,2026-07-10,2026-07-10,1,0.0,true,false,false,0.0005436529519802226,0.0,0,1877,false,1,9000.0,0.0,39.07359629663102,0.0021707553498128344,5
100000006351075100,4,false,1,0,40000.0,0.0,2,0,1,2026-07-31,2026-07-31,1,0.0,true,false,false,0.0002910853306876054,0.0,0,1877,false,1,20000.0,0.0,0.18434192414722067,4.608548103680517e-06,40
100000005616568100,4,false,1,0,530000.0,0.0,1,0,1,2026-07-03,2026-07-03,1,0.0,true,false,false,0.00043195541433379333,0.0,0,1877,false,0,530000.0,0.0,296.3541443779318,0.0005591587629772298,5
100000006381453100,4,false,1,0,45000.0,0.0,1,0,1,2026-07-02,2026-07-02,1,0.0,true,false,false,0.0005761677704875274,0.0,0,1877,false,0,45000.0,0.0,26.37542052673295,0.0005861204561496211,6
100000004616845100,4,false,1,0,20200.0,0.0,2,0,1,2026-07-26,2026-07-27,2,0.0,true,false,false,0.00028881766825216164,0.0,0,1877,false,0,10100.0,0.0,0.7910954671749854,3.916314193935571e-05,57
100000004908173100,4,false,1,0,21000.0,0.0,1,0,1,2026-07-19,2026-07-19,1,0.0,true,false,false,0.0003208294523116975,0.0,0,1877,false,0,21000.0,0.0,42.00899899785066,0.0020004285237071743,6
100000004433250100,4,false,1,0,8000.0,0.0,1,0,1,2026-07-25,2026-07-25,1,0.0,true,false,false,0.0003065701457455708,0.0,0,1877,false,0,8000.0,0.0,1.6977635839043272,0.0002122204479880409,0
100000003664994100,4,false,1,0,338271.0,0.0,2,0,1,2026-07-19,2026-07-21,2,0.0,true,false,false,0.00039112082288784137,0.0,0,1877,false,0,169135.5,0.0,298.1885459859681,0.0008815078619981261,41
100000004673335100,4,false,1,0,80000.0,0.0,1,0,1,2026-07-05,2026-07-05,1,0.0,true,false,false,0.0004940906043598353,0.0,0,1877,false,0,80000.0,0.0,132.0014871511351,0.0016500185893891888,30
100000002487222100,4,false,1,0,90000.0,0.0,2,0,1,2026-07-04,2026-07-05,2,0.0,true,false,false,0.00031042731461443336,0.0,0,1877,false,0,45000.0,0.0,50.32428866795068,0.0005591587629772298,5
100000000018102100,4,false,1,0,7000.0,0.0,1,0,1,2026-07-18,2026-07-18,1,0.0,true,false,false,0.0003204029472448968,0.0,0,1877,false,0,7000.0,0.0,74.74087950663868,0.010677268500948382,4
100000008638859100,4,false,1,0,34000.0,0.0,1,0,1,2026-07-02,2026-07-02,1,0.0,true,false,false,0.0005396486131466581,0.0,0,1877,false,0,34000.0,0.0,71.1812376794057,0.0020935658141001674,18
100000001131403100,4,false,1,0,1570000.0,0.0,3,0,1,2026-07-20,2026-07-27,3,0.0,true,false,false,0.000538041929600761,0.0,0,1877,false,0,523333.3333333333,0.0,61.48613284478847,3.916314193935571e-05,57
100000001733216100,4,false,1,0,60000.0,0.0,2,0,1,2026-07-22,2026-07-22,1,0.0,true,false,false,0.0004076531172154517,0.0,0,1877,false,1,30000.0,0.0,10.15731097288046,0.00016928851621467433,0
100000004400480100,4,false,1,0,21700.0,0.0,1,0,1,2026-07-12,2026-07-12,1,0.0,true,false,false,0.00048457285607853614,0.0,0,1877,false,0,21700.0,0.0,6.960152003883436,0.0003207443319761952,12
100000007539296100,4,false,1,0,46000.0,0.0,2,0,1,2026-07-19,2026-07-27,2,0.0,true,false,false,0.0005573238796527805,0.0,0,1877,false,0,23000.0,0.0,109.53528914847362,0.002381201938010296,5
100000008757301100,4,false,1,0,58398.0,0.0,3,0,1,2026-07-25,2026-07-27,3,0.0,true,false,false,0.0005305464848242227,0.0,0,1877,false,0,19466.0,0.0,125.9098271433375,0.002156064028619773,0
100000002752565100,4,false,1,0,57000.0,0.0,1,0,1,2026-07-26,2026-07-26,1,0.0,true,false,false,0.00033823599365261656,0.0,0,1877,false,0,57000.0,0.0,338.54334055780464,0.00593935685189131,4
100000002734815100,4,false,1,0,110000.0,0.0,1,0,1,2026-07-25,2026-07-25,1,0.0,true,false,false,0.0003121958768764176,0.0,0,1877,false,0,110000.0,0.0,0.5689659545499899,5.1724177686362716e-06,6
100000008333492100,4,false,1,0,216400.0,0.0,1,0,1,2026-07-31,2026-07-31,1,0.0,true,false,false,0.0004380108561569458,0.0,0,1877,false,0,216400.0,0.0,16.484841271271968,7.617763988572999e-05,46
100000006527156100,4,false,1,0,48500.0,0.0,1,0,1,2026-07-08,2026-07-08,1,0.0,true,false,false,0.00029607854463901343,0.0,0,1877,false,0,48500.0,0.0,168.01139634534698,0.003464152501965917,24
100000003448713100,4,false,1,0,266750.0,0.0,1,0,1,2026-07-16,2026-07-16,1,0.0,true,false,false,0.0003034549247777929,0.0,0,1877,false,0,266750.0,0.0,11.416395306357218,4.2798107990092664e-05,4
100000004780083100,4,false,1,0,9999.0,0.0,1,0,1,2026-07-26,2026-07-26,1,0.0,true,false,false,0.00029338523165935615,0.0,0,1877,false,0,9999.0,0.0,6.448578450686449,0.0006449223373023752,60
100000004798515100,4,false,1,0,200000.0,0.0,2,0,1,2026-07-01,2026-07-20,2,0.0,true,false,false,0.00036383549098662794,0.0,0,1877,false,0,100000.0,0.0,142.12215313838507,0.0007106107656919254,11
100000004232712100,4,false,1,0,12500.0,0.0,1,0,1,2026-07-14,2026-07-14,1,0.0,true,false,false,0.000529276207727712,0.0,0,1877,false,0,12500.0,0.0,14.942025518754361,0.0011953620415003489,5
100000005209352100,4,false,1,0,5000.0,0.0,1,0,1,2026-07-07,2026-07-07,1,0.0,true,false,false,0.0004202819541446905,0.0,0,1877,false,0,5000.0,0.0,60.6520911186005,0.0121304182237201,0
100000000561160100,4,false,1,0,240000.0,0.0,1,0,1,2026-07-30,2026-07-30,1,0.0,true,false,false,0.00043625462329844114,0.0,0,1877,false,0,240000.0,0.0,474.55385530002775,0.0019773077304167824,2
100000003568904100,4,false,1,0,49000.0,0.0,1,0,1,2026-07-17,2026-07-17,1,0.0,true,false,false,0.0005317310119569401,0.0,0,1877,false,0,49000.0,0.0,107.82096445318734,0.0022004278459834153,13
100000000470237100,4,false,1,0,32500.0,0.0,1,0,1,2026-07-30,2026-07-30,1,0.0,true,false,false,0.000584633394176413,0.0,0,1877,false,0,32500.0,0.0,2583.934096845545,0.07950566451832446,27
100000008560263100,4,false,1,0,100000.0,0.0,1,0,1,2026-07-01,2026-07-01,1,0.0,true,false,false,0.0003131893168807824,0.0,0,1877,false,0,100000.0,0.0,55.91587629772298,0.0005591587629772298,5
100000000542087100,4,false,1,0,8506.91,0.0,1,0,1,2026-07-15,2026-07-15,1,0.0,true,false,false,0.0002864146027372097,0.0,0,1877,false,0,8506.91,0.0,0.4111249159855777,4.832834906982415e-05,35
100000004403548100,4,false,1,0,5000.0,0.0,1,0,1,2026-07-02,2026-07-02,1,0.0,true,false,false,0.0003678656647208181,0.0,0,1877,false,0,5000.0,0.0,33.25751855315831,0.0066515037106316625,4
100000003010908100,4,false,1,0,17000.0,0.0,1,0,1,2026-07-17,2026-07-17,1,0.0,true,false,false,0.00039940942699817525,0.0,0,1877,false,0,17000.0,0.0,76.35212645225754,0.004491301556015149,7
100000006756956100,4,false,1,0,121200.0,0.0,9,0,1,2026-07-04,2026-07-19,5,0.0,true,false,false,0.0003109470341275592,0.0,0,1877,false,3,13466.666666666666,0.0,229.46379754246956,0.001893265656291003,0
100000007357489100,4,false,2,0,164500.0,0.0,2,0,2,2026-07-23,2026-07-23,1,0.0,true,false,false,0.00031295949170801656,0.0,0,1877,false,0,82250.0,0.0,49.7046633415402,0.00030215600815525955,6
100000002599729100,4,false,1,0,65000.0,0.0,2,0,1,2026-07-28,2026-07-29,2,0.0,true,false,false,0.0004857864367526589,0.0,0,1877,false,0,32500.0,0.0,48.829156395670125,0.0007512177907026173,0
100000005849862100,4,false,1,0,13000.0,0.0,2,0,1,2026-07-05,2026-07-22,2,0.0,true,false,false,0.0005484355639203504,0.0,0,1877,false,0,6500.0,0.0,33.887369055032785,0.0026067206965409836,8
100000008762843100,4,false,1,0,7000.0,0.0,1,0,1,2026-07-27,2026-07-27,1,0.0,true,false,false,0.00028726371311378135,0.0,0,1877,false,0,7000.0,0.0,0.0362069243804539,5.1724177686362716e-06,6
100000002723674100,4,false,1,0,30000.0,0.0,1,0,1,2026-07-08,2026-07-08,1,0.0,true,false,false,0.0003271744612133494,0.0,0,1877,false,0,30000.0,0.0,440.653076169913,0.014688435872330433,20
100000008758106100,4,false,1,0,10000.0,0.0,1,0,1,2026-07-25,2026-07-25,1,0.0,true,false,false,0.0002868848713875859,0.0,0,1877,false,0,10000.0,0.0,6.623694689706607,0.0006623694689706607,6
100000001286703100,4,false,1,0,20500.0,0.0,1,0,1,2026-07-21,2026-07-21,1,0.0,true,false,false,0.00028723983817476257,0.0,0,1877,false,0,20500.0,0.0,2.229892141115373,0.00010877522639587186,38
