gid,role,role_score,cluster_id,priority_score,evidence,role_rule
100000000343175100,coordinator,1.0,10,0.820502,"Признаки координатора: 8 плательщ. → 31 получат., betweenness 0.0011 (порог 0.0008); вход 178 712 KZT",coordinator
100000000456947100,peripheral,1.0,70,0.0,"Нет рёбер в выгрузке: 0 входящих и 0 исходящих переводов ≥5 000 KZT за 07.2026 (seed); роль не определяется, нужна проверка вне графа",no_edges
100000000580561100,peripheral,0.8,43,0.386126,"Периферия: 2 вход./3 исх. контрагентов, вход 27 980 KZT, выход 1 488 077 KZT — ниже порогов ролей",peripheral
100000001415126100,peripheral,0.9,19,0.154744,"Периферия: 1 вход./0 исх. контрагентов, вход 27 000 KZT, выход 0 KZT — ниже порогов ролей",peripheral
100000001429930100,peripheral,0.9,13,0.154251,"Периферия: 1 вход./0 исх. контрагентов, вход 26 000 KZT, выход 0 KZT — ниже порогов ролей",peripheral
100000001616816100,peripheral,0.5,9,0.513328,"Периферия: 5 вход./3 исх. контрагентов, вход 176 195 KZT, выход 181 326 KZT — ниже порогов ролей",peripheral
100000001732159100,peripheral,0.8,39,0.511401,"Периферия: 2 вход./4 исх. контрагентов, вход 2 378 100 KZT, выход 1 505 966 KZT — ниже порогов ролей",peripheral
100000002527114100,coordinator,0.5,1,0.76756,"Признаки координатора: 3 плательщ. → 111 получат., betweenness 0.0002 (порог 0.0008), в цикле ≤5; вход 129 000 KZT",coordinator
100000002916006100,peripheral,0.95,19,0.136949,"Периферия: 0 вход./1 исх. контрагентов, вход 0 KZT, выход 32 000 KZT — ниже порогов ролей",peripheral
100000003016635100,coordinator,1.0,3,0.915498,"Признаки координатора: 8 плательщ. → 73 получат., betweenness 0.0072 (порог 0.0008), в цикле ≤5; вход 586 981 KZT",coordinator
100000003200071100,peripheral,0.95,67,0.136188,"Периферия: 0 вход./1 исх. контрагентов, вход 0 KZT, выход 30 000 KZT — ниже порогов ролей",peripheral
100000003265658100,peripheral,1.0,71,0.0,"Нет рёбер в выгрузке: 0 входящих и 0 исходящих переводов ≥5 000 KZT за 07.2026 (seed); роль не определяется, нужна проверка вне графа",no_edges
100000003349739100,peripheral,1.0,72,0.0,"Нет рёбер в выгрузке: 0 входящих и 0 исходящих переводов ≥5 000 KZT за 07.2026 (seed); роль не определяется, нужна проверка вне графа",no_edges
100000003684369100,coordinator,1.0,2,0.93597,"Признаки координатора: 24 плательщ. → 62 получат., betweenness 0.0023 (порог 0.0008), в цикле ≤5; вход 3 848 436 KZT",coordinator
100000003770083100,peripheral,1.0,73,0.0,"Нет рёбер в выгрузке: 0 входящих и 0 исходящих переводов ≥5 000 KZT за 07.2026 (seed); роль не определяется, нужна проверка вне графа",no_edges
100000003975102100,peripheral,0.9,3,0.364645,"Периферия: 1 вход./2 исх. контрагентов, вход 25 650 KZT, выход 88 500 KZT — ниже порогов ролей",peripheral
100000003977183100,peripheral,0.8,9,0.406961,"Периферия: 2 вход./4 исх. контрагентов, вход 123 800 KZT, выход 766 000 KZT — ниже порогов ролей",peripheral
100000004007116100,peripheral,0.7,23,0.403356,"Периферия: 3 вход./4 исх. контрагентов, вход 764 704 KZT, выход 148 000 KZT — ниже порогов ролей",peripheral
100000004019124100,peripheral,0.7,3,0.201955,"Периферия: 3 вход./0 исх. контрагентов, вход 193 000 KZT, выход 0 KZT — ниже порогов ролей",peripheral
100000004021459100,peripheral,1.0,74,0.0,"Нет рёбер в выгрузке: 0 входящих и 0 исходящих переводов ≥5 000 KZT за 07.2026 (seed); роль не определяется, нужна проверка вне графа",no_edges
100000004041163100,peripheral,0.9,19,0.434878,"Периферия: 1 вход./2 исх. контрагентов, вход 50 000 KZT, выход 866 000 KZT — ниже порогов ролей",peripheral
100000004174835100,peripheral,1.0,75,0.0,"Нет рёбер в выгрузке: 0 входящих и 0 исходящих переводов ≥5 000 KZT за 07.2026 (seed); роль не определяется, нужна проверка вне графа",no_edges
100000004193835100,peripheral,0.9,3,0.333008,"Периферия: 1 вход./1 исх. контрагентов, вход 47 000 KZT, выход 5 000 KZT — ниже порогов ролей",peripheral
100000004269433100,peripheral,0.95,15,0.181291,"Периферия: 0 вход./1 исх. контрагентов, вход 0 KZT, выход 1 372 000 KZT — ниже порогов ролей",peripheral
100000004358004100,distributor,0.55,2,0.334957,"Признаки распределения: 980 850 KZT на 11 получат. (17 переводов, в среднем 57 697 KZT); seed, вход занижен",distributor
100000004388983100,peripheral,0.9,64,0.176674,"Периферия: 0 вход./2 исх. контрагентов, вход 0 KZT, выход 450 816 KZT — ниже порогов ролей",peripheral
100000004714705100,peripheral,0.95,19,0.138518,"Периферия: 0 вход./1 исх. контрагентов, вход 0 KZT, выход 36 550 KZT — ниже порогов ролей",peripheral
100000004723755100,peripheral,0.95,2,0.149787,"Периферия: 0 вход./1 исх. контрагентов, вход 0 KZT, выход 95 000 KZT — ниже порогов ролей",peripheral
100000004813068100,peripheral,0.85,22,0.177791,"Периферия: 0 вход./3 исх. контрагентов, вход 0 KZT, выход 297 000 KZT — ниже порогов ролей",peripheral
100000004971871100,peripheral,0.9,59,0.270437,"Периферия: 1 вход./1 исх. контрагентов, вход 25 400 KZT, выход 5 650 KZT — ниже порогов ролей",peripheral
100000005017150100,peripheral,1.0,76,0.0,"Нет рёбер в выгрузке: 0 входящих и 0 исходящих переводов ≥5 000 KZT за 07.2026 (seed); роль не определяется, нужна проверка вне графа",no_edges
100000005087431100,peripheral,1.0,77,0.0,"Нет рёбер в выгрузке: 0 входящих и 0 исходящих переводов ≥5 000 KZT за 07.2026 (seed); роль не определяется, нужна проверка вне графа",no_edges
100000005235389100,peripheral,1.0,78,0.0,"Нет рёбер в выгрузке: 0 входящих и 0 исходящих переводов ≥5 000 KZT за 07.2026 (seed); роль не определяется, нужна проверка вне графа",no_edges
100000005264990100,peripheral,0.9,19,0.429891,"Периферия: 1 вход./2 исх. контрагентов, вход 17 070 KZT, выход 122 000 KZT — ниже порогов ролей",peripheral
100000005370580100,peripheral,0.9,13,0.153247,"Периферия: 1 вход./0 исх. контрагентов, вход 24 075 KZT, выход 0 KZT — ниже порогов ролей",peripheral
100000005382566100,consolidator,0.7,19,0.615941,"Признаки консолидации: 393 066 KZT от 7 плательщ. (11 переводов), дальше ушло 0.13 полученного (порог <0.5)",consolidator
100000005386383100,peripheral,0.8,19,0.400385,"Периферия: 2 вход./1 исх. контрагентов, вход 37 500 KZT, выход 29 000 KZT — ниже порогов ролей",peripheral
100000005392290100,peripheral,0.95,68,0.147974,"Периферия: 0 вход./1 исх. контрагентов, вход 0 KZT, выход 81 465 KZT — ниже порогов ролей",peripheral
100000005395727100,peripheral,0.9,15,0.148705,"Периферия: 1 вход./0 исх. контрагентов, вход 17 000 KZT, выход 0 KZT — ниже порогов ролей",peripheral
100000005409680100,peripheral,0.8,18,0.176643,"Периферия: 2 вход./0 исх. контрагентов, вход 55 060 KZT, выход 0 KZT — ниже порогов ролей",peripheral
100000005417257100,peripheral,0.9,19,0.159594,"Периферия: 0 вход./2 исх. контрагентов, вход 0 KZT, выход 106 000 KZT — ниже порогов ролей",peripheral
100000005454368100,peripheral,0.8,13,0.175014,"Периферия: 2 вход./0 исх. контрагентов, вход 48 600 KZT, выход 0 KZT — ниже порогов ролей",peripheral
100000005480435100,peripheral,1.0,79,0.0,"Нет рёбер в выгрузке: 0 входящих и 0 исходящих переводов ≥5 000 KZT за 07.2026 (seed); роль не определяется, нужна проверка вне графа",no_edges
100000005485830100,peripheral,0.75,45,0.185436,"Периферия: 0 вход./5 исх. контрагентов, вход 0 KZT, выход 275 885 KZT — ниже порогов ролей",peripheral
100000005493505100,peripheral,0.7,2,0.187135,"Периферия: 3 вход./0 исх. контрагентов, вход 62 020 KZT, выход 0 KZT — ниже порогов ролей",peripheral
100000005495722100,peripheral,1.0,80,0.0,"Нет рёбер в выгрузке: 0 входящих и 0 исходящих переводов ≥5 000 KZT за 07.2026 (seed); роль не определяется, нужна проверка вне графа",no_edges
100000005498992100,distributor,0.8,8,0.352134,"Признаки распределения: 2 262 868 KZT на 16 получат. (19 переводов, в среднем 119 098 KZT); seed, вход занижен",distributor
100000005519347100,peripheral,0.8,3,0.355991,"Периферия: 2 вход./1 исх. контрагентов, вход 73 100 KZT, выход 99 000 KZT — ниже порогов ролей",peripheral
100000005523088100,peripheral,0.9,19,0.197241,"Периферия: 1 вход./0 исх. контрагентов, вход 700 000 KZT, выход 0 KZT — ниже порогов ролей",peripheral
100000005543136100,peripheral,0.95,2,0.123226,"Периферия: 0 вход./1 исх. контрагентов, вход 0 KZT, выход 10 000 KZT — ниже порогов ролей",peripheral
100000005550592100,peripheral,1.0,81,0.0,"Нет рёбер в выгрузке: 0 входящих и 0 исходящих переводов ≥5 000 KZT за 07.2026 (seed); роль не определяется, нужна проверка вне графа",no_edges
100000005560900100,peripheral,1.0,82,0.0,"Нет рёбер в выгрузке: 0 входящих и 0 исходящих переводов ≥5 000 KZT за 07.2026 (seed); роль не определяется, нужна проверка вне графа",no_edges
100000005568407100,peripheral,1.0,83,0.0,"Нет рёбер в выгрузке: 0 входящих и 0 исходящих переводов ≥5 000 KZT за 07.2026 (seed); роль не определяется, нужна проверка вне графа",no_edges
100000005668605100,peripheral,0.7,19,0.192633,"Периферия: 3 вход./0 исх. контрагентов, вход 94 500 KZT, выход 0 KZT — ниже порогов ролей",peripheral
100000005744674100,peripheral,0.95,19,0.14223,"Периферия: 0 вход./1 исх. контрагентов, вход 0 KZT, выход 50 066 KZT — ниже порогов ролей",peripheral
100000006232815100,peripheral,0.75,29,0.400735,"Периферия: 1 вход./5 исх. контрагентов, вход 160 000 KZT, выход 296 500 KZT — ниже порогов ролей",peripheral
100000006249740100,peripheral,0.85,53,0.164093,"Периферия: 0 вход./3 исх. контрагентов, вход 0 KZT, выход 93 007 KZT — ниже порогов ролей",peripheral
100000006831291100,peripheral,0.95,53,0.12801,"Периферия: 0 вход./1 исх. контрагентов, вход 0 KZT, выход 15 000 KZT — ниже порогов ролей",peripheral
100000006866783100,coordinator,1.0,0,0.916997,"Признаки координатора: 13 плательщ. → 67 получат., betweenness 0.0060 (порог 0.0008), в цикле ≤5; вход 838 812 KZT",coordinator
100000007018630100,peripheral,0.95,61,0.158571,"Периферия: 0 вход./1 исх. контрагентов, вход 0 KZT, выход 200 000 KZT — ниже порогов ролей",peripheral
100000007747786100,distributor,1.0,8,0.372819,"Признаки распределения: 4 238 009 KZT на 31 получат. (35 переводов, в среднем 121 086 KZT); seed, вход занижен",distributor
100000007982728100,peripheral,0.6,9,0.216108,"Периферия: 0 вход./8 исх. контрагентов, вход 0 KZT, выход 1 804 384 KZT — ниже порогов ролей",peripheral
100000008117324100,peripheral,1.0,84,0.0,"Нет рёбер в выгрузке: 0 входящих и 0 исходящих переводов ≥5 000 KZT за 07.2026 (seed); роль не определяется, нужна проверка вне графа",no_edges
100000008205000100,peripheral,1.0,85,0.0,"Нет рёбер в выгрузке: 0 входящих и 0 исходящих переводов ≥5 000 KZT за 07.2026 (seed); роль не определяется, нужна проверка вне графа",no_edges
100000008314203100,peripheral,0.8,39,0.374819,"Периферия: 2 вход./2 исх. контрагентов, вход 382 076 KZT, выход 327 000 KZT — ниже порогов ролей",peripheral
100000008418835100,peripheral,0.8,15,0.541208,"Периферия: 1 вход./4 исх. контрагентов, вход 1 372 000 KZT, выход 186 179 KZT — ниже порогов ролей",peripheral
100000008513251100,peripheral,1.0,86,0.0,"Нет рёбер в выгрузке: 0 входящих и 0 исходящих переводов ≥5 000 KZT за 07.2026 (seed); роль не определяется, нужна проверка вне графа",no_edges
100000008516839100,peripheral,0.7,19,0.199093,"Периферия: 3 вход./0 исх. контрагентов, вход 155 000 KZT, выход 0 KZT — ниже порогов ролей",peripheral
100000008522127100,peripheral,0.95,62,0.154777,"Периферия: 0 вход./1 исх. контрагентов, вход 0 KZT, выход 145 000 KZT — ниже порогов ролей",peripheral
100000008571433100,peripheral,0.8,52,0.410025,"Периферия: 2 вход./2 исх. контрагентов, вход 350 000 KZT, выход 1 434 000 KZT — ниже порогов ролей",peripheral
100000008575624100,peripheral,0.85,47,0.163639,"Периферия: 0 вход./3 исх. контрагентов, вход 0 KZT, выход 89 500 KZT — ниже порогов ролей",peripheral
100000008601794100,peripheral,0.8,56,0.390402,"Периферия: 2 вход./1 исх. контрагентов, вход 494 400 KZT, выход 871 400 KZT — ниже порогов ролей",peripheral
100000008637537100,peripheral,0.7,39,0.53923,"Периферия: 3 вход./3 исх. контрагентов, вход 619 890 KZT, выход 2 351 495 KZT — ниже порогов ролей",peripheral
100000008650785100,peripheral,0.8,3,0.431028,"Периферия: 2 вход./2 исх. контрагентов, вход 92 000 KZT, выход 120 120 KZT — ниже порогов ролей",peripheral
100000008654653100,peripheral,0.95,3,0.143123,"Периферия: 0 вход./1 исх. контрагентов, вход 0 KZT, выход 54 000 KZT — ниже порогов ролей",peripheral
100000008659445100,peripheral,0.7,42,0.411758,"Периферия: 3 вход./4 исх. контрагентов, вход 138 490 KZT, выход 875 150 KZT — ниже порогов ролей",peripheral
100000008669037100,peripheral,1.0,87,0.0,"Нет рёбер в выгрузке: 0 входящих и 0 исходящих переводов ≥5 000 KZT за 07.2026 (seed); роль не определяется, нужна проверка вне графа",no_edges
100000008673001100,peripheral,0.9,19,0.168924,"Периферия: 1 вход./0 исх. контрагентов, вход 80 000 KZT, выход 0 KZT — ниже порогов ролей",peripheral
100000008680731100,distributor,1.0,11,0.357477,"Признаки распределения: 1 464 354 KZT на 27 получат. (28 переводов, в среднем 52 298 KZT); seed, вход занижен",distributor
100000008701222100,peripheral,1.0,88,0.0,"Нет рёбер в выгрузке: 0 входящих и 0 исходящих переводов ≥5 000 KZT за 07.2026 (seed); роль не определяется, нужна проверка вне графа",no_edges
100000008738325100,peripheral,0.9,19,0.306785,"Периферия: 1 вход./1 исх. контрагентов, вход 36 550 KZT, выход 54 000 KZT — ниже порогов ролей",peripheral
100000003134937100,peripheral,0.9,3,0.142146,"Периферия: 1 вход./0 исх. контрагентов, вход 10 286 KZT, выход 0 KZT — ниже порогов ролей",peripheral
100000005074393100,peripheral,0.6,13,0.570149,"Периферия: 4 вход./6 исх. контрагентов, вход 563 026 KZT, выход 685 500 KZT — ниже порогов ролей",peripheral
100000001924185100,peripheral,0.8,10,0.189814,"Периферия: 2 вход./0 исх. контрагентов, вход 151 000 KZT, выход 0 KZT — ниже порогов ролей",peripheral
100000004070318100,coordinator,0.6667,0,0.788463,"Признаки координатора: 4 плательщ. → 19 получат., betweenness 0.0021 (порог 0.0008), в цикле ≤5; вход 207 247 KZT",coordinator
100000005807278100,peripheral,0.9,45,0.139478,"Периферия: 1 вход./0 исх. контрагентов, вход 8 385 KZT, выход 0 KZT — ниже порогов ролей",peripheral
100000003377795100,peripheral,0.9,8,0.137122,"Периферия: 1 вход./0 исх. контрагентов, вход 7 000 KZT, выход 0 KZT — ниже порогов ролей",peripheral
100000004330371100,peripheral,0.8,3,0.5146,"Периферия: 2 вход./2 исх. контрагентов, вход 264 171 KZT, выход 90 681 KZT — ниже порогов ролей",peripheral
100000008165763100,distributor,0.85,2,0.775588,"Признаки распределения: 1 267 858 KZT на 17 получат. (17 переводов, в среднем 74 580 KZT)",distributor
100000001684867100,peripheral,0.9,3,0.156357,"Периферия: 1 вход./0 исх. контрагентов, вход 30 550 KZT, выход 0 KZT — ниже порогов ролей",peripheral
100000003900547100,peripheral,0.9,3,0.153042,"Периферия: 1 вход./0 исх. контрагентов, вход 23 700 KZT, выход 0 KZT — ниже порогов ролей",peripheral
100000006656003100,peripheral,0.9,1,0.27281,"Периферия: 1 вход./1 исх. контрагентов, вход 20 000 KZT, выход 9 000 KZT — ниже порогов ролей",peripheral
100000008237827100,peripheral,0.9,2,0.159875,"Периферия: 1 вход./0 исх. контрагентов, вход 40 001 KZT, выход 0 KZT — ниже порогов ролей",peripheral
100000003014659100,peripheral,0.9,10,0.185279,"Периферия: 1 вход./0 исх. контрагентов, вход 280 000 KZT, выход 0 KZT — ниже порогов ролей",peripheral
100000007939160100,peripheral,0.9,43,0.344031,"Периферия: 1 вход./2 исх. контрагентов, вход 795 000 KZT, выход 14 300 KZT — ниже порогов ролей",peripheral
100000007274584100,peripheral,0.9,2,0.159206,"Периферия: 1 вход./0 исх. контрагентов, вход 38 000 KZT, выход 0 KZT — ниже порогов ролей",peripheral
100000001524952100,peripheral,0.9,0,0.172325,"Периферия: 1 вход./0 исх. контрагентов, вход 103 807 KZT, выход 0 KZT — ниже порогов ролей",peripheral
100000003131693100,terminal,0.5888,2,0.248314,"Признаки конечного получателя: колено 1, получил 353 277 KZT от 1 плательщ., исходящих ≥5 000 KZT нет (порог входа 300 000)",terminal
100000008383405100,peripheral,0.9,22,0.153739,"Периферия: 1 вход./0 исх. контрагентов, вход 25 000 KZT, выход 0 KZT — ниже порогов ролей",peripheral
100000008736173100,peripheral,0.9,1,0.156573,"Периферия: 1 вход./0 исх. контрагентов, вход 31 060 KZT, выход 0 KZT — ниже порогов ролей",peripheral
100000002861485100,peripheral,0.9,3,0.155822,"Периферия: 1 вход./0 исх. контрагентов, вход 29 323 KZT, выход 0 KZT — ниже порогов ролей",peripheral
100000008745474100,peripheral,0.9,1,0.160056,"Периферия: 1 вход./0 исх. контрагентов, вход 40 559 KZT, выход 0 KZT — ниже порогов ролей",peripheral
100000008691330100,peripheral,0.9,1,0.151734,"Периферия: 1 вход./0 исх. контрагентов, вход 21 440 KZT, выход 0 KZT — ниже порогов ролей",peripheral
100000007639767100,coordinator,0.5,24,0.775118,"Признаки координатора: 4 плательщ. → 10 получат., betweenness 0.0025 (порог 0.0008), в цикле ≤5; вход 90 913 KZT",coordinator
100000002921047100,peripheral,0.8,8,0.442118,"Периферия: 2 вход./1 исх. контрагентов, вход 338 000 KZT, выход 163 000 KZT — ниже порогов ролей",peripheral
100000004783447100,peripheral,0.9,1,0.154351,"Периферия: 1 вход./0 исх. контрагентов, вход 26 200 KZT, выход 0 KZT — ниже порогов ролей",peripheral
100000008696919100,peripheral,0.9,1,0.15694,"Периферия: 1 вход./0 исх. контрагентов, вход 31 945 KZT, выход 0 KZT — ниже порогов ролей",peripheral
100000008736940100,peripheral,0.7,42,0.401088,"Периферия: 3 вход./3 исх. контрагентов, вход 451 090 KZT, выход 182 100 KZT — ниже порогов ролей",peripheral
100000005940652100,peripheral,0.9,39,0.139494,"Периферия: 1 вход./0 исх. контрагентов, вход 8 395 KZT, выход 0 KZT — ниже порогов ролей",peripheral
100000004180097100,peripheral,0.7,0,0.508185,"Периферия: 3 вход./3 исх. контрагентов, вход 104 854 KZT, выход 47 800 KZT — ниже порогов ролей",peripheral
100000005539201100,peripheral,0.9,3,0.398874,"Периферия: 1 вход./1 исх. контрагентов, вход 45 504 KZT, выход 25 000 KZT — ниже порогов ролей",peripheral
100000005620225100,peripheral,0.8,0,0.175344,"Периферия: 2 вход./0 исх. контрагентов, вход 49 846 KZT, выход 0 KZT — ниже порогов ролей",peripheral
100000004388353100,peripheral,0.8,10,0.178394,"Периферия: 2 вход./0 исх. контрагентов, вход 62 960 KZT, выход 0 KZT — ниже порогов ролей",peripheral
100000007442518100,peripheral,0.5,30,0.60812,"Периферия: 5 вход./9 исх. контрагентов, вход 510 000 KZT, выход 4 419 999 KZT — ниже порогов ролей",peripheral
100000000267734100,peripheral,0.65,8,0.425553,"Периферия: 2 вход./7 исх. контрагентов, вход 180 000 KZT, выход 282 000 KZT — ниже порогов ролей",peripheral
100000001987030100,peripheral,0.8,15,0.411431,"Периферия: 2 вход./1 исх. контрагентов, вход 30 864 KZT, выход 19 000 KZT — ниже порогов ролей",peripheral
100000002603478100,peripheral,0.9,11,0.152932,"Периферия: 1 вход./0 исх. контрагентов, вход 23 500 KZT, выход 0 KZT — ниже порогов ролей",peripheral
100000001380054100,peripheral,0.8,29,0.404096,"Периферия: 2 вход./3 исх. контрагентов, вход 127 050 KZT, выход 360 000 KZT — ниже порогов ролей",peripheral
100000002992171100,peripheral,0.9,1,0.146742,"Периферия: 1 вход./0 исх. контрагентов, вход 14 627 KZT, выход 0 KZT — ниже порогов ролей",peripheral
100000002781227100,transit,0.7221,62,0.606233,"Признаки транзита: получил 191 168 KZT, отправил 212 420 KZT (pass-through 1.11, коридор 0.8–1.2), 2→3 контрагентов",transit
100000008745643100,peripheral,0.9,1,0.151029,"Периферия: 1 вход./0 исх. контрагентов, вход 20 313 KZT, выход 0 KZT — ниже порогов ролей",peripheral
100000002836736100,terminal,0.8483,9,0.265678,"Признаки конечного получателя: колено 1, получил 509 000 KZT от 2 плательщ., исходящих ≥5 000 KZT нет (порог входа 300 000)",terminal
100000004188160100,peripheral,0.75,3,0.574091,"Периферия: 2 вход./5 исх. контрагентов, вход 87 862 KZT, выход 133 846 KZT — ниже порогов ролей",peripheral
100000004841728100,peripheral,0.9,1,0.163352,"Периферия: 1 вход./0 исх. контрагентов, вход 52 208 KZT, выход 0 KZT — ниже порогов ролей",peripheral
100000001554432100,peripheral,0.9,2,0.163774,"Периферия: 1 вход./0 исх. контрагентов, вход 53 920 KZT, выход 0 KZT — ниже порогов ролей",peripheral
100000008768896100,peripheral,0.9,1,0.161997,"Периферия: 1 вход./0 исх. контрагентов, вход 47 060 KZT, выход 0 KZT — ниже порогов ролей",peripheral
100000008232832100,peripheral,0.9,39,0.341891,"Периферия: 1 вход./1 исх. контрагентов, вход 337 000 KZT, выход 138 000 KZT — ниже порогов ролей",peripheral
100000002864256100,peripheral,0.9,2,0.17583,"Периферия: 1 вход./0 исх. контрагентов, вход 135 780 KZT, выход 0 KZT — ниже порогов ролей",peripheral
100000001929088100,terminal,0.66,8,0.262401,"Признаки конечного получателя: колено 1, получил 396 010 KZT от 2 плательщ., исходящих ≥5 000 KZT нет (порог входа 300 000)",terminal
100000002794197100,peripheral,0.9,8,0.156163,"Периферия: 1 вход./0 исх. контрагентов, вход 30 100 KZT, выход 0 KZT — ниже порогов ролей",peripheral
100000005669845100,peripheral,0.9,29,0.150826,"Периферия: 1 вход./0 исх. контрагентов, вход 20 000 KZT, выход 0 KZT — ниже порогов ролей",peripheral
100000002211413100,peripheral,0.9,1,0.158857,"Периферия: 1 вход./0 исх. контрагентов, вход 37 000 KZT, выход 0 KZT — ниже порогов ролей",peripheral
100000002784085100,peripheral,0.9,8,0.180886,"Периферия: 1 вход./0 исх. контрагентов, вход 200 000 KZT, выход 0 KZT — ниже порогов ролей",peripheral
100000008782421100,peripheral,0.9,1,0.162704,"Периферия: 1 вход./0 исх. контрагентов, вход 49 680 KZT, выход 0 KZT — ниже порогов ролей",peripheral
100000003739818100,peripheral,0.9,2,0.164566,"Периферия: 1 вход./0 исх. контрагентов, вход 57 293 KZT, выход 0 KZT — ниже порогов ролей",peripheral
100000002214570100,peripheral,0.9,1,0.154486,"Периферия: 1 вход./0 исх. контрагентов, вход 26 471 KZT, выход 0 KZT — ниже порогов ролей",peripheral
100000006443391100,peripheral,0.7,8,0.365922,"Периферия: 3 вход./2 исх. контрагентов, вход 86 776 KZT, выход 60 042 KZT — ниже порогов ролей",peripheral
100000005473151100,peripheral,0.7,7,0.556042,"Периферия: 3 вход./4 исх. контрагентов, вход 1 220 000 KZT, выход 225 000 KZT — ниже порогов ролей",peripheral
100000005124479100,peripheral,0.8,0,0.43629,"Периферия: 2 вход./2 исх. контрагентов, вход 137 753 KZT, выход 22 000 KZT — ниже порогов ролей",peripheral
100000005527892100,peripheral,0.6,17,0.576292,"Периферия: 3 вход./8 исх. контрагентов, вход 220 001 KZT, выход 552 419 KZT — ниже порогов ролей",peripheral
100000008028628100,peripheral,0.9,1,0.16455,"Периферия: 1 вход./0 исх. контрагентов, вход 57 224 KZT, выход 0 KZT — ниже порогов ролей",peripheral
100000001953577100,peripheral,0.9,1,0.147583,"Периферия: 1 вход./0 исх. контрагентов, вход 15 600 KZT, выход 0 KZT — ниже порогов ролей",peripheral
100000008193577100,peripheral,0.75,42,0.400979,"Периферия: 2 вход./5 исх. контрагентов, вход 154 300 KZT, выход 480 180 KZT — ниже порогов ролей",peripheral
100000008753193100,peripheral,0.9,1,0.158216,"Периферия: 1 вход./0 исх. контрагентов, вход 35 225 KZT, выход 0 KZT — ниже порогов ролей",peripheral
100000008746025100,peripheral,0.9,1,0.152071,"Периферия: 1 вход./0 исх. контрагентов, вход 22 000 KZT, выход 0 KZT — ниже порогов ролей",peripheral
100000002934441100,peripheral,0.8,0,0.177948,"Периферия: 2 вход./0 исх. контрагентов, вход 60 846 KZT, выход 0 KZT — ниже порогов ролей",peripheral
100000003701161100,peripheral,0.6,21,0.562956,"Периферия: 4 вход./3 исх. контрагентов, вход 1 527 103 KZT, выход 349 000 KZT — ниже порогов ролей",peripheral
100000006707582100,distributor,0.7,7,0.673708,"Признаки распределения: 961 138 KZT на 14 получат. (15 переводов, в среднем 64 076 KZT)",distributor
100000003239379100,peripheral,0.9,11,0.170819,"Периферия: 1 вход./0 исх. контрагентов, вход 92 500 KZT, выход 0 KZT — ниже порогов ролей",peripheral
100000000979923100,peripheral,0.9,10,0.17156,"Периферия: 1 вход./0 исх. контрагентов, вход 97 900 KZT, выход 0 KZT — ниже порогов ролей",peripheral
100000001111763100,peripheral,0.9,1,0.148815,"Периферия: 1 вход./0 исх. контрагентов, вход 17 144 KZT, выход 0 KZT — ниже порогов ролей",peripheral
100000003865939100,peripheral,0.9,68,0.169161,"Периферия: 1 вход./0 исх. контрагентов, вход 81 465 KZT, выход 0 KZT — ниже порогов ролей",peripheral
100000002858835100,peripheral,0.9,1,0.153422,"Периферия: 1 вход./0 исх. контрагентов, вход 24 400 KZT, выход 0 KZT — ниже порогов ролей",peripheral
100000003404627100,terminal,1.0,39,0.288661,"Признаки конечного получателя: колено 1, получил 877 700 KZT от 4 плательщ., исходящих ≥5 000 KZT нет (порог входа 300 000)",terminal
100000008691027100,peripheral,0.9,1,0.149108,"Периферия: 1 вход./0 исх. контрагентов, вход 17 534 KZT, выход 0 KZT — ниже порогов ролей",peripheral
100000004071080100,consolidator,0.9,0,0.61067,"Признаки консолидации: 238 600 KZT от 9 плательщ. (16 переводов), дальше ушло 0.19 полученного (порог <0.5)",consolidator
100000002864680100,peripheral,0.9,11,0.164252,"Периферия: 1 вход./0 исх. контрагентов, вход 55 932 KZT, выход 0 KZT — ниже порогов ролей",peripheral
100000001330685100,peripheral,0.7,5,0.46808,"Периферия: 3 вход./1 исх. контрагентов, вход 2 435 923 KZT, выход 100 500 KZT — ниже порогов ролей",peripheral
100000008745725100,peripheral,0.9,1,0.161997,"Периферия: 1 вход./0 исх. контрагентов, вход 47 060 KZT, выход 0 KZT — ниже порогов ролей",peripheral
100000002621949100,peripheral,0.9,2,0.178344,"Периферия: 1 вход./0 исх. контрагентов, вход 164 612 KZT, выход 0 KZT — ниже порогов ролей",peripheral
100000007908818100,peripheral,0.6,2,0.558343,"Периферия: 4 вход./6 исх. контрагентов, вход 727 475 KZT, выход 302 000 KZT — ниже порогов ролей",peripheral
100000008691495100,peripheral,0.9,1,0.154744,"Периферия: 1 вход./0 исх. контрагентов, вход 27 000 KZT, выход 0 KZT — ниже порогов ролей",peripheral
100000003832231100,peripheral,0.9,2,0.158132,"Периферия: 1 вход./0 исх. контрагентов, вход 35 000 KZT, выход 0 KZT — ниже порогов ролей",peripheral
100000002371751100,peripheral,0.9,61,0.347055,"Периферия: 1 вход./1 исх. контрагентов, вход 200 000 KZT, выход 250 000 KZT — ниже порогов ролей",peripheral
100000002894076100,terminal,1.0,8,0.291876,"Признаки конечного получателя: колено 1, получил 1 122 782 KZT от 4 плательщ., исходящих ≥5 000 KZT нет (порог входа 300 000)",terminal
100000001362940100,peripheral,0.9,2,0.169086,"Периферия: 1 вход./0 исх. контрагентов, вход 81 000 KZT, выход 0 KZT — ниже порогов ролей",peripheral
100000008741372100,peripheral,0.9,1,0.158491,"Периферия: 1 вход./0 исх. контрагентов, вход 35 975 KZT, выход 0 KZT — ниже порогов ролей",peripheral
100000002618492100,peripheral,0.8,10,0.198623,"Периферия: 2 вход./0 исх. контрагентов, вход 296 500 KZT, выход 0 KZT — ниже порогов ролей",peripheral
100000002750332100,peripheral,0.9,8,0.143442,"Периферия: 1 вход./0 исх. контрагентов, вход 11 360 KZT, выход 0 KZT — ниже порогов ролей",peripheral
100000004948177100,terminal,0.7286,3,0.272629,"Признаки конечного получателя: колено 1, получил 437 163 KZT от 3 плательщ., исходящих ≥5 000 KZT нет (порог входа 300 000)",terminal
100000002511825100,peripheral,0.9,0,0.166213,"Периферия: 1 вход./0 исх. контрагентов, вход 65 000 KZT, выход 0 KZT — ниже порогов ролей",peripheral
100000008566737100,peripheral,0.8,0,0.195307,"Периферия: 2 вход./0 исх. контрагентов, вход 230 000 KZT, выход 0 KZT — ниже порогов ролей",peripheral
100000008661585100,peripheral,0.9,1,0.160862,"Периферия: 1 вход./0 исх. контрагентов, вход 43 141 KZT, выход 0 KZT — ниже порогов ролей",peripheral
100000004759121100,consolidator,0.6,0,0.663356,"Признаки консолидации: 710 000 KZT от 6 плательщ. (10 переводов), дальше ушло 0.44 полученного (порог <0.5)",consolidator
100000004360785100,peripheral,0.9,3,0.171127,"Периферия: 1 вход./0 исх. контрагентов, вход 94 705 KZT, выход 0 KZT — ниже порогов ролей",peripheral
100000005092518100,peripheral,0.9,1,0.154323,"Периферия: 1 вход./0 исх. контрагентов, вход 26 144 KZT, выход 0 KZT — ниже порогов ролей",peripheral
100000008737958100,peripheral,0.8,1,0.176237,"Периферия: 2 вход./0 исх. контрагентов, вход 53 373 KZT, выход 0 KZT — ниже порогов ролей",peripheral
100000003044518100,peripheral,0.9,8,0.157915,"Периферия: 1 вход./0 исх. контрагентов, вход 34 423 KZT, выход 0 KZT — ниже порогов ролей",peripheral
100000004159526100,peripheral,0.6,14,0.504761,"Периферия: 4 вход./4 исх. контрагентов, вход 275 037 KZT, выход 68 000 KZT — ниже порогов ролей",peripheral
100000007544358100,transit,0.7868,3,0.553001,"Признаки транзита: получил 322 500 KZT, отправил 350 000 KZT (pass-through 1.09, коридор 0.8–1.2), 2→1 контрагентов",transit
100000005901606100,peripheral,0.9,1,0.158376,"Периферия: 1 вход./0 исх. контрагентов, вход 35 660 KZT, выход 0 KZT — ниже порогов ролей",peripheral
100000006658598100,peripheral,0.9,3,0.140402,"Периферия: 1 вход./0 исх. контрагентов, вход 9 000 KZT, выход 0 KZT — ниже порогов ролей",peripheral
100000002793851100,peripheral,0.9,3,0.143084,"Периферия: 1 вход./0 исх. контрагентов, вход 11 052 KZT, выход 0 KZT — ниже порогов ролей",peripheral
100000005612411100,peripheral,0.6,2,0.53513,"Периферия: 3 вход./8 исх. контрагентов, вход 115 500 KZT, выход 506 997 KZT — ниже порогов ролей",peripheral
100000007511163100,peripheral,0.8,3,0.476364,"Периферия: 2 вход./3 исх. контрагентов, вход 63 666 KZT, выход 82 052 KZT — ниже порогов ролей",peripheral
100000002648315100,peripheral,0.9,8,0.340299,"Периферия: 1 вход./2 исх. контрагентов, вход 132 000 KZT, выход 76 000 KZT — ниже порогов ролей",peripheral
100000004739664100,transit,0.5833,1,0.396279,"Признаки транзита: получил 12 000 KZT, отправил 10 000 KZT (pass-through 0.83, коридор 0.8–1.2), 1→1 контрагентов",transit
100000003713616100,peripheral,0.9,3,0.147826,"Периферия: 1 вход./0 исх. контрагентов, вход 15 893 KZT, выход 0 KZT — ниже порогов ролей",peripheral
100000003476560100,peripheral,0.9,2,0.162788,"Периферия: 1 вход./0 исх. контрагентов, вход 50 000 KZT, выход 0 KZT — ниже порогов ролей",peripheral
100000008782800100,peripheral,0.9,1,0.160934,"Периферия: 1 вход./0 исх. контрагентов, вход 43 381 KZT, выход 0 KZT — ниже порогов ролей",peripheral
100000004218576100,peripheral,0.9,1,0.154323,"Периферия: 1 вход./0 исх. контрагентов, вход 26 144 KZT, выход 0 KZT — ниже порогов ролей",peripheral
100000003299365100,transit,1.0,2,0.444457,"Признаки транзита: получил 200 000 KZT, отправил 200 000 KZT (pass-through 1.00, коридор 0.8–1.2), 1→1 контрагентов",transit
100000008730021100,peripheral,0.9,15,0.168178,"Периферия: 1 вход./0 исх. контрагентов, вход 75 555 KZT, выход 0 KZT — ниже порогов ролей",peripheral
100000002757797100,peripheral,0.9,11,0.171837,"Периферия: 1 вход./0 исх. контрагентов, вход 100 000 KZT, выход 0 KZT — ниже порогов ролей",peripheral
100000002845605100,peripheral,0.9,0,0.164628,"Периферия: 1 вход./0 исх. контрагентов, вход 57 567 KZT, выход 0 KZT — ниже порогов ролей",peripheral
100000000817146100,peripheral,0.9,3,0.167185,"Периферия: 1 вход./0 исх. контрагентов, вход 70 020 KZT, выход 0 KZT — ниже порогов ролей",peripheral
100000002957306100,terminal,0.6642,10,0.262483,"Признаки конечного получателя: колено 1, получил 398 490 KZT от 2 плательщ., исходящих ≥5 000 KZT нет (порог входа 300 000)",terminal
100000008188026100,peripheral,0.8,15,0.487905,"Периферия: 2 вход./4 исх. контрагентов, вход 86 468 KZT, выход 337 983 KZT — ниже порогов ролей",peripheral
100000004790991100,peripheral,0.9,3,0.183235,"Периферия: 1 вход./0 исх. контрагентов, вход 239 413 KZT, выход 0 KZT — ниже порогов ролей",peripheral
100000002973903100,peripheral,0.7,11,0.192407,"Периферия: 3 вход./0 исх. контрагентов, вход 92 880 KZT, выход 0 KZT — ниже порогов ролей",peripheral
100000004325327100,transit,0.9712,0,0.532036,"Признаки транзита: получил 70 817 KZT, отправил 70 000 KZT (pass-through 0.99, коридор 0.8–1.2), 2→1 контрагентов",transit
100000001477796100,peripheral,0.9,2,0.179655,"Периферия: 1 вход./0 исх. контрагентов, вход 182 000 KZT, выход 0 KZT — ниже порогов ролей",peripheral
100000007536804100,peripheral,0.9,8,0.33972,"Периферия: 1 вход./2 исх. контрагентов, вход 100 000 KZT, выход 55 000 KZT — ниже порогов ролей",peripheral
100000008665380100,peripheral,0.8,0,0.392474,"Периферия: 2 вход./1 исх. контрагентов, вход 69 100 KZT, выход 18 200 KZT — ниже порогов ролей",peripheral
100000001870116100,peripheral,0.9,1,0.153206,"Периферия: 1 вход./0 исх. контрагентов, вход 24 000 KZT, выход 0 KZT — ниже порогов ролей",peripheral
100000001074553100,peripheral,0.8,8,0.16826,"Периферия: 2 вход./0 исх. контрагентов, вход 28 971 KZT, выход 0 KZT — ниже порогов ролей",peripheral
100000000978041100,peripheral,0.9,1,0.161251,"Периферия: 1 вход./0 исх. контрагентов, вход 44 445 KZT, выход 0 KZT — ниже порогов ролей",peripheral
100000002603769100,terminal,1.0,0,0.285652,"Признаки конечного получателя: колено 1, получил 1 185 368 KZT от 3 плательщ., исходящих ≥5 000 KZT нет (порог входа 300 000)",terminal
100000005034574100,peripheral,0.9,64,0.184252,"Периферия: 1 вход./0 исх. контрагентов, вход 258 816 KZT, выход 0 KZT — ниже порогов ролей",peripheral
100000002958286100,peripheral,0.9,8,0.18416,"Периферия: 1 вход./0 исх. контрагентов, вход 257 000 KZT, выход 0 KZT — ниже порогов ролей",peripheral
100000005634552100,peripheral,0.85,0,0.441973,"Периферия: 1 вход./3 исх. контрагентов, вход 25 850 KZT, выход 1 196 000 KZT — ниже порогов ролей",peripheral
100000008736760100,peripheral,0.9,1,0.163975,"Периферия: 1 вход./0 исх. контрагентов, вход 54 757 KZT, выход 0 KZT — ниже порогов ролей",peripheral
100000008701944100,peripheral,0.9,15,0.163331,"Периферия: 1 вход./0 исх. контрагентов, вход 52 124 KZT, выход 0 KZT — ниже порогов ролей",peripheral
100000008748408100,distributor,1.0,9,0.598819,"Признаки распределения: 1 499 960 KZT на 21 получат. (22 переводов, в среднем 68 180 KZT)",distributor
100000008486520100,peripheral,0.9,3,0.368168,"Периферия: 1 вход./1 исх. контрагентов, вход 35 720 KZT, выход 14 000 KZT — ниже порогов ролей",peripheral
100000003163256100,transit,0.7191,3,0.461265,"Признаки транзита: получил 13 485 KZT, отправил 15 000 KZT (pass-through 1.11, коридор 0.8–1.2), 1→1 контрагентов",transit
100000003102157100,peripheral,0.9,0,0.171405,"Периферия: 1 вход./0 исх. контрагентов, вход 96 746 KZT, выход 0 KZT — ниже порогов ролей",peripheral
100000004741837100,peripheral,0.9,3,0.154047,"Периферия: 1 вход./0 исх. контрагентов, вход 25 596 KZT, выход 0 KZT — ниже порогов ролей",peripheral
100000008443341100,peripheral,0.8,0,0.489047,"Периферия: 2 вход./3 исх. контрагентов, вход 34 500 KZT, выход 50 000 KZT — ниже порогов ролей",peripheral
100000004792397100,peripheral,0.9,1,0.167821,"Периферия: 1 вход./0 исх. контрагентов, вход 73 520 KZT, выход 0 KZT — ниже порогов ролей",peripheral
100000003809101100,peripheral,0.8,10,0.477532,"Периферия: 2 вход./2 исх. контрагентов, вход 166 050 KZT, выход 55 200 KZT — ниже порогов ролей",peripheral
100000002838861100,consolidator,0.5,8,0.569398,"Признаки консолидации: 554 524 KZT от 5 плательщ. (5 переводов), дальше ушло 0.02 полученного (порог <0.5)",consolidator
100000008560717100,consolidator,0.7,5,0.588263,"Признаки консолидации: 529 000 KZT от 7 плательщ. (9 переводов), дальше ушло 0.05 полученного (порог <0.5)",consolidator
100000008693069100,peripheral,0.9,1,0.150826,"Периферия: 1 вход./0 исх. контрагентов, вход 20 000 KZT, выход 0 KZT — ниже порогов ролей",peripheral
100000008672162100,peripheral,0.9,1,0.147541,"Периферия: 1 вход./0 исх. контрагентов, вход 15 550 KZT, выход 0 KZT — ниже порогов ролей",peripheral
100000007311010100,peripheral,0.8,2,0.398484,"Периферия: 2 вход./1 исх. контрагентов, вход 64 480 KZT, выход 20 000 KZT — ниже порогов ролей",peripheral
100000005505655100,peripheral,0.8,25,0.455152,"Периферия: 2 вход./1 исх. контрагентов, вход 33 070 KZT, выход 20 000 KZT — ниже порогов ролей",peripheral
100000004707703100,transit,0.9201,3,0.612813,"Признаки транзита: получил 239 300 KZT, отправил 231 650 KZT (pass-through 0.97, коридор 0.8–1.2), 2→5 контрагентов",transit
100000004005964100,peripheral,0.7,23,0.365217,"Периферия: 3 вход./3 исх. контрагентов, вход 97 900 KZT, выход 72 000 KZT — ниже порогов ролей",peripheral
100000008244300100,consolidator,0.5,5,0.33543,"Признаки консолидации: 65 430 KZT от 5 плательщ. (6 переводов), дальше ушло 0.00 полученного (порог <0.5)",consolidator
100000002692044100,peripheral,0.9,11,0.17144,"Периферия: 1 вход./0 исх. контрагентов, вход 97 000 KZT, выход 0 KZT — ниже порогов ролей",peripheral
100000001103905100,peripheral,0.9,1,0.149451,"Периферия: 1 вход./0 исх. контрагентов, вход 18 000 KZT, выход 0 KZT — ниже порогов ролей",peripheral
100000008755361100,peripheral,0.9,1,0.146742,"Периферия: 1 вход./0 исх. контрагентов, вход 14 627 KZT, выход 0 KZT — ниже порогов ролей",peripheral
100000002810870100,peripheral,0.9,1,0.157629,"Периферия: 1 вход./0 исх. контрагентов, вход 33 677 KZT, выход 0 KZT — ниже порогов ролей",peripheral
100000005897462100,peripheral,0.9,10,0.171627,"Периферия: 1 вход./0 исх. контрагентов, вход 98 400 KZT, выход 0 KZT — ниже порогов ролей",peripheral
100000000941942100,peripheral,0.9,2,0.175262,"Периферия: 1 вход./0 исх. контрагентов, вход 130 000 KZT, выход 0 KZT — ниже порогов ролей",peripheral
100000008723830100,transit,0.974,3,0.560727,"Признаки транзита: получил 459 785 KZT, отправил 455 000 KZT (pass-through 0.99, коридор 0.8–1.2), 2→1 контрагентов",transit
100000008776576100,peripheral,0.9,1,0.146865,"Периферия: 1 вход./0 исх. контрагентов, вход 14 765 KZT, выход 0 KZT — ниже порогов ролей",peripheral
100000005432267100,terminal,0.5833,2,0.260789,"Признаки конечного получателя: колено 1, получил 350 001 KZT от 2 плательщ., исходящих ≥5 000 KZT нет (порог входа 300 000)",terminal
100000006745291100,peripheral,0.9,10,0.169331,"Периферия: 1 вход./0 исх. контрагентов, вход 82 534 KZT, выход 0 KZT — ниже порогов ролей",peripheral
100000008670667100,peripheral,0.9,1,0.147527,"Периферия: 1 вход./0 исх. контрагентов, вход 15 534 KZT, выход 0 KZT — ниже порогов ролей",peripheral
100000002480800100,terminal,0.9488,2,0.267139,"Признаки конечного получателя: колено 1, получил 569 251 KZT от 2 плательщ., исходящих ≥5 000 KZT нет (порог входа 300 000)",terminal
100000002182176100,peripheral,0.9,0,0.160656,"Периферия: 1 вход./0 исх. контрагентов, вход 42 465 KZT, выход 0 KZT — ниже порогов ролей",peripheral
100000008219168100,peripheral,0.9,8,0.163598,"Периферия: 1 вход./0 исх. контрагентов, вход 53 200 KZT, выход 0 KZT — ниже порогов ролей",peripheral
100000004226848100,terminal,0.5031,2,0.246261,"Признаки конечного получателя: колено 1, получил 301 866 KZT от 1 плательщ., исходящих ≥5 000 KZT нет (порог входа 300 000)",terminal
100000006326645100,peripheral,0.9,1,0.153876,"Периферия: 1 вход./0 исх. контрагентов, вход 25 264 KZT, выход 0 KZT — ниже порогов ролей",peripheral
100000003589877100,peripheral,0.7,6,0.510819,"Периферия: 2 вход./6 исх. контрагентов, вход 176 000 KZT, выход 416 129 KZT — ниже порогов ролей",peripheral
100000003942602100,transit,1.0,1,0.397307,"Признаки транзита: получил 30 000 KZT, отправил 30 000 KZT (pass-through 1.00, коридор 0.8–1.2), 1→1 контрагентов",transit
100000000922570100,transit,0.8461,11,0.414188,"Признаки транзита: получил 47 101 KZT, отправил 50 000 KZT (pass-through 1.06, коридор 0.8–1.2), 1→1 контрагентов",transit
100000005079754100,peripheral,0.9,2,0.453818,"Периферия: 1 вход./2 исх. контрагентов, вход 70 000 KZT, выход 122 000 KZT — ниже порогов ролей",peripheral
100000003187359100,peripheral,0.9,1,0.150206,"Периферия: 1 вход./0 исх. контрагентов, вход 19 072 KZT, выход 0 KZT — ниже порогов ролей",peripheral
100000000998559100,peripheral,0.9,2,0.171837,"Периферия: 1 вход./0 исх. контрагентов, вход 100 000 KZT, выход 0 KZT — ниже порогов ролей",peripheral
100000008690932100,peripheral,0.9,1,0.152651,"Периферия: 1 вход./0 исх. контрагентов, вход 23 000 KZT, выход 0 KZT — ниже порогов ролей",peripheral
100000008773876100,peripheral,0.9,1,0.154311,"Периферия: 1 вход./0 исх. контрагентов, вход 26 120 KZT, выход 0 KZT — ниже порогов ролей",peripheral
100000006789108100,peripheral,0.9,10,0.159033,"Периферия: 1 вход./0 исх. контрагентов, вход 37 500 KZT, выход 0 KZT — ниже порогов ролей",peripheral
100000004058740100,peripheral,0.9,1,0.15612,"Периферия: 1 вход./0 исх. контрагентов, вход 30 000 KZT, выход 0 KZT — ниже порогов ролей",peripheral
100000007641801100,peripheral,0.9,8,0.180886,"Периферия: 1 вход./0 исх. контрагентов, вход 200 000 KZT, выход 0 KZT — ниже порогов ролей",peripheral
100000000555721100,peripheral,0.8,0,0.186029,"Периферия: 2 вход./0 исх. контрагентов, вход 113 000 KZT, выход 0 KZT — ниже порогов ролей",peripheral
100000008729801100,peripheral,0.9,1,0.149108,"Периферия: 1 вход./0 исх. контрагентов, вход 17 534 KZT, выход 0 KZT — ниже порогов ролей",peripheral
100000004664905100,terminal,0.5484,3,0.259982,"Признаки конечного получателя: колено 1, получил 329 020 KZT от 2 плательщ., исходящих ≥5 000 KZT нет (порог входа 300 000)",terminal
100000003057225100,peripheral,0.9,3,0.183047,"Периферия: 1 вход./0 исх. контрагентов, вход 236 000 KZT, выход 0 KZT — ниже порогов ролей",peripheral
100000000703902100,peripheral,0.9,1,0.153997,"Периферия: 1 вход./0 исх. контрагентов, вход 25 499 KZT, выход 0 KZT — ниже порогов ролей",peripheral
100000008720798100,peripheral,0.9,1,0.147527,"Периферия: 1 вход./0 исх. контрагентов, вход 15 534 KZT, выход 0 KZT — ниже порогов ролей",peripheral
100000001411870100,terminal,1.0,9,0.273119,"Признаки конечного получателя: колено 1, получил 900 000 KZT от 2 плательщ., исходящих ≥5 000 KZT нет (порог входа 300 000)",terminal
100000008556318100,peripheral,0.8,2,0.192117,"Периферия: 2 вход./0 исх. контрагентов, вход 180 132 KZT, выход 0 KZT — ниже порогов ролей",peripheral
100000002720627100,peripheral,0.9,10,0.180841,"Периферия: 1 вход./0 исх. контрагентов, вход 199 300 KZT, выход 0 KZT — ниже порогов ролей",peripheral
100000003022835100,peripheral,0.9,2,0.17475,"Периферия: 1 вход./0 исх. контрагентов, вход 125 000 KZT, выход 0 KZT — ниже порогов ролей",peripheral
100000008304115100,peripheral,0.9,11,0.163047,"Периферия: 1 вход./0 исх. контрагентов, вход 51 000 KZT, выход 0 KZT — ниже порогов ролей",peripheral
100000003886323100,peripheral,0.8,3,0.383858,"Периферия: 2 вход./1 исх. контрагентов, вход 78 168 KZT, выход 7 650 KZT — ниже порогов ролей",peripheral
100000000607731100,peripheral,0.9,29,0.309247,"Периферия: 1 вход./1 исх. контрагентов, вход 20 000 KZT, выход 66 666 KZT — ниже порогов ролей",peripheral
100000005961971100,peripheral,0.9,1,0.162078,"Периферия: 1 вход./0 исх. контрагентов, вход 47 353 KZT, выход 0 KZT — ниже порогов ролей",peripheral
100000000440392100,peripheral,0.9,3,0.172562,"Периферия: 1 вход./0 исх. контрагентов, вход 105 705 KZT, выход 0 KZT — ниже порогов ролей",peripheral
100000004105288100,peripheral,0.8,2,0.194427,"Периферия: 2 вход./0 исх. контрагентов, вход 215 000 KZT, выход 0 KZT — ниже порогов ролей",peripheral
100000008169544100,peripheral,0.8,3,0.4669,"Периферия: 1 вход./4 исх. контрагентов, вход 137 104 KZT, выход 42 800 KZT — ниже порогов ролей",peripheral
100000004186824100,peripheral,0.8,3,0.354906,"Периферия: 2 вход./1 исх. контрагентов, вход 451 700 KZT, выход 7 000 KZT — ниже порогов ролей",peripheral
100000008672200100,peripheral,0.9,1,0.139673,"Периферия: 1 вход./0 исх. контрагентов, вход 8 511 KZT, выход 0 KZT — ниже порогов ролей",peripheral
100000002188829100,terminal,0.6667,2,0.249936,"Признаки конечного получателя: колено 1, получил 400 000 KZT от 1 плательщ., исходящих ≥5 000 KZT нет (порог входа 300 000)",terminal
100000008717341100,peripheral,0.9,1,0.146742,"Периферия: 1 вход./0 исх. контрагентов, вход 14 627 KZT, выход 0 KZT — ниже порогов ролей",peripheral
100000002214301100,peripheral,0.9,0,0.397993,"Периферия: 1 вход./1 исх. контрагентов, вход 21 438 KZT, выход 8 000 KZT — ниже порогов ролей",peripheral
100000002565277100,terminal,0.8055,2,0.252406,"Признаки конечного получателя: колено 1, получил 483 319 KZT от 1 плательщ., исходящих ≥5 000 KZT нет (порог входа 300 000)",terminal
100000005546031100,peripheral,0.7,47,0.32151,"Периферия: 3 вход./1 исх. контрагентов, вход 66 800 KZT, выход 8 000 KZT — ниже порогов ролей",peripheral
100000003449074100,peripheral,0.9,0,0.141778,"Периферия: 1 вход./0 исх. контрагентов, вход 10 000 KZT, выход 0 KZT — ниже порогов ролей",peripheral
100000008748914100,distributor,0.65,2,0.725725,"Признаки распределения: 4 471 847 KZT на 13 получат. (21 переводов, в среднем 212 945 KZT)",distributor
100000004744306100,peripheral,0.9,19,0.426385,"Периферия: 1 вход./2 исх. контрагентов, вход 69 000 KZT, выход 92 000 KZT — ниже порогов ролей",peripheral
100000003158727100,terminal,0.6132,8,0.270379,"Признаки конечного получателя: колено 1, получил 367 940 KZT от 3 плательщ., исходящих ≥5 000 KZT нет (порог входа 300 000)",terminal
100000001389255100,peripheral,0.9,1,0.148024,"Периферия: 1 вход./0 исх. контрагентов, вход 16 136 KZT, выход 0 KZT — ниже порогов ролей",peripheral
100000008695495100,peripheral,0.9,1,0.151463,"Периферия: 1 вход./0 исх. контрагентов, вход 21 000 KZT, выход 0 KZT — ниже порогов ролей",peripheral
100000004015047100,consolidator,0.9,9,0.618994,"Признаки консолидации: 919 104 KZT от 9 плательщ. (18 переводов), дальше ушло 0.08 полученного (порог <0.5)",consolidator
100000005183943100,terminal,1.0,43,0.25688,"Признаки конечного получателя: колено 1, получил 680 900 KZT от 1 плательщ., исходящих ≥5 000 KZT нет (порог входа 300 000)",terminal
100000003004487100,peripheral,0.6,31,0.523294,"Периферия: 4 вход./2 исх. контрагентов, вход 183 703 KZT, выход 265 015 KZT — ниже порогов ролей",peripheral
100000003042994100,peripheral,0.9,3,0.18556,"Периферия: 1 вход./0 исх. контрагентов, вход 286 086 KZT, выход 0 KZT — ниже порогов ролей",peripheral
100000001899164100,peripheral,0.6,11,0.509237,"Периферия: 4 вход./3 исх. контрагентов, вход 291 675 KZT, выход 76 500 KZT — ниже порогов ролей",peripheral
100000003946524100,transit,0.7945,2,0.588093,"Признаки транзита: получил 133 757 KZT, отправил 144 750 KZT (pass-through 1.08, коридор 0.8–1.2), 2→2 контрагентов",transit
100000008717340100,peripheral,0.9,1,0.160356,"Периферия: 1 вход./0 исх. контрагентов, вход 41 500 KZT, выход 0 KZT — ниже порогов ролей",peripheral
100000003831324100,terminal,0.5,8,0.258776,"Признаки конечного получателя: колено 1, получил 300 000 KZT от 2 плательщ., исходящих ≥5 000 KZT нет (порог входа 300 000)",terminal
100000008129393100,peripheral,0.9,53,0.141778,"Периферия: 1 вход./0 исх. контрагентов, вход 10 000 KZT, выход 0 KZT — ниже порогов ролей",peripheral
100000004388209100,peripheral,0.9,1,0.143938,"Периферия: 1 вход./0 исх. контрагентов, вход 11 800 KZT, выход 0 KZT — ниже порогов ролей",peripheral
100000000706545100,peripheral,0.7,3,0.454549,"Периферия: 3 вход./1 исх. контрагентов, вход 1 070 300 KZT, выход 75 800 KZT — ниже порогов ролей",peripheral
100000004497606100,peripheral,0.9,1,0.147527,"Периферия: 1 вход./0 исх. контрагентов, вход 15 534 KZT, выход 0 KZT — ниже порогов ролей",peripheral
100000008470470100,peripheral,0.9,1,0.157578,"Периферия: 1 вход./0 исх. контрагентов, вход 33 547 KZT, выход 0 KZT — ниже порогов ролей",peripheral
100000004318918100,peripheral,0.9,10,0.168186,"Периферия: 1 вход./0 исх. контрагентов, вход 75 600 KZT, выход 0 KZT — ниже порогов ролей",peripheral
100000005228059100,peripheral,0.9,1,0.154251,"Периферия: 1 вход./0 исх. контрагентов, вход 26 000 KZT, выход 0 KZT — ниже порогов ролей",peripheral
100000001609499100,peripheral,0.7,0,0.489897,"Периферия: 3 вход./2 исх. контрагентов, вход 263 113 KZT, выход 21 000 KZT — ниже порогов ролей",peripheral
100000002824176100,peripheral,0.9,9,0.176598,"Периферия: 1 вход./0 исх. контрагентов, вход 144 000 KZT, выход 0 KZT — ниже порогов ролей",peripheral
100000001363952100,peripheral,0.8,4,0.425117,"Периферия: 2 вход./1 исх. контрагентов, вход 196 655 KZT, выход 91 000 KZT — ниже порогов ролей",peripheral
100000001049200100,peripheral,0.8,18,0.53234,"Периферия: 2 вход./4 исх. контрагентов, вход 76 624 KZT, выход 36 000 KZT — ниже порогов ролей",peripheral
100000002662768100,peripheral,0.9,2,0.169608,"Периферия: 1 вход./0 исх. контрагентов, вход 84 300 KZT, выход 0 KZT — ниже порогов ролей",peripheral
100000004737477100,transit,0.5414,0,0.502582,"Признаки транзита: получил 49 598 KZT, отправил 40 500 KZT (pass-through 0.82, коридор 0.8–1.2), 2→1 контрагентов",transit
100000008680451100,peripheral,0.9,1,0.15295,"Периферия: 1 вход./0 исх. контрагентов, вход 23 534 KZT, выход 0 KZT — ниже порогов ролей",peripheral
100000001952325100,peripheral,0.9,1,0.168575,"Периферия: 1 вход./0 исх. контрагентов, вход 77 888 KZT, выход 0 KZT — ниже порогов ролей",peripheral
100000008751429100,peripheral,0.7,42,0.357626,"Периферия: 3 вход./1 исх. контрагентов, вход 386 200 KZT, выход 72 600 KZT — ниже порогов ролей",peripheral
100000001960517100,peripheral,0.9,9,0.180886,"Периферия: 1 вход./0 исх. контрагентов, вход 200 000 KZT, выход 0 KZT — ниже порогов ролей",peripheral
100000008686234100,peripheral,0.9,0,0.159802,"Периферия: 1 вход./0 исх. контрагентов, вход 39 778 KZT, выход 0 KZT — ниже порогов ролей",peripheral
100000004213658100,peripheral,0.9,1,0.153919,"Периферия: 1 вход./0 исх. контрагентов, вход 25 347 KZT, выход 0 KZT — ниже порогов ролей",peripheral
100000001194266100,peripheral,0.9,2,0.162788,"Периферия: 1 вход./0 исх. контрагентов, вход 50 000 KZT, выход 0 KZT — ниже порогов ролей",peripheral
100000002243354100,peripheral,0.9,1,0.151388,"Периферия: 1 вход./0 исх. контрагентов, вход 20 879 KZT, выход 0 KZT — ниже порогов ролей",peripheral
100000006069103100,transit,0.5501,54,0.597854,"Признаки транзита: получил 228 818 KZT, отправил 270 000 KZT (pass-through 1.18, коридор 0.8–1.2), 3→3 контрагентов",transit
100000002760175100,peripheral,0.9,10,0.180038,"Периферия: 1 вход./0 исх. контрагентов, вход 187 410 KZT, выход 0 KZT — ниже порогов ролей",peripheral
100000003567087100,peripheral,0.9,1,0.165621,"Периферия: 1 вход./0 исх. контрагентов, вход 62 115 KZT, выход 0 KZT — ниже порогов ролей",peripheral
100000008229700100,peripheral,0.9,11,0.277247,"Периферия: 1 вход./1 исх. контрагентов, вход 23 500 KZT, выход 7 200 KZT — ниже порогов ролей",peripheral
100000004076740100,peripheral,0.7,33,0.538714,"Периферия: 3 вход./6 исх. контрагентов, вход 93 250 KZT, выход 125 000 KZT — ниже порогов ролей",peripheral
100000003284932100,peripheral,0.9,2,0.167167,"Периферия: 1 вход./0 исх. контрагентов, вход 69 925 KZT, выход 0 KZT — ниже порогов ролей",peripheral
100000008071620100,peripheral,0.9,0,0.161972,"Периферия: 1 вход./0 исх. контрагентов, вход 46 968 KZT, выход 0 KZT — ниже порогов ролей",peripheral
100000003235780100,peripheral,0.8,0,0.17881,"Периферия: 2 вход./0 исх. контрагентов, вход 65 000 KZT, выход 0 KZT — ниже порогов ролей",peripheral
100000005363908100,transit,1.0,47,0.386601,"Признаки транзита: получил 19 500 KZT, отправил 19 500 KZT (pass-through 1.00, коридор 0.8–1.2), 1→1 контрагентов",transit
100000001851289100,peripheral,0.9,3,0.173023,"Периферия: 1 вход./0 исх. контрагентов, вход 109 510 KZT, выход 0 KZT — ниже порогов ролей",peripheral
100000002870937100,peripheral,0.9,8,0.169514,"Периферия: 1 вход./0 исх. контрагентов, вход 83 700 KZT, выход 0 KZT — ниже порогов ролей",peripheral
100000002152857100,peripheral,0.75,9,0.533486,"Периферия: 1 вход./5 исх. контрагентов, вход 105 000 KZT, выход 1 230 000 KZT — ниже порогов ролей",peripheral
100000002600345100,peripheral,0.8,3,0.175997,"Периферия: 2 вход./0 исх. контрагентов, вход 52 400 KZT, выход 0 KZT — ниже порогов ролей",peripheral
100000002580377100,peripheral,0.9,3,0.356743,"Периферия: 1 вход./1 исх. контрагентов, вход 37 750 KZT, выход 5 000 KZT — ниже порогов ролей",peripheral
100000004094958100,transit,0.9359,47,0.409091,"Признаки транзита: получил 39 000 KZT, отправил 40 000 KZT (pass-through 1.03, коридор 0.8–1.2), 1→1 контрагентов",transit
100000002609774100,peripheral,0.9,7,0.428347,"Периферия: 1 вход./1 исх. контрагентов, вход 7 700 KZT, выход 27 500 KZT — ниже порогов ролей",peripheral
100000002596035100,peripheral,0.9,10,0.1828,"Периферия: 1 вход./0 исх. контрагентов, вход 231 570 KZT, выход 0 KZT — ниже порогов ролей",peripheral
100000004664515100,peripheral,0.9,0,0.159099,"Периферия: 1 вход./0 исх. контрагентов, вход 37 691 KZT, выход 0 KZT — ниже порогов ролей",peripheral
100000000661912100,transit,0.7604,0,0.702612,"Признаки транзита: получил 393 036 KZT, отправил 430 700 KZT (pass-through 1.10, коридор 0.8–1.2), 5→2 контрагентов",transit
100000004144536100,peripheral,0.6,23,0.207076,"Периферия: 4 вход./0 исх. контрагентов, вход 168 000 KZT, выход 0 KZT — ниже порогов ролей",peripheral
100000006177176100,peripheral,0.9,3,0.140273,"Периферия: 1 вход./0 исх. контрагентов, вход 8 911 KZT, выход 0 KZT — ниже порогов ролей",peripheral
100000002158488100,peripheral,0.9,1,0.156849,"Периферия: 1 вход./0 исх. контрагентов, вход 31 723 KZT, выход 0 KZT — ниже порогов ролей",peripheral
100000000041368100,peripheral,0.9,2,0.177973,"Периферия: 1 вход./0 исх. контрагентов, вход 160 000 KZT, выход 0 KZT — ниже порогов ролей",peripheral
100000008722328100,peripheral,0.9,1,0.15303,"Периферия: 1 вход./0 исх. контрагентов, вход 23 677 KZT, выход 0 KZT — ниже порогов ролей",peripheral
100000008735384100,peripheral,0.9,1,0.159618,"Периферия: 1 вход./0 исх. контрагентов, вход 39 220 KZT, выход 0 KZT — ниже порогов ролей",peripheral
100000004480280100,peripheral,0.9,2,0.447502,"Периферия: 1 вход./2 исх. контрагентов, вход 146 694 KZT, выход 295 850 KZT — ниже порогов ролей",peripheral
100000004286573100,peripheral,0.9,11,0.148386,"Периферия: 1 вход./0 исх. контрагентов, вход 16 590 KZT, выход 0 KZT — ниже порогов ролей",peripheral
100000001746925100,peripheral,0.9,2,0.412768,"Периферия: 1 вход./1 исх. контрагентов, вход 65 250 KZT, выход 5 000 KZT — ниже порогов ролей",peripheral
100000001660397100,transit,0.9794,0,0.607455,"Признаки транзита: получил 48 600 KZT, отправил 49 000 KZT (pass-through 1.01, коридор 0.8–1.2), 2→3 контрагентов",transit
100000002591469100,peripheral,0.9,8,0.183029,"Периферия: 1 вход./0 исх. контрагентов, вход 235 670 KZT, выход 0 KZT — ниже порогов ролей",peripheral
100000002731501100,peripheral,0.65,23,0.467239,"Периферия: 3 вход./7 исх. контрагентов, вход 570 370 KZT, выход 833 960 KZT — ниже порогов ролей",peripheral
100000000089154100,distributor,0.75,0,0.602002,"Признаки распределения: 425 500 KZT на 15 получат. (21 переводов, в среднем 20 262 KZT)",distributor
100000008732098100,peripheral,0.9,1,0.147647,"Периферия: 1 вход./0 исх. контрагентов, вход 15 677 KZT, выход 0 KZT — ниже порогов ролей",peripheral
100000005456919100,peripheral,0.8,42,0.31996,"Периферия: 2 вход./1 исх. контрагентов, вход 479 950 KZT, выход 5 000 KZT — ниже порогов ролей",peripheral
100000000507799100,peripheral,0.9,37,0.38429,"Периферия: 1 вход./1 исх. контрагентов, вход 5 132 KZT, выход 8 000 KZT — ниже порогов ролей",peripheral
100000008716439100,peripheral,0.9,1,0.144445,"Периферия: 1 вход./0 исх. контрагентов, вход 12 267 KZT, выход 0 KZT — ниже порогов ролей",peripheral
100000002981527100,peripheral,0.9,8,0.17861,"Периферия: 1 вход./0 исх. контрагентов, вход 168 000 KZT, выход 0 KZT — ниже порогов ролей",peripheral
100000002844652100,peripheral,0.9,8,0.165461,"Периферия: 1 вход./0 исх. контрагентов, вход 61 360 KZT, выход 0 KZT — ниже порогов ролей",peripheral
100000002605548100,peripheral,0.8,10,0.186449,"Периферия: 2 вход./0 исх. контрагентов, вход 116 695 KZT, выход 0 KZT — ниже порогов ролей",peripheral
100000002750956100,peripheral,0.9,0,0.162096,"Периферия: 1 вход./0 исх. контрагентов, вход 47 416 KZT, выход 0 KZT — ниже порогов ролей",peripheral
100000002982252100,peripheral,0.9,1,0.151034,"Периферия: 1 вход./0 исх. контрагентов, вход 20 320 KZT, выход 0 KZT — ниже порогов ролей",peripheral
100000000961900100,peripheral,0.8,0,0.171096,"Периферия: 2 вход./0 исх. контрагентов, вход 36 000 KZT, выход 0 KZT — ниже порогов ролей",peripheral
100000007175718100,peripheral,0.9,45,0.150826,"Периферия: 1 вход./0 исх. контрагентов, вход 20 000 KZT, выход 0 KZT — ниже порогов ролей",peripheral
100000002306369100,peripheral,0.7,2,0.472937,"Периферия: 1 вход./6 исх. контрагентов, вход 73 166 KZT, выход 260 900 KZT — ниже порогов ролей",peripheral
100000000667713100,peripheral,0.7,3,0.496559,"Периферия: 2 вход./6 исх. контрагентов, вход 119 495 KZT, выход 79 236 KZT — ниже порогов ролей",peripheral
100000001072022100,terminal,1.0,2,0.290236,"Признаки конечного получателя: колено 1, получил 1 684 000 KZT от 3 плательщ., исходящих ≥5 000 KZT нет (порог входа 300 000)",terminal
100000008116374100,peripheral,0.9,3,0.156667,"Периферия: 1 вход./0 исх. контрагентов, вход 31 284 KZT, выход 0 KZT — ниже порогов ролей",peripheral
100000000703894100,peripheral,0.9,29,0.325036,"Периферия: 1 вход./1 исх. контрагентов, вход 120 000 KZT, выход 35 000 KZT — ниже порогов ролей",peripheral
100000008066326100,peripheral,0.9,0,0.150375,"Периферия: 1 вход./0 исх. контрагентов, вход 19 320 KZT, выход 0 KZT — ниже порогов ролей",peripheral
100000004662806100,peripheral,0.8,11,0.439324,"Периферия: 2 вход./2 исх. контрагентов, вход 106 585 KZT, выход 59 900 KZT — ниже порогов ролей",peripheral
100000005778283100,terminal,1.0,8,0.277101,"Признаки конечного получателя: колено 1, получил 615 760 KZT от 3 плательщ., исходящих ≥5 000 KZT нет (порог входа 300 000)",terminal
100000004408683100,peripheral,0.8,3,0.18602,"Периферия: 2 вход./0 исх. контрагентов, вход 112 920 KZT, выход 0 KZT — ниже порогов ролей",peripheral
100000002704875100,peripheral,0.7,4,0.205064,"Периферия: 3 вход./0 исх. контрагентов, вход 244 891 KZT, выход 0 KZT — ниже порогов ролей",peripheral
100000008349675100,peripheral,0.9,8,0.305361,"Периферия: 1 вход./1 исх. контрагентов, вход 46 520 KZT, выход 36 650 KZT — ниже порогов ролей",peripheral
100000006889963100,peripheral,0.6,5,0.492661,"Периферия: 4 вход./1 исх. контрагентов, вход 1 431 000 KZT, выход 443 476 KZT — ниже порогов ролей",peripheral
100000008771819100,peripheral,0.9,1,0.159511,"Периферия: 1 вход./0 исх. контрагентов, вход 38 900 KZT, выход 0 KZT — ниже порогов ролей",peripheral
100000008586731100,peripheral,0.9,11,0.144158,"Периферия: 1 вход./0 исх. контрагентов, вход 12 000 KZT, выход 0 KZT — ниже порогов ролей",peripheral
100000005844459100,peripheral,0.8,0,0.196047,"Периферия: 2 вход./0 исх. контрагентов, вход 243 400 KZT, выход 0 KZT — ниже порогов ролей",peripheral
100000008172352100,peripheral,0.65,32,0.527851,"Периферия: 3 вход./7 исх. контрагентов, вход 90 265 KZT, выход 289 510 KZT — ниже порогов ролей",peripheral
100000001162560100,distributor,0.6,8,0.574802,"Признаки распределения: 2 904 398 KZT на 12 получат. (14 переводов, в среднем 207 457 KZT)",distributor
100000008779584100,peripheral,0.9,1,0.156715,"Периферия: 1 вход./0 исх. контрагентов, вход 31 400 KZT, выход 0 KZT — ниже порогов ролей",peripheral
100000007631637100,peripheral,0.9,1,0.147364,"Периферия: 1 вход./0 исх. контрагентов, вход 15 341 KZT, выход 0 KZT — ниже порогов ролей",peripheral
100000007347733100,peripheral,0.9,53,0.152655,"Периферия: 1 вход./0 исх. контрагентов, вход 23 007 KZT, выход 0 KZT — ниже порогов ролей",peripheral
100000001463701100,terminal,1.0,10,0.268275,"Признаки конечного получателя: колено 1, получил 621 000 KZT от 2 плательщ., исходящих ≥5 000 KZT нет (порог входа 300 000)",terminal
100000008664469100,peripheral,0.9,2,0.153739,"Периферия: 1 вход./0 исх. контрагентов, вход 25 000 KZT, выход 0 KZT — ниже порогов ролей",peripheral
100000003923946100,peripheral,0.8,9,0.407537,"Периферия: 1 вход./4 исх. контрагентов, вход 282 000 KZT, выход 675 000 KZT — ниже порогов ролей",peripheral
100000006562026100,peripheral,0.8,53,0.180678,"Периферия: 2 вход./0 исх. контрагентов, вход 75 000 KZT, выход 0 KZT — ниже порогов ролей",peripheral
100000008776298100,peripheral,0.9,1,0.160758,"Периферия: 1 вход./0 исх. контрагентов, вход 42 800 KZT, выход 0 KZT — ниже порогов ролей",peripheral
100000006446271100,peripheral,0.8,2,0.181521,"Периферия: 2 вход./0 исх. контрагентов, вход 80 000 KZT, выход 0 KZT — ниже порогов ролей",peripheral
100000004588479100,peripheral,0.9,3,0.179338,"Периферия: 1 вход./0 исх. контрагентов, вход 177 633 KZT, выход 0 KZT — ниже порогов ролей",peripheral
100000002324543100,peripheral,0.9,8,0.156207,"Периферия: 1 вход./0 исх. контрагентов, вход 30 202 KZT, выход 0 KZT — ниже порогов ролей",peripheral
100000007129492100,peripheral,0.8,10,0.403955,"Периферия: 2 вход./1 исх. контрагентов, вход 50 990 KZT, выход 37 000 KZT — ниже порогов ролей",peripheral
100000003877908100,peripheral,0.9,2,0.159875,"Периферия: 1 вход./0 исх. контрагентов, вход 40 000 KZT, выход 0 KZT — ниже порогов ролей",peripheral
100000002748180100,peripheral,0.6,12,0.408123,"Периферия: 1 вход./8 исх. контрагентов, вход 9 900 KZT, выход 679 743 KZT — ниже порогов ролей",peripheral
100000000945428100,peripheral,0.9,0,0.170408,"Периферия: 1 вход./0 исх. контрагентов, вход 89 629 KZT, выход 0 KZT — ниже порогов ролей",peripheral
100000003115284100,consolidator,0.8,10,0.705398,"Признаки консолидации: 2 160 500 KZT от 8 плательщ. (15 переводов), дальше ушло 0.24 полученного (порог <0.5)",consolidator
100000005394708100,peripheral,0.9,19,0.304526,"Периферия: 1 вход./1 исх. контрагентов, вход 26 000 KZT, выход 65 000 KZT — ниже порогов ролей",peripheral
100000008747113100,peripheral,0.8,5,0.193339,"Периферия: 2 вход./0 исх. контрагентов, вход 197 801 KZT, выход 0 KZT — ниже порогов ролей",peripheral
100000004491881100,peripheral,0.9,1,0.148815,"Периферия: 1 вход./0 исх. контрагентов, вход 17 144 KZT, выход 0 KZT — ниже порогов ролей",peripheral
100000006008169100,peripheral,0.9,11,0.167181,"Периферия: 1 вход./0 исх. контрагентов, вход 70 000 KZT, выход 0 KZT — ниже порогов ролей",peripheral
100000002681449100,peripheral,0.8,39,0.426336,"Периферия: 2 вход./2 исх. контрагентов, вход 94 638 KZT, выход 133 000 KZT — ниже порогов ролей",peripheral
100000002645609100,terminal,0.9114,0,0.282483,"Признаки конечного получателя: колено 1, получил 546 821 KZT от 4 плательщ., исходящих ≥5 000 KZT нет (порог входа 300 000)",terminal
100000006369769100,peripheral,0.9,1,0.159875,"Периферия: 1 вход./0 исх. контрагентов, вход 40 000 KZT, выход 0 KZT — ниже порогов ролей",peripheral
100000002173161100,terminal,1.0,3,0.288078,"Признаки конечного получателя: колено 1, получил 1 427 500 KZT от 3 плательщ., исходящих ≥5 000 KZT нет (порог входа 300 000)",terminal
100000008686313100,consolidator,0.6,0,0.78656,"Признаки консолидации: 1 912 716 KZT от 6 плательщ. (16 переводов), дальше ушло 0.17 полученного (порог <0.5)",consolidator
100000004692798100,peripheral,0.8,11,0.328854,"Периферия: 2 вход./1 исх. контрагентов, вход 240 305 KZT, выход 15 000 KZT — ниже порогов ролей",peripheral
100000002939838100,terminal,0.9521,3,0.276121,"Признаки конечного получателя: колено 1, получил 571 233 KZT от 3 плательщ., исходящих ≥5 000 KZT нет (порог входа 300 000)",terminal
100000003119550100,peripheral,0.9,1,0.151463,"Периферия: 1 вход./0 исх. контрагентов, вход 21 000 KZT, выход 0 KZT — ниже порогов ролей",peripheral
100000004315838100,peripheral,0.8,2,0.393702,"Периферия: 2 вход./1 исх. контрагентов, вход 50 000 KZT, выход 18 000 KZT — ниже порогов ролей",peripheral
100000002671806100,peripheral,0.9,11,0.144628,"Периферия: 1 вход./0 исх. контрагентов, вход 12 440 KZT, выход 0 KZT — ниже порогов ролей",peripheral
100000008716222100,peripheral,0.9,1,0.149451,"Периферия: 1 вход./0 исх. контрагентов, вход 18 000 KZT, выход 0 KZT — ниже порогов ролей",peripheral
100000005496254100,peripheral,0.9,0,0.144898,"Периферия: 1 вход./0 исх. контрагентов, вход 12 700 KZT, выход 0 KZT — ниже порогов ролей",peripheral
100000004622227100,peripheral,0.85,0,0.405851,"Периферия: 1 вход./3 исх. контрагентов, вход 24 931 KZT, выход 19 000 KZT — ниже порогов ролей",peripheral
100000000274067100,peripheral,0.8,48,0.432369,"Периферия: 2 вход./3 исх. контрагентов, вход 517 704 KZT, выход 2 969 000 KZT — ниже порогов ролей",peripheral
100000008782056100,peripheral,0.9,1,0.155714,"Периферия: 1 вход./0 исх. контрагентов, вход 29 082 KZT, выход 0 KZT — ниже порогов ролей",peripheral
100000006788200100,peripheral,0.6,9,0.499038,"Периферия: 4 вход./3 исх. контрагентов, вход 272 156 KZT, выход 64 500 KZT — ниже порогов ролей",peripheral
100000001164648100,peripheral,0.8,7,0.158446,"Периферия: 2 вход./0 исх. контрагентов, вход 13 660 KZT, выход 0 KZT — ниже порогов ролей",peripheral
100000005133757100,peripheral,0.8,4,0.17881,"Периферия: 2 вход./0 исх. контрагентов, вход 65 000 KZT, выход 0 KZT — ниже порогов ролей",peripheral
100000006445501100,peripheral,0.9,10,0.170606,"Периферия: 1 вход./0 исх. контрагентов, вход 91 000 KZT, выход 0 KZT — ниже порогов ролей",peripheral
100000004390333100,peripheral,0.55,0,0.521333,"Периферия: 2 вход./9 исх. контрагентов, вход 64 558 KZT, выход 506 500 KZT — ниже порогов ролей",peripheral
100000001641789100,peripheral,0.9,9,0.149324,"Периферия: 1 вход./0 исх. контрагентов, вход 17 826 KZT, выход 0 KZT — ниже порогов ролей",peripheral
100000000968253100,peripheral,0.9,1,0.147071,"Периферия: 1 вход./0 исх. контрагентов, вход 15 000 KZT, выход 0 KZT — ниже порогов ролей",peripheral
100000001527186100,terminal,1.0,2,0.256824,"Признаки конечного получателя: колено 1, получил 678 000 KZT от 1 плательщ., исходящих ≥5 000 KZT нет (порог входа 300 000)",terminal
100000005852946100,peripheral,0.9,2,0.153068,"Периферия: 1 вход./0 исх. контрагентов, вход 23 746 KZT, выход 0 KZT — ниже порогов ролей",peripheral
100000001530983100,distributor,0.55,3,0.724721,"Признаки распределения: 1 829 538 KZT на 11 получат. (17 переводов, в среднем 107 620 KZT)",distributor
100000008221543100,terminal,0.9033,16,0.266498,"Признаки конечного получателя: колено 1, получил 542 000 KZT от 2 плательщ., исходящих ≥5 000 KZT нет (порог входа 300 000)",terminal
100000001937767100,peripheral,0.8,14,0.479498,"Периферия: 1 вход./4 исх. контрагентов, вход 53 000 KZT, выход 1 933 000 KZT — ниже порогов ролей",peripheral
100000002462183100,peripheral,0.9,45,0.172781,"Периферия: 1 вход./0 исх. контрагентов, вход 107 500 KZT, выход 0 KZT — ниже порогов ролей",peripheral
100000001805543100,peripheral,0.9,3,0.164949,"Периферия: 1 вход./0 исх. контрагентов, вход 59 000 KZT, выход 0 KZT — ниже порогов ролей",peripheral
100000002606567100,peripheral,0.9,0,0.371734,"Периферия: 1 вход./1 исх. контрагентов, вход 14 095 KZT, выход 53 000 KZT — ниже порогов ролей",peripheral
100000007281639100,peripheral,0.8,3,0.194534,"Периферия: 2 вход./0 исх. контрагентов, вход 216 770 KZT, выход 0 KZT — ниже порогов ролей",peripheral
100000002991079100,peripheral,0.8,3,0.397351,"Периферия: 2 вход./1 исх. контрагентов, вход 148 900 KZT, выход 11 000 KZT — ниже порогов ролей",peripheral
100000002847207100,peripheral,0.9,2,0.161768,"Периферия: 1 вход./0 исх. контрагентов, вход 46 243 KZT, выход 0 KZT — ниже порогов ролей",peripheral
100000000011452100,peripheral,0.7,0,0.364374,"Периферия: 3 вход./1 исх. контрагентов, вход 110 000 KZT, выход 16 685 KZT — ниже порогов ролей",peripheral
100000003148220100,peripheral,0.9,59,0.292552,"Периферия: 1 вход./2 исх. контрагентов, вход 5 650 KZT, выход 43 400 KZT — ниже порогов ролей",peripheral
100000002479804100,peripheral,0.9,2,0.336434,"Периферия: 1 вход./2 исх. контрагентов, вход 46 000 KZT, выход 35 300 KZT — ниже порогов ролей",peripheral
100000008745489100,peripheral,0.9,1,0.16416,"Периферия: 1 вход./0 исх. контрагентов, вход 55 539 KZT, выход 0 KZT — ниже порогов ролей",peripheral
100000002289937100,peripheral,0.9,1,0.150826,"Периферия: 1 вход./0 исх. контрагентов, вход 20 000 KZT, выход 0 KZT — ниже порогов ролей",peripheral
100000004679953100,peripheral,0.7,4,0.523023,"Периферия: 3 вход./3 исх. контрагентов, вход 343 538 KZT, выход 34 100 KZT — ниже порогов ролей",peripheral
100000003066385100,peripheral,0.8,0,0.163423,"Периферия: 2 вход./0 исх. контрагентов, вход 20 000 KZT, выход 0 KZT — ниже порогов ролей",peripheral
100000008744849100,peripheral,0.9,1,0.161251,"Периферия: 1 вход./0 исх. контрагентов, вход 44 445 KZT, выход 0 KZT — ниже порогов ролей",peripheral
100000005093521100,peripheral,0.9,2,0.147244,"Периферия: 1 вход./0 исх. контрагентов, вход 15 200 KZT, выход 0 KZT — ниже порогов ролей",peripheral
100000006518161100,transit,0.9929,3,0.61352,"Признаки транзита: получил 594 200 KZT, отправил 595 899 KZT (pass-through 1.00, коридор 0.8–1.2), 3→2 контрагентов",transit
100000001126374100,peripheral,0.6,0,0.454009,"Периферия: 4 вход./2 исх. контрагентов, вход 182 500 KZT, выход 29 200 KZT — ниже порогов ролей",peripheral
100000004509286100,peripheral,0.9,2,0.159875,"Периферия: 1 вход./0 исх. контрагентов, вход 40 000 KZT, выход 0 KZT — ниже порогов ролей",peripheral
100000005056870100,peripheral,0.9,45,0.150826,"Периферия: 1 вход./0 исх. контрагентов, вход 20 000 KZT, выход 0 KZT — ниже порогов ролей",peripheral
100000008708368100,peripheral,0.9,1,0.15303,"Периферия: 1 вход./0 исх. контрагентов, вход 23 677 KZT, выход 0 KZT — ниже порогов ролей",peripheral
100000005895525100,peripheral,0.9,45,0.174218,"Периферия: 1 вход./0 исх. контрагентов, вход 120 000 KZT, выход 0 KZT — ниже порогов ролей",peripheral
100000008716773100,peripheral,0.9,1,0.147647,"Периферия: 1 вход./0 исх. контрагентов, вход 15 677 KZT, выход 0 KZT — ниже порогов ролей",peripheral
100000002778085100,peripheral,0.9,3,0.166454,"Периферия: 1 вход./0 исх. контрагентов, вход 66 208 KZT, выход 0 KZT — ниже порогов ролей",peripheral
100000007055802100,consolidator,0.6,0,0.602765,"Признаки консолидации: 2 024 999 KZT от 6 плательщ. (34 переводов), дальше ушло 0.30 полученного (порог <0.5)",consolidator
100000003071930100,peripheral,0.7,8,0.432635,"Периферия: 3 вход./1 исх. контрагентов, вход 477 610 KZT, выход 5 000 KZT — ниже порогов ролей",peripheral
100000002941114100,peripheral,0.8,10,0.400114,"Периферия: 2 вход./1 исх. контрагентов, вход 128 510 KZT, выход 15 000 KZT — ниже порогов ролей",peripheral
100000003888271100,peripheral,0.9,43,0.296343,"Периферия: 1 вход./2 исх. контрагентов, вход 12 177 KZT, выход 25 590 KZT — ниже порогов ролей",peripheral
100000007507343100,terminal,0.6167,52,0.248918,"Признаки конечного получателя: колено 1, получил 370 000 KZT от 1 плательщ., исходящих ≥5 000 KZT нет (порог входа 300 000)",terminal
100000008002020100,peripheral,0.9,11,0.323453,"Периферия: 1 вход./1 исх. контрагентов, вход 73 860 KZT, выход 17 000 KZT — ниже порогов ролей",peripheral
100000001872484100,peripheral,0.85,56,0.397189,"Периферия: 1 вход./3 исх. контрагентов, вход 871 400 KZT, выход 514 580 KZT — ниже порогов ролей",peripheral
100000008769636100,peripheral,0.9,1,0.152718,"Периферия: 1 вход./0 исх. контрагентов, вход 23 118 KZT, выход 0 KZT — ниже порогов ролей",peripheral
100000004135268100,transit,0.5182,52,0.535924,"Признаки транзита: получил 1 239 000 KZT, отправил 1 000 200 KZT (pass-through 0.81, коридор 0.8–1.2), 2→3 контрагентов",transit
100000005316708100,peripheral,0.9,9,0.362043,"Периферия: 1 вход./2 исх. контрагентов, вход 90 000 KZT, выход 257 500 KZT — ниже порогов ролей",peripheral
100000008671929100,peripheral,0.9,2,0.168082,"Периферия: 1 вход./0 исх. контрагентов, вход 75 000 KZT, выход 0 KZT — ниже порогов ролей",peripheral
100000005287097100,peripheral,0.55,3,0.57771,"Периферия: 2 вход./9 исх. контрагентов, вход 127 173 KZT, выход 697 300 KZT — ниже порогов ролей",peripheral
100000007283257100,peripheral,0.9,64,0.180353,"Периферия: 1 вход./0 исх. контрагентов, вход 192 000 KZT, выход 0 KZT — ниже порогов ролей",peripheral
100000004847758100,coordinator,0.6667,0,0.763075,"Признаки координатора: 4 плательщ. → 15 получат., betweenness 0.0014 (порог 0.0008), в цикле ≤5; вход 115 171 KZT",coordinator
100000008737422100,peripheral,0.9,1,0.168409,"Периферия: 1 вход./0 исх. контрагентов, вход 76 903 KZT, выход 0 KZT — ниже порогов ролей",peripheral
100000008555918100,peripheral,0.9,2,0.43182,"Периферия: 1 вход./2 исх. контрагентов, вход 139 211 KZT, выход 43 300 KZT — ниже порогов ролей",peripheral
100000008094734100,peripheral,0.6,0,0.211527,"Периферия: 4 вход./0 исх. контрагентов, вход 236 249 KZT, выход 0 KZT — ниже порогов ролей",peripheral
100000006952718100,peripheral,0.9,3,0.167456,"Периферия: 1 вход./0 исх. контрагентов, вход 71 489 KZT, выход 0 KZT — ниже порогов ролей",peripheral
100000005339662100,peripheral,0.6,15,0.527784,"Периферия: 4 вход./4 исх. контрагентов, вход 202 939 KZT, выход 295 160 KZT — ниже порогов ролей",peripheral
100000001716579100,peripheral,0.9,1,0.146092,"Периферия: 1 вход./0 исх. контрагентов, вход 13 916 KZT, выход 0 KZT — ниже порогов ролей",peripheral
100000002774456100,peripheral,0.9,10,0.162883,"Периферия: 1 вход./0 исх. контрагентов, вход 50 363 KZT, выход 0 KZT — ниже порогов ролей",peripheral
100000004394765100,peripheral,0.7,3,0.488614,"Периферия: 3 вход./2 исх. контрагентов, вход 603 844 KZT, выход 82 500 KZT — ниже порогов ролей",peripheral
100000004004621100,peripheral,0.7,13,0.189683,"Периферия: 3 вход./0 исх. контрагентов, вход 75 389 KZT, выход 0 KZT — ниже порогов ролей",peripheral
100000000907277100,peripheral,0.9,1,0.149108,"Периферия: 1 вход./0 исх. контрагентов, вход 17 534 KZT, выход 0 KZT — ниже порогов ролей",peripheral
100000003835149100,peripheral,0.9,22,0.415915,"Периферия: 1 вход./2 исх. контрагентов, вход 248 500 KZT, выход 4 600 440 KZT — ниже порогов ролей",peripheral
100000004254434100,peripheral,0.9,1,0.161251,"Периферия: 1 вход./0 исх. контрагентов, вход 44 445 KZT, выход 0 KZT — ниже порогов ролей",peripheral
100000003635170100,transit,0.8603,10,0.635837,"Признаки транзита: получил 268 500 KZT, отправил 253 500 KZT (pass-through 0.94, коридор 0.8–1.2), 3→4 контрагентов",transit
100000006687202100,peripheral,0.9,0,0.162788,"Периферия: 1 вход./0 исх. контрагентов, вход 50 000 KZT, выход 0 KZT — ниже порогов ролей",peripheral
100000006030946100,peripheral,0.9,1,0.16778,"Периферия: 1 вход./0 исх. контрагентов, вход 73 289 KZT, выход 0 KZT — ниже порогов ролей",peripheral
100000002615479100,peripheral,0.9,8,0.182131,"Периферия: 1 вход./0 исх. контрагентов, вход 220 000 KZT, выход 0 KZT — ниже порогов ролей",peripheral
100000002952631100,peripheral,0.9,3,0.162269,"Периферия: 1 вход./0 исх. контрагентов, вход 48 050 KZT, выход 0 KZT — ниже порогов ролей",peripheral
100000002890167100,peripheral,0.9,3,0.174015,"Периферия: 1 вход./0 исх. контрагентов, вход 118 150 KZT, выход 0 KZT — ниже порогов ролей",peripheral
100000008687671100,peripheral,0.9,1,0.159033,"Периферия: 1 вход./0 исх. контрагентов, вход 37 500 KZT, выход 0 KZT — ниже порогов ролей",peripheral
100000000810551100,peripheral,0.9,2,0.410917,"Периферия: 1 вход./1 исх. контрагентов, вход 100 000 KZT, выход 7 100 KZT — ниже порогов ролей",peripheral
100000008724279100,peripheral,0.9,3,0.143883,"Периферия: 1 вход./0 исх. контрагентов, вход 11 750 KZT, выход 0 KZT — ниже порогов ролей",peripheral
100000002592567100,peripheral,0.9,3,0.464614,"Периферия: 1 вход./2 исх. контрагентов, вход 5 297 KZT, выход 48 600 KZT — ниже порогов ролей",peripheral
100000002670860100,terminal,0.75,12,0.26407,"Признаки конечного получателя: колено 1, получил 450 000 KZT от 2 плательщ., исходящих ≥5 000 KZT нет (порог входа 300 000)",terminal
100000002844897100,peripheral,0.9,8,0.142782,"Периферия: 1 вход./0 исх. контрагентов, вход 10 800 KZT, выход 0 KZT — ниже порогов ролей",peripheral
100000007938486100,peripheral,0.9,1,0.159711,"Периферия: 1 вход./0 исх. контрагентов, вход 39 500 KZT, выход 0 KZT — ниже порогов ролей",peripheral
100000008438656100,peripheral,0.8,2,0.384726,"Периферия: 2 вход./1 исх. контрагентов, вход 80 000 KZT, выход 5 000 KZT — ниже порогов ролей",peripheral
100000008304139100,coordinator,0.6667,2,0.7926,"Признаки координатора: 4 плательщ. → 24 получат., betweenness 0.0013 (порог 0.0008), в цикле ≤5; вход 189 330 KZT",coordinator
100000002597003100,peripheral,0.9,0,0.356156,"Периферия: 1 вход./1 исх. контрагентов, вход 17 700 KZT, выход 11 000 KZT — ниже порогов ролей",peripheral
100000002830055100,peripheral,0.9,1,0.14617,"Периферия: 1 вход./0 исх. контрагентов, вход 14 000 KZT, выход 0 KZT — ниже порогов ролей",peripheral
100000004299488100,consolidator,0.6,0,0.64128,"Признаки консолидации: 1 749 000 KZT от 6 плательщ. (22 переводов), дальше ушло 0.20 полученного (порог <0.5)",consolidator
100000002809568100,peripheral,0.9,0,0.141778,"Периферия: 1 вход./0 исх. контрагентов, вход 10 000 KZT, выход 0 KZT — ниже порогов ролей",peripheral
100000004784224100,peripheral,0.9,22,0.308289,"Периферия: 1 вход./1 исх. контрагентов, вход 23 500 KZT, выход 100 000 KZT — ниже порогов ролей",peripheral
100000003123296100,peripheral,0.9,11,0.169899,"Периферия: 1 вход./0 исх. контрагентов, вход 86 200 KZT, выход 0 KZT — ниже порогов ролей",peripheral
100000004130144100,peripheral,0.9,8,0.180886,"Периферия: 1 вход./0 исх. контрагентов, вход 200 000 KZT, выход 0 KZT — ниже порогов ролей",peripheral
100000001253557100,consolidator,0.5,6,0.350666,"Признаки консолидации: 210 200 KZT от 5 плательщ. (5 переводов), дальше ушло 0.00 полученного (порог <0.5)",consolidator
100000008767925100,peripheral,0.9,1,0.148815,"Периферия: 1 вход./0 исх. контрагентов, вход 17 144 KZT, выход 0 KZT — ниже порогов ролей",peripheral
100000007181706100,peripheral,0.8,2,0.191834,"Периферия: 2 вход./0 исх. контрагентов, вход 176 272 KZT, выход 0 KZT — ниже порогов ролей",peripheral
100000003366154100,peripheral,0.85,2,0.465778,"Периферия: 1 вход./3 исх. контрагентов, вход 125 000 KZT, выход 289 170 KZT — ниже порогов ролей",peripheral
100000007641183100,peripheral,0.9,3,0.155219,"Периферия: 1 вход./0 исх. контрагентов, вход 28 000 KZT, выход 0 KZT — ниже порогов ролей",peripheral
100000008663007100,peripheral,0.9,1,0.14617,"Периферия: 1 вход./0 исх. контрагентов, вход 14 000 KZT, выход 0 KZT — ниже порогов ролей",peripheral
100000007334196100,peripheral,0.9,10,0.177131,"Периферия: 1 вход./0 исх. контрагентов, вход 150 002 KZT, выход 0 KZT — ниже порогов ролей",peripheral
100000003873332100,peripheral,0.8,18,0.521597,"Периферия: 1 вход./4 исх. контрагентов, вход 23 468 KZT, выход 286 000 KZT — ниже порогов ролей",peripheral
100000001550388100,peripheral,0.9,0,0.162788,"Периферия: 1 вход./0 исх. контрагентов, вход 50 000 KZT, выход 0 KZT — ниже порогов ролей",peripheral
100000008718089100,peripheral,0.9,1,0.147527,"Периферия: 1 вход./0 исх. контрагентов, вход 15 534 KZT, выход 0 KZT — ниже порогов ролей",peripheral
100000008728457100,peripheral,0.9,10,0.161413,"Периферия: 1 вход./0 исх. контрагентов, вход 45 000 KZT, выход 0 KZT — ниже порогов ролей",peripheral
100000004206046100,peripheral,0.9,3,0.143111,"Периферия: 1 вход./0 исх. контрагентов, вход 11 075 KZT, выход 0 KZT — ниже порогов ролей",peripheral
100000006579678100,peripheral,0.7,3,0.570699,"Периферия: 2 вход./6 исх. контрагентов, вход 192 930 KZT, выход 1 668 800 KZT — ниже порогов ролей",peripheral
100000002988894100,peripheral,0.85,2,0.465963,"Периферия: 1 вход./3 исх. контрагентов, вход 306 121 KZT, выход 77 500 KZT — ниже порогов ролей",peripheral
100000008749406100,peripheral,0.9,1,0.148815,"Периферия: 1 вход./0 исх. контрагентов, вход 17 144 KZT, выход 0 KZT — ниже порогов ролей",peripheral
100000005584222100,peripheral,0.8,0,0.453938,"Периферия: 2 вход./2 исх. контрагентов, вход 192 717 KZT, выход 108 587 KZT — ниже порогов ролей",peripheral
100000003239859100,peripheral,0.9,11,0.149879,"Периферия: 1 вход./0 исх. контрагентов, вход 18 600 KZT, выход 0 KZT — ниже порогов ролей",peripheral
100000003980083100,peripheral,0.9,67,0.15612,"Периферия: 1 вход./0 исх. контрагентов, вход 30 000 KZT, выход 0 KZT — ниже порогов ролей",peripheral
100000004351795100,coordinator,0.5,0,0.785895,"Признаки координатора: 3 плательщ. → 14 получат., betweenness 0.0024 (порог 0.0008), в цикле ≤5; вход 118 333 KZT",coordinator
100000002666248100,peripheral,0.9,2,0.167187,"Периферия: 1 вход./0 исх. контрагентов, вход 70 032 KZT, выход 0 KZT — ниже порогов ролей",peripheral
100000005877725100,peripheral,0.9,1,0.167181,"Периферия: 1 вход./0 исх. контрагентов, вход 70 000 KZT, выход 0 KZT — ниже порогов ролей",peripheral
100000001697501100,coordinator,0.5,1,0.737115,"Признаки координатора: 3 плательщ. → 38 получат., betweenness 0.0002 (порог 0.0008), в цикле ≤5; вход 123 700 KZT",coordinator
100000006972210100,terminal,0.8146,8,0.274086,"Признаки конечного получателя: колено 1, получил 488 775 KZT от 3 плательщ., исходящих ≥5 000 KZT нет (порог входа 300 000)",terminal
100000008749618100,peripheral,0.9,1,0.162058,"Периферия: 1 вход./0 исх. контрагентов, вход 47 280 KZT, выход 0 KZT — ниже порогов ролей",peripheral
100000008671026100,peripheral,0.9,1,0.15295,"Периферия: 1 вход./0 исх. контрагентов, вход 23 534 KZT, выход 0 KZT — ниже порогов ролей",peripheral
100000001696818100,peripheral,0.9,2,0.163684,"Периферия: 1 вход./0 исх. контрагентов, вход 53 550 KZT, выход 0 KZT — ниже порогов ролей",peripheral
100000008679986100,peripheral,0.9,1,0.150157,"Периферия: 1 вход./0 исх. контрагентов, вход 19 000 KZT, выход 0 KZT — ниже порогов ролей",peripheral
100000003616818100,peripheral,0.7,23,0.395411,"Периферия: 3 вход./3 исх. контрагентов, вход 78 000 KZT, выход 240 100 KZT — ниже порогов ролей",peripheral
100000004156082100,coordinator,0.8333,15,0.824751,"Признаки координатора: 5 плательщ. → 26 получат., betweenness 0.0020 (порог 0.0008), в цикле ≤5; вход 377 366 KZT",coordinator
100000008667058100,peripheral,0.9,1,0.149108,"Периферия: 1 вход./0 исх. контрагентов, вход 17 534 KZT, выход 0 KZT — ниже порогов ролей",peripheral
100000008628231100,peripheral,0.9,65,0.450004,"Периферия: 1 вход./2 исх. контрагентов, вход 50 000 KZT, выход 627 870 KZT — ниже порогов ролей",peripheral
100000008749063100,peripheral,0.9,1,0.150157,"Периферия: 1 вход./0 исх. контрагентов, вход 19 000 KZT, выход 0 KZT — ниже порогов ролей",peripheral
100000004494983100,peripheral,0.9,1,0.158132,"Периферия: 1 вход./0 исх. контрагентов, вход 35 000 KZT, выход 0 KZT — ниже порогов ролей",peripheral
100000007648946100,peripheral,0.9,13,0.322035,"Периферия: 1 вход./1 исх. контрагентов, вход 19 550 KZT, выход 25 000 KZT — ниже порогов ролей",peripheral
100000003037660100,peripheral,0.9,2,0.163549,"Периферия: 1 вход./0 исх. контрагентов, вход 53 000 KZT, выход 0 KZT — ниже порогов ролей",peripheral
100000002679516100,peripheral,0.7,11,0.193672,"Периферия: 3 вход./0 исх. контрагентов, вход 102 335 KZT, выход 0 KZT — ниже порогов ролей",peripheral
100000005588444100,peripheral,0.9,8,0.14448,"Периферия: 1 вход./0 исх. контрагентов, вход 12 300 KZT, выход 0 KZT — ниже порогов ролей",peripheral
100000001307612100,peripheral,0.9,1,0.15937,"Периферия: 1 вход./0 исх. контрагентов, вход 38 483 KZT, выход 0 KZT — ниже порогов ролей",peripheral
100000003001564100,peripheral,0.9,3,0.392844,"Периферия: 1 вход./1 исх. контрагентов, вход 23 520 KZT, выход 180 000 KZT — ниже порогов ролей",peripheral
100000002762076100,peripheral,0.8,8,0.334215,"Периферия: 2 вход./1 исх. контрагентов, вход 140 350 KZT, выход 30 000 KZT — ниже порогов ролей",peripheral
100000005514161100,peripheral,0.6,9,0.462934,"Периферия: 4 вход./1 исх. контрагентов, вход 401 500 KZT, выход 50 000 KZT — ниже порогов ролей",peripheral
100000008746673100,peripheral,0.9,1,0.163561,"Периферия: 1 вход./0 исх. контрагентов, вход 53 048 KZT, выход 0 KZT — ниже порогов ролей",peripheral
100000003265158100,transit,0.8614,11,0.609577,"Признаки транзита: получил 146 100 KZT, отправил 154 200 KZT (pass-through 1.06, коридор 0.8–1.2), 3→2 контрагентов",transit
100000001567366100,terminal,1.0,3,0.259372,"Признаки конечного получателя: колено 1, получил 824 070 KZT от 1 плательщ., исходящих ≥5 000 KZT нет (порог входа 300 000)",terminal
100000008777088100,peripheral,0.9,1,0.149451,"Периферия: 1 вход./0 исх. контрагентов, вход 18 000 KZT, выход 0 KZT — ниже порогов ролей",peripheral
100000002589019100,peripheral,0.9,11,0.158023,"Периферия: 1 вход./0 исх. контрагентов, вход 34 710 KZT, выход 0 KZT — ниже порогов ролей",peripheral
100000008666075100,peripheral,0.9,1,0.15436,"Периферия: 1 вход./0 исх. контрагентов, вход 26 217 KZT, выход 0 KZT — ниже порогов ролей",peripheral
100000008137435100,peripheral,0.7,21,0.548206,"Периферия: 2 вход./6 исх. контрагентов, вход 93 906 KZT, выход 1 419 700 KZT — ниже порогов ролей",peripheral
100000004403675100,peripheral,0.6,19,0.611015,"Периферия: 4 вход./5 исх. контрагентов, вход 182 980 KZT, выход 264 699 KZT — ниже порогов ролей",peripheral
100000004677680100,peripheral,0.8,10,0.437705,"Периферия: 2 вход./1 исх. контрагентов, вход 63 000 KZT, выход 168 000 KZT — ниже порогов ролей",peripheral
100000005958064100,peripheral,0.9,14,0.388902,"Периферия: 1 вход./2 исх. контрагентов, вход 5 746 KZT, выход 163 987 KZT — ниже порогов ролей",peripheral
100000002881669100,peripheral,0.9,11,0.149879,"Периферия: 1 вход./0 исх. контрагентов, вход 18 600 KZT, выход 0 KZT — ниже порогов ролей",peripheral
100000002938501100,peripheral,0.9,3,0.335327,"Периферия: 1 вход./1 исх. контрагентов, вход 8 395 KZT, выход 5 000 KZT — ниже порогов ролей",peripheral
100000006734554100,peripheral,0.9,29,0.295164,"Периферия: 1 вход./1 исх. контрагентов, вход 16 500 KZT, выход 25 000 KZT — ниже порогов ролей",peripheral
100000008003034100,peripheral,0.8,28,0.526216,"Периферия: 1 вход./4 исх. контрагентов, вход 12 201 KZT, выход 135 000 KZT — ниже порогов ролей",peripheral
100000003970394100,peripheral,0.9,11,0.169716,"Периферия: 1 вход./0 исх. контрагентов, вход 85 000 KZT, выход 0 KZT — ниже порогов ролей",peripheral
100000003205210100,peripheral,0.9,2,0.176001,"Периферия: 1 вход./0 исх. контрагентов, вход 137 563 KZT, выход 0 KZT — ниже порогов ролей",peripheral
100000004559194100,peripheral,0.9,3,0.185379,"Периферия: 1 вход./0 исх. контрагентов, вход 282 145 KZT, выход 0 KZT — ниже порогов ролей",peripheral
100000008173359100,peripheral,0.9,3,0.135347,"Периферия: 1 вход./0 исх. контрагентов, вход 6 110 KZT, выход 0 KZT — ниже порогов ролей",peripheral
100000007953156100,peripheral,0.9,14,0.356047,"Периферия: 1 вход./1 исх. контрагентов, вход 18 000 KZT, выход 10 000 KZT — ниже порогов ролей",peripheral
100000002224132100,peripheral,0.5,22,0.534571,"Периферия: 5 вход./4 исх. контрагентов, вход 3 951 020 KZT, выход 12 115 000 KZT — ниже порогов ролей",peripheral
100000008547844100,coordinator,0.5,6,0.790885,"Признаки координатора: 3 плательщ. → 19 получат., betweenness 0.0018 (порог 0.0008), в цикле ≤5; вход 177 600 KZT",coordinator
100000002635780100,peripheral,0.9,8,0.178216,"Периферия: 1 вход./0 исх. контрагентов, вход 163 000 KZT, выход 0 KZT — ниже порогов ролей",peripheral
100000001279875100,peripheral,0.9,12,0.162587,"Периферия: 1 вход./0 исх. контрагентов, вход 49 235 KZT, выход 0 KZT — ниже порогов ролей",peripheral
100000001961048100,peripheral,0.9,30,0.177131,"Периферия: 1 вход./0 исх. контрагентов, вход 150 000 KZT, выход 0 KZT — ниже порогов ролей",peripheral
100000000993112100,peripheral,0.9,32,0.176323,"Периферия: 1 вход./0 исх. контрагентов, вход 141 000 KZT, выход 0 KZT — ниже порогов ролей",peripheral
100000005547096100,peripheral,0.9,47,0.316576,"Периферия: 1 вход./2 исх. контрагентов, вход 8 000 KZT, выход 226 300 KZT — ниже порогов ролей",peripheral
100000000331309100,coordinator,0.8333,5,0.9139,"Признаки координатора: 5 плательщ. → 99 получат., betweenness 0.0046 (порог 0.0008), в цикле ≤5; вход 984 635 KZT",coordinator
100000006684930100,peripheral,0.9,13,0.141778,"Периферия: 1 вход./0 исх. контрагентов, вход 10 000 KZT, выход 0 KZT — ниже порогов ролей",peripheral
100000004479404100,peripheral,0.8,44,0.508739,"Периферия: 2 вход./1 исх. контрагентов, вход 1 492 000 KZT, выход 300 000 KZT — ниже порогов ролей",peripheral
100000004134060100,peripheral,0.9,17,0.170195,"Периферия: 1 вход./0 исх. контрагентов, вход 88 179 KZT, выход 0 KZT — ниже порогов ролей",peripheral
100000001083990100,peripheral,0.9,11,0.162762,"Периферия: 1 вход./0 исх. контрагентов, вход 49 900 KZT, выход 0 KZT — ниже порогов ролей",peripheral
100000004573782100,peripheral,0.9,8,0.147071,"Периферия: 1 вход./0 исх. контрагентов, вход 15 000 KZT, выход 0 KZT — ниже порогов ролей",peripheral
100000005660203100,peripheral,0.9,3,0.425855,"Периферия: 1 вход./2 исх. контрагентов, вход 572 899 KZT, выход 41 000 KZT — ниже порогов ролей",peripheral
100000008771627100,peripheral,0.9,1,0.148315,"Периферия: 1 вход./0 исх. контрагентов, вход 16 500 KZT, выход 0 KZT — ниже порогов ролей",peripheral
100000000031787100,transit,1.0,8,0.442293,"Признаки транзита: получил 90 000 KZT, отправил 90 000 KZT (pass-through 1.00, коридор 0.8–1.2), 1→2 контрагентов",transit
100000001346560100,peripheral,0.8,2,0.377278,"Периферия: 2 вход./1 исх. контрагентов, вход 10 000 KZT, выход 22 200 KZT — ниже порогов ролей",peripheral
100000001703168100,peripheral,0.9,2,0.393136,"Периферия: 1 вход./1 исх. контрагентов, вход 45 000 KZT, выход 90 000 KZT — ниже порогов ролей",peripheral
100000004904960100,peripheral,0.8,0,0.169559,"Периферия: 2 вход./0 исх. контрагентов, вход 32 000 KZT, выход 0 KZT — ниже порогов ролей",peripheral
100000004467157100,peripheral,0.9,33,0.269845,"Периферия: 1 вход./1 исх. контрагентов, вход 20 000 KZT, выход 7 000 KZT — ниже порогов ролей",peripheral
100000008346837100,coordinator,1.0,13,0.86816,"Признаки координатора: 9 плательщ. → 25 получат., betweenness 0.0090 (порог 0.0008), в цикле ≤5; вход 254 359 KZT",coordinator
100000006385877100,peripheral,0.9,8,0.302256,"Периферия: 1 вход./1 исх. контрагентов, вход 53 707 KZT, выход 36 603 KZT — ниже порогов ролей",peripheral
100000002459093100,peripheral,0.9,9,0.357702,"Периферия: 1 вход./1 исх. контрагентов, вход 500 000 KZT, выход 55 000 KZT — ниже порогов ролей",peripheral
100000005053653100,peripheral,0.8,13,0.395028,"Периферия: 2 вход./1 исх. контрагентов, вход 63 073 KZT, выход 25 000 KZT — ниже порогов ролей",peripheral
100000001557930100,peripheral,0.9,9,0.157986,"Периферия: 1 вход./0 исх. контрагентов, вход 34 610 KZT, выход 0 KZT — ниже порогов ролей",peripheral
100000002820010100,peripheral,0.9,9,0.15612,"Периферия: 1 вход./0 исх. контрагентов, вход 30 000 KZT, выход 0 KZT — ниже порогов ролей",peripheral
100000000769919100,peripheral,0.9,61,0.1838,"Периферия: 1 вход./0 исх. контрагентов, вход 250 000 KZT, выход 0 KZT — ниже порогов ролей",peripheral
100000003188607100,peripheral,0.9,8,0.277312,"Периферия: 1 вход./1 исх. контрагентов, вход 18 000 KZT, выход 5 000 KZT — ниже порогов ролей",peripheral
100000002836052100,peripheral,0.9,2,0.147071,"Периферия: 1 вход./0 исх. контрагентов, вход 15 000 KZT, выход 0 KZT — ниже порогов ролей",peripheral
100000001102676100,transit,1.0,2,0.498378,"Признаки транзита: получил 50 000 KZT, отправил 50 000 KZT (pass-through 1.00, коридор 0.8–1.2), 1→1 контрагентов",transit
100000003390036100,peripheral,0.8,10,0.468741,"Периферия: 2 вход./2 исх. контрагентов, вход 231 300 KZT, выход 62 000 KZT — ниже порогов ролей",peripheral
100000008335401100,peripheral,0.9,7,0.177131,"Периферия: 1 вход./0 исх. контрагентов, вход 150 000 KZT, выход 0 KZT — ниже порогов ролей",peripheral
100000006994985100,peripheral,0.9,9,0.368958,"Периферия: 1 вход./1 исх. контрагентов, вход 48 500 KZT, выход 10 200 KZT — ниже порогов ролей",peripheral
100000008356606100,peripheral,0.8,28,0.191245,"Периферия: 2 вход./0 исх. контрагентов, вход 168 500 KZT, выход 0 KZT — ниже порогов ролей",peripheral
100000007930878100,peripheral,0.9,43,0.13273,"Периферия: 1 вход./0 исх. контрагентов, вход 5 000 KZT, выход 0 KZT — ниже порогов ролей",peripheral
100000008389800100,peripheral,0.65,3,0.537024,"Периферия: 3 вход./7 исх. контрагентов, вход 189 000 KZT, выход 401 620 KZT — ниже порогов ролей",peripheral
100000005474472100,peripheral,0.9,22,0.171837,"Периферия: 1 вход./0 исх. контрагентов, вход 100 000 KZT, выход 0 KZT — ниже порогов ролей",peripheral
100000004486525100,peripheral,0.5,0,0.454057,"Периферия: 8 вход./2 исх. контрагентов, вход 360 924 KZT, выход 271 045 KZT — ниже порогов ролей",peripheral
100000003031890100,peripheral,0.9,23,0.181831,"Периферия: 1 вход./0 исх. контрагентов, вход 215 000 KZT, выход 0 KZT — ниже порогов ролей",peripheral
100000008624978100,peripheral,0.9,17,0.172962,"Периферия: 1 вход./0 исх. контрагентов, вход 109 000 KZT, выход 0 KZT — ниже порогов ролей",peripheral
100000000790311100,peripheral,0.9,15,0.161785,"Периферия: 1 вход./0 исх. контрагентов, вход 46 300 KZT, выход 0 KZT — ниже порогов ролей",peripheral
100000008546855100,consolidator,0.6,18,0.585546,"Признаки консолидации: 71 790 KZT от 6 плательщ. (8 переводов), дальше ушло 0.14 полученного (порог <0.5)",consolidator
100000002863356100,peripheral,0.9,1,0.316711,"Периферия: 1 вход./1 исх. контрагентов, вход 45 000 KZT, выход 20 000 KZT — ниже порогов ролей",peripheral
100000000332284100,peripheral,0.5,5,0.532349,"Периферия: 10 вход./3 исх. контрагентов, вход 107 426 KZT, выход 289 500 KZT — ниже порогов ролей",peripheral
100000002605308100,terminal,1.0,14,0.295752,"Признаки конечного получателя: колено 2, получил 2 569 522 KZT от 3 плательщ., исходящих ≥5 000 KZT нет (порог входа 300 000)",terminal
100000005931985100,peripheral,0.9,12,0.168255,"Периферия: 1 вход./0 исх. контрагентов, вход 76 000 KZT, выход 0 KZT — ниже порогов ролей",peripheral
100000001166289100,peripheral,0.8,1,0.344261,"Периферия: 2 вход./1 исх. контрагентов, вход 721 039 KZT, выход 25 000 KZT — ниже порогов ролей",peripheral
100000008477350100,coordinator,1.0,0,0.871004,"Признаки координатора: 11 плательщ. → 39 получат., betweenness 0.0025 (порог 0.0008), в цикле ≤5; вход 610 100 KZT",coordinator
100000003824464100,peripheral,0.9,21,0.180886,"Периферия: 1 вход./0 исх. контрагентов, вход 200 000 KZT, выход 0 KZT — ниже порогов ролей",peripheral
100000002738256100,transit,0.5872,52,0.439143,"Признаки транзита: получил 150 200 KZT, отправил 175 000 KZT (pass-through 1.17, коридор 0.8–1.2), 1→1 контрагентов",transit
100000001857829100,coordinator,0.8,4,0.830259,"Признаки координатора: 6 плательщ. → 16 получат., betweenness 0.0020 (порог 0.0008), в цикле ≤5; вход 888 535 KZT",coordinator
100000008672762100,peripheral,0.9,1,0.145203,"Периферия: 1 вход./0 исх. контрагентов, вход 13 000 KZT, выход 0 KZT — ниже порогов ролей",peripheral
100000001737722100,peripheral,0.9,2,0.165268,"Периферия: 1 вход./0 исх. контрагентов, вход 60 460 KZT, выход 0 KZT — ниже порогов ролей",peripheral
100000005572303100,peripheral,0.9,3,0.400408,"Периферия: 1 вход./1 исх. контрагентов, вход 75 000 KZT, выход 20 000 KZT — ниже порогов ролей",peripheral
100000008733049100,peripheral,0.9,15,0.141778,"Периферия: 1 вход./0 исх. контрагентов, вход 10 000 KZT, выход 0 KZT — ниже порогов ролей",peripheral
100000000850297100,transit,1.0,7,0.38394,"Признаки транзита: получил 17 520 KZT, отправил 17 520 KZT (pass-through 1.00, коридор 0.8–1.2), 1→1 контрагентов",transit
100000005140601100,peripheral,0.7,4,0.434916,"Периферия: 3 вход./2 исх. контрагентов, вход 52 685 KZT, выход 195 300 KZT — ниже порогов ролей",peripheral
100000004410489100,peripheral,0.9,0,0.163793,"Периферия: 1 вход./0 исх. контрагентов, вход 54 000 KZT, выход 0 KZT — ниже порогов ролей",peripheral
100000006852430100,peripheral,0.9,10,0.158857,"Периферия: 1 вход./0 исх. контрагентов, вход 37 000 KZT, выход 0 KZT — ниже порогов ролей",peripheral
100000003166755100,peripheral,0.9,2,0.153212,"Периферия: 1 вход./0 исх. контрагентов, вход 24 010 KZT, выход 0 KZT — ниже порогов ролей",peripheral
100000008258083100,peripheral,0.8,30,0.543877,"Периферия: 2 вход./2 исх. контрагентов, вход 3 149 500 KZT, выход 2 045 650 KZT — ниже порогов ролей",peripheral
100000003054328100,peripheral,0.9,12,0.358968,"Периферия: 1 вход./2 исх. контрагентов, вход 140 000 KZT, выход 193 720 KZT — ниже порогов ролей",peripheral
100000008473207100,peripheral,0.9,2,0.181016,"Периферия: 1 вход./0 исх. контрагентов, вход 202 000 KZT, выход 0 KZT — ниже порогов ролей",peripheral
100000008104567100,peripheral,0.7,7,0.54847,"Периферия: 3 вход./3 исх. контрагентов, вход 53 550 KZT, выход 40 000 KZT — ниже порогов ролей",peripheral
100000002721825100,peripheral,0.9,0,0.143022,"Периферия: 1 вход./0 исх. контрагентов, вход 11 000 KZT, выход 0 KZT — ниже порогов ролей",peripheral
100000003509750100,transit,0.8818,9,0.487905,"Признаки транзита: получил 82 290 KZT, отправил 78 400 KZT (pass-through 0.95, коридор 0.8–1.2), 3→3 контрагентов",transit
100000007322059100,peripheral,0.8,32,0.403072,"Периферия: 2 вход./1 исх. контрагентов, вход 29 000 KZT, выход 22 500 KZT — ниже порогов ролей",peripheral
100000004441291100,peripheral,0.9,2,0.150826,"Периферия: 1 вход./0 исх. контрагентов, вход 20 000 KZT, выход 0 KZT — ниже порогов ролей",peripheral
100000006122699100,peripheral,0.8,3,0.174258,"Периферия: 2 вход./0 исх. контрагентов, вход 45 865 KZT, выход 0 KZT — ниже порогов ролей",peripheral
100000008254069100,peripheral,0.75,19,0.441276,"Периферия: 1 вход./5 исх. контрагентов, вход 10 200 KZT, выход 107 500 KZT — ниже порогов ролей",peripheral
100000003336565100,peripheral,0.9,1,0.148354,"Периферия: 1 вход./0 исх. контрагентов, вход 16 550 KZT, выход 0 KZT — ниже порогов ролей",peripheral
100000002492277100,peripheral,0.9,2,0.176089,"Периферия: 1 вход./0 исх. контрагентов, вход 138 500 KZT, выход 0 KZT — ниже порогов ролей",peripheral
100000001339466100,peripheral,0.9,2,0.15612,"Периферия: 1 вход./0 исх. контрагентов, вход 30 000 KZT, выход 0 KZT — ниже порогов ролей",peripheral
100000005022964100,peripheral,0.9,2,0.150826,"Периферия: 1 вход./0 исх. контрагентов, вход 20 000 KZT, выход 0 KZT — ниже порогов ролей",peripheral
100000003112436100,peripheral,0.9,3,0.171837,"Периферия: 1 вход./0 исх. контрагентов, вход 100 000 KZT, выход 0 KZT — ниже порогов ролей",peripheral
100000000489417100,transit,0.7791,13,0.516568,"Признаки транзита: получил 73 504 KZT, отправил 80 000 KZT (pass-through 1.09, коридор 0.8–1.2), 3→1 контрагентов",transit
100000002217161100,peripheral,0.65,34,0.548012,"Периферия: 2 вход./7 исх. контрагентов, вход 404 750 KZT, выход 995 132 KZT — ниже порогов ролей",peripheral
100000002469065100,peripheral,0.9,3,0.180886,"Периферия: 1 вход./0 исх. контрагентов, вход 200 000 KZT, выход 0 KZT — ниже порогов ролей",peripheral
100000007337374100,peripheral,0.9,1,0.150826,"Периферия: 1 вход./0 исх. контрагентов, вход 20 000 KZT, выход 0 KZT — ниже порогов ролей",peripheral
100000003249054100,consolidator,0.7,2,0.579614,"Признаки консолидации: 99 700 KZT от 7 плательщ. (11 переводов), дальше ушло 0.15 полученного (порог <0.5)",consolidator
100000003024542100,peripheral,0.9,2,0.139656,"Периферия: 1 вход./0 исх. контрагентов, вход 8 500 KZT, выход 0 KZT — ниже порогов ролей",peripheral
100000002718366100,consolidator,0.6,6,0.387909,"Признаки консолидации: 2 525 000 KZT от 6 плательщ. (10 переводов), дальше ушло 0.00 полученного (порог <0.5)",consolidator
100000005059998100,peripheral,0.9,0,0.149451,"Периферия: 1 вход./0 исх. контрагентов, вход 18 000 KZT, выход 0 KZT — ниже порогов ролей",peripheral
100000004071070100,peripheral,0.8,0,0.289994,"Периферия: 2 вход./1 исх. контрагентов, вход 41 000 KZT, выход 6 000 KZT — ниже порогов ролей",peripheral
100000001584286100,terminal,1.0,12,0.27054,"Признаки конечного получателя: колено 2, получил 738 699 KZT от 2 плательщ., исходящих ≥5 000 KZT нет (порог входа 300 000)",terminal
100000008701256100,peripheral,0.9,24,0.164782,"Периферия: 1 вход./0 исх. контрагентов, вход 58 250 KZT, выход 0 KZT — ниже порогов ролей",peripheral
100000001490461100,peripheral,0.9,7,0.35198,"Периферия: 1 вход./1 исх. контрагентов, вход 20 000 KZT, выход 5 000 KZT — ниже порогов ролей",peripheral
100000008531186100,peripheral,0.9,2,0.17475,"Периферия: 1 вход./0 исх. контрагентов, вход 125 000 KZT, выход 0 KZT — ниже порогов ролей",peripheral
100000004765639100,peripheral,0.9,0,0.265595,"Периферия: 1 вход./2 исх. контрагентов, вход 5 000 KZT, выход 11 000 KZT — ниже порогов ролей",peripheral
100000002983879100,peripheral,0.8,2,0.193486,"Периферия: 2 вход./0 исх. контрагентов, вход 200 050 KZT, выход 0 KZT — ниже порогов ролей",peripheral
100000008734364100,peripheral,0.9,1,0.154351,"Периферия: 1 вход./0 исх. контрагентов, вход 26 200 KZT, выход 0 KZT — ниже порогов ролей",peripheral
100000003192220100,peripheral,0.9,54,0.165168,"Периферия: 1 вход./0 исх. контрагентов, вход 60 000 KZT, выход 0 KZT — ниже порогов ролей",peripheral
100000008060273100,peripheral,0.9,2,0.141778,"Периферия: 1 вход./0 исх. контрагентов, вход 10 000 KZT, выход 0 KZT — ниже порогов ролей",peripheral
100000008205937100,peripheral,0.9,13,0.158132,"Периферия: 1 вход./0 исх. контрагентов, вход 35 000 KZT, выход 0 KZT — ниже порогов ролей",peripheral
100000005507142100,peripheral,0.7,36,0.396632,"Периферия: 3 вход./3 исх. контрагентов, вход 51 000 KZT, выход 100 000 KZT — ниже порогов ролей",peripheral
100000005539910100,peripheral,0.9,2,0.419994,"Периферия: 1 вход./2 исх. контрагентов, вход 102 000 KZT, выход 22 000 KZT — ниже порогов ролей",peripheral
100000002459163100,peripheral,0.9,56,0.150943,"Периферия: 1 вход./0 исх. контрагентов, вход 20 180 KZT, выход 0 KZT — ниже порогов ролей",peripheral
100000004666651100,terminal,0.7154,65,0.250857,"Признаки конечного получателя: колено 2, получил 429 250 KZT от 1 плательщ., исходящих ≥5 000 KZT нет (порог входа 300 000)",terminal
100000003927792100,peripheral,0.9,15,0.14527,"Периферия: 1 вход./0 исх. контрагентов, вход 13 067 KZT, выход 0 KZT — ниже порогов ролей",peripheral
100000000607941100,peripheral,0.8,3,0.433394,"Периферия: 2 вход./1 исх. контрагентов, вход 50 000 KZT, выход 70 000 KZT — ниже порогов ролей",peripheral
100000004158362100,peripheral,0.9,0,0.144158,"Периферия: 1 вход./0 исх. контрагентов, вход 12 000 KZT, выход 0 KZT — ниже порогов ролей",peripheral
100000005664922100,peripheral,0.8,22,0.393443,"Периферия: 2 вход./3 исх. контрагентов, вход 22 000 KZT, выход 537 000 KZT — ниже порогов ролей",peripheral
100000007594394100,peripheral,0.5,18,0.519936,"Периферия: 6 вход./1 исх. контрагентов, вход 395 385 KZT, выход 3 376 312 KZT — ниже порогов ролей",peripheral
100000000979567100,peripheral,0.9,1,0.141778,"Периферия: 1 вход./0 исх. контрагентов, вход 10 000 KZT, выход 0 KZT — ниже порогов ролей",peripheral
100000002831727100,peripheral,0.9,18,0.364993,"Периферия: 1 вход./1 исх. контрагентов, вход 6 000 KZT, выход 77 000 KZT — ниже порогов ролей",peripheral
100000003062895100,terminal,0.5474,6,0.259959,"Признаки конечного получателя: колено 2, получил 328 444 KZT от 2 плательщ., исходящих ≥5 000 KZT нет (порог входа 300 000)",terminal
100000008376089100,peripheral,0.9,30,0.175755,"Периферия: 1 вход./0 исх. контрагентов, вход 135 000 KZT, выход 0 KZT — ниже порогов ролей",peripheral
100000003219438100,peripheral,0.9,33,0.156962,"Периферия: 1 вход./0 исх. контрагентов, вход 32 000 KZT, выход 0 KZT — ниже порогов ролей",peripheral
100000000967918100,peripheral,0.9,0,0.151587,"Периферия: 1 вход./0 исх. контрагентов, вход 21 200 KZT, выход 0 KZT — ниже порогов ролей",peripheral
100000003254723100,peripheral,0.9,2,0.184797,"Периферия: 1 вход./0 исх. контрагентов, вход 269 850 KZT, выход 0 KZT — ниже порогов ролей",peripheral
100000003823811100,peripheral,0.85,19,0.448905,"Периферия: 1 вход./3 исх. контрагентов, вход 30 000 KZT, выход 66 130 KZT — ниже порогов ролей",peripheral
100000008587459100,peripheral,0.8,0,0.454316,"Периферия: 2 вход./2 исх. контрагентов, вход 181 507 KZT, выход 686 500 KZT — ниже порогов ролей",peripheral
100000008603331100,peripheral,0.7,28,0.517712,"Периферия: 2 вход./6 исх. контрагентов, вход 39 500 KZT, выход 741 774 KZT — ниже порогов ролей",peripheral
100000008758168100,peripheral,0.75,17,0.49747,"Периферия: 2 вход./5 исх. контрагентов, вход 75 410 KZT, выход 1 533 600 KZT — ниже порогов ролей",peripheral
100000003724440100,peripheral,0.8,0,0.175385,"Периферия: 2 вход./0 исх. контрагентов, вход 50 000 KZT, выход 0 KZT — ниже порогов ролей",peripheral
100000000291906100,transit,0.5628,49,0.603964,"Признаки транзита: получил 388 000 KZT, отправил 455 854 KZT (pass-through 1.17, коридор 0.8–1.2), 2→2 контрагентов",transit
100000005077484100,peripheral,0.9,29,0.321623,"Периферия: 1 вход./2 исх. контрагентов, вход 150 000 KZT, выход 13 550 KZT — ниже порогов ролей",peripheral
100000004192107100,peripheral,0.9,2,0.153739,"Периферия: 1 вход./0 исх. контрагентов, вход 25 000 KZT, выход 0 KZT — ниже порогов ролей",peripheral
100000002193259100,peripheral,0.8,11,0.448183,"Периферия: 2 вход./3 исх. контрагентов, вход 48 000 KZT, выход 58 000 KZT — ниже порогов ролей",peripheral
100000005481280100,peripheral,0.85,15,0.41835,"Периферия: 1 вход./3 исх. контрагентов, вход 32 700 KZT, выход 50 000 KZT — ниже порогов ролей",peripheral
100000004527381100,peripheral,0.9,15,0.495047,"Периферия: 1 вход./1 исх. контрагентов, вход 119 333 KZT, выход 273 866 KZT — ниже порогов ролей",peripheral
100000001578517100,peripheral,0.9,3,0.15612,"Периферия: 1 вход./0 исх. контрагентов, вход 30 000 KZT, выход 0 KZT — ниже порогов ролей",peripheral
100000003741418100,consolidator,0.9,5,0.625835,"Признаки консолидации: 151 900 KZT от 9 плательщ. (13 переводов), дальше ушло 0.26 полученного (порог <0.5)",consolidator
100000008737514100,peripheral,0.9,15,0.169716,"Периферия: 1 вход./0 исх. контрагентов, вход 85 000 KZT, выход 0 KZT — ниже порогов ролей",peripheral
100000002870463100,peripheral,0.7,9,0.408937,"Периферия: 3 вход./1 исх. контрагентов, вход 207 000 KZT, выход 10 000 KZT — ниже порогов ролей",peripheral
100000008545727100,peripheral,0.7,7,0.502106,"Периферия: 1 вход./6 исх. контрагентов, вход 30 000 KZT, выход 1 866 500 KZT — ниже порогов ролей",peripheral
100000000425407100,peripheral,0.9,2,0.150826,"Периферия: 1 вход./0 исх. контрагентов, вход 20 000 KZT, выход 0 KZT — ниже порогов ролей",peripheral
100000001418900100,peripheral,0.9,1,0.159921,"Периферия: 1 вход./0 исх. контрагентов, вход 40 140 KZT, выход 0 KZT — ниже порогов ролей",peripheral
100000001677929100,peripheral,0.7,8,0.389292,"Периферия: 3 вход./2 исх. контрагентов, вход 126 777 KZT, выход 286 098 KZT — ниже порогов ролей",peripheral
100000002539625100,peripheral,0.9,6,0.171126,"Периферия: 1 вход./0 исх. контрагентов, вход 94 700 KZT, выход 0 KZT — ниже порогов ролей",peripheral
100000001965374100,peripheral,0.8,22,0.453353,"Периферия: 2 вход./3 исх. контрагентов, вход 1 759 720 KZT, выход 3 082 100 KZT — ниже порогов ролей",peripheral
100000001287955100,peripheral,0.8,12,0.511253,"Периферия: 1 вход./4 исх. контрагентов, вход 17 520 KZT, выход 310 000 KZT — ниже порогов ролей",peripheral
100000005402643100,peripheral,0.9,8,0.333357,"Периферия: 1 вход./1 исх. контрагентов, вход 127 800 KZT, выход 90 000 KZT — ниже порогов ролей",peripheral
100000008752616100,peripheral,0.65,6,0.523823,"Периферия: 2 вход./7 исх. контрагентов, вход 64 510 KZT, выход 1 265 000 KZT — ниже порогов ролей",peripheral
100000000733373100,peripheral,0.9,3,0.142673,"Периферия: 1 вход./0 исх. контрагентов, вход 10 710 KZT, выход 0 KZT — ниже порогов ролей",peripheral
100000008531133100,peripheral,0.85,3,0.411781,"Периферия: 1 вход./3 исх. контрагентов, вход 25 000 KZT, выход 158 272 KZT — ниже порогов ролей",peripheral
100000005933757100,coordinator,0.6667,14,0.860915,"Признаки координатора: 4 плательщ. → 34 получат., betweenness 0.0039 (порог 0.0008), в цикле ≤5; вход 1 246 000 KZT",coordinator
100000006490557100,peripheral,0.9,48,0.13273,"Периферия: 1 вход./0 исх. контрагентов, вход 5 000 KZT, выход 0 KZT — ниже порогов ролей",peripheral
100000008497298100,terminal,1.0,8,0.255229,"Признаки конечного получателя: колено 2, получил 600 000 KZT от 1 плательщ., исходящих ≥5 000 KZT нет (порог входа 300 000)",terminal
100000005168487100,peripheral,0.9,10,0.29787,"Периферия: 1 вход./1 исх. контрагентов, вход 15 000 KZT, выход 103 510 KZT — ниже порогов ролей",peripheral
100000005799271100,peripheral,0.9,10,0.161413,"Периферия: 1 вход./0 исх. контрагентов, вход 45 000 KZT, выход 0 KZT — ниже порогов ролей",peripheral
100000000912487100,peripheral,0.9,2,0.141778,"Периферия: 1 вход./0 исх. контрагентов, вход 10 000 KZT, выход 0 KZT — ниже порогов ролей",peripheral
100000007982908100,peripheral,0.9,1,0.156581,"Периферия: 1 вход./0 исх. контрагентов, вход 31 080 KZT, выход 0 KZT — ниже порогов ролей",peripheral
100000005413948100,peripheral,0.8,6,0.368831,"Периферия: 2 вход./1 исх. контрагентов, вход 28 215 KZT, выход 5 000 KZT — ниже порогов ролей",peripheral
100000000724540100,peripheral,0.9,17,0.396551,"Периферия: 1 вход./1 исх. контрагентов, вход 50 000 KZT, выход 100 000 KZT — ниже порогов ролей",peripheral
100000005730108100,peripheral,0.9,0,0.138865,"Периферия: 1 вход./0 исх. контрагентов, вход 8 000 KZT, выход 0 KZT — ниже порогов ролей",peripheral
100000002566204100,peripheral,0.9,7,0.169055,"Периферия: 1 вход./0 исх. контрагентов, вход 80 805 KZT, выход 0 KZT — ниже порогов ролей",peripheral
100000000625169100,peripheral,0.9,1,0.141778,"Периферия: 1 вход./0 исх. контрагентов, вход 10 000 KZT, выход 0 KZT — ниже порогов ролей",peripheral
100000001114385100,peripheral,0.9,2,0.1559,"Периферия: 1 вход./0 исх. контрагентов, вход 29 500 KZT, выход 0 KZT — ниже порогов ролей",peripheral
100000002964966100,peripheral,0.9,2,0.180886,"Периферия: 1 вход./0 исх. контрагентов, вход 200 000 KZT, выход 0 KZT — ниже порогов ролей",peripheral
100000008771814100,peripheral,0.9,1,0.153042,"Периферия: 1 вход./0 исх. контрагентов, вход 23 700 KZT, выход 0 KZT — ниже порогов ролей",peripheral
100000001241318100,peripheral,0.9,0,0.163549,"Периферия: 1 вход./0 исх. контрагентов, вход 53 000 KZT, выход 0 KZT — ниже порогов ролей",peripheral
100000001250022100,peripheral,0.9,9,0.162788,"Периферия: 1 вход./0 исх. контрагентов, вход 50 000 KZT, выход 0 KZT — ниже порогов ролей",peripheral
100000006534886100,peripheral,0.9,3,0.323973,"Периферия: 1 вход./1 исх. контрагентов, вход 71 700 KZT, выход 167 500 KZT — ниже порогов ролей",peripheral
100000008655035100,peripheral,0.9,8,0.15612,"Периферия: 1 вход./0 исх. контрагентов, вход 30 000 KZT, выход 0 KZT — ниже порогов ролей",peripheral
100000005932987100,peripheral,0.9,33,0.153739,"Периферия: 1 вход./0 исх. контрагентов, вход 25 000 KZT, выход 0 KZT — ниже порогов ролей",peripheral
100000008636603100,peripheral,0.7,3,0.577021,"Периферия: 2 вход./6 исх. контрагентов, вход 35 460 KZT, выход 159 375 KZT — ниже порогов ролей",peripheral
100000008710843100,distributor,0.65,17,0.712389,"Признаки распределения: 1 985 500 KZT на 13 получат. (14 переводов, в среднем 141 821 KZT)",distributor
100000000917179100,peripheral,0.9,14,0.171094,"Периферия: 1 вход./0 исх. контрагентов, вход 94 465 KZT, выход 0 KZT — ниже порогов ролей",peripheral
100000004209339100,peripheral,0.9,10,0.430147,"Периферия: 1 вход./2 исх. контрагентов, вход 138 500 KZT, выход 238 500 KZT — ниже порогов ролей",peripheral
100000008765627100,peripheral,0.9,9,0.165168,"Периферия: 1 вход./0 исх. контрагентов, вход 60 000 KZT, выход 0 KZT — ниже порогов ролей",peripheral
100000002443664100,terminal,0.9281,12,0.275789,"Признаки конечного получателя: колено 2, получил 556 880 KZT от 3 плательщ., исходящих ≥5 000 KZT нет (порог входа 300 000)",terminal
100000008144528100,consolidator,0.5,3,0.371889,"Признаки консолидации: 1 068 203 KZT от 5 плательщ. (13 переводов), дальше ушло 0.00 полученного (порог <0.5)",consolidator
100000003988112100,peripheral,0.9,19,0.315876,"Периферия: 1 вход./1 исх. контрагентов, вход 92 000 KZT, выход 64 000 KZT — ниже порогов ролей",peripheral
100000008008463100,peripheral,0.9,9,0.163836,"Периферия: 1 вход./0 исх. контрагентов, вход 54 180 KZT, выход 0 KZT — ниже порогов ролей",peripheral
100000006679055100,peripheral,0.9,2,0.153739,"Периферия: 1 вход./0 исх. контрагентов, вход 25 000 KZT, выход 0 KZT — ниже порогов ролей",peripheral
100000007382543100,peripheral,0.7,27,0.545272,"Периферия: 3 вход./5 исх. контрагентов, вход 218 000 KZT, выход 427 000 KZT — ниже порогов ролей",peripheral
100000007749092100,peripheral,0.9,3,0.284528,"Периферия: 1 вход./1 исх. контрагентов, вход 7 650 KZT, выход 70 375 KZT — ниже порогов ролей",peripheral
100000004221668100,peripheral,0.6,9,0.467469,"Периферия: 4 вход./3 исх. контрагентов, вход 1 128 300 KZT, выход 731 440 KZT — ниже порогов ролей",peripheral
100000008174521100,peripheral,0.9,3,0.169264,"Периферия: 1 вход./0 исх. контрагентов, вход 82 110 KZT, выход 0 KZT — ниже порогов ролей",peripheral
100000002692750100,peripheral,0.7,9,0.425626,"Периферия: 3 вход./1 исх. контрагентов, вход 112 830 KZT, выход 77 000 KZT — ниже порогов ролей",peripheral
100000002173070100,peripheral,0.9,3,0.15612,"Периферия: 1 вход./0 исх. контрагентов, вход 30 000 KZT, выход 0 KZT — ниже порогов ролей",peripheral
100000005911352100,peripheral,0.8,37,0.433833,"Периферия: 2 вход./3 исх. контрагентов, вход 15 000 KZT, выход 24 000 KZT — ниже порогов ролей",peripheral
100000003068941100,peripheral,0.7,0,0.40997,"Периферия: 3 вход./1 исх. контрагентов, вход 94 000 KZT, выход 25 000 KZT — ниже порогов ролей",peripheral
100000001420847100,peripheral,0.9,18,0.150826,"Периферия: 1 вход./0 исх. контрагентов, вход 20 000 KZT, выход 0 KZT — ниже порогов ролей",peripheral
100000005602999100,peripheral,0.9,10,0.373316,"Периферия: 1 вход./2 исх. контрагентов, вход 5 000 KZT, выход 16 000 KZT — ниже порогов ролей",peripheral
100000000723383100,peripheral,0.9,20,0.44277,"Периферия: 1 вход./2 исх. контрагентов, вход 6 800 KZT, выход 75 000 KZT — ниже порогов ролей",peripheral
100000006977207100,distributor,0.75,4,0.645084,"Признаки распределения: 4 157 018 KZT на 15 получат. (15 переводов, в среднем 277 135 KZT)",distributor
100000001273783100,peripheral,0.9,7,0.152764,"Периферия: 1 вход./0 исх. контрагентов, вход 23 200 KZT, выход 0 KZT — ниже порогов ролей",peripheral
100000000201868100,transit,1.0,54,0.443182,"Признаки транзита: получил 190 000 KZT, отправил 190 000 KZT (pass-through 1.00, коридор 0.8–1.2), 1→1 контрагентов",transit
100000007777377100,peripheral,0.9,3,0.4585,"Периферия: 1 вход./2 исх. контрагентов, вход 456 290 KZT, выход 10 000 KZT — ниже порогов ролей",peripheral
100000004192865100,peripheral,0.9,29,0.166544,"Периферия: 1 вход./0 исх. контрагентов, вход 66 666 KZT, выход 0 KZT — ниже порогов ролей",peripheral
100000006901046100,peripheral,0.9,3,0.284394,"Периферия: 1 вход./1 исх. контрагентов, вход 75 800 KZT, выход 5 500 KZT — ниже порогов ролей",peripheral
100000000437046100,coordinator,1.0,0,0.880494,"Признаки координатора: 9 плательщ. → 42 получат., betweenness 0.0022 (порог 0.0008), в цикле ≤5; вход 1 107 200 KZT",coordinator
100000008765494100,peripheral,0.9,1,0.153206,"Периферия: 1 вход./0 исх. контрагентов, вход 24 000 KZT, выход 0 KZT — ниже порогов ролей",peripheral
100000008713270100,peripheral,0.85,9,0.350155,"Периферия: 1 вход./3 исх. контрагентов, вход 30 000 KZT, выход 190 000 KZT — ниже порогов ролей",peripheral
100000003603979100,peripheral,0.9,23,0.178375,"Периферия: 1 вход./0 исх. контрагентов, вход 165 000 KZT, выход 0 KZT — ниже порогов ролей",peripheral
100000000943371100,peripheral,0.9,13,0.147499,"Периферия: 1 вход./0 исх. контрагентов, вход 15 500 KZT, выход 0 KZT — ниже порогов ролей",peripheral
100000008672480100,peripheral,0.9,1,0.145203,"Периферия: 1 вход./0 исх. контрагентов, вход 13 000 KZT, выход 0 KZT — ниже порогов ролей",peripheral
100000008691168100,peripheral,0.9,1,0.153206,"Периферия: 1 вход./0 исх. контрагентов, вход 24 000 KZT, выход 0 KZT — ниже порогов ролей",peripheral
100000003237045100,peripheral,0.9,3,0.342998,"Периферия: 1 вход./1 исх. контрагентов, вход 340 200 KZT, выход 150 000 KZT — ниже порогов ролей",peripheral
100000008736394100,peripheral,0.9,1,0.147913,"Периферия: 1 вход./0 исх. контрагентов, вход 16 000 KZT, выход 0 KZT — ниже порогов ролей",peripheral
100000004160650100,distributor,0.5,23,0.569522,"Признаки распределения: 1 489 827 KZT на 10 получат. (40 переводов, в среднем 37 246 KZT)",distributor
100000000629812100,peripheral,0.8,55,0.164667,"Периферия: 2 вход./0 исх. контрагентов, вход 22 000 KZT, выход 0 KZT — ниже порогов ролей",peripheral
100000000955444100,peripheral,0.9,43,0.136953,"Периферия: 1 вход./0 исх. контрагентов, вход 6 910 KZT, выход 0 KZT — ниже порогов ролей",peripheral
100000008731444100,peripheral,0.55,0,0.555157,"Периферия: 3 вход./9 исх. контрагентов, вход 439 000 KZT, выход 879 768 KZT — ниже порогов ролей",peripheral
100000008413748100,distributor,0.9,16,0.692533,"Признаки распределения: 1 377 320 KZT на 18 получат. (21 переводов, в среднем 65 587 KZT)",distributor
100000006787636100,peripheral,0.9,54,0.150826,"Периферия: 1 вход./0 исх. контрагентов, вход 20 000 KZT, выход 0 KZT — ниже порогов ролей",peripheral
100000005942793100,peripheral,0.6,0,0.192499,"Периферия: 4 вход./0 исх. контрагентов, вход 55 000 KZT, выход 0 KZT — ниже порогов ролей",peripheral
100000008730846100,peripheral,0.5,10,0.536888,"Периферия: 7 вход./3 исх. контрагентов, вход 155 042 KZT, выход 363 370 KZT — ниже порогов ролей",peripheral
100000002570206100,peripheral,0.8,16,0.191126,"Периферия: 2 вход./0 исх. контрагентов, вход 166 960 KZT, выход 0 KZT — ниже порогов ролей",peripheral
100000000785800100,transit,1.0,56,0.385955,"Признаки транзита: получил 19 000 KZT, отправил 19 000 KZT (pass-through 1.00, коридор 0.8–1.2), 1→1 контрагентов",transit
100000007382152100,peripheral,0.9,0,0.134802,"Периферия: 1 вход./0 исх. контрагентов, вход 5 860 KZT, выход 0 KZT — ниже порогов ролей",peripheral
100000000910216100,peripheral,0.9,0,0.479666,"Периферия: 1 вход./1 исх. контрагентов, вход 71 000 KZT, выход 52 010 KZT — ниже порогов ролей",peripheral
100000003131016100,peripheral,0.9,0,0.34324,"Периферия: 1 вход./1 исх. контрагентов, вход 405 700 KZT, выход 126 000 KZT — ниже порогов ролей",peripheral
100000003221384100,terminal,0.852,15,0.253138,"Признаки конечного получателя: колено 2, получил 511 200 KZT от 1 плательщ., исходящих ≥5 000 KZT нет (порог входа 300 000)",terminal
100000002156381100,peripheral,0.8,10,0.413953,"Периферия: 2 вход./1 исх. контрагентов, вход 61 000 KZT, выход 21 800 KZT — ниже порогов ролей",peripheral
100000002779485100,peripheral,0.9,4,0.170606,"Периферия: 1 вход./0 исх. контрагентов, вход 91 000 KZT, выход 0 KZT — ниже порогов ролей",peripheral
100000008774237100,peripheral,0.9,23,0.286014,"Периферия: 1 вход./1 исх. контрагентов, вход 50 000 KZT, выход 10 000 KZT — ниже порогов ролей",peripheral
100000002628146100,peripheral,0.9,32,0.156335,"Периферия: 1 вход./0 исх. контрагентов, вход 30 500 KZT, выход 0 KZT — ниже порогов ролей",peripheral
100000002852402100,peripheral,0.9,15,0.164033,"Периферия: 1 вход./0 исх. контрагентов, вход 55 000 KZT, выход 0 KZT — ниже порогов ролей",peripheral
100000006989106100,peripheral,0.9,8,0.166011,"Периферия: 1 вход./0 исх. контрагентов, вход 64 000 KZT, выход 0 KZT — ниже порогов ролей",peripheral
100000002958343100,peripheral,0.9,48,0.414925,"Периферия: 1 вход./2 исх. контрагентов, вход 2 900 000 KZT, выход 1 390 000 KZT — ниже порогов ролей",peripheral
100000008461532100,peripheral,0.6,26,0.581125,"Периферия: 2 вход./8 исх. контрагентов, вход 565 300 KZT, выход 2 530 090 KZT — ниже порогов ролей",peripheral
100000004400305100,coordinator,1.0,0,0.86802,"Признаки координатора: 7 плательщ. → 82 получат., betweenness 0.0026 (порог 0.0008), в цикле ≤5; вход 222 800 KZT",coordinator
100000000297649100,peripheral,0.9,11,0.30616,"Периферия: 1 вход./1 исх. контрагентов, вход 40 000 KZT, выход 70 600 KZT — ниже порогов ролей",peripheral
100000003191430100,peripheral,0.9,3,0.179511,"Периферия: 1 вход./0 исх. контрагентов, вход 180 000 KZT, выход 0 KZT — ниже порогов ролей",peripheral
100000003275398100,peripheral,0.9,23,0.317584,"Периферия: 1 вход./1 исх. контрагентов, вход 300 000 KZT, выход 20 000 KZT — ниже порогов ролей",peripheral
100000005203590100,peripheral,0.9,9,0.170462,"Периферия: 1 вход./0 исх. контрагентов, вход 90 000 KZT, выход 0 KZT — ниже порогов ролей",peripheral
100000008672603100,peripheral,0.9,2,0.151587,"Периферия: 1 вход./0 исх. контрагентов, вход 21 200 KZT, выход 0 KZT — ниже порогов ролей",peripheral
100000000718427100,peripheral,0.9,1,0.13511,"Периферия: 1 вход./0 исх. контрагентов, вход 6 000 KZT, выход 0 KZT — ниже порогов ролей",peripheral
100000003104347100,peripheral,0.9,21,0.410033,"Периферия: 1 вход./1 исх. контрагентов, вход 418 000 KZT, выход 32 000 KZT — ниже порогов ролей",peripheral
100000002974256100,peripheral,0.9,11,0.13749,"Периферия: 1 вход./0 исх. контрагентов, вход 7 200 KZT, выход 0 KZT — ниже порогов ролей",peripheral
100000007173936100,peripheral,0.9,30,0.141778,"Периферия: 1 вход./0 исх. контрагентов, вход 10 000 KZT, выход 0 KZT — ниже порогов ролей",peripheral
100000002744581100,peripheral,0.9,8,0.144158,"Периферия: 1 вход./0 исх. контрагентов, вход 12 000 KZT, выход 0 KZT — ниже порогов ролей",peripheral
100000000596954100,peripheral,0.9,2,0.431566,"Периферия: 1 вход./2 исх. контрагентов, вход 120 000 KZT, выход 48 100 KZT — ниже порогов ролей",peripheral
100000004950490100,peripheral,0.9,8,0.141778,"Периферия: 1 вход./0 исх. контрагентов, вход 10 000 KZT, выход 0 KZT — ниже порогов ролей",peripheral
100000008772058100,peripheral,0.9,1,0.162788,"Периферия: 1 вход./0 исх. контрагентов, вход 50 000 KZT, выход 0 KZT — ниже порогов ролей",peripheral
100000000971908100,peripheral,0.9,9,0.170316,"Периферия: 1 вход./0 исх. контрагентов, вход 89 000 KZT, выход 0 KZT — ниже порогов ролей",peripheral
100000008687492100,peripheral,0.9,1,0.147071,"Периферия: 1 вход./0 исх. контрагентов, вход 15 000 KZT, выход 0 KZT — ниже порогов ролей",peripheral
100000003159641100,peripheral,0.6,58,0.465293,"Периферия: 4 вход./1 исх. контрагентов, вход 64 000 KZT, выход 197 800 KZT — ниже порогов ролей",peripheral
100000005326681100,peripheral,0.9,15,0.156643,"Периферия: 1 вход./0 исх. контрагентов, вход 31 228 KZT, выход 0 KZT — ниже порогов ролей",peripheral
100000006888238100,peripheral,0.9,59,0.294806,"Периферия: 1 вход./1 исх. контрагентов, вход 18 000 KZT, выход 30 000 KZT — ниже порогов ролей",peripheral
100000001290243100,peripheral,0.9,3,0.141778,"Периферия: 1 вход./0 исх. контрагентов, вход 10 000 KZT, выход 0 KZT — ниже порогов ролей",peripheral
100000008289539100,peripheral,0.9,15,0.146994,"Периферия: 1 вход./0 исх. контрагентов, вход 14 912 KZT, выход 0 KZT — ниже порогов ролей",peripheral
100000000821507100,terminal,0.6667,30,0.249936,"Признаки конечного получателя: колено 2, получил 400 000 KZT от 1 плательщ., исходящих ≥5 000 KZT нет (порог входа 300 000)",terminal
100000003086040100,peripheral,0.9,0,0.142415,"Периферия: 1 вход./0 исх. контрагентов, вход 10 500 KZT, выход 0 KZT — ниже порогов ролей",peripheral
100000002969048100,peripheral,0.9,9,0.172899,"Периферия: 1 вход./0 исх. контрагентов, вход 108 470 KZT, выход 0 KZT — ниже порогов ролей",peripheral
100000002826669100,peripheral,0.9,0,0.177965,"Периферия: 1 вход./0 исх. контрагентов, вход 159 900 KZT, выход 0 KZT — ниже порогов ролей",peripheral
100000002293421100,transit,0.6341,0,0.5109,"Признаки транзита: получил 41 000 KZT, отправил 47 000 KZT (pass-through 1.15, коридор 0.8–1.2), 2→2 контрагентов",transit
100000004732589100,peripheral,0.9,7,0.182569,"Периферия: 1 вход./0 исх. контрагентов, вход 227 520 KZT, выход 0 KZT — ниже порогов ролей",peripheral
100000003003821100,peripheral,0.9,2,0.159875,"Периферия: 1 вход./0 исх. контрагентов, вход 40 000 KZT, выход 0 KZT — ниже порогов ролей",peripheral
100000005237935150,peripheral,0.9,12,0.157947,"Периферия: 1 вход./0 исх. контрагентов, вход 34 508 KZT, выход 0 KZT — ниже порогов ролей",peripheral
100000004463277100,peripheral,0.9,29,0.158132,"Периферия: 1 вход./0 исх. контрагентов, вход 35 000 KZT, выход 0 KZT — ниже порогов ролей",peripheral
100000006523053100,peripheral,0.9,2,0.13273,"Периферия: 1 вход./0 исх. контрагентов, вход 5 000 KZT, выход 0 KZT — ниже порогов ролей",peripheral
100000001954903100,peripheral,0.9,7,0.154801,"Периферия: 1 вход./0 исх. контрагентов, вход 27 118 KZT, выход 0 KZT — ниже порогов ролей",peripheral
100000005328215100,peripheral,0.9,7,0.154744,"Периферия: 1 вход./0 исх. контрагентов, вход 27 000 KZT, выход 0 KZT — ниже порогов ролей",peripheral
100000004424023100,peripheral,0.9,9,0.397324,"Периферия: 1 вход./1 исх. контрагентов, вход 50 000 KZT, выход 100 000 KZT — ниже порогов ролей",peripheral
100000002299948100,peripheral,0.9,32,0.136647,"Периферия: 1 вход./0 исх. контрагентов, вход 6 750 KZT, выход 0 KZT — ниже порогов ролей",peripheral
100000005105153100,peripheral,0.9,0,0.15612,"Периферия: 1 вход./0 исх. контрагентов, вход 30 000 KZT, выход 0 KZT — ниже порогов ролей",peripheral
100000001985793100,terminal,0.7,9,0.250572,"Признаки конечного получателя: колено 2, получил 420 000 KZT от 1 плательщ., исходящих ≥5 000 KZT нет (порог входа 300 000)",terminal
100000003134934100,terminal,0.6323,0,0.27771,"Признаки конечного получателя: колено 2, получил 379 354 KZT от 4 плательщ., исходящих ≥5 000 KZT нет (порог входа 300 000)",terminal
100000006240939100,peripheral,0.75,9,0.420713,"Периферия: 1 вход./5 исх. контрагентов, вход 160 000 KZT, выход 778 015 KZT — ниже порогов ролей",peripheral
100000008656043100,peripheral,0.9,1,0.154351,"Периферия: 1 вход./0 исх. контрагентов, вход 26 200 KZT, выход 0 KZT — ниже порогов ролей",peripheral
100000002605184100,peripheral,0.9,15,0.17623,"Периферия: 1 вход./0 исх. контрагентов, вход 140 000 KZT, выход 0 KZT — ниже порогов ролей",peripheral
100000003157333100,peripheral,0.9,9,0.15612,"Периферия: 1 вход./0 исх. контрагентов, вход 30 000 KZT, выход 0 KZT — ниже порогов ролей",peripheral
100000007898453100,peripheral,0.9,2,0.414613,"Периферия: 1 вход./2 исх. контрагентов, вход 24 750 KZT, выход 320 000 KZT — ниже порогов ролей",peripheral
100000002710570100,peripheral,0.9,31,0.182425,"Периферия: 1 вход./0 исх. контрагентов, вход 225 015 KZT, выход 0 KZT — ниже порогов ролей",peripheral
100000004979498100,peripheral,0.9,52,0.355812,"Периферия: 1 вход./1 исх. контрагентов, вход 700 000 KZT, выход 200 000 KZT — ниже порогов ролей",peripheral
100000001541418100,peripheral,0.8,8,0.184023,"Периферия: 2 вход./0 исх. контрагентов, вход 96 900 KZT, выход 0 KZT — ниже порогов ролей",peripheral
100000007797290100,peripheral,0.9,0,0.385815,"Периферия: 1 вход./1 исх. контрагентов, вход 100 000 KZT, выход 20 000 KZT — ниже порогов ролей",peripheral
100000008683818100,peripheral,0.9,1,0.149008,"Периферия: 1 вход./0 исх. контрагентов, вход 17 400 KZT, выход 0 KZT — ниже порогов ролей",peripheral
100000006567935100,peripheral,0.9,30,0.180886,"Периферия: 1 вход./0 исх. контрагентов, вход 200 000 KZT, выход 0 KZT — ниже порогов ролей",peripheral
100000002132479100,peripheral,0.9,14,0.287523,"Периферия: 1 вход./1 исх. контрагентов, вход 30 000 KZT, выход 20 000 KZT — ниже порогов ролей",peripheral
100000002170580100,peripheral,0.9,7,0.177131,"Периферия: 1 вход./0 исх. контрагентов, вход 150 000 KZT, выход 0 KZT — ниже порогов ролей",peripheral
100000001232297100,peripheral,0.9,13,0.282216,"Периферия: 1 вход./2 исх. контрагентов, вход 5 000 KZT, выход 45 000 KZT — ниже порогов ролей",peripheral
100000002028158100,peripheral,0.9,15,0.158057,"Периферия: 1 вход./0 исх. контрагентов, вход 34 800 KZT, выход 0 KZT — ниже порогов ролей",peripheral
100000005519998100,transit,0.9176,33,0.591412,"Признаки транзита: получил 182 000 KZT, отправил 188 000 KZT (pass-through 1.03, коридор 0.8–1.2), 3→3 контрагентов",transit
100000002335358100,peripheral,0.9,3,0.17623,"Периферия: 1 вход./0 исх. контрагентов, вход 140 000 KZT, выход 0 KZT — ниже порогов ролей",peripheral
100000007289427100,peripheral,0.9,2,0.14448,"Периферия: 1 вход./0 исх. контрагентов, вход 12 300 KZT, выход 0 KZT — ниже порогов ролей",peripheral
100000004592467100,peripheral,0.9,2,0.137122,"Периферия: 1 вход./0 исх. контрагентов, вход 7 000 KZT, выход 0 KZT — ниже порогов ролей",peripheral
100000004993576100,peripheral,0.9,15,0.178532,"Периферия: 1 вход./0 исх. контрагентов, вход 167 000 KZT, выход 0 KZT — ниже порогов ролей",peripheral
100000001648936100,peripheral,0.9,9,0.170853,"Периферия: 1 вход./0 исх. контрагентов, вход 92 740 KZT, выход 0 KZT — ниже порогов ролей",peripheral
100000008512552100,peripheral,0.6,16,0.591842,"Периферия: 4 вход./6 исх. контрагентов, вход 394 360 KZT, выход 1 302 275 KZT — ниже порогов ролей",peripheral
100000007629096100,peripheral,0.6,24,0.482296,"Периферия: 4 вход./1 исх. контрагентов, вход 1 075 170 KZT, выход 765 205 KZT — ниже порогов ролей",peripheral
100000001601320100,transit,0.8448,8,0.438757,"Признаки транзита: получил 43 500 KZT, отправил 46 200 KZT (pass-through 1.06, коридор 0.8–1.2), 2→1 контрагентов",transit
100000005782781100,coordinator,0.5,8,0.758187,"Признаки координатора: 6 плательщ. → 10 получат., betweenness 0.0006 (порог 0.0008), в цикле ≤5; вход 171 888 KZT",coordinator
100000002723538100,coordinator,0.5,4,0.710016,"Признаки координатора: 3 плательщ. → 12 получат., betweenness 0.0003 (порог 0.0008), в цикле ≤5; вход 105 647 KZT",coordinator
100000002340562100,peripheral,0.9,8,0.158733,"Периферия: 1 вход./0 исх. контрагентов, вход 36 650 KZT, выход 0 KZT — ниже порогов ролей",peripheral
100000005939154100,peripheral,0.9,3,0.152071,"Периферия: 1 вход./0 исх. контрагентов, вход 22 000 KZT, выход 0 KZT — ниже порогов ролей",peripheral
100000004386258100,peripheral,0.7,11,0.47302,"Периферия: 3 вход./3 исх. контрагентов, вход 61 700 KZT, выход 40 000 KZT — ниже порогов ролей",peripheral
100000008406609100,peripheral,0.9,19,0.157753,"Периферия: 1 вход./0 исх. контрагентов, вход 34 000 KZT, выход 0 KZT — ниже порогов ролей",peripheral
100000007242833100,peripheral,0.9,11,0.397123,"Периферия: 1 вход./1 исх. контрагентов, вход 107 500 KZT, выход 45 000 KZT — ниже порогов ролей",peripheral
100000004698193100,peripheral,0.8,9,0.374503,"Периферия: 2 вход./3 исх. контрагентов, вход 222 700 KZT, выход 38 000 KZT — ниже порогов ролей",peripheral
100000002733905100,peripheral,0.7,1,0.403647,"Периферия: 3 вход./2 исх. контрагентов, вход 100 000 KZT, выход 717 839 KZT — ниже порогов ролей",peripheral
100000006912294100,peripheral,0.9,8,0.293333,"Периферия: 1 вход./2 исх. контрагентов, вход 6 335 KZT, выход 30 000 KZT — ниже порогов ролей",peripheral
100000003036198100,peripheral,0.9,2,0.147071,"Периферия: 1 вход./0 исх. контрагентов, вход 15 000 KZT, выход 0 KZT — ниже порогов ролей",peripheral
100000004687099100,peripheral,0.9,8,0.15612,"Периферия: 1 вход./0 исх. контрагентов, вход 30 000 KZT, выход 0 KZT — ниже порогов ролей",peripheral
100000005242320100,distributor,1.0,12,0.669177,"Признаки распределения: 8 936 295 KZT на 21 получат. (29 переводов, в среднем 308 148 KZT)",distributor
100000008762832100,peripheral,0.9,2,0.325606,"Периферия: 1 вход./1 исх. контрагентов, вход 150 000 KZT, выход 85 000 KZT — ниже порогов ролей",peripheral
100000002489253100,peripheral,0.9,3,0.163047,"Периферия: 1 вход./0 исх. контрагентов, вход 51 000 KZT, выход 0 KZT — ниже порогов ролей",peripheral
100000004756901100,peripheral,0.9,3,0.17741,"Периферия: 1 вход./0 исх. контрагентов, вход 153 248 KZT, выход 0 KZT — ниже порогов ролей",peripheral
100000008749989100,peripheral,0.9,1,0.147913,"Периферия: 1 вход./0 исх. контрагентов, вход 16 000 KZT, выход 0 KZT — ниже порогов ролей",peripheral
100000001380986100,peripheral,0.9,8,0.167213,"Периферия: 1 вход./0 исх. контрагентов, вход 70 170 KZT, выход 0 KZT — ниже порогов ролей",peripheral
100000003089018100,peripheral,0.9,8,0.182711,"Периферия: 1 вход./0 исх. контрагентов, вход 230 000 KZT, выход 0 KZT — ниже порогов ролей",peripheral
100000008742266100,peripheral,0.9,1,0.151463,"Периферия: 1 вход./0 исх. контрагентов, вход 21 000 KZT, выход 0 KZT — ниже порогов ролей",peripheral
100000003044431100,peripheral,0.8,0,0.177765,"Периферия: 2 вход./0 исх. контрагентов, вход 60 000 KZT, выход 0 KZT — ниже порогов ролей",peripheral
100000003321423100,peripheral,0.9,10,0.171837,"Периферия: 1 вход./0 исх. контрагентов, вход 100 000 KZT, выход 0 KZT — ниже порогов ролей",peripheral
100000002540623100,peripheral,0.9,7,0.171837,"Периферия: 1 вход./0 исх. контрагентов, вход 100 000 KZT, выход 0 KZT — ниже порогов ролей",peripheral
100000004225615100,peripheral,0.9,8,0.170462,"Периферия: 1 вход./0 исх. контрагентов, вход 90 000 KZT, выход 0 KZT — ниже порогов ролей",peripheral
100000004820260100,transit,0.7988,15,0.545053,"Признаки транзита: получил 234 200 KZT, отправил 215 350 KZT (pass-through 0.92, коридор 0.8–1.2), 1→3 контрагентов",transit
100000000795129100,terminal,0.5533,15,0.247503,"Признаки конечного получателя: колено 2, получил 332 000 KZT от 1 плательщ., исходящих ≥5 000 KZT нет (порог входа 300 000)",terminal
100000008213966100,peripheral,0.7,27,0.473382,"Периферия: 3 вход./1 исх. контрагентов, вход 187 004 KZT, выход 436 900 KZT — ниже порогов ролей",peripheral
100000008478414100,peripheral,0.9,1,0.141778,"Периферия: 1 вход./0 исх. контрагентов, вход 10 000 KZT, выход 0 KZT — ниже порогов ролей",peripheral
100000001330595100,peripheral,0.7,23,0.368555,"Периферия: 3 вход./1 исх. контрагентов, вход 87 000 KZT, выход 154 000 KZT — ниже порогов ролей",peripheral
100000000076451100,peripheral,0.7,15,0.480976,"Периферия: 3 вход./4 исх. контрагентов, вход 87 707 KZT, выход 58 000 KZT — ниже порогов ролей",peripheral
100000005664632100,peripheral,0.9,65,0.180796,"Периферия: 1 вход./0 исх. контрагентов, вход 198 620 KZT, выход 0 KZT — ниже порогов ролей",peripheral
100000002457464100,peripheral,0.9,2,0.16654,"Периферия: 1 вход./0 исх. контрагентов, вход 66 647 KZT, выход 0 KZT — ниже порогов ролей",peripheral
100000002757240100,peripheral,0.9,2,0.163094,"Периферия: 1 вход./0 исх. контрагентов, вход 51 183 KZT, выход 0 KZT — ниже порогов ролей",peripheral
100000003718221100,peripheral,0.8,21,0.488921,"Периферия: 2 вход./4 исх. контрагентов, вход 350 000 KZT, выход 423 500 KZT — ниже порогов ролей",peripheral
100000008629581100,peripheral,0.9,2,0.163837,"Периферия: 1 вход./0 исх. контрагентов, вход 54 184 KZT, выход 0 KZT — ниже порогов ролей",peripheral
100000004806903100,peripheral,0.9,2,0.149451,"Периферия: 1 вход./0 исх. контрагентов, вход 18 000 KZT, выход 0 KZT — ниже порогов ролей",peripheral
100000000913911100,peripheral,0.8,2,0.458928,"Периферия: 2 вход./1 исх. контрагентов, вход 467 000 KZT, выход 600 000 KZT — ниже порогов ролей",peripheral
100000004905207100,terminal,0.6333,14,0.249266,"Признаки конечного получателя: колено 2, получил 380 000 KZT от 1 плательщ., исходящих ≥5 000 KZT нет (порог входа 300 000)",terminal
100000003831201100,peripheral,0.9,0,0.160037,"Периферия: 1 вход./0 исх. контрагентов, вход 40 500 KZT, выход 0 KZT — ниже порогов ролей",peripheral
100000003073398100,peripheral,0.9,9,0.170884,"Периферия: 1 вход./0 исх. контрагентов, вход 92 960 KZT, выход 0 KZT — ниже порогов ролей",peripheral
100000008418934100,terminal,0.6,8,0.24856,"Признаки конечного получателя: колено 2, получил 360 000 KZT от 1 плательщ., исходящих ≥5 000 KZT нет (порог входа 300 000)",terminal
100000002741024100,peripheral,0.5,24,0.55886,"Периферия: 5 вход./6 исх. контрагентов, вход 817 981 KZT, выход 434 989 KZT — ниже порогов ролей",peripheral
100000008106997100,peripheral,0.8,0,0.385277,"Периферия: 2 вход./1 исх. контрагентов, вход 35 600 KZT, выход 20 600 KZT — ниже порогов ролей",peripheral
100000007998965100,consolidator,0.5,7,0.572185,"Признаки консолидации: 278 000 KZT от 5 плательщ. (7 переводов), дальше ушло 0.09 полученного (порог <0.5)",consolidator
100000001822623100,peripheral,0.9,21,0.180971,"Периферия: 1 вход./0 исх. контрагентов, вход 201 300 KZT, выход 0 KZT — ниже порогов ролей",peripheral
100000006424479100,peripheral,0.9,13,0.479306,"Периферия: 1 вход./2 исх. контрагентов, вход 500 000 KZT, выход 220 000 KZT — ниже порогов ролей",peripheral
100000008696692100,peripheral,0.9,1,0.150157,"Периферия: 1 вход./0 исх. контрагентов, вход 19 000 KZT, выход 0 KZT — ниже порогов ролей",peripheral
100000002748532100,peripheral,0.7,17,0.486138,"Периферия: 3 вход./2 исх. контрагентов, вход 355 575 KZT, выход 646 685 KZT — ниже порогов ролей",peripheral
100000004456564100,peripheral,0.9,14,0.141778,"Периферия: 1 вход./0 исх. контрагентов, вход 10 000 KZT, выход 0 KZT — ниже порогов ролей",peripheral
100000001530740100,peripheral,0.9,3,0.147071,"Периферия: 1 вход./0 исх. контрагентов, вход 15 000 KZT, выход 0 KZT — ниже порогов ролей",peripheral
100000001386612100,peripheral,0.9,19,0.165652,"Периферия: 1 вход./0 исх. контрагентов, вход 62 264 KZT, выход 0 KZT — ниже порогов ролей",peripheral
100000003360542100,peripheral,0.8,10,0.369551,"Периферия: 2 вход./2 исх. контрагентов, вход 317 000 KZT, выход 51 800 KZT — ниже порогов ролей",peripheral
100000008352542100,peripheral,0.9,2,0.162846,"Периферия: 1 вход./0 исх. контрагентов, вход 50 220 KZT, выход 0 KZT — ниже порогов ролей",peripheral
100000001138376100,peripheral,0.9,15,0.147329,"Периферия: 1 вход./0 исх. контрагентов, вход 15 300 KZT, выход 0 KZT — ниже порогов ролей",peripheral
100000003246024100,peripheral,0.9,0,0.471624,"Периферия: 1 вход./1 исх. контрагентов, вход 25 000 KZT, выход 5 000 KZT — ниже порогов ролей",peripheral
100000002680477100,peripheral,0.9,12,0.153739,"Периферия: 1 вход./0 исх. контрагентов, вход 25 000 KZT, выход 0 KZT — ниже порогов ролей",peripheral
100000005882013100,peripheral,0.8,13,0.311578,"Периферия: 2 вход./1 исх. контрагентов, вход 135 000 KZT, выход 10 000 KZT — ниже порогов ролей",peripheral
100000005665181100,coordinator,0.55,5,0.688783,"Признаки координатора: 4 плательщ. → 11 получат., betweenness 0.0003 (порог 0.0008), в цикле ≤5; вход 45 498 KZT",coordinator
100000008141170100,peripheral,0.9,3,0.143022,"Периферия: 1 вход./0 исх. контрагентов, вход 11 000 KZT, выход 0 KZT — ниже порогов ролей",peripheral
100000001382002100,transit,0.9318,0,0.412689,"Признаки транзита: получил 55 000 KZT, отправил 56 500 KZT (pass-through 1.03, коридор 0.8–1.2), 1→1 контрагентов",transit
100000002481735100,peripheral,0.9,3,0.152327,"Периферия: 1 вход./0 исх. контрагентов, вход 22 436 KZT, выход 0 KZT — ниже порогов ролей",peripheral
100000000806727100,peripheral,0.9,2,0.276462,"Периферия: 1 вход./1 исх. контрагентов, вход 45 000 KZT, выход 5 000 KZT — ниже порогов ролей",peripheral
100000003039473100,peripheral,0.9,3,0.152651,"Периферия: 1 вход./0 исх. контрагентов, вход 23 000 KZT, выход 0 KZT — ниже порогов ролей",peripheral
100000005205745100,peripheral,0.9,9,0.13511,"Периферия: 1 вход./0 исх. контрагентов, вход 6 000 KZT, выход 0 KZT — ниже порогов ролей",peripheral
100000004356593100,peripheral,0.9,2,0.368588,"Периферия: 1 вход./1 исх. контрагентов, вход 50 000 KZT, выход 10 000 KZT — ниже порогов ролей",peripheral
100000008688881100,peripheral,0.9,1,0.161182,"Периферия: 1 вход./0 исх. контрагентов, вход 44 211 KZT, выход 0 KZT — ниже порогов ролей",peripheral
100000008111003100,consolidator,0.6,0,0.680507,"Признаки консолидации: 222 716 KZT от 6 плательщ. (9 переводов), дальше ушло 0.16 полученного (порог <0.5)",consolidator
100000003016773100,peripheral,0.9,6,0.161856,"Периферия: 1 вход./0 исх. контрагентов, вход 46 555 KZT, выход 0 KZT — ниже порогов ролей",peripheral
100000004674799100,peripheral,0.9,0,0.17623,"Периферия: 1 вход./0 исх. контрагентов, вход 140 000 KZT, выход 0 KZT — ниже порогов ролей",peripheral
100000005834479100,peripheral,0.9,4,0.304121,"Периферия: 1 вход./2 исх. контрагентов, вход 7 500 KZT, выход 14 470 KZT — ниже порогов ролей",peripheral
100000003278020100,peripheral,0.9,0,0.180217,"Периферия: 1 вход./0 исх. контрагентов, вход 190 000 KZT, выход 0 KZT — ниже порогов ролей",peripheral
100000000831684100,peripheral,0.9,11,0.289285,"Периферия: 1 вход./1 исх. контрагентов, вход 15 000 KZT, выход 50 000 KZT — ниже порогов ролей",peripheral
100000000307908100,peripheral,0.9,42,0.13273,"Периферия: 1 вход./0 исх. контрагентов, вход 5 000 KZT, выход 0 KZT — ниже порогов ролей",peripheral
100000001782980100,peripheral,0.9,29,0.347059,"Периферия: 1 вход./1 исх. контрагентов, вход 50 000 KZT, выход 596 200 KZT — ниже порогов ролей",peripheral
100000002454724100,peripheral,0.9,30,0.17475,"Периферия: 1 вход./0 исх. контрагентов, вход 125 000 KZT, выход 0 KZT — ниже порогов ролей",peripheral
100000005904580100,peripheral,0.8,11,0.180145,"Периферия: 2 вход./0 исх. контрагентов, вход 72 000 KZT, выход 0 KZT — ниже порогов ролей",peripheral
100000008474308100,peripheral,0.9,0,0.269396,"Периферия: 1 вход./1 исх. контрагентов, вход 14 000 KZT, выход 10 000 KZT — ниже порогов ролей",peripheral
100000000795033100,peripheral,0.9,0,0.149595,"Периферия: 1 вход./0 исх. контрагентов, вход 18 200 KZT, выход 0 KZT — ниже порогов ролей",peripheral
100000000861294100,peripheral,0.9,9,0.177131,"Периферия: 1 вход./0 исх. контрагентов, вход 150 000 KZT, выход 0 KZT — ниже порогов ролей",peripheral
100000006557763100,peripheral,0.9,2,0.141778,"Периферия: 1 вход./0 исх. контрагентов, вход 10 000 KZT, выход 0 KZT — ниже порогов ролей",peripheral
100000005608515100,peripheral,0.9,48,0.166011,"Периферия: 1 вход./0 исх. контрагентов, вход 64 000 KZT, выход 0 KZT — ниже порогов ролей",peripheral
100000003922499100,peripheral,0.9,11,0.162788,"Периферия: 1 вход./0 исх. контрагентов, вход 50 000 KZT, выход 0 KZT — ниже порогов ролей",peripheral
100000008603629100,coordinator,1.0,4,0.937661,"Признаки координатора: 19 плательщ. → 61 получат., betweenness 0.0058 (порог 0.0008), в цикле ≤5; вход 1 817 300 KZT",coordinator
100000004825069100,peripheral,0.9,1,0.15612,"Периферия: 1 вход./0 исх. контрагентов, вход 30 000 KZT, выход 0 KZT — ниже порогов ролей",peripheral
100000004331458100,peripheral,0.8,47,0.196396,"Периферия: 2 вход./0 исх. контрагентов, вход 250 000 KZT, выход 0 KZT — ниже порогов ролей",peripheral
100000002911170100,terminal,0.5,30,0.24618,"Признаки конечного получателя: колено 2, получил 300 000 KZT от 1 плательщ., исходящих ≥5 000 KZT нет (порог входа 300 000)",terminal
100000008011159100,peripheral,0.7,41,0.520869,"Периферия: 3 вход./5 исх. контрагентов, вход 363 000 KZT, выход 153 037 KZT — ниже порогов ролей",peripheral
100000003854444100,distributor,0.7,18,0.723067,"Признаки распределения: 2 322 909 KZT на 14 получат. (14 переводов, в среднем 165 922 KZT)",distributor
100000008547948100,coordinator,1.0,6,0.815385,"Признаки координатора: 6 плательщ. → 26 получат., betweenness 0.0011 (порог 0.0008), в цикле ≤5; вход 212 665 KZT",coordinator
100000005175148100,peripheral,0.8,15,0.309366,"Периферия: 2 вход./1 исх. контрагентов, вход 79 000 KZT, выход 15 000 KZT — ниже порогов ролей",peripheral
100000002087788100,peripheral,0.9,5,0.171902,"Периферия: 1 вход./0 исх. контрагентов, вход 100 500 KZT, выход 0 KZT — ниже порогов ролей",peripheral
100000004150593100,distributor,0.55,3,0.646512,"Признаки распределения: 871 165 KZT на 11 получат. (16 переводов, в среднем 54 448 KZT)",distributor
100000001597505100,peripheral,0.9,32,0.34605,"Периферия: 1 вход./1 исх. контрагентов, вход 26 460 KZT, выход 12 920 KZT — ниже порогов ролей",peripheral
100000007629121100,peripheral,0.9,2,0.155677,"Периферия: 1 вход./0 исх. контрагентов, вход 29 000 KZT, выход 0 KZT — ниже порогов ролей",peripheral
100000005614315100,terminal,0.7583,3,0.251617,"Признаки конечного получателя: колено 2, получил 455 000 KZT от 1 плательщ., исходящих ≥5 000 KZT нет (порог входа 300 000)",terminal
100000008324800100,transit,0.9264,69,0.572269,"Признаки транзита: получил 526 500 KZT, отправил 511 000 KZT (pass-through 0.97, коридор 0.8–1.2), 3→1 контрагентов",transit
100000005030592100,peripheral,0.9,15,0.141778,"Периферия: 1 вход./0 исх. контрагентов, вход 10 000 KZT, выход 0 KZT — ниже порогов ролей",peripheral
100000001633685100,peripheral,0.7,0,0.182947,"Периферия: 3 вход./0 исх. контрагентов, вход 45 000 KZT, выход 0 KZT — ниже порогов ролей",peripheral
100000001848426100,peripheral,0.9,9,0.17124,"Периферия: 1 вход./0 исх. контрагентов, вход 95 530 KZT, выход 0 KZT — ниже порогов ролей",peripheral
100000004580202100,peripheral,0.85,21,0.408577,"Периферия: 1 вход./3 исх. контрагентов, вход 9 000 KZT, выход 45 000 KZT — ниже порогов ролей",peripheral
100000008717375100,peripheral,0.9,2,0.155903,"Периферия: 1 вход./0 исх. контрагентов, вход 29 506 KZT, выход 0 KZT — ниже порогов ролей",peripheral
100000007861311100,peripheral,0.9,8,0.161413,"Периферия: 1 вход./0 исх. контрагентов, вход 45 000 KZT, выход 0 KZT — ниже порогов ролей",peripheral
100000005578559100,distributor,1.0,7,0.72335,"Признаки распределения: 893 164 KZT на 21 получат. (23 переводов, в среднем 38 833 KZT)",distributor
100000008764436100,peripheral,0.9,1,0.145303,"Периферия: 1 вход./0 исх. контрагентов, вход 13 100 KZT, выход 0 KZT — ниже порогов ролей",peripheral
100000000190228100,peripheral,0.9,8,0.353965,"Периферия: 1 вход./1 исх. контрагентов, вход 5 000 KZT, выход 28 560 KZT — ниже порогов ролей",peripheral
100000003971049100,peripheral,0.9,0,0.164244,"Периферия: 1 вход./0 исх. контрагентов, вход 55 900 KZT, выход 0 KZT — ниже порогов ролей",peripheral
100000008743913100,distributor,0.65,17,0.701572,"Признаки распределения: 1 850 600 KZT на 13 получат. (13 переводов, в среднем 142 354 KZT)",distributor
100000004400361100,peripheral,0.9,3,0.141778,"Периферия: 1 вход./0 исх. контрагентов, вход 10 000 KZT, выход 0 KZT — ниже порогов ролей",peripheral
100000002175422100,peripheral,0.7,31,0.537332,"Периферия: 3 вход./6 исх. контрагентов, вход 68 500 KZT, выход 1 621 188 KZT — ниже порогов ролей",peripheral
100000004544958100,peripheral,0.9,10,0.404926,"Периферия: 1 вход./2 исх. контрагентов, вход 168 000 KZT, выход 23 200 KZT — ниже порогов ролей",peripheral
100000008466579100,distributor,0.85,6,0.693949,"Признаки распределения: 1 933 000 KZT на 17 получат. (20 переводов, в среднем 96 650 KZT)",distributor
100000001184915100,peripheral,0.9,15,0.180951,"Периферия: 1 вход./0 исх. контрагентов, вход 201 000 KZT, выход 0 KZT — ниже порогов ролей",peripheral
100000004435304100,peripheral,0.9,1,0.154351,"Периферия: 1 вход./0 исх. контрагентов, вход 26 200 KZT, выход 0 KZT — ниже порогов ролей",peripheral
100000008762728100,peripheral,0.9,3,0.148725,"Периферия: 1 вход./0 исх. контрагентов, вход 17 026 KZT, выход 0 KZT — ниже порогов ролей",peripheral
100000004285800100,peripheral,0.9,0,0.26074,"Периферия: 1 вход./1 исх. контрагентов, вход 5 000 KZT, выход 15 000 KZT — ниже порогов ролей",peripheral
100000008557672100,peripheral,0.9,1,0.162558,"Периферия: 1 вход./0 исх. контрагентов, вход 49 125 KZT, выход 0 KZT — ниже порогов ролей",peripheral
100000005142589100,peripheral,0.9,0,0.162788,"Периферия: 1 вход./0 исх. контрагентов, вход 50 000 KZT, выход 0 KZT — ниже порогов ролей",peripheral
100000003747133100,transit,0.8636,24,0.61762,"Признаки транзита: получил 237 068 KZT, отправил 250 000 KZT (pass-through 1.05, коридор 0.8–1.2), 5→2 контрагентов",transit
100000003289405100,terminal,0.5917,2,0.248377,"Признаки конечного получателя: колено 2, получил 355 000 KZT от 1 плательщ., исходящих ≥5 000 KZT нет (порог входа 300 000)",terminal
100000002691858100,peripheral,0.9,32,0.163174,"Периферия: 1 вход./0 исх. контрагентов, вход 51 500 KZT, выход 0 KZT — ниже порогов ролей",peripheral
100000007534354100,peripheral,0.85,7,0.365775,"Периферия: 1 вход./3 исх. контрагентов, вход 50 000 KZT, выход 147 810 KZT — ниже порогов ролей",peripheral
100000000765628100,peripheral,0.9,3,0.13273,"Периферия: 1 вход./0 исх. контрагентов, вход 5 000 KZT, выход 0 KZT — ниже порогов ролей",peripheral
100000004962193100,consolidator,0.8,0,0.382256,"Признаки консолидации: 900 468 KZT от 8 плательщ. (11 переводов), дальше ушло 0.00 полученного (порог <0.5)",consolidator
100000005032294100,peripheral,0.9,14,0.141778,"Периферия: 1 вход./0 исх. контрагентов, вход 10 000 KZT, выход 0 KZT — ниже порогов ролей",peripheral
100000001251686100,peripheral,0.9,2,0.149451,"Периферия: 1 вход./0 исх. контрагентов, вход 18 000 KZT, выход 0 KZT — ниже порогов ролей",peripheral
100000002398779100,consolidator,1.0,0,0.616078,"Признаки консолидации: 1 095 690 KZT от 13 плательщ. (28 переводов), дальше ушло 0.06 полученного (порог <0.5)",consolidator
100000008512827100,distributor,0.5,12,0.670946,"Признаки распределения: 1 944 500 KZT на 10 получат. (10 переводов, в среднем 194 450 KZT)",distributor
100000003943483100,peripheral,0.9,11,0.141778,"Периферия: 1 вход./0 исх. контрагентов, вход 10 000 KZT, выход 0 KZT — ниже порогов ролей",peripheral
100000005031696100,peripheral,0.9,50,0.418896,"Периферия: 1 вход./2 исх. контрагентов, вход 5 000 KZT, выход 115 000 KZT — ниже порогов ролей",peripheral
100000002703376100,peripheral,0.9,0,0.161841,"Периферия: 1 вход./0 исх. контрагентов, вход 46 501 KZT, выход 0 KZT — ниже порогов ролей",peripheral
100000003617552100,peripheral,0.9,29,0.153739,"Периферия: 1 вход./0 исх. контрагентов, вход 25 000 KZT, выход 0 KZT — ниже порогов ролей",peripheral
100000007617808100,terminal,0.75,3,0.251473,"Признаки конечного получателя: колено 2, получил 450 000 KZT от 1 плательщ., исходящих ≥5 000 KZT нет (порог входа 300 000)",terminal
100000002613776100,peripheral,0.9,0,0.15612,"Периферия: 1 вход./0 исх. контрагентов, вход 30 000 KZT, выход 0 KZT — ниже порогов ролей",peripheral
100000002578405100,distributor,1.0,1,0.754632,"Признаки распределения: 3 108 352 KZT на 116 получат. (120 переводов, в среднем 25 903 KZT)",distributor
100000006161893100,peripheral,0.9,3,0.14617,"Периферия: 1 вход./0 исх. контрагентов, вход 14 000 KZT, выход 0 KZT — ниже порогов ролей",peripheral
100000002633701100,peripheral,0.9,8,0.184651,"Периферия: 1 вход./0 исх. контрагентов, вход 266 850 KZT, выход 0 KZT — ниже порогов ролей",peripheral
100000002432143100,peripheral,0.9,2,0.169136,"Периферия: 1 вход./0 исх. контрагентов, вход 81 310 KZT, выход 0 KZT — ниже порогов ролей",peripheral
100000000490383100,peripheral,0.6,3,0.496129,"Периферия: 3 вход./8 исх. контрагентов, вход 62 600 KZT, выход 461 375 KZT — ниже порогов ролей",peripheral
100000005809252100,peripheral,0.9,5,0.153739,"Периферия: 1 вход./0 исх. контрагентов, вход 25 000 KZT, выход 0 KZT — ниже порогов ролей",peripheral
100000006612238100,peripheral,0.9,1,0.31201,"Периферия: 1 вход./1 исх. контрагентов, вход 160 000 KZT, выход 25 000 KZT — ниже порогов ролей",peripheral
100000002593038100,peripheral,0.9,11,0.15545,"Периферия: 1 вход./0 исх. контрагентов, вход 28 500 KZT, выход 0 KZT — ниже порогов ролей",peripheral
100000002947299100,peripheral,0.9,2,0.169716,"Периферия: 1 вход./0 исх. контрагентов, вход 85 000 KZT, выход 0 KZT — ниже порогов ролей",peripheral
100000004336312100,transit,0.5088,33,0.549665,"Признаки транзита: получил 90 415 KZT, отправил 72 650 KZT (pass-through 0.80, коридор 0.8–1.2), 3→2 контрагентов",transit
100000001308856100,peripheral,0.9,1,0.154744,"Периферия: 1 вход./0 исх. контрагентов, вход 27 000 KZT, выход 0 KZT — ниже порогов ролей",peripheral
100000008238989100,peripheral,0.9,21,0.180886,"Периферия: 1 вход./0 исх. контрагентов, вход 200 000 KZT, выход 0 KZT — ниже порогов ролей",peripheral
100000005561741100,peripheral,0.9,7,0.153739,"Периферия: 1 вход./0 исх. контрагентов, вход 25 000 KZT, выход 0 KZT — ниже порогов ролей",peripheral
100000006248077100,peripheral,0.9,3,0.162788,"Периферия: 1 вход./0 исх. контрагентов, вход 50 000 KZT, выход 0 KZT — ниже порогов ролей",peripheral
100000000646541100,peripheral,0.7,0,0.175429,"Периферия: 3 вход./0 исх. контрагентов, вход 25 300 KZT, выход 0 KZT — ниже порогов ролей",peripheral
100000006595426100,peripheral,0.9,0,0.169685,"Периферия: 1 вход./0 исх. контрагентов, вход 84 800 KZT, выход 0 KZT — ниже порогов ролей",peripheral
100000002956898100,peripheral,0.8,15,0.198344,"Периферия: 2 вход./0 исх. контрагентов, вход 290 240 KZT, выход 0 KZT — ниже порогов ролей",peripheral
100000001262647100,peripheral,0.9,15,0.153015,"Периферия: 1 вход./0 исх. контрагентов, вход 23 650 KZT, выход 0 KZT — ниже порогов ролей",peripheral
100000005849100100,peripheral,0.9,2,0.157482,"Периферия: 1 вход./0 исх. контрагентов, вход 33 300 KZT, выход 0 KZT — ниже порогов ролей",peripheral
100000000533217100,peripheral,0.9,0,0.163693,"Периферия: 1 вход./0 исх. контрагентов, вход 53 587 KZT, выход 0 KZT — ниже порогов ролей",peripheral
100000002812641100,peripheral,0.9,8,0.260837,"Периферия: 1 вход./1 исх. контрагентов, вход 10 000 KZT, выход 7 024 KZT — ниже порогов ролей",peripheral
100000008647905100,peripheral,0.9,18,0.437202,"Периферия: 1 вход./2 исх. контрагентов, вход 50 000 KZT, выход 344 222 KZT — ниже порогов ролей",peripheral
100000002842337100,peripheral,0.9,8,0.162788,"Периферия: 1 вход./0 исх. контрагентов, вход 50 000 KZT, выход 0 KZT — ниже порогов ролей",peripheral
100000002445750100,peripheral,0.9,0,0.373249,"Периферия: 1 вход./1 исх. контрагентов, вход 70 000 KZT, выход 10 000 KZT — ниже порогов ролей",peripheral
100000005619339100,transit,0.7787,3,0.35378,"Признаки транзита: получил 5 000 KZT, отправил 5 443 KZT (pass-through 1.09, коридор 0.8–1.2), 1→1 контрагентов",transit
100000006844768100,peripheral,0.9,0,0.452924,"Периферия: 1 вход./2 исх. контрагентов, вход 282 000 KZT, выход 188 000 KZT — ниже порогов ролей",peripheral
100000002488629100,peripheral,0.9,9,0.167738,"Периферия: 1 вход./0 исх. контрагентов, вход 73 050 KZT, выход 0 KZT — ниже порогов ролей",peripheral
100000002796853100,peripheral,0.9,62,0.322095,"Периферия: 1 вход./1 исх. контрагентов, вход 199 000 KZT, выход 46 168 KZT — ниже порогов ролей",peripheral
100000006755850100,terminal,0.7391,5,0.251283,"Признаки конечного получателя: колено 2, получил 443 476 KZT от 1 плательщ., исходящих ≥5 000 KZT нет (порог входа 300 000)",terminal
100000008733194100,peripheral,0.6,13,0.545548,"Периферия: 4 вход./8 исх. контрагентов, вход 251 424 KZT, выход 159 695 KZT — ниже порогов ролей",peripheral
100000001904863100,terminal,0.8333,14,0.252849,"Признаки конечного получателя: колено 2, получил 500 000 KZT от 1 плательщ., исходящих ≥5 000 KZT нет (порог входа 300 000)",terminal
100000001641951100,peripheral,0.9,2,0.153739,"Периферия: 1 вход./0 исх. контрагентов, вход 25 000 KZT, выход 0 KZT — ниже порогов ролей",peripheral
100000004816564100,peripheral,0.9,15,0.383155,"Периферия: 1 вход./1 исх. контрагентов, вход 285 480 KZT, выход 5 000 KZT — ниже порогов ролей",peripheral
100000002205022100,peripheral,0.85,55,0.431971,"Периферия: 1 вход./3 исх. контрагентов, вход 7 100 KZT, выход 518 000 KZT — ниже порогов ролей",peripheral
100000002267998100,peripheral,0.8,21,0.508945,"Периферия: 2 вход./3 исх. контрагентов, вход 420 000 KZT, выход 1 115 000 KZT — ниже порогов ролей",peripheral
100000002199091100,peripheral,0.9,1,0.166213,"Периферия: 1 вход./0 исх. контрагентов, вход 65 000 KZT, выход 0 KZT — ниже порогов ролей",peripheral
100000008571443100,peripheral,0.8,13,0.17881,"Периферия: 2 вход./0 исх. контрагентов, вход 65 000 KZT, выход 0 KZT — ниже порогов ролей",peripheral
100000002742067100,peripheral,0.9,15,0.144929,"Периферия: 1 вход./0 исх. контрагентов, вход 12 730 KZT, выход 0 KZT — ниже порогов ролей",peripheral
100000003292979100,peripheral,0.9,2,0.162511,"Периферия: 1 вход./0 исх. контрагентов, вход 48 950 KZT, выход 0 KZT — ниже порогов ролей",peripheral
100000002558173100,peripheral,0.9,32,0.14083,"Периферия: 1 вход./0 исх. контрагентов, вход 9 300 KZT, выход 0 KZT — ниже порогов ролей",peripheral
100000004687282100,peripheral,0.9,3,0.150826,"Периферия: 1 вход./0 исх. контрагентов, вход 20 000 KZT, выход 0 KZT — ниже порогов ролей",peripheral
100000003034546100,terminal,0.8112,8,0.252497,"Признаки конечного получателя: колено 2, получил 486 715 KZT от 1 плательщ., исходящих ≥5 000 KZT нет (порог входа 300 000)",terminal
100000003798151100,terminal,0.5833,3,0.248192,"Признаки конечного получателя: колено 2, получил 350 000 KZT от 1 плательщ., исходящих ≥5 000 KZT нет (порог входа 300 000)",terminal
100000008710791100,distributor,1.0,6,0.729092,"Признаки распределения: 5 521 511 KZT на 23 получат. (25 переводов, в среднем 220 860 KZT)",distributor
100000008688476100,peripheral,0.9,1,0.153206,"Периферия: 1 вход./0 исх. контрагентов, вход 24 000 KZT, выход 0 KZT — ниже порогов ролей",peripheral
100000003242289100,coordinator,0.5,16,0.79538,"Признаки координатора: 3 плательщ. → 23 получат., betweenness 0.0010 (порог 0.0008), в цикле ≤5; вход 550 791 KZT",coordinator
100000006564102100,peripheral,0.9,2,0.182893,"Периферия: 1 вход./0 исх. контрагентов, вход 233 235 KZT, выход 0 KZT — ниже порогов ролей",peripheral
100000001526235100,peripheral,0.6,25,0.542503,"Периферия: 3 вход./8 исх. контрагентов, вход 82 000 KZT, выход 432 750 KZT — ниже порогов ролей",peripheral
100000004398811100,peripheral,0.85,2,0.408355,"Периферия: 1 вход./3 исх. контрагентов, вход 426 000 KZT, выход 1 040 672 KZT — ниже порогов ролей",peripheral
100000002957787100,coordinator,0.6667,0,0.818341,"Признаки координатора: 4 плательщ. → 34 получат., betweenness 0.0043 (порог 0.0008), в цикле ≤5; вход 84 956 KZT",coordinator
100000002621915100,peripheral,0.9,3,0.13273,"Периферия: 1 вход./0 исх. контрагентов, вход 5 000 KZT, выход 0 KZT — ниже порогов ролей",peripheral
100000008283183100,peripheral,0.9,1,0.155677,"Периферия: 1 вход./0 исх. контрагентов, вход 29 000 KZT, выход 0 KZT — ниже порогов ролей",peripheral
100000003843844100,peripheral,0.9,13,0.391654,"Периферия: 1 вход./1 исх. контрагентов, вход 16 680 KZT, выход 238 000 KZT — ниже порогов ролей",peripheral
100000000954884100,peripheral,0.9,34,0.157753,"Периферия: 1 вход./0 исх. контрагентов, вход 34 000 KZT, выход 0 KZT — ниже порогов ролей",peripheral
100000005893892100,peripheral,0.9,5,0.172195,"Периферия: 1 вход./0 исх. контрагентов, вход 102 780 KZT, выход 0 KZT — ниже порогов ролей",peripheral
100000001819396100,peripheral,0.9,26,0.17846,"Периферия: 1 вход./0 исх. контрагентов, вход 166 080 KZT, выход 0 KZT — ниже порогов ролей",peripheral
100000008472324100,peripheral,0.9,5,0.181221,"Периферия: 1 вход./0 исх. контрагентов, вход 205 200 KZT, выход 0 KZT — ниже порогов ролей",peripheral
100000002646745100,peripheral,0.9,1,0.14448,"Периферия: 1 вход./0 исх. контрагентов, вход 12 300 KZT, выход 0 KZT — ниже порогов ролей",peripheral
100000008405209100,peripheral,0.9,16,0.163889,"Периферия: 1 вход./0 исх. контрагентов, вход 54 400 KZT, выход 0 KZT — ниже порогов ролей",peripheral
100000004417753100,peripheral,0.8,2,0.192957,"Периферия: 2 вход./0 исх. контрагентов, вход 192 099 KZT, выход 0 KZT — ниже порогов ролей",peripheral
100000003457710100,peripheral,0.9,5,0.450571,"Периферия: 1 вход./1 исх. контрагентов, вход 326 555 KZT, выход 1 306 000 KZT — ниже порогов ролей",peripheral
100000007333038100,peripheral,0.9,12,0.321686,"Периферия: 1 вход./2 исх. контрагентов, вход 17 500 KZT, выход 34 994 KZT — ниже порогов ролей",peripheral
100000006444163100,peripheral,0.9,24,0.135166,"Периферия: 1 вход./0 исх. контрагентов, вход 6 026 KZT, выход 0 KZT — ниже порогов ролей",peripheral
100000008706947100,peripheral,0.9,1,0.148857,"Периферия: 1 вход./0 исх. контрагентов, вход 17 200 KZT, выход 0 KZT — ниже порогов ролей",peripheral
100000008761219100,peripheral,0.8,46,0.453007,"Периферия: 2 вход./2 исх. контрагентов, вход 50 000 KZT, выход 375 000 KZT — ниже порогов ролей",peripheral
100000005022552100,peripheral,0.9,3,0.29837,"Периферия: 1 вход./1 исх. контрагентов, вход 241 000 KZT, выход 5 000 KZT — ниже порогов ролей",peripheral
100000008735832100,peripheral,0.9,1,0.149158,"Периферия: 1 вход./0 исх. контрагентов, вход 17 600 KZT, выход 0 KZT — ниже порогов ролей",peripheral
100000005661528100,peripheral,0.9,4,0.153739,"Периферия: 1 вход./0 исх. контрагентов, вход 25 000 KZT, выход 0 KZT — ниже порогов ролей",peripheral
100000002529880100,peripheral,0.8,6,0.189463,"Периферия: 2 вход./0 исх. контрагентов, вход 147 000 KZT, выход 0 KZT — ниже порогов ролей",peripheral
100000001969496100,peripheral,0.9,14,0.152502,"Периферия: 1 вход./0 исх. контрагентов, вход 22 740 KZT, выход 0 KZT — ниже порогов ролей",peripheral
100000003215448100,peripheral,0.9,4,0.433018,"Периферия: 1 вход./2 исх. контрагентов, вход 91 309 KZT, выход 124 000 KZT — ниже порогов ролей",peripheral
100000006894637100,peripheral,0.9,0,0.163507,"Периферия: 1 вход./0 исх. контрагентов, вход 52 831 KZT, выход 0 KZT — ниже порогов ролей",peripheral
100000002936322100,terminal,1.0,4,0.271369,"Признаки конечного получателя: колено 3, получил 787 133 KZT от 2 плательщ., исходящих ≥5 000 KZT нет (порог входа 300 000)",terminal
100000005061890100,peripheral,0.9,2,0.170462,"Периферия: 1 вход./0 исх. контрагентов, вход 90 000 KZT, выход 0 KZT — ниже порогов ролей",peripheral
100000004017410100,peripheral,0.75,33,0.499442,"Периферия: 2 вход./5 исх. контрагентов, вход 193 650 KZT, выход 1 330 915 KZT — ниже порогов ролей",peripheral
100000002983426100,peripheral,0.9,7,0.170308,"Периферия: 1 вход./0 исх. контрагентов, вход 88 945 KZT, выход 0 KZT — ниже порогов ролей",peripheral
100000005530114100,peripheral,0.8,16,0.369187,"Периферия: 2 вход./1 исх. контрагентов, вход 136 970 KZT, выход 25 000 KZT — ниже порогов ролей",peripheral
100000001169666100,peripheral,0.9,7,0.40179,"Периферия: 1 вход./1 исх. контрагентов, вход 220 000 KZT, выход 24 000 KZT — ниже порогов ролей",peripheral
100000001784279100,peripheral,0.9,0,0.158381,"Периферия: 1 вход./0 исх. контрагентов, вход 35 674 KZT, выход 0 KZT — ниже порогов ролей",peripheral
100000008744364100,peripheral,0.9,1,0.153042,"Периферия: 1 вход./0 исх. контрагентов, вход 23 700 KZT, выход 0 KZT — ниже порогов ролей",peripheral
100000008714412100,peripheral,0.9,7,0.178688,"Периферия: 1 вход./0 исх. контрагентов, вход 169 000 KZT, выход 0 KZT — ниже порогов ролей",peripheral
100000007754369100,peripheral,0.9,0,0.169314,"Периферия: 1 вход./0 исх. контрагентов, вход 82 424 KZT, выход 0 KZT — ниже порогов ролей",peripheral
100000003122817100,terminal,0.7411,26,0.251318,"Признаки конечного получателя: колено 3, получил 444 680 KZT от 1 плательщ., исходящих ≥5 000 KZT нет (порог входа 300 000)",terminal
100000003711830100,peripheral,0.9,4,0.162788,"Периферия: 1 вход./0 исх. контрагентов, вход 50 000 KZT, выход 0 KZT — ниже порогов ролей",peripheral
100000001110358100,peripheral,0.8,0,0.169559,"Периферия: 2 вход./0 исх. контрагентов, вход 32 000 KZT, выход 0 KZT — ниже порогов ролей",peripheral
100000006530134100,peripheral,0.8,5,0.189254,"Периферия: 2 вход./0 исх. контрагентов, вход 144 663 KZT, выход 0 KZT — ниже порогов ролей",peripheral
100000001639766100,peripheral,0.9,9,0.150826,"Периферия: 1 вход./0 исх. контрагентов, вход 20 000 KZT, выход 0 KZT — ниже порогов ролей",peripheral
100000003242795100,peripheral,0.9,5,0.1732,"Периферия: 1 вход./0 исх. контрагентов, вход 111 000 KZT, выход 0 KZT — ниже порогов ролей",peripheral
100000004970752100,peripheral,0.9,0,0.141778,"Периферия: 1 вход./0 исх. контрагентов, вход 10 000 KZT, выход 0 KZT — ниже порогов ролей",peripheral
100000004564736100,peripheral,0.9,21,0.147071,"Периферия: 1 вход./0 исх. контрагентов, вход 15 000 KZT, выход 0 KZT — ниже порогов ролей",peripheral
100000005873152100,transit,1.0,10,0.379172,"Признаки транзита: получил 10 000 KZT, отправил 10 000 KZT (pass-through 1.00, коридор 0.8–1.2), 1→1 контрагентов",transit
100000001637376100,peripheral,0.9,5,0.416863,"Периферия: 1 вход./1 исх. контрагентов, вход 116 700 KZT, выход 234 250 KZT — ниже порогов ролей",peripheral
100000006710485100,peripheral,0.9,1,0.150826,"Периферия: 1 вход./0 исх. контрагентов, вход 20 000 KZT, выход 0 KZT — ниже порогов ролей",peripheral
100000003582677100,peripheral,0.8,2,0.474001,"Периферия: 2 вход./4 исх. контрагентов, вход 29 757 KZT, выход 56 000 KZT — ниже порогов ролей",peripheral
100000008713685100,peripheral,0.9,1,0.16271,"Периферия: 1 вход./0 исх. контрагентов, вход 49 700 KZT, выход 0 KZT — ниже порогов ролей",peripheral
100000008070101100,peripheral,0.9,6,0.171837,"Периферия: 1 вход./0 исх. контрагентов, вход 100 000 KZT, выход 0 KZT — ниже порогов ролей",peripheral
100000004475818100,peripheral,0.85,5,0.419714,"Периферия: 1 вход./3 исх. контрагентов, вход 13 000 KZT, выход 53 989 KZT — ниже порогов ролей",peripheral
100000007197866100,peripheral,0.9,4,0.36141,"Периферия: 1 вход./1 исх. контрагентов, вход 20 000 KZT, выход 15 000 KZT — ниже порогов ролей",peripheral
100000006965162100,peripheral,0.9,27,0.141778,"Периферия: 1 вход./0 исх. контрагентов, вход 10 000 KZT, выход 0 KZT — ниже порогов ролей",peripheral
100000005995391100,peripheral,0.9,1,0.148857,"Периферия: 1 вход./0 исх. контрагентов, вход 17 200 KZT, выход 0 KZT — ниже порогов ролей",peripheral
100000003834495100,peripheral,0.7,0,0.385397,"Периферия: 3 вход./1 исх. контрагентов, вход 602 441 KZT, выход 20 000 KZT — ниже порогов ролей",peripheral
100000001223977100,peripheral,0.9,50,0.351483,"Периферия: 1 вход./1 исх. контрагентов, вход 5 000 KZT, выход 18 000 KZT — ниже порогов ролей",peripheral
100000001046057100,peripheral,0.9,28,0.169471,"Периферия: 1 вход./0 исх. контрагентов, вход 83 420 KZT, выход 0 KZT — ниже порогов ролей",peripheral
100000002989353100,peripheral,0.9,12,0.401997,"Периферия: 1 вход./2 исх. контрагентов, вход 500 000 KZT, выход 321 160 KZT — ниже порогов ролей",peripheral
100000006714366100,peripheral,0.9,13,0.340038,"Периферия: 1 вход./1 исх. контрагентов, вход 10 500 KZT, выход 5 000 KZT — ниже порогов ролей",peripheral
100000001063678100,peripheral,0.9,21,0.417534,"Периферия: 1 вход./2 исх. контрагентов, вход 35 000 KZT, выход 90 000 KZT — ниже порогов ролей",peripheral
100000004889043100,peripheral,0.8,0,0.197497,"Периферия: 2 вход./0 исх. контрагентов, вход 272 000 KZT, выход 0 KZT — ниже порогов ролей",peripheral
100000002984403100,peripheral,0.9,25,0.368493,"Периферия: 1 вход./1 исх. контрагентов, вход 20 000 KZT, выход 25 000 KZT — ниже порогов ролей",peripheral
100000003951827100,peripheral,0.9,0,0.301593,"Периферия: 1 вход./2 исх. контрагентов, вход 9 000 KZT, выход 17 000 KZT — ниже порогов ролей",peripheral
100000000933075100,peripheral,0.9,11,0.397114,"Периферия: 1 вход./2 исх. контрагентов, вход 40 000 KZT, выход 55 000 KZT — ниже порогов ролей",peripheral
100000008502995100,peripheral,0.9,0,0.153739,"Периферия: 1 вход./0 исх. контрагентов, вход 25 000 KZT, выход 0 KZT — ниже порогов ролей",peripheral
100000008086440100,transit,0.5189,0,0.593097,"Признаки транзита: получил 199 733 KZT, отправил 161 300 KZT (pass-through 0.81, коридор 0.8–1.2), 1→5 контрагентов",transit
100000008465789100,distributor,0.8,6,0.691092,"Признаки распределения: 1 858 100 KZT на 16 получат. (17 переводов, в среднем 109 300 KZT)",distributor
100000002550141100,peripheral,0.9,4,0.171914,"Периферия: 1 вход./0 исх. контрагентов, вход 100 586 KZT, выход 0 KZT — ниже порогов ролей",peripheral
100000008739887100,peripheral,0.8,4,0.46743,"Периферия: 2 вход./2 исх. контрагентов, вход 214 000 KZT, выход 307 000 KZT — ниже порогов ролей",peripheral
100000008532050100,terminal,0.7586,5,0.251622,"Признаки конечного получателя: колено 3, получил 455 156 KZT от 1 плательщ., исходящих ≥5 000 KZT нет (порог входа 300 000)",terminal
100000008422226100,peripheral,0.9,0,0.170087,"Периферия: 1 вход./0 исх. контрагентов, вход 87 450 KZT, выход 0 KZT — ниже порогов ролей",peripheral
100000002369874100,terminal,1.0,6,0.283695,"Признаки конечного получателя: колено 3, получил 600 000 KZT от 4 плательщ., исходящих ≥5 000 KZT нет (порог входа 300 000)",terminal
100000003321895100,peripheral,0.9,51,0.434047,"Периферия: 1 вход./2 исх. контрагентов, вход 24 000 KZT, выход 553 830 KZT — ниже порогов ролей",peripheral
100000001875239100,terminal,1.0,6,0.278997,"Признаки конечного получателя: колено 3, получил 712 000 KZT от 3 плательщ., исходящих ≥5 000 KZT нет (порог входа 300 000)",terminal
100000002216999100,peripheral,0.9,1,0.15303,"Периферия: 1 вход./0 исх. контрагентов, вход 23 677 KZT, выход 0 KZT — ниже порогов ролей",peripheral
100000002653948100,peripheral,0.9,5,0.169746,"Периферия: 1 вход./0 исх. контрагентов, вход 85 200 KZT, выход 0 KZT — ниже порогов ролей",peripheral
100000008632060100,peripheral,0.55,0,0.506373,"Периферия: 1 вход./9 исх. контрагентов, вход 6 000 KZT, выход 339 200 KZT — ниже порогов ролей",peripheral
100000008746449100,distributor,0.5,6,0.615796,"Признаки распределения: 1 009 000 KZT на 10 получат. (10 переводов, в среднем 100 900 KZT)",distributor
100000003031761100,terminal,0.7673,4,0.251772,"Признаки конечного получателя: колено 3, получил 460 408 KZT от 1 плательщ., исходящих ≥5 000 KZT нет (порог входа 300 000)",terminal
100000008388049100,terminal,0.8273,12,0.252754,"Признаки конечного получателя: колено 3, получил 496 400 KZT от 1 плательщ., исходящих ≥5 000 KZT нет (порог входа 300 000)",terminal
100000002677201100,peripheral,0.9,6,0.411367,"Периферия: 1 вход./1 исх. контрагентов, вход 150 000 KZT, выход 87 750 KZT — ниже порогов ролей",peripheral
100000002901457100,peripheral,0.85,0,0.474,"Периферия: 1 вход./3 исх. контрагентов, вход 340 000 KZT, выход 119 000 KZT — ниже порогов ролей",peripheral
100000001160401100,peripheral,0.9,0,0.162033,"Периферия: 1 вход./0 исх. контрагентов, вход 47 190 KZT, выход 0 KZT — ниже порогов ролей",peripheral
100000002842321100,peripheral,0.9,5,0.177973,"Периферия: 1 вход./0 исх. контрагентов, вход 160 000 KZT, выход 0 KZT — ниже порогов ролей",peripheral
100000002547110100,consolidator,0.6,6,0.381111,"Признаки консолидации: 1 500 000 KZT от 6 плательщ. (10 переводов), дальше ушло 0.00 полученного (порог <0.5)",consolidator
100000001600934100,peripheral,0.9,4,0.303883,"Периферия: 1 вход./1 исх. контрагентов, вход 180 300 KZT, выход 11 000 KZT — ниже порогов ролей",peripheral
100000002818726100,peripheral,0.9,13,0.142878,"Периферия: 1 вход./0 исх. контрагентов, вход 10 879 KZT, выход 0 KZT — ниже порогов ролей",peripheral
100000008712827100,peripheral,0.9,1,0.168255,"Периферия: 1 вход./0 исх. контрагентов, вход 76 000 KZT, выход 0 KZT — ниже порогов ролей",peripheral
100000008259451100,peripheral,0.9,14,0.164033,"Периферия: 1 вход./0 исх. контрагентов, вход 55 000 KZT, выход 0 KZT — ниже порогов ролей",peripheral
100000003060517100,terminal,0.5266,16,0.246856,"Признаки конечного получателя: колено 3, получил 315 955 KZT от 1 плательщ., исходящих ≥5 000 KZT нет (порог входа 300 000)",terminal
100000002621434100,peripheral,0.9,6,0.169086,"Периферия: 1 вход./0 исх. контрагентов, вход 81 000 KZT, выход 0 KZT — ниже порогов ролей",peripheral
100000001860090100,peripheral,0.9,9,0.13273,"Периферия: 1 вход./0 исх. контрагентов, вход 5 000 KZT, выход 0 KZT — ниже порогов ролей",peripheral
100000004689658100,peripheral,0.9,4,0.393395,"Периферия: 1 вход./1 исх. контрагентов, вход 456 100 KZT, выход 7 092 KZT — ниже порогов ролей",peripheral
100000003486970100,peripheral,0.9,5,0.177131,"Периферия: 1 вход./0 исх. контрагентов, вход 150 000 KZT, выход 0 KZT — ниже порогов ролей",peripheral
100000004659919100,peripheral,0.9,50,0.400957,"Периферия: 1 вход./1 исх. контрагентов, вход 110 000 KZT, выход 39 000 KZT — ниже порогов ролей",peripheral
100000006111439100,transit,0.5831,5,0.510738,"Признаки транзита: получил 20 570 KZT, отправил 24 000 KZT (pass-through 1.17, коридор 0.8–1.2), 3→4 контрагентов",transit
100000002521039100,terminal,0.5823,0,0.248169,"Признаки конечного получателя: колено 3, получил 349 370 KZT от 1 плательщ., исходящих ≥5 000 KZT нет (порог входа 300 000)",terminal
100000008493007100,transit,1.0,1,0.417788,"Признаки транзита: получил 26 150 KZT, отправил 26 150 KZT (pass-through 1.00, коридор 0.8–1.2), 1→1 контрагентов",transit
100000007793871100,peripheral,0.9,7,0.154251,"Периферия: 1 вход./0 исх. контрагентов, вход 26 000 KZT, выход 0 KZT — ниже порогов ролей",peripheral
100000001650895100,peripheral,0.9,7,0.386763,"Периферия: 1 вход./1 исх. контрагентов, вход 153 500 KZT, выход 10 000 KZT — ниже порогов ролей",peripheral
100000002567887100,peripheral,0.9,5,0.163025,"Периферия: 1 вход./0 исх. контрагентов, вход 50 915 KZT, выход 0 KZT — ниже порогов ролей",peripheral
100000008055972100,peripheral,0.9,1,0.155358,"Периферия: 1 вход./0 исх. контрагентов, вход 28 300 KZT, выход 0 KZT — ниже порогов ролей",peripheral
100000008684452100,peripheral,0.9,1,0.16325,"Периферия: 1 вход./0 исх. контрагентов, вход 51 800 KZT, выход 0 KZT — ниже порогов ролей",peripheral
100000000764836100,peripheral,0.9,4,0.43554,"Периферия: 1 вход./2 исх. контрагентов, вход 251 716 KZT, выход 50 000 KZT — ниже порогов ролей",peripheral
100000003072676100,peripheral,0.9,16,0.156775,"Периферия: 1 вход./0 исх. контрагентов, вход 31 545 KZT, выход 0 KZT — ниже порогов ролей",peripheral
100000008757369100,peripheral,0.9,0,0.380852,"Периферия: 1 вход./1 исх. контрагентов, вход 25 961 KZT, выход 58 398 KZT — ниже порогов ролей",peripheral
100000007618425100,peripheral,0.9,16,0.159661,"Периферия: 1 вход./0 исх. контрагентов, вход 39 348 KZT, выход 0 KZT — ниже порогов ролей",peripheral
100000004671609100,peripheral,0.9,12,0.171837,"Периферия: 1 вход./0 исх. контрагентов, вход 100 000 KZT, выход 0 KZT — ниже порогов ролей",peripheral
100000004676985100,transit,0.6003,0,0.479631,"Признаки транзита: получил 32 260 KZT, отправил 27 102 KZT (pass-through 0.84, коридор 0.8–1.2), 1→1 контрагентов",transit
100000002531406100,transit,0.9038,4,0.483772,"Признаки транзита: получил 520 000 KZT, отправил 500 000 KZT (pass-through 0.96, коридор 0.8–1.2), 1→1 контрагентов",transit
100000002877262100,peripheral,0.9,6,0.171837,"Периферия: 1 вход./0 исх. контрагентов, вход 100 000 KZT, выход 0 KZT — ниже порогов ролей",peripheral
100000007591246100,peripheral,0.9,28,0.316267,"Периферия: 1 вход./1 исх. контрагентов, вход 12 190 KZT, выход 120 000 KZT — ниже порогов ролей",peripheral
100000008712184100,peripheral,0.9,1,0.149451,"Периферия: 1 вход./0 исх. контрагентов, вход 18 000 KZT, выход 0 KZT — ниже порогов ролей",peripheral
100000002975437100,peripheral,0.9,31,0.314918,"Периферия: 1 вход./1 исх. контрагентов, вход 530 000 KZT, выход 8 500 KZT — ниже порогов ролей",peripheral
100000005008589100,peripheral,0.9,0,0.16076,"Периферия: 1 вход./0 исх. контрагентов, вход 42 807 KZT, выход 0 KZT — ниже порогов ролей",peripheral
100000000782285100,peripheral,0.9,24,0.135434,"Периферия: 1 вход./0 исх. контрагентов, вход 6 151 KZT, выход 0 KZT — ниже порогов ролей",peripheral
100000005198498100,peripheral,0.9,1,0.155587,"Периферия: 1 вход./0 исх. контрагентов, вход 28 800 KZT, выход 0 KZT — ниже порогов ролей",peripheral
100000008517538100,distributor,0.85,6,0.698413,"Признаки распределения: 1 439 000 KZT на 17 получат. (18 переводов, в среднем 79 944 KZT)",distributor
100000005756535100,peripheral,0.9,1,0.150826,"Периферия: 1 вход./0 исх. контрагентов, вход 20 000 KZT, выход 0 KZT — ниже порогов ролей",peripheral
100000004917367100,peripheral,0.8,5,0.186814,"Периферия: 2 вход./0 исх. контрагентов, вход 120 000 KZT, выход 0 KZT — ниже порогов ролей",peripheral
100000001222263100,peripheral,0.9,5,0.447963,"Периферия: 1 вход./1 исх. контрагентов, вход 745 570 KZT, выход 420 000 KZT — ниже порогов ролей",peripheral
100000001149815100,peripheral,0.9,1,0.144158,"Периферия: 1 вход./0 исх. контрагентов, вход 12 000 KZT, выход 0 KZT — ниже порогов ролей",peripheral
100000006020215100,transit,0.6833,13,0.520376,"Признаки транзита: получил 30 000 KZT, отправил 33 800 KZT (pass-through 1.13, коридор 0.8–1.2), 1→2 контрагентов",transit
100000000673868100,peripheral,0.75,30,0.503112,"Периферия: 1 вход./5 исх. контрагентов, вход 2 030 650 KZT, выход 383 000 KZT — ниже порогов ролей",peripheral
100000008749900100,peripheral,0.9,1,0.148819,"Периферия: 1 вход./0 исх. контрагентов, вход 17 150 KZT, выход 0 KZT — ниже порогов ролей",peripheral
100000002862113100,peripheral,0.9,14,0.162092,"Периферия: 1 вход./0 исх. контрагентов, вход 47 405 KZT, выход 0 KZT — ниже порогов ролей",peripheral
100000001066017100,peripheral,0.8,0,0.475432,"Периферия: 2 вход./4 исх. контрагентов, вход 136 123 KZT, выход 82 500 KZT — ниже порогов ролей",peripheral
100000008436257100,peripheral,0.8,16,0.170728,"Периферия: 2 вход./0 исх. контрагентов, вход 35 000 KZT, выход 0 KZT — ниже порогов ролей",peripheral
100000003016438100,peripheral,0.9,6,0.429627,"Периферия: 1 вход./1 исх. контрагентов, вход 200 000 KZT, выход 300 000 KZT — ниже порогов ролей",peripheral
100000002534091100,peripheral,0.9,4,0.152189,"Периферия: 1 вход./0 исх. контрагентов, вход 22 200 KZT, выход 0 KZT — ниже порогов ролей",peripheral
100000006882208100,peripheral,0.9,3,0.149451,"Периферия: 1 вход./0 исх. контрагентов, вход 18 000 KZT, выход 0 KZT — ниже порогов ролей",peripheral
100000005362848100,peripheral,0.9,7,0.155677,"Периферия: 1 вход./0 исх. контрагентов, вход 29 000 KZT, выход 0 KZT — ниже порогов ролей",peripheral
100000001073568100,peripheral,0.9,14,0.448137,"Периферия: 1 вход./2 исх. контрагентов, вход 707 465 KZT, выход 219 503 KZT — ниже порогов ролей",peripheral
100000008687733100,peripheral,0.9,1,0.146763,"Периферия: 1 вход./0 исх. контрагентов, вход 14 650 KZT, выход 0 KZT — ниже порогов ролей",peripheral
100000007229557100,terminal,1.0,17,0.281733,"Признаки конечного получателя: колено 3, получил 878 000 KZT от 3 плательщ., исходящих ≥5 000 KZT нет (порог входа 300 000)",terminal
100000001052789100,peripheral,0.9,18,0.167361,"Периферия: 1 вход./0 исх. контрагентов, вход 70 975 KZT, выход 0 KZT — ниже порогов ролей",peripheral
100000006967370100,peripheral,0.9,16,0.366816,"Периферия: 1 вход./1 исх. контрагентов, вход 33 225 KZT, выход 13 526 KZT — ниже порогов ролей",peripheral
100000001837130100,peripheral,0.9,0,0.178986,"Периферия: 1 вход./0 исх. контрагентов, вход 172 900 KZT, выход 0 KZT — ниже порогов ролей",peripheral
100000005820746100,peripheral,0.9,22,0.355241,"Периферия: 1 вход./1 исх. контрагентов, вход 1 989 000 KZT, выход 60 000 KZT — ниже порогов ролей",peripheral
100000002883402100,terminal,0.5,6,0.267714,"Признаки конечного получателя: колено 3, получил 300 000 KZT от 3 плательщ., исходящих ≥5 000 KZT нет (порог входа 300 000)",terminal
100000008582730100,transit,1.0,18,0.352779,"Признаки транзита: получил 5 000 KZT, отправил 5 000 KZT (pass-through 1.00, коридор 0.8–1.2), 1→1 контрагентов",transit
100000003116106100,terminal,0.8234,5,0.252692,"Признаки конечного получателя: колено 3, получил 494 050 KZT от 1 плательщ., исходящих ≥5 000 KZT нет (порог входа 300 000)",terminal
100000001818442100,peripheral,0.9,7,0.160579,"Периферия: 1 вход./0 исх. контрагентов, вход 42 215 KZT, выход 0 KZT — ниже порогов ролей",peripheral
100000008690762100,peripheral,0.9,1,0.154623,"Периферия: 1 вход./0 исх. контрагентов, вход 26 750 KZT, выход 0 KZT — ниже порогов ролей",peripheral
100000008712991100,peripheral,0.9,1,0.166432,"Периферия: 1 вход./0 исх. контрагентов, вход 66 100 KZT, выход 0 KZT — ниже порогов ролей",peripheral
100000003292191100,peripheral,0.9,17,0.173317,"Периферия: 1 вход./0 исх. контрагентов, вход 112 000 KZT, выход 0 KZT — ниже порогов ролей",peripheral
100000005367284100,peripheral,0.9,0,0.397131,"Периферия: 1 вход./2 исх. контрагентов, вход 13 700 KZT, выход 48 300 KZT — ниже порогов ролей",peripheral
100000003216073100,peripheral,0.9,4,0.321071,"Периферия: 1 вход./1 исх. контрагентов, вход 37 001 KZT, выход 70 000 KZT — ниже порогов ролей",peripheral
100000006169033100,peripheral,0.85,41,0.457658,"Периферия: 1 вход./3 исх. контрагентов, вход 49 000 KZT, выход 1 140 271 KZT — ниже порогов ролей",peripheral
100000004407753100,peripheral,0.9,27,0.334192,"Периферия: 1 вход./1 исх. контрагентов, вход 250 000 KZT, выход 100 000 KZT — ниже порогов ролей",peripheral
100000004420041100,peripheral,0.65,11,0.507288,"Периферия: 1 вход./7 исх. контрагентов, вход 69 638 KZT, выход 651 830 KZT — ниже порогов ролей",peripheral
100000004715209100,peripheral,0.75,28,0.440875,"Периферия: 1 вход./5 исх. контрагентов, вход 5 000 KZT, выход 350 450 KZT — ниже порогов ролей",peripheral
100000004580254100,peripheral,0.8,16,0.167787,"Периферия: 2 вход./0 исх. контрагентов, вход 27 940 KZT, выход 0 KZT — ниже порогов ролей",peripheral
100000001056414100,peripheral,0.9,12,0.1838,"Периферия: 1 вход./0 исх. контрагентов, вход 250 000 KZT, выход 0 KZT — ниже порогов ролей",peripheral
100000008686494100,peripheral,0.9,1,0.147666,"Периферия: 1 вход./0 исх. контрагентов, вход 15 700 KZT, выход 0 KZT — ниже порогов ролей",peripheral
100000002822472100,peripheral,0.8,12,0.197241,"Периферия: 2 вход./0 исх. контрагентов, вход 266 722 KZT, выход 0 KZT — ниже порогов ролей",peripheral
100000001831496100,peripheral,0.9,10,0.348421,"Периферия: 1 вход./1 исх. контрагентов, вход 25 000 KZT, выход 373 000 KZT — ниже порогов ролей",peripheral
100000008732488100,peripheral,0.9,4,0.381747,"Периферия: 1 вход./1 исх. контрагентов, вход 137 000 KZT, выход 10 000 KZT — ниже порогов ролей",peripheral
100000004007197100,peripheral,0.9,23,0.14184,"Периферия: 1 вход./0 исх. контрагентов, вход 10 048 KZT, выход 0 KZT — ниже порогов ролей",peripheral
100000002815005100,terminal,0.7942,6,0.25222,"Признаки конечного получателя: колено 3, получил 476 500 KZT от 1 плательщ., исходящих ≥5 000 KZT нет (порог входа 300 000)",terminal
100000005756189100,peripheral,0.9,5,0.390776,"Периферия: 1 вход./1 исх. контрагентов, вход 65 000 KZT, выход 49 050 KZT — ниже порогов ролей",peripheral
100000004877085100,peripheral,0.85,13,0.429981,"Периферия: 1 вход./3 исх. контрагентов, вход 25 000 KZT, выход 95 600 KZT — ниже порогов ролей",peripheral
100000002713074100,peripheral,0.8,16,0.460014,"Периферия: 2 вход./1 исх. контрагентов, вход 700 000 KZT, выход 430 000 KZT — ниже порогов ролей",peripheral
100000002356167100,peripheral,0.9,5,0.431606,"Периферия: 1 вход./2 исх. контрагентов, вход 300 000 KZT, выход 29 500 KZT — ниже порогов ролей",peripheral
100000004140487100,distributor,0.5,2,0.630022,"Признаки распределения: 262 600 KZT на 10 получат. (19 переводов, в среднем 13 821 KZT)",distributor
100000003147719100,peripheral,0.9,6,0.171837,"Периферия: 1 вход./0 исх. контрагентов, вход 100 000 KZT, выход 0 KZT — ниже порогов ролей",peripheral
100000008745884100,peripheral,0.9,1,0.150826,"Периферия: 1 вход./0 исх. контрагентов, вход 20 000 KZT, выход 0 KZT — ниже порогов ролей",peripheral
100000002559089100,terminal,1.0,12,0.270115,"Признаки конечного получателя: колено 3, получил 715 000 KZT от 2 плательщ., исходящих ≥5 000 KZT нет (порог входа 300 000)",terminal
100000004984689100,peripheral,0.9,4,0.163556,"Периферия: 1 вход./0 исх. контрагентов, вход 53 030 KZT, выход 0 KZT — ниже порогов ролей",peripheral
100000004340038100,peripheral,0.9,13,0.366299,"Периферия: 1 вход./1 исх. контрагентов, вход 9 978 KZT, выход 49 000 KZT — ниже порогов ролей",peripheral
100000005052998100,peripheral,0.9,0,0.322622,"Периферия: 1 вход./1 исх. контрагентов, вход 9 500 KZT, выход 28 400 KZT — ниже порогов ролей",peripheral
100000007597382100,peripheral,0.9,5,0.147666,"Периферия: 1 вход./0 исх. контрагентов, вход 15 700 KZT, выход 0 KZT — ниже порогов ролей",peripheral
100000008697670100,peripheral,0.9,1,0.153921,"Периферия: 1 вход./0 исх. контрагентов, вход 25 350 KZT, выход 0 KZT — ниже порогов ролей",peripheral
100000008460102100,distributor,1.0,7,0.68524,"Признаки распределения: 476 570 KZT на 31 получат. (34 переводов, в среднем 14 017 KZT)",distributor
100000004399686100,terminal,1.0,22,0.259082,"Признаки конечного получателя: колено 3, получил 806 000 KZT от 1 плательщ., исходящих ≥5 000 KZT нет (порог входа 300 000)",terminal
100000008688155100,peripheral,0.9,1,0.152987,"Периферия: 1 вход./0 исх. контрагентов, вход 23 600 KZT, выход 0 KZT — ниже порогов ролей",peripheral
100000004386331100,transit,0.6875,11,0.478057,"Признаки транзита: получил 20 000 KZT, отправил 17 500 KZT (pass-through 0.88, коридор 0.8–1.2), 1→2 контрагентов",transit
100000007999728100,peripheral,0.9,14,0.152792,"Периферия: 1 вход./0 исх. контрагентов, вход 23 250 KZT, выход 0 KZT — ниже порогов ролей",peripheral
100000001597424100,peripheral,0.9,14,0.162282,"Периферия: 1 вход./0 исх. контрагентов, вход 48 100 KZT, выход 0 KZT — ниже порогов ролей",peripheral
100000003677936100,peripheral,0.9,8,0.376262,"Периферия: 1 вход./1 исх. контрагентов, вход 71 000 KZT, выход 13 000 KZT — ниже порогов ролей",peripheral
100000002943472100,peripheral,0.9,6,0.178765,"Периферия: 1 вход./0 исх. контрагентов, вход 170 000 KZT, выход 0 KZT — ниже порогов ролей",peripheral
100000004892144100,peripheral,0.8,22,0.391478,"Периферия: 2 вход./1 исх. контрагентов, вход 4 500 000 KZT, выход 180 300 KZT — ниже порогов ролей",peripheral
100000008077552100,peripheral,0.9,4,0.18177,"Периферия: 1 вход./0 исх. контрагентов, вход 214 000 KZT, выход 0 KZT — ниже порогов ролей",peripheral
100000002914245100,peripheral,0.9,4,0.176287,"Периферия: 1 вход./0 исх. контрагентов, вход 140 611 KZT, выход 0 KZT — ниже порогов ролей",peripheral
100000004906181100,peripheral,0.65,35,0.524019,"Периферия: 1 вход./7 исх. контрагентов, вход 100 000 KZT, выход 2 473 418 KZT — ниже порогов ролей",peripheral
100000008514970100,peripheral,0.9,4,0.341868,"Периферия: 1 вход./1 исх. контрагентов, вход 379 966 KZT, выход 31 000 KZT — ниже порогов ролей",peripheral
100000008258458100,peripheral,0.9,63,0.442385,"Периферия: 1 вход./2 исх. контрагентов, вход 19 000 KZT, выход 1 557 988 KZT — ниже порогов ролей",peripheral
100000003484058100,peripheral,0.9,14,0.372856,"Периферия: 1 вход./1 исх. контрагентов, вход 110 000 KZT, выход 6 000 KZT — ниже порогов ролей",peripheral
100000003574895100,peripheral,0.9,0,0.369182,"Периферия: 1 вход./1 исх. контрагентов, вход 27 968 KZT, выход 20 000 KZT — ниже порогов ролей",peripheral
100000000896111100,peripheral,0.9,22,0.185606,"Периферия: 1 вход./0 исх. контрагентов, вход 287 100 KZT, выход 0 KZT — ниже порогов ролей",peripheral
100000008715887100,peripheral,0.9,1,0.149451,"Периферия: 1 вход./0 исх. контрагентов, вход 18 000 KZT, выход 0 KZT — ниже порогов ролей",peripheral
100000000560751100,peripheral,0.9,13,0.153739,"Периферия: 1 вход./0 исх. контрагентов, вход 25 000 KZT, выход 0 KZT — ниже порогов ролей",peripheral
100000008708207100,terminal,0.775,6,0.264498,"Признаки конечного получателя: колено 3, получил 465 000 KZT от 2 плательщ., исходящих ≥5 000 KZT нет (порог входа 300 000)",terminal
100000003152964100,peripheral,0.9,4,0.375149,"Периферия: 1 вход./1 исх. контрагентов, вход 141 847 KZT, выход 5 500 KZT — ниже порогов ролей",peripheral
100000004991812100,peripheral,0.9,21,0.141778,"Периферия: 1 вход./0 исх. контрагентов, вход 10 000 KZT, выход 0 KZT — ниже порогов ролей",peripheral
100000000291908100,peripheral,0.9,49,0.395943,"Периферия: 1 вход./1 исх. контрагентов, вход 295 500 KZT, выход 13 300 KZT — ниже порогов ролей",peripheral
100000003132484100,peripheral,0.9,8,0.170462,"Периферия: 1 вход./0 исх. контрагентов, вход 90 000 KZT, выход 0 KZT — ниже порогов ролей",peripheral
100000004077081100,peripheral,0.8,2,0.498079,"Периферия: 1 вход./4 исх. контрагентов, вход 140 000 KZT, выход 615 000 KZT — ниже порогов ролей",peripheral
100000004770073100,transit,0.9979,0,0.437561,"Признаки транзита: получил 5 462 KZT, отправил 5 467 KZT (pass-through 1.00, коридор 0.8–1.2), 1→1 контрагентов",transit
100000003163886100,terminal,0.8333,55,0.252849,"Признаки конечного получателя: колено 3, получил 500 000 KZT от 1 плательщ., исходящих ≥5 000 KZT нет (порог входа 300 000)",terminal
100000000795374100,peripheral,0.9,4,0.162788,"Периферия: 1 вход./0 исх. контрагентов, вход 50 000 KZT, выход 0 KZT — ниже порогов ролей",peripheral
100000002391278100,peripheral,0.9,9,0.298955,"Периферия: 1 вход./1 исх. контрагентов, вход 30 000 KZT, выход 52 700 KZT — ниже порогов ролей",peripheral
100000004635886100,peripheral,0.9,3,0.152651,"Периферия: 1 вход./0 исх. контрагентов, вход 23 000 KZT, выход 0 KZT — ниже порогов ролей",peripheral
100000000413678100,peripheral,0.8,4,0.495465,"Периферия: 2 вход./3 исх. контрагентов, вход 306 500 KZT, выход 528 198 KZT — ниже порогов ролей",peripheral
100000008659950100,peripheral,0.9,6,0.183589,"Периферия: 1 вход./0 исх. контрагентов, вход 246 000 KZT, выход 0 KZT — ниже порогов ролей",peripheral
100000003964910100,terminal,1.0,16,0.274494,"Признаки конечного получателя: колено 3, получил 1 000 000 KZT от 2 плательщ., исходящих ≥5 000 KZT нет (порог входа 300 000)",terminal
100000008764654100,peripheral,0.9,1,0.154326,"Периферия: 1 вход./0 исх. контрагентов, вход 26 150 KZT, выход 0 KZT — ниже порогов ролей",peripheral
100000005830339100,peripheral,0.5,2,0.434219,"Периферия: 5 вход./1 исх. контрагентов, вход 476 341 KZT, выход 339 251 KZT — ниже порогов ролей",peripheral
100000002032323100,peripheral,0.9,28,0.447422,"Периферия: 1 вход./1 исх. контрагентов, вход 300 000 KZT, выход 1 050 000 KZT — ниже порогов ролей",peripheral
100000008668099100,peripheral,0.9,1,0.147666,"Периферия: 1 вход./0 исх. контрагентов, вход 15 700 KZT, выход 0 KZT — ниже порогов ролей",peripheral
100000008634520100,peripheral,0.9,6,0.170462,"Периферия: 1 вход./0 исх. контрагентов, вход 90 000 KZT, выход 0 KZT — ниже порогов ролей",peripheral
100000002103448100,peripheral,0.9,1,0.154744,"Периферия: 1 вход./0 исх. контрагентов, вход 27 000 KZT, выход 0 KZT — ниже порогов ролей",peripheral
100000005996909100,peripheral,0.9,15,0.133974,"Периферия: 1 вход./0 исх. контрагентов, вход 5 500 KZT, выход 0 KZT — ниже порогов ролей",peripheral
100000007392365100,peripheral,0.7,40,0.482463,"Периферия: 1 вход./6 исх. контрагентов, вход 9 613 KZT, выход 1 765 600 KZT — ниже порогов ролей",peripheral
100000008279405100,peripheral,0.9,4,0.182977,"Периферия: 1 вход./0 исх. контрагентов, вход 234 738 KZT, выход 0 KZT — ниже порогов ролей",peripheral
100000008343874100,peripheral,0.8,4,0.46484,"Периферия: 2 вход./2 исх. контрагентов, вход 283 535 KZT, выход 176 400 KZT — ниже порогов ролей",peripheral
100000002548759100,terminal,0.625,6,0.261689,"Признаки конечного получателя: колено 3, получил 375 000 KZT от 2 плательщ., исходящих ≥5 000 KZT нет (порог входа 300 000)",terminal
100000003069463100,peripheral,0.9,26,0.356818,"Периферия: 1 вход./1 исх. контрагентов, вход 11 500 KZT, выход 17 920 KZT — ниже порогов ролей",peripheral
100000008474391100,peripheral,0.9,21,0.150826,"Периферия: 1 вход./0 исх. контрагентов, вход 20 000 KZT, выход 0 KZT — ниже порогов ролей",peripheral
100000003097324100,peripheral,0.8,17,0.198513,"Периферия: 2 вход./0 исх. контрагентов, вход 294 000 KZT, выход 0 KZT — ниже порогов ролей",peripheral
100000001852140100,peripheral,0.9,59,0.15612,"Периферия: 1 вход./0 исх. контрагентов, вход 30 000 KZT, выход 0 KZT — ниже порогов ролей",peripheral
100000003293377100,peripheral,0.9,5,0.162788,"Периферия: 1 вход./0 исх. контрагентов, вход 50 000 KZT, выход 0 KZT — ниже порогов ролей",peripheral
100000006048193100,peripheral,0.9,0,0.160374,"Периферия: 1 вход./0 исх. контрагентов, вход 41 559 KZT, выход 0 KZT — ниже порогов ролей",peripheral
100000002435265100,peripheral,0.9,0,0.175524,"Периферия: 1 вход./0 исх. контрагентов, вход 132 628 KZT, выход 0 KZT — ниже порогов ролей",peripheral
100000004587414100,terminal,0.8893,5,0.266294,"Признаки конечного получателя: колено 3, получил 533 603 KZT от 2 плательщ., исходящих ≥5 000 KZT нет (порог входа 300 000)",terminal
100000001726614100,peripheral,0.9,0,0.17611,"Периферия: 1 вход./0 исх. контрагентов, вход 138 717 KZT, выход 0 KZT — ниже порогов ролей",peripheral
100000003934614100,peripheral,0.8,33,0.287933,"Периферия: 2 вход./1 исх. контрагентов, вход 17 000 KZT, выход 11 500 KZT — ниже порогов ролей",peripheral
100000008772246100,peripheral,0.9,1,0.161267,"Периферия: 1 вход./0 исх. контрагентов, вход 44 500 KZT, выход 0 KZT — ниже порогов ролей",peripheral
100000002603371100,peripheral,0.9,0,0.14083,"Периферия: 1 вход./0 исх. контрагентов, вход 9 300 KZT, выход 0 KZT — ниже порогов ролей",peripheral
100000004445291100,peripheral,0.9,25,0.150496,"Периферия: 1 вход./0 исх. контрагентов, вход 19 500 KZT, выход 0 KZT — ниже порогов ролей",peripheral
100000008571243100,peripheral,0.9,7,0.175658,"Периферия: 1 вход./0 исх. контрагентов, вход 134 000 KZT, выход 0 KZT — ниже порогов ролей",peripheral
100000001138283100,peripheral,0.9,4,0.402248,"Периферия: 1 вход./2 исх. контрагентов, вход 81 805 KZT, выход 50 000 KZT — ниже порогов ролей",peripheral
100000002593344100,terminal,0.7183,6,0.263506,"Признаки конечного получателя: колено 3, получил 431 000 KZT от 2 плательщ., исходящих ≥5 000 KZT нет (порог входа 300 000)",terminal
100000007390016100,peripheral,0.9,69,0.358188,"Периферия: 1 вход./1 исх. контрагентов, вход 511 000 KZT, выход 346 500 KZT — ниже порогов ролей",peripheral
100000001285440100,peripheral,0.8,17,0.196025,"Периферия: 2 вход./0 исх. контрагентов, вход 243 000 KZT, выход 0 KZT — ниже порогов ролей",peripheral
100000006746688100,peripheral,0.9,1,0.160197,"Периферия: 1 вход./0 исх. контрагентов, вход 41 000 KZT, выход 0 KZT — ниже порогов ролей",peripheral
100000006471232100,peripheral,0.9,1,0.16045,"Периферия: 1 вход./0 исх. контрагентов, вход 41 800 KZT, выход 0 KZT — ниже порогов ролей",peripheral
100000008662805100,peripheral,0.9,1,0.148315,"Периферия: 1 вход./0 исх. контрагентов, вход 16 500 KZT, выход 0 KZT — ниже порогов ролей",peripheral
100000004292885100,peripheral,0.9,1,0.173398,"Периферия: 1 вход./0 исх. контрагентов, вход 112 700 KZT, выход 0 KZT — ниже порогов ролей",peripheral
100000008190442100,peripheral,0.9,1,0.145203,"Периферия: 1 вход./0 исх. контрагентов, вход 13 000 KZT, выход 0 KZT — ниже порогов ролей",peripheral
100000007131370100,transit,1.0,15,0.397307,"Признаки транзита: получил 30 000 KZT, отправил 30 000 KZT (pass-through 1.00, коридор 0.8–1.2), 1→1 контрагентов",transit
100000008717802100,peripheral,0.9,1,0.154326,"Периферия: 1 вход./0 исх. контрагентов, вход 26 150 KZT, выход 0 KZT — ниже порогов ролей",peripheral
100000005357034100,peripheral,0.9,0,0.141453,"Периферия: 1 вход./0 исх. контрагентов, вход 9 754 KZT, выход 0 KZT — ниже порогов ролей",peripheral
100000005532138100,peripheral,0.9,8,0.153763,"Периферия: 1 вход./0 исх. контрагентов, вход 25 046 KZT, выход 0 KZT — ниже порогов ролей",peripheral
100000005264874100,peripheral,0.9,36,0.328124,"Периферия: 1 вход./2 исх. контрагентов, вход 30 000 KZT, выход 78 000 KZT — ниже порогов ролей",peripheral
100000008193258100,peripheral,0.9,16,0.386843,"Периферия: 1 вход./1 исх. контрагентов, вход 75 000 KZT, выход 30 000 KZT — ниже порогов ролей",peripheral
100000003190207100,peripheral,0.9,19,0.383675,"Периферия: 1 вход./1 исх. контрагентов, вход 5 000 KZT, выход 377 000 KZT — ниже порогов ролей",peripheral
100000004321983100,peripheral,0.9,9,0.313644,"Периферия: 1 вход./2 исх. контрагентов, вход 10 840 KZT, выход 36 200 KZT — ниже порогов ролей",peripheral
100000002633108100,terminal,0.5333,14,0.247022,"Признаки конечного получателя: колено 3, получил 320 000 KZT от 1 плательщ., исходящих ≥5 000 KZT нет (порог входа 300 000)",terminal
100000005941908100,peripheral,0.9,14,0.141778,"Периферия: 1 вход./0 исх. контрагентов, вход 10 000 KZT, выход 0 KZT — ниже порогов ролей",peripheral
100000001835625100,peripheral,0.9,5,0.168104,"Периферия: 1 вход./0 исх. контрагентов, вход 75 130 KZT, выход 0 KZT — ниже порогов ролей",peripheral
100000008671081100,peripheral,0.9,1,0.158928,"Периферия: 1 вход./0 исх. контрагентов, вход 37 200 KZT, выход 0 KZT — ниже порогов ролей",peripheral
100000002908521100,peripheral,0.9,1,0.161267,"Периферия: 1 вход./0 исх. контрагентов, вход 44 500 KZT, выход 0 KZT — ниже порогов ролей",peripheral
100000000749118100,peripheral,0.9,0,0.35391,"Периферия: 1 вход./1 исх. контрагентов, вход 10 330 KZT, выход 16 500 KZT — ниже порогов ролей",peripheral
100000008652094100,peripheral,0.9,0,0.158132,"Периферия: 1 вход./0 исх. контрагентов, вход 35 000 KZT, выход 0 KZT — ниже порогов ролей",peripheral
100000007647294100,terminal,0.6417,34,0.249437,"Признаки конечного получателя: колено 3, получил 385 000 KZT от 1 плательщ., исходящих ≥5 000 KZT нет (порог входа 300 000)",terminal
100000003270419100,peripheral,0.9,13,0.177131,"Периферия: 1 вход./0 исх. контрагентов, вход 150 000 KZT, выход 0 KZT — ниже порогов ролей",peripheral
100000003050771100,peripheral,0.9,13,0.182654,"Периферия: 1 вход./0 исх. контрагентов, вход 229 000 KZT, выход 0 KZT — ниже порогов ролей",peripheral
100000008427027100,terminal,0.5,2,0.24618,"Признаки конечного получателя: колено 3, получил 300 000 KZT от 1 плательщ., исходящих ≥5 000 KZT нет (порог входа 300 000)",terminal
100000004291560100,peripheral,0.9,0,0.162033,"Периферия: 1 вход./0 исх. контрагентов, вход 47 190 KZT, выход 0 KZT — ниже порогов ролей",peripheral
100000003594472100,peripheral,0.9,31,0.150826,"Периферия: 1 вход./0 исх. контрагентов, вход 20 000 KZT, выход 0 KZT — ниже порогов ролей",peripheral
100000002575080100,transit,0.9038,15,0.459431,"Признаки транзита: получил 13 000 KZT, отправил 12 500 KZT (pass-through 0.96, коридор 0.8–1.2), 1→1 контрагентов",transit
100000008038077100,terminal,0.8331,5,0.252845,"Признаки конечного получателя: колено 3, получил 499 850 KZT от 1 плательщ., исходящих ≥5 000 KZT нет (порог входа 300 000)",terminal
100000003899325100,peripheral,0.9,4,0.16282,"Периферия: 1 вход./0 исх. контрагентов, вход 50 120 KZT, выход 0 KZT — ниже порогов ролей",peripheral
100000001155773100,peripheral,0.9,1,0.15177,"Периферия: 1 вход./0 исх. контрагентов, вход 21 500 KZT, выход 0 KZT — ниже порогов ролей",peripheral
100000000611474100,peripheral,0.9,21,0.156962,"Периферия: 1 вход./0 исх. контрагентов, вход 32 000 KZT, выход 0 KZT — ниже порогов ролей",peripheral
100000006704530100,transit,0.8751,26,0.590966,"Признаки транзита: получил 450 500 KZT, отправил 428 000 KZT (pass-through 0.95, коридор 0.8–1.2), 1→3 контрагентов",transit
100000003996562100,peripheral,0.9,24,0.138366,"Периферия: 1 вход./0 исх. контрагентов, вход 7 700 KZT, выход 0 KZT — ниже порогов ролей",peripheral
100000002646887100,peripheral,0.9,28,0.153398,"Периферия: 1 вход./0 исх. контрагентов, вход 24 354 KZT, выход 0 KZT — ниже порогов ролей",peripheral
100000002556775100,terminal,0.5,5,0.24618,"Признаки конечного получателя: колено 3, получил 300 000 KZT от 1 плательщ., исходящих ≥5 000 KZT нет (порог входа 300 000)",terminal
100000002722108100,terminal,1.0,12,0.258985,"Признаки конечного получателя: колено 3, получил 800 000 KZT от 1 плательщ., исходящих ≥5 000 KZT нет (порог входа 300 000)",terminal
100000002737980100,peripheral,0.9,3,0.157324,"Периферия: 1 вход./0 исх. контрагентов, вход 32 900 KZT, выход 0 KZT — ниже порогов ролей",peripheral
100000002913340100,peripheral,0.9,1,0.152987,"Периферия: 1 вход./0 исх. контрагентов, вход 23 600 KZT, выход 0 KZT — ниже порогов ролей",peripheral
100000003610172100,peripheral,0.9,5,0.167181,"Периферия: 1 вход./0 исх. контрагентов, вход 70 000 KZT, выход 0 KZT — ниже порогов ролей",peripheral
100000001052945100,peripheral,0.85,57,0.473842,"Периферия: 1 вход./3 исх. контрагентов, вход 56 520 KZT, выход 1 595 700 KZT — ниже порогов ролей",peripheral
100000002369510100,peripheral,0.9,1,0.15891,"Периферия: 1 вход./0 исх. контрагентов, вход 37 150 KZT, выход 0 KZT — ниже порогов ролей",peripheral
100000001954534100,peripheral,0.9,0,0.367892,"Периферия: 1 вход./1 исх. контрагентов, вход 13 000 KZT, выход 40 000 KZT — ниже порогов ролей",peripheral
100000008488166100,peripheral,0.9,1,0.134209,"Периферия: 1 вход./0 исх. контрагентов, вход 5 600 KZT, выход 0 KZT — ниже порогов ролей",peripheral
100000005100475100,peripheral,0.9,9,0.159875,"Периферия: 1 вход./0 исх. контрагентов, вход 40 000 KZT, выход 0 KZT — ниже порогов ролей",peripheral
100000002708624100,peripheral,0.9,25,0.153739,"Периферия: 1 вход./0 исх. контрагентов, вход 25 000 KZT, выход 0 KZT — ниже порогов ролей",peripheral
100000004591973100,peripheral,0.9,11,0.376313,"Периферия: 1 вход./1 исх. контрагентов, вход 10 000 KZT, выход 100 000 KZT — ниже порогов ролей",peripheral
100000000802149100,peripheral,0.9,0,0.172365,"Периферия: 1 вход./0 исх. контрагентов, вход 104 128 KZT, выход 0 KZT — ниже порогов ролей",peripheral
100000003095610100,peripheral,0.9,7,0.153023,"Периферия: 1 вход./0 исх. контрагентов, вход 23 665 KZT, выход 0 KZT — ниже порогов ролей",peripheral
100000004183610100,peripheral,0.9,13,0.411689,"Периферия: 1 вход./1 исх. контрагентов, вход 22 000 KZT, выход 915 000 KZT — ниже порогов ролей",peripheral
100000005198906100,peripheral,0.9,5,0.409535,"Периферия: 1 вход./1 исх. контрагентов, вход 227 970 KZT, выход 60 000 KZT — ниже порогов ролей",peripheral
100000008599354100,peripheral,0.9,0,0.364436,"Периферия: 1 вход./1 исх. контрагентов, вход 177 000 KZT, выход 38 200 KZT — ниже порогов ролей",peripheral
100000001303311100,consolidator,0.5,17,0.374692,"Признаки консолидации: 1 324 000 KZT от 5 плательщ. (5 переводов), дальше ушло 0.00 полученного (порог <0.5)",consolidator
100000008776420100,peripheral,0.9,1,0.167087,"Периферия: 1 вход./0 исх. контрагентов, вход 69 500 KZT, выход 0 KZT — ниже порогов ролей",peripheral
100000004737764100,terminal,1.0,2,0.255229,"Признаки конечного получателя: колено 3, получил 600 000 KZT от 1 плательщ., исходящих ≥5 000 KZT нет (порог входа 300 000)",terminal
100000003154105100,peripheral,0.65,20,0.494968,"Периферия: 1 вход./7 исх. контрагентов, вход 60 000 KZT, выход 338 000 KZT — ниже порогов ролей",peripheral
100000008708025100,peripheral,0.9,27,0.141778,"Периферия: 1 вход./0 исх. контрагентов, вход 10 000 KZT, выход 0 KZT — ниже порогов ролей",peripheral
100000008740793100,peripheral,0.9,1,0.151463,"Периферия: 1 вход./0 исх. контрагентов, вход 21 000 KZT, выход 0 KZT — ниже порогов ролей",peripheral
100000008459449100,peripheral,0.9,0,0.16372,"Периферия: 1 вход./0 исх. контрагентов, вход 53 700 KZT, выход 0 KZT — ниже порогов ролей",peripheral
100000008677518100,peripheral,0.9,1,0.162444,"Периферия: 1 вход./0 исх. контрагентов, вход 48 700 KZT, выход 0 KZT — ниже порогов ролей",peripheral
100000002212494100,peripheral,0.9,31,0.177973,"Периферия: 1 вход./0 исх. контрагентов, вход 160 000 KZT, выход 0 KZT — ниже порогов ролей",peripheral
100000001825934100,peripheral,0.9,36,0.328817,"Периферия: 1 вход./1 исх. контрагентов, вход 40 000 KZT, выход 97 000 KZT — ниже порогов ролей",peripheral
100000003736419100,peripheral,0.9,0,0.35862,"Периферия: 1 вход./1 исх. контрагентов, вход 23 300 KZT, выход 10 000 KZT — ниже порогов ролей",peripheral
100000008430691100,peripheral,0.9,51,0.414077,"Периферия: 1 вход./2 исх. контрагентов, вход 20 000 KZT, выход 604 900 KZT — ниже порогов ролей",peripheral
100000003073635100,peripheral,0.9,4,0.175185,"Периферия: 1 вход./0 исх. контрагентов, вход 129 231 KZT, выход 0 KZT — ниже порогов ролей",peripheral
100000001686328100,peripheral,0.9,6,0.17623,"Периферия: 1 вход./0 исх. контрагентов, вход 140 000 KZT, выход 0 KZT — ниже порогов ролей",peripheral
100000008707810100,peripheral,0.9,1,0.154351,"Периферия: 1 вход./0 исх. контрагентов, вход 26 200 KZT, выход 0 KZT — ниже порогов ролей",peripheral
100000001236706100,peripheral,0.7,13,0.446335,"Периферия: 3 вход./2 исх. контрагентов, вход 142 700 KZT, выход 36 000 KZT — ниже порогов ролей",peripheral
100000008536546100,peripheral,0.8,17,0.196396,"Периферия: 2 вход./0 исх. контрагентов, вход 250 000 KZT, выход 0 KZT — ниже порогов ролей",peripheral
100000007140834100,peripheral,0.9,9,0.142036,"Периферия: 1 вход./0 исх. контрагентов, вход 10 200 KZT, выход 0 KZT — ниже порогов ролей",peripheral
100000007022818100,peripheral,0.9,1,0.148857,"Периферия: 1 вход./0 исх. контрагентов, вход 17 200 KZT, выход 0 KZT — ниже порогов ролей",peripheral
100000007484343100,peripheral,0.8,0,0.167223,"Периферия: 2 вход./0 исх. контрагентов, вход 26 757 KZT, выход 0 KZT — ниже порогов ролей",peripheral
100000001379511100,peripheral,0.9,28,0.164033,"Периферия: 1 вход./0 исх. контрагентов, вход 55 000 KZT, выход 0 KZT — ниже порогов ролей",peripheral
100000004569484100,peripheral,0.8,7,0.577025,"Периферия: 2 вход./4 исх. контрагентов, вход 98 312 KZT, выход 156 000 KZT — ниже порогов ролей",peripheral
100000002948492100,peripheral,0.9,14,0.15302,"Периферия: 1 вход./0 исх. контрагентов, вход 23 660 KZT, выход 0 KZT — ниже порогов ролей",peripheral
100000002116705100,peripheral,0.9,1,0.149158,"Периферия: 1 вход./0 исх. контрагентов, вход 17 600 KZT, выход 0 KZT — ниже порогов ролей",peripheral
100000002481974100,peripheral,0.8,4,0.456731,"Периферия: 2 вход./2 исх. контрагентов, вход 89 447 KZT, выход 318 000 KZT — ниже порогов ролей",peripheral
100000003920950100,terminal,0.5388,8,0.247156,"Признаки конечного получателя: колено 3, получил 323 290 KZT от 1 плательщ., исходящих ≥5 000 KZT нет (порог входа 300 000)",terminal
100000000733451100,peripheral,0.9,13,0.419556,"Периферия: 1 вход./1 исх. контрагентов, вход 70 000 KZT, выход 300 000 KZT — ниже порогов ролей",peripheral
100000005182219100,peripheral,0.8,5,0.176629,"Периферия: 2 вход./0 исх. контрагентов, вход 55 000 KZT, выход 0 KZT — ниже порогов ролей",peripheral
100000008633099100,peripheral,0.9,8,0.359815,"Периферия: 1 вход./1 исх. контрагентов, вход 19 468 KZT, выход 13 500 KZT — ниже порогов ролей",peripheral
100000001380107100,peripheral,0.9,55,0.13511,"Периферия: 1 вход./0 исх. контрагентов, вход 6 000 KZT, выход 0 KZT — ниже порогов ролей",peripheral
100000008755168100,peripheral,0.9,1,0.149158,"Периферия: 1 вход./0 исх. контрагентов, вход 17 600 KZT, выход 0 KZT — ниже порогов ролей",peripheral
100000002628576100,peripheral,0.8,5,0.490053,"Периферия: 2 вход./2 исх. контрагентов, вход 727 882 KZT, выход 539 000 KZT — ниже порогов ролей",peripheral
100000001611488100,terminal,1.0,5,0.271239,"Признаки конечного получателя: колено 3, получил 779 300 KZT от 2 плательщ., исходящих ≥5 000 KZT нет (порог входа 300 000)",terminal
100000005375968100,peripheral,0.9,0,0.436821,"Периферия: 1 вход./2 исх. контрагентов, вход 170 082 KZT, выход 86 000 KZT — ниже порогов ролей",peripheral
100000003581109100,peripheral,0.9,0,0.160743,"Периферия: 1 вход./0 исх. контрагентов, вход 42 750 KZT, выход 0 KZT — ниже порогов ролей",peripheral
100000002933386100,peripheral,0.9,2,0.374666,"Периферия: 1 вход./1 исх. контрагентов, вход 15 000 KZT, выход 58 000 KZT — ниже порогов ролей",peripheral
100000002284426100,peripheral,0.9,5,0.170462,"Периферия: 1 вход./0 исх. контрагентов, вход 90 000 KZT, выход 0 KZT — ниже порогов ролей",peripheral
100000008579978100,peripheral,0.9,5,0.387636,"Периферия: 1 вход./1 исх. контрагентов, вход 34 000 KZT, выход 77 000 KZT — ниже порогов ролей",peripheral
100000001549194100,peripheral,0.9,14,0.161841,"Периферия: 1 вход./0 исх. контрагентов, вход 46 500 KZT, выход 0 KZT — ниже порогов ролей",peripheral
100000001427082100,peripheral,0.75,20,0.428977,"Периферия: 1 вход./5 исх. контрагентов, вход 5 000 KZT, выход 124 900 KZT — ниже порогов ролей",peripheral
100000004657034100,peripheral,0.9,5,0.176346,"Периферия: 1 вход./0 исх. контрагентов, вход 141 250 KZT, выход 0 KZT — ниже порогов ролей",peripheral
100000003796063100,distributor,0.75,5,0.69312,"Признаки распределения: 959 150 KZT на 15 получат. (23 переводов, в среднем 41 702 KZT)",distributor
100000005268319100,peripheral,0.75,0,0.42529,"Периферия: 1 вход./5 исх. контрагентов, вход 19 713 KZT, выход 91 000 KZT — ниже порогов ролей",peripheral
100000008744799100,peripheral,0.9,1,0.144795,"Периферия: 1 вход./0 исх. контрагентов, вход 12 600 KZT, выход 0 KZT — ниже порогов ролей",peripheral
100000008677215100,peripheral,0.9,21,0.140402,"Периферия: 1 вход./0 исх. контрагентов, вход 9 000 KZT, выход 0 KZT — ниже порогов ролей",peripheral
100000007593823100,coordinator,0.5,0,0.701498,"Признаки координатора: 3 плательщ. → 13 получат., betweenness 0.0007 (порог 0.0008), в цикле ≤5; вход 25 000 KZT",coordinator
100000001282143100,consolidator,0.5,12,0.377956,"Признаки консолидации: 1 700 000 KZT от 5 плательщ. (6 переводов), дальше ушло 0.00 полученного (порог <0.5)",consolidator
100000008029279100,peripheral,0.9,4,0.148705,"Периферия: 1 вход./0 исх. контрагентов, вход 17 000 KZT, выход 0 KZT — ниже порогов ролей",peripheral
100000000594783100,peripheral,0.9,22,0.378433,"Периферия: 1 вход./2 исх. контрагентов, вход 2 635 000 KZT, выход 152 500 KZT — ниже порогов ролей",peripheral
100000002705460100,peripheral,0.9,3,0.171168,"Периферия: 1 вход./0 исх. контрагентов, вход 95 000 KZT, выход 0 KZT — ниже порогов ролей",peripheral
100000002952756100,peripheral,0.9,7,0.16198,"Периферия: 1 вход./0 исх. контрагентов, вход 47 000 KZT, выход 0 KZT — ниже порогов ролей",peripheral
100000004634420100,peripheral,0.9,1,0.154326,"Периферия: 1 вход./0 исх. контрагентов, вход 26 150 KZT, выход 0 KZT — ниже порогов ролей",peripheral
100000000583220100,peripheral,0.9,66,0.390178,"Периферия: 1 вход./1 исх. контрагентов, вход 5 000 KZT, выход 761 255 KZT — ниже порогов ролей",peripheral
100000003286537100,peripheral,0.8,6,0.189986,"Периферия: 2 вход./0 исх. контрагентов, вход 153 000 KZT, выход 0 KZT — ниже порогов ролей",peripheral
100000002958345100,terminal,0.5117,12,0.246481,"Признаки конечного получателя: колено 3, получил 307 000 KZT от 1 плательщ., исходящих ≥5 000 KZT нет (порог входа 300 000)",terminal
100000005055454100,peripheral,0.9,29,0.136155,"Периферия: 1 вход./0 исх. контрагентов, вход 6 500 KZT, выход 0 KZT — ниже порогов ролей",peripheral
100000008738526100,peripheral,0.9,17,0.386819,"Периферия: 1 вход./1 исх. контрагентов, вход 15 000 KZT, выход 140 000 KZT — ниже порогов ролей",peripheral
100000001298099100,peripheral,0.9,7,0.150157,"Периферия: 1 вход./0 исх. контрагентов, вход 19 000 KZT, выход 0 KZT — ниже порогов ролей",peripheral
100000006491272100,peripheral,0.9,1,0.154351,"Периферия: 1 вход./0 исх. контрагентов, вход 26 200 KZT, выход 0 KZT — ниже порогов ролей",peripheral
100000000552584100,peripheral,0.9,22,0.357724,"Периферия: 1 вход./1 исх. контрагентов, вход 2 500 000 KZT, выход 57 500 KZT — ниже порогов ролей",peripheral
100000005187208100,peripheral,0.9,5,0.146318,"Периферия: 1 вход./0 исх. контрагентов, вход 14 160 KZT, выход 0 KZT — ниже порогов ролей",peripheral
100000003528285100,peripheral,0.6,2,0.522826,"Периферия: 4 вход./4 исх. контрагентов, вход 118 870 KZT, выход 548 000 KZT — ниже порогов ролей",peripheral
100000001484381100,peripheral,0.8,7,0.183844,"Периферия: 2 вход./0 исх. контрагентов, вход 95 585 KZT, выход 0 KZT — ниже порогов ролей",peripheral
100000002508637100,peripheral,0.9,4,0.323079,"Периферия: 1 вход./1 исх. контрагентов, вход 306 410 KZT, выход 8 000 KZT — ниже порогов ролей",peripheral
100000003149149100,peripheral,0.9,5,0.183536,"Периферия: 1 вход./0 исх. контрагентов, вход 245 000 KZT, выход 0 KZT — ниже порогов ролей",peripheral
100000001538095100,peripheral,0.8,12,0.197876,"Периферия: 2 вход./0 исх. контрагентов, вход 280 000 KZT, выход 0 KZT — ниже порогов ролей",peripheral
100000008695133100,peripheral,0.9,1,0.158719,"Периферия: 1 вход./0 исх. контрагентов, вход 36 610 KZT, выход 0 KZT — ниже порогов ролей",peripheral
100000008749405100,peripheral,0.9,1,0.15891,"Периферия: 1 вход./0 исх. контрагентов, вход 37 150 KZT, выход 0 KZT — ниже порогов ролей",peripheral
100000005815602100,peripheral,0.9,3,0.389969,"Периферия: 1 вход./1 исх. контрагентов, вход 20 000 KZT, выход 165 000 KZT — ниже порогов ролей",peripheral
100000006641671100,transit,0.6591,4,0.454894,"Признаки транзита: получил 22 000 KZT, отправил 25 000 KZT (pass-through 1.14, коридор 0.8–1.2), 2→1 контрагентов",transit
100000002945031100,peripheral,0.9,13,0.147071,"Периферия: 1 вход./0 исх. контрагентов, вход 15 000 KZT, выход 0 KZT — ниже порогов ролей",peripheral
100000003497735100,peripheral,0.9,18,0.17475,"Периферия: 1 вход./0 исх. контрагентов, вход 125 000 KZT, выход 0 KZT — ниже порогов ролей",peripheral
100000004644615100,peripheral,0.9,7,0.35916,"Периферия: 1 вход./2 исх. контрагентов, вход 50 810 KZT, выход 379 665 KZT — ниже порогов ролей",peripheral
100000002755292100,peripheral,0.9,5,0.181106,"Периферия: 1 вход./0 исх. контрагентов, вход 203 400 KZT, выход 0 KZT — ниже порогов ролей",peripheral
100000005142492100,peripheral,0.9,9,0.285538,"Периферия: 1 вход./1 исх. контрагентов, вход 10 000 KZT, выход 57 000 KZT — ниже порогов ролей",peripheral
100000002893020100,peripheral,0.9,7,0.149695,"Периферия: 1 вход./0 исх. контрагентов, вход 18 340 KZT, выход 0 KZT — ниже порогов ролей",peripheral
100000004500444100,peripheral,0.8,14,0.421789,"Периферия: 2 вход./1 исх. контрагентов, вход 180 000 KZT, выход 74 000 KZT — ниже порогов ролей",peripheral
100000008454065100,peripheral,0.9,14,0.153234,"Периферия: 1 вход./0 исх. контрагентов, вход 24 050 KZT, выход 0 KZT — ниже порогов ролей",peripheral
100000008416433100,peripheral,0.9,14,0.150826,"Периферия: 1 вход./0 исх. контрагентов, вход 20 000 KZT, выход 0 KZT — ниже порогов ролей",peripheral
100000005265073100,peripheral,0.9,19,0.339608,"Периферия: 1 вход./1 исх. контрагентов, вход 5 000 KZT, выход 9 000 KZT — ниже порогов ролей",peripheral
100000006734214100,consolidator,0.5,5,0.630116,"Признаки консолидации: 610 000 KZT от 5 плательщ. (10 переводов), дальше ушло 0.06 полученного (порог <0.5)",consolidator
100000002611334100,peripheral,0.9,0,0.373304,"Периферия: 1 вход./1 исх. контрагентов, вход 48 288 KZT, выход 15 500 KZT — ниже порогов ролей",peripheral
100000006225798100,peripheral,0.7,16,0.463251,"Периферия: 3 вход./2 исх. контрагентов, вход 722 000 KZT, выход 26 300 KZT — ниже порогов ролей",peripheral
100000002849158100,peripheral,0.7,6,0.487006,"Периферия: 3 вход./1 исх. контрагентов, вход 723 000 KZT, выход 1 313 000 KZT — ниже порогов ролей",peripheral
100000008686214100,peripheral,0.9,4,0.153739,"Периферия: 1 вход./0 исх. контрагентов, вход 25 000 KZT, выход 0 KZT — ниже порогов ролей",peripheral
100000004931931100,peripheral,0.9,0,0.376718,"Периферия: 1 вход./1 исх. контрагентов, вход 23 938 KZT, выход 45 000 KZT — ниже порогов ролей",peripheral
100000007510875100,peripheral,0.9,8,0.13273,"Периферия: 1 вход./0 исх. контрагентов, вход 5 000 KZT, выход 0 KZT — ниже порогов ролей",peripheral
100000005233755100,peripheral,0.9,16,0.351363,"Периферия: 1 вход./1 исх. контрагентов, вход 25 000 KZT, выход 5 000 KZT — ниже порогов ролей",peripheral
100000008042075100,peripheral,0.9,22,0.13273,"Периферия: 1 вход./0 исх. контрагентов, вход 5 000 KZT, выход 0 KZT — ниже порогов ролей",peripheral
100000001680944100,terminal,0.655,17,0.249705,"Признаки конечного получателя: колено 3, получил 393 000 KZT от 1 плательщ., исходящих ≥5 000 KZT нет (порог входа 300 000)",terminal
100000008417029100,peripheral,0.9,6,0.171837,"Периферия: 1 вход./0 исх. контрагентов, вход 100 000 KZT, выход 0 KZT — ниже порогов ролей",peripheral
100000004975919100,peripheral,0.9,4,0.389724,"Периферия: 1 вход./2 исх. контрагентов, вход 22 351 KZT, выход 15 000 KZT — ниже порогов ролей",peripheral
100000003087877100,peripheral,0.9,4,0.170676,"Периферия: 1 вход./0 исх. контрагентов, вход 91 486 KZT, выход 0 KZT — ниже порогов ролей",peripheral
100000008295429100,terminal,0.5867,5,0.248267,"Признаки конечного получателя: колено 3, получил 352 000 KZT от 1 плательщ., исходящих ≥5 000 KZT нет (порог входа 300 000)",terminal
100000003254277100,transit,0.7864,0,0.491122,"Признаки транзита: получил 49 200 KZT, отправил 44 997 KZT (pass-through 0.91, коридор 0.8–1.2), 1→1 контрагентов",transit
100000005314565100,peripheral,0.9,0,0.182041,"Периферия: 1 вход./0 исх. контрагентов, вход 218 500 KZT, выход 0 KZT — ниже порогов ролей",peripheral
100000002951898100,peripheral,0.9,14,0.159872,"Периферия: 1 вход./0 исх. контрагентов, вход 39 990 KZT, выход 0 KZT — ниже порогов ролей",peripheral
100000001009583100,terminal,0.6562,5,0.24973,"Признаки конечного получателя: колено 3, получил 393 740 KZT от 1 плательщ., исходящих ≥5 000 KZT нет (порог входа 300 000)",terminal
100000004064431100,peripheral,0.9,23,0.296386,"Периферия: 1 вход./1 исх. контрагентов, вход 26 000 KZT, выход 10 000 KZT — ниже порогов ролей",peripheral
100000001927599100,peripheral,0.8,7,0.192675,"Периферия: 2 вход./0 исх. контрагентов, вход 188 000 KZT, выход 0 KZT — ниже порогов ролей",peripheral
100000007737775100,peripheral,0.9,10,0.13511,"Периферия: 1 вход./0 исх. контрагентов, вход 6 000 KZT, выход 0 KZT — ниже порогов ролей",peripheral
100000003157679100,terminal,0.9017,6,0.282344,"Признаки конечного получателя: колено 3, получил 541 000 KZT от 4 плательщ., исходящих ≥5 000 KZT нет (порог входа 300 000)",terminal
100000001229743100,peripheral,0.9,0,0.341679,"Периферия: 1 вход./1 исх. контрагентов, вход 7 000 KZT, выход 9 000 KZT — ниже порогов ролей",peripheral
100000003795588100,terminal,0.6667,0,0.249936,"Признаки конечного получателя: колено 3, получил 400 000 KZT от 1 плательщ., исходящих ≥5 000 KZT нет (порог входа 300 000)",terminal
100000002301828100,peripheral,0.9,16,0.161974,"Периферия: 1 вход./0 исх. контрагентов, вход 46 977 KZT, выход 0 KZT — ниже порогов ролей",peripheral
100000005409156100,peripheral,0.8,5,0.196912,"Периферия: 2 вход./0 исх. контрагентов, вход 260 080 KZT, выход 0 KZT — ниже порогов ролей",peripheral
100000002513028100,peripheral,0.85,60,0.433422,"Периферия: 1 вход./3 исх. контрагентов, вход 9 500 KZT, выход 332 709 KZT — ниже порогов ролей",peripheral
100000003218308100,peripheral,0.9,0,0.143216,"Периферия: 1 вход./0 исх. контрагентов, вход 11 165 KZT, выход 0 KZT — ниже порогов ролей",peripheral
100000008489604100,peripheral,0.9,1,0.143022,"Периферия: 1 вход./0 исх. контрагентов, вход 11 000 KZT, выход 0 KZT — ниже порогов ролей",peripheral
100000004450649100,peripheral,0.8,5,0.478531,"Периферия: 2 вход./2 исх. контрагентов, вход 192 528 KZT, выход 46 527 KZT — ниже порогов ролей",peripheral
100000008767065100,peripheral,0.9,17,0.141778,"Периферия: 1 вход./0 исх. контрагентов, вход 10 000 KZT, выход 0 KZT — ниже порогов ролей",peripheral
100000003035737100,peripheral,0.8,5,0.412529,"Периферия: 2 вход./1 исх. контрагентов, вход 809 170 KZT, выход 6 545 KZT — ниже порогов ролей",peripheral
100000002748761100,terminal,1.0,12,0.258932,"Признаки конечного получателя: колено 3, получил 796 800 KZT от 1 плательщ., исходящих ≥5 000 KZT нет (порог входа 300 000)",terminal
100000008432942100,peripheral,0.9,0,0.161279,"Периферия: 1 вход./0 исх. контрагентов, вход 44 542 KZT, выход 0 KZT — ниже порогов ролей",peripheral
100000004278574100,peripheral,0.9,5,0.362172,"Периферия: 1 вход./1 исх. контрагентов, вход 25 000 KZT, выход 12 500 KZT — ниже порогов ролей",peripheral
100000000926766100,peripheral,0.9,25,0.267184,"Периферия: 1 вход./1 исх. контрагентов, вход 18 750 KZT, выход 6 000 KZT — ниже порогов ролей",peripheral
100000008661550100,peripheral,0.9,1,0.152537,"Периферия: 1 вход./0 исх. контрагентов, вход 22 800 KZT, выход 0 KZT — ниже порогов ролей",peripheral
100000000783406100,peripheral,0.9,34,0.135253,"Периферия: 1 вход./0 исх. контрагентов, вход 6 066 KZT, выход 0 KZT — ниже порогов ролей",peripheral
100000008730371100,terminal,0.8667,0,0.265957,"Признаки конечного получателя: колено 3, получил 520 000 KZT от 2 плательщ., исходящих ≥5 000 KZT нет (порог входа 300 000)",terminal
100000002878467100,peripheral,0.8,6,0.193483,"Периферия: 2 вход./0 исх. контрагентов, вход 200 000 KZT, выход 0 KZT — ниже порогов ролей",peripheral
100000003171587100,peripheral,0.8,5,0.487187,"Периферия: 2 вход./2 исх. контрагентов, вход 700 000 KZT, выход 431 300 KZT — ниже порогов ролей",peripheral
100000002696152100,peripheral,0.9,10,0.391866,"Периферия: 1 вход./2 исх. контрагентов, вход 21 800 KZT, выход 69 000 KZT — ниже порогов ролей",peripheral
100000002109656100,terminal,0.8333,12,0.252849,"Признаки конечного получателя: колено 3, получил 500 000 KZT от 1 плательщ., исходящих ≥5 000 KZT нет (порог входа 300 000)",terminal
100000001317336100,peripheral,0.9,31,0.470077,"Периферия: 1 вход./2 исх. контрагентов, вход 131 196 KZT, выход 1 752 000 KZT — ниже порогов ролей",peripheral
100000005222360100,peripheral,0.9,14,0.475153,"Периферия: 1 вход./1 исх. контрагентов, вход 5 000 KZT, выход 27 000 KZT — ниже порогов ролей",peripheral
100000001445848100,peripheral,0.9,34,0.359233,"Периферия: 1 вход./1 исх. контрагентов, вход 546 000 KZT, выход 351 850 KZT — ниже порогов ролей",peripheral
100000008720856100,peripheral,0.9,5,0.373865,"Периферия: 1 вход./1 исх. контрагентов, вход 18 105 KZT, выход 46 000 KZT — ниже порогов ролей",peripheral
100000002448088100,peripheral,0.7,20,0.391043,"Периферия: 3 вход./1 исх. контрагентов, вход 20 000 KZT, выход 25 000 KZT — ниже порогов ролей",peripheral
100000003109805100,peripheral,0.9,16,0.158832,"Периферия: 1 вход./0 исх. контрагентов, вход 36 929 KZT, выход 0 KZT — ниже порогов ролей",peripheral
100000008223661100,peripheral,0.75,6,0.537429,"Периферия: 2 вход./5 исх. контрагентов, вход 202 000 KZT, выход 262 580 KZT — ниже порогов ролей",peripheral
100000004096559100,peripheral,0.9,8,0.161756,"Периферия: 1 вход./0 исх. контрагентов, вход 46 200 KZT, выход 0 KZT — ниже порогов ролей",peripheral
100000002257794100,peripheral,0.9,23,0.177474,"Периферия: 1 вход./0 исх. контрагентов, вход 154 000 KZT, выход 0 KZT — ниже порогов ролей",peripheral
100000003112578100,peripheral,0.9,12,0.171978,"Периферия: 1 вход./0 исх. контрагентов, вход 101 080 KZT, выход 0 KZT — ниже порогов ролей",peripheral
100000007020162100,peripheral,0.9,14,0.169928,"Периферия: 1 вход./0 исх. контрагентов, вход 86 395 KZT, выход 0 KZT — ниже порогов ролей",peripheral
100000001934935100,peripheral,0.9,0,0.174101,"Периферия: 1 вход./0 исх. контрагентов, вход 118 935 KZT, выход 0 KZT — ниже порогов ролей",peripheral
100000002663511100,peripheral,0.9,0,0.184753,"Периферия: 1 вход./0 исх. контрагентов, вход 268 940 KZT, выход 0 KZT — ниже порогов ролей",peripheral
100000003338583100,peripheral,0.9,23,0.15193,"Периферия: 1 вход./0 исх. контрагентов, вход 21 765 KZT, выход 0 KZT — ниже порогов ролей",peripheral
100000002904919100,peripheral,0.9,0,0.363987,"Периферия: 1 вход./1 исх. контрагентов, вход 60 325 KZT, выход 5 500 KZT — ниже порогов ролей",peripheral
100000005127767100,peripheral,0.9,37,0.137122,"Периферия: 1 вход./0 исх. контрагентов, вход 7 000 KZT, выход 0 KZT — ниже порогов ролей",peripheral
100000004066647100,peripheral,0.9,18,0.163047,"Периферия: 1 вход./0 исх. контрагентов, вход 51 000 KZT, выход 0 KZT — ниже порогов ролей",peripheral
100000002394199100,peripheral,0.9,8,0.332432,"Периферия: 1 вход./1 исх. контрагентов, вход 277 398 KZT, выход 76 777 KZT — ниже порогов ролей",peripheral
100000003968044100,peripheral,0.85,4,0.453527,"Периферия: 1 вход./3 исх. контрагентов, вход 40 000 KZT, выход 311 000 KZT — ниже порогов ролей",peripheral
100000001808684100,peripheral,0.9,9,0.301247,"Периферия: 1 вход./1 исх. контрагентов, вход 48 400 KZT, выход 37 700 KZT — ниже порогов ролей",peripheral
100000008097580100,peripheral,0.8,4,0.169559,"Периферия: 2 вход./0 исх. контрагентов, вход 32 000 KZT, выход 0 KZT — ниже порогов ролей",peripheral
100000008687617100,peripheral,0.9,1,0.160925,"Периферия: 1 вход./0 исх. контрагентов, вход 43 350 KZT, выход 0 KZT — ниже порогов ролей",peripheral
100000005667841100,peripheral,0.8,6,0.192535,"Периферия: 2 вход./0 исх. контрагентов, вход 186 000 KZT, выход 0 KZT — ниже порогов ролей",peripheral
100000001329153100,peripheral,0.9,0,0.17719,"Периферия: 1 вход./0 исх. контрагентов, вход 150 687 KZT, выход 0 KZT — ниже порогов ролей",peripheral
100000007689942100,peripheral,0.9,18,0.358651,"Периферия: 1 вход./2 исх. контрагентов, вход 5 000 KZT, выход 25 000 KZT — ниже порогов ролей",peripheral
100000006476758100,peripheral,0.9,10,0.133242,"Периферия: 1 вход./0 исх. контрагентов, вход 5 200 KZT, выход 0 KZT — ниже порогов ролей",peripheral
100000002184107100,peripheral,0.9,34,0.135253,"Периферия: 1 вход./0 исх. контрагентов, вход 6 066 KZT, выход 0 KZT — ниже порогов ролей",peripheral
100000008663723100,peripheral,0.9,1,0.147583,"Периферия: 1 вход./0 исх. контрагентов, вход 15 600 KZT, выход 0 KZT — ниже порогов ролей",peripheral
100000000254336100,peripheral,0.8,0,0.411,"Периферия: 2 вход./1 исх. контрагентов, вход 97 177 KZT, выход 60 000 KZT — ниже порогов ролей",peripheral
100000008750464100,peripheral,0.9,1,0.139656,"Периферия: 1 вход./0 исх. контрагентов, вход 8 500 KZT, выход 0 KZT — ниже порогов ролей",peripheral
100000001530709100,peripheral,0.9,0,0.163784,"Периферия: 1 вход./0 исх. контрагентов, вход 53 961 KZT, выход 0 KZT — ниже порогов ролей",peripheral
100000000656682100,transit,0.6831,0,0.529563,"Признаки транзита: получил 71 000 KZT, отправил 80 000 KZT (pass-through 1.13, коридор 0.8–1.2), 1→2 контрагентов",transit
100000008755754100,peripheral,0.9,12,0.137122,"Периферия: 1 вход./0 исх. контрагентов, вход 7 000 KZT, выход 0 KZT — ниже порогов ролей",peripheral
100000002691583100,peripheral,0.9,26,0.185519,"Периферия: 1 вход./0 исх. контрагентов, вход 285 200 KZT, выход 0 KZT — ниже порогов ролей",peripheral
100000005241556100,peripheral,0.9,17,0.171837,"Периферия: 1 вход./0 исх. контрагентов, вход 100 000 KZT, выход 0 KZT — ниже порогов ролей",peripheral
100000004713684100,peripheral,0.9,0,0.159033,"Периферия: 1 вход./0 исх. контрагентов, вход 37 500 KZT, выход 0 KZT — ниже порогов ролей",peripheral
100000006919124100,peripheral,0.9,0,0.153739,"Периферия: 1 вход./0 исх. контрагентов, вход 25 000 KZT, выход 0 KZT — ниже порогов ролей",peripheral
100000003006633100,peripheral,0.9,34,0.141778,"Периферия: 1 вход./0 исх. контрагентов, вход 10 000 KZT, выход 0 KZT — ниже порогов ролей",peripheral
100000008306857100,peripheral,0.9,12,0.17475,"Периферия: 1 вход./0 исх. контрагентов, вход 125 000 KZT, выход 0 KZT — ниже порогов ролей",peripheral
100000003671721100,peripheral,0.9,7,0.13273,"Периферия: 1 вход./0 исх. контрагентов, вход 5 000 KZT, выход 0 KZT — ниже порогов ролей",peripheral
100000002613929100,peripheral,0.9,8,0.155477,"Периферия: 1 вход./0 исх. контрагентов, вход 28 560 KZT, выход 0 KZT — ниже порогов ролей",peripheral
100000008669310100,peripheral,0.9,0,0.165074,"Периферия: 1 вход./0 исх. контрагентов, вход 59 567 KZT, выход 0 KZT — ниже порогов ролей",peripheral
100000006573438100,peripheral,0.9,41,0.13273,"Периферия: 1 вход./0 исх. контрагентов, вход 5 000 KZT, выход 0 KZT — ниже порогов ролей",peripheral
100000006165886100,peripheral,0.8,0,0.353872,"Периферия: 2 вход./1 исх. контрагентов, вход 184 481 KZT, выход 75 000 KZT — ниже порогов ролей",peripheral
100000008491390100,peripheral,0.9,0,0.1585,"Периферия: 1 вход./0 исх. контрагентов, вход 36 000 KZT, выход 0 KZT — ниже порогов ролей",peripheral
100000005186131100,transit,1.0,0,0.452578,"Признаки транзита: получил 10 000 KZT, отправил 10 000 KZT (pass-through 1.00, коридор 0.8–1.2), 1→1 контрагентов",transit
100000001550419100,peripheral,0.9,14,0.152651,"Периферия: 1 вход./0 исх. контрагентов, вход 23 000 KZT, выход 0 KZT — ниже порогов ролей",peripheral
100000004979283100,peripheral,0.9,7,0.159918,"Периферия: 1 вход./0 исх. контрагентов, вход 40 132 KZT, выход 0 KZT — ниже порогов ролей",peripheral
100000002537811100,peripheral,0.9,10,0.382182,"Периферия: 1 вход./1 исх. контрагентов, вход 52 000 KZT, выход 15 000 KZT — ниже порогов ролей",peripheral
100000002990675100,peripheral,0.9,5,0.163083,"Периферия: 1 вход./0 исх. контрагентов, вход 51 143 KZT, выход 0 KZT — ниже порогов ролей",peripheral
100000008763688100,peripheral,0.9,1,0.151463,"Периферия: 1 вход./0 исх. контрагентов, вход 21 000 KZT, выход 0 KZT — ниже порогов ролей",peripheral
100000002809896100,peripheral,0.9,7,0.159206,"Периферия: 1 вход./0 исх. контрагентов, вход 38 000 KZT, выход 0 KZT — ниже порогов ролей",peripheral
100000008716072100,peripheral,0.9,1,0.144266,"Периферия: 1 вход./0 исх. контрагентов, вход 12 100 KZT, выход 0 KZT — ниже порогов ролей",peripheral
100000001279272100,peripheral,0.9,0,0.503064,"Периферия: 1 вход./2 исх. контрагентов, вход 250 000 KZT, выход 136 758 KZT — ниже порогов ролей",peripheral
100000001714173100,terminal,1.0,17,0.256049,"Признаки конечного получателя: колено 3, получил 638 905 KZT от 1 плательщ., исходящих ≥5 000 KZT нет (порог входа 300 000)",terminal
100000008729597100,peripheral,0.9,4,0.169419,"Периферия: 1 вход./0 исх. контрагентов, вход 83 090 KZT, выход 0 KZT — ниже порогов ролей",peripheral
100000002255058100,terminal,0.8192,2,0.252625,"Признаки конечного получателя: колено 3, получил 491 500 KZT от 1 плательщ., исходящих ≥5 000 KZT нет (порог входа 300 000)",terminal
100000006111442100,peripheral,0.9,6,0.166011,"Периферия: 1 вход./0 исх. контрагентов, вход 64 000 KZT, выход 0 KZT — ниже порогов ролей",peripheral
100000008686247100,peripheral,0.9,22,0.26712,"Периферия: 1 вход./1 исх. контрагентов, вход 22 000 KZT, выход 5 000 KZT — ниже порогов ролей",peripheral
100000001893287100,peripheral,0.9,9,0.304838,"Периферия: 1 вход./1 исх. контрагентов, вход 18 000 KZT, выход 152 700 KZT — ниже порогов ролей",peripheral
100000005172860100,peripheral,0.9,0,0.147252,"Периферия: 1 вход./0 исх. контрагентов, вход 15 209 KZT, выход 0 KZT — ниже порогов ролей",peripheral
100000001788284100,peripheral,0.75,25,0.437806,"Периферия: 1 вход./5 исх. контрагентов, вход 8 000 KZT, выход 296 700 KZT — ниже порогов ролей",peripheral
100000008755580100,peripheral,0.9,1,0.147913,"Периферия: 1 вход./0 исх. контрагентов, вход 16 000 KZT, выход 0 KZT — ниже порогов ролей",peripheral
100000003896956100,peripheral,0.9,3,0.359296,"Периферия: 1 вход./1 исх. контрагентов, вход 10 000 KZT, выход 27 000 KZT — ниже порогов ролей",peripheral
100000002475601100,peripheral,0.9,4,0.182841,"Периферия: 1 вход./0 исх. контрагентов, вход 232 301 KZT, выход 0 KZT — ниже порогов ролей",peripheral
100000008619857100,peripheral,0.9,0,0.318377,"Периферия: 1 вход./2 исх. контрагентов, вход 29 000 KZT, выход 13 000 KZT — ниже порогов ролей",peripheral
100000001373265100,peripheral,0.9,4,0.374083,"Периферия: 1 вход./1 исх. контрагентов, вход 142 482 KZT, выход 5 000 KZT — ниже порогов ролей",peripheral
100000004185681100,peripheral,0.9,2,0.141778,"Периферия: 1 вход./0 исх. контрагентов, вход 10 000 KZT, выход 0 KZT — ниже порогов ролей",peripheral
100000003031633100,terminal,0.69,6,0.250385,"Признаки конечного получателя: колено 3, получил 414 000 KZT от 1 плательщ., исходящих ≥5 000 KZT нет (порог входа 300 000)",terminal
100000002632742100,peripheral,0.8,6,0.195616,"Периферия: 2 вход./0 исх. контрагентов, вход 235 500 KZT, выход 0 KZT — ниже порогов ролей",peripheral
100000005847078100,peripheral,0.9,1,0.148156,"Периферия: 1 вход./0 исх. контрагентов, вход 16 300 KZT, выход 0 KZT — ниже порогов ролей",peripheral
100000002807334100,peripheral,0.9,5,0.163965,"Периферия: 1 вход./0 исх. контрагентов, вход 54 715 KZT, выход 0 KZT — ниже порогов ролей",peripheral
100000008748795100,peripheral,0.9,0,0.161996,"Периферия: 1 вход./0 исх. контрагентов, вход 47 057 KZT, выход 0 KZT — ниже порогов ролей",peripheral
100000003899899100,peripheral,0.8,3,0.400706,"Периферия: 2 вход./1 исх. контрагентов, вход 218 500 KZT, выход 10 000 KZT — ниже порогов ролей",peripheral
100000002308091100,peripheral,0.9,12,0.179989,"Периферия: 1 вход./0 исх. контрагентов, вход 186 720 KZT, выход 0 KZT — ниже порогов ролей",peripheral
100000008680912100,peripheral,0.9,24,0.278627,"Периферия: 1 вход./1 исх. контрагентов, вход 45 112 KZT, выход 5 991 KZT — ниже порогов ролей",peripheral
100000008742053100,distributor,0.6,12,0.622697,"Признаки распределения: 2 789 000 KZT на 12 получат. (12 переводов, в среднем 232 417 KZT)",distributor
100000008473765100,peripheral,0.9,4,0.15612,"Периферия: 1 вход./0 исх. контрагентов, вход 30 000 KZT, выход 0 KZT — ниже порогов ролей",peripheral
100000007472293100,peripheral,0.85,46,0.419222,"Периферия: 1 вход./3 исх. контрагентов, вход 5 000 KZT, выход 345 900 KZT — ниже порогов ролей",peripheral
100000008753061100,peripheral,0.9,1,0.155404,"Периферия: 1 вход./0 исх. контрагентов, вход 28 400 KZT, выход 0 KZT — ниже порогов ролей",peripheral
100000008501413100,transit,0.95,10,0.438154,"Признаки транзита: получил 5 000 KZT, отправил 5 100 KZT (pass-through 1.02, коридор 0.8–1.2), 1→1 контрагентов",transit
100000002748581100,peripheral,0.9,14,0.160255,"Периферия: 1 вход./0 исх. контрагентов, вход 41 180 KZT, выход 0 KZT — ниже порогов ролей",peripheral
100000001384826100,peripheral,0.9,5,0.394514,"Периферия: 1 вход./1 исх. контрагентов, вход 364 260 KZT, выход 10 000 KZT — ниже порогов ролей",peripheral
100000004099450100,peripheral,0.9,0,0.156548,"Периферия: 1 вход./0 исх. контрагентов, вход 31 000 KZT, выход 0 KZT — ниже порогов ролей",peripheral
100000002926970100,peripheral,0.9,7,0.169716,"Периферия: 1 вход./0 исх. контрагентов, вход 85 000 KZT, выход 0 KZT — ниже порогов ролей",peripheral
100000002753146100,terminal,1.0,12,0.259042,"Признаки конечного получателя: колено 3, получил 803 540 KZT от 1 плательщ., исходящих ≥5 000 KZT нет (порог входа 300 000)",terminal
100000003943247100,peripheral,0.9,0,0.159875,"Периферия: 1 вход./0 исх. контрагентов, вход 40 000 KZT, выход 0 KZT — ниже порогов ролей",peripheral
100000002872399100,terminal,1.0,48,0.263023,"Признаки конечного получателя: колено 3, получил 1 090 000 KZT от 1 плательщ., исходящих ≥5 000 KZT нет (порог входа 300 000)",terminal
100000008417359100,peripheral,0.9,16,0.320249,"Периферия: 1 вход./2 исх. контрагентов, вход 40 810 KZT, выход 110 760 KZT — ниже порогов ролей",peripheral
100000002614095100,peripheral,0.9,1,0.133491,"Периферия: 1 вход./0 исх. контрагентов, вход 5 300 KZT, выход 0 KZT — ниже порогов ролей",peripheral
100000004717647100,peripheral,0.75,44,0.516211,"Периферия: 1 вход./5 исх. контрагентов, вход 300 000 KZT, выход 2 240 000 KZT — ниже порогов ролей",peripheral
100000008537380100,peripheral,0.9,1,0.138865,"Периферия: 1 вход./0 исх. контрагентов, вход 8 000 KZT, выход 0 KZT — ниже порогов ролей",peripheral
100000001534244100,peripheral,0.8,6,0.427971,"Периферия: 2 вход./1 исх. контрагентов, вход 366 000 KZT, выход 45 000 KZT — ниже порогов ролей",peripheral
100000008767950100,peripheral,0.9,1,0.148971,"Периферия: 1 вход./0 исх. контрагентов, вход 17 350 KZT, выход 0 KZT — ниже порогов ролей",peripheral
100000004613582100,peripheral,0.9,8,0.264519,"Периферия: 1 вход./1 исх. контрагентов, вход 5 000 KZT, выход 9 500 KZT — ниже порогов ролей",peripheral
100000008121806100,peripheral,0.8,4,0.529936,"Периферия: 1 вход./4 исх. контрагентов, вход 67 000 KZT, выход 248 509 KZT — ниже порогов ролей",peripheral
100000002369443100,peripheral,0.9,1,0.162788,"Периферия: 1 вход./0 исх. контрагентов, вход 50 000 KZT, выход 0 KZT — ниже порогов ролей",peripheral
100000008655779100,peripheral,0.9,27,0.416932,"Периферия: 1 вход./2 исх. контрагентов, вход 47 000 KZT, выход 24 704 KZT — ниже порогов ролей",peripheral
100000008561016100,transit,0.9306,6,0.528736,"Признаки транзита: получил 180 000 KZT, отправил 185 000 KZT (pass-through 1.03, коридор 0.8–1.2), 1→1 контрагентов",transit
100000002727288100,peripheral,0.9,15,0.147913,"Периферия: 1 вход./0 исх. контрагентов, вход 16 000 KZT, выход 0 KZT — ниже порогов ролей",peripheral
100000001270349100,peripheral,0.9,9,0.180886,"Периферия: 1 вход./0 исх. контрагентов, вход 200 000 KZT, выход 0 KZT — ниже порогов ролей",peripheral
100000004722765100,peripheral,0.85,24,0.496676,"Периферия: 1 вход./3 исх. контрагентов, вход 230 000 KZT, выход 2 284 500 KZT — ниже порогов ролей",peripheral
100000001677389100,peripheral,0.9,16,0.341553,"Периферия: 1 вход./1 исх. контрагентов, вход 11 000 KZT, выход 5 400 KZT — ниже порогов ролей",peripheral
100000005857058100,peripheral,0.7,0,0.190494,"Периферия: 3 вход./0 исх. контрагентов, вход 80 222 KZT, выход 0 KZT — ниже порогов ролей",peripheral
100000008760098100,peripheral,0.9,17,0.361692,"Периферия: 1 вход./1 исх. контрагентов, вход 7 000 KZT, выход 390 000 KZT — ниже порогов ролей",peripheral
100000002838519100,peripheral,0.9,14,0.161953,"Периферия: 1 вход./0 исх. контрагентов, вход 46 900 KZT, выход 0 KZT — ниже порогов ролей",peripheral
100000002597623100,peripheral,0.9,0,0.14825,"Периферия: 1 вход./0 исх. контрагентов, вход 16 418 KZT, выход 0 KZT — ниже порогов ролей",peripheral
100000003635660100,peripheral,0.9,0,0.150146,"Периферия: 1 вход./0 исх. контрагентов, вход 18 985 KZT, выход 0 KZT — ниже порогов ролей",peripheral
100000008676812100,peripheral,0.9,18,0.182756,"Периферия: 1 вход./0 исх. контрагентов, вход 230 800 KZT, выход 0 KZT — ниже порогов ролей",peripheral
100000003213473100,distributor,0.55,0,0.612232,"Признаки распределения: 240 000 KZT на 11 получат. (12 переводов, в среднем 20 000 KZT)",distributor
100000003071649100,peripheral,0.9,6,0.180182,"Периферия: 1 вход./0 исх. контрагентов, вход 189 500 KZT, выход 0 KZT — ниже порогов ролей",peripheral
100000002433697100,transit,0.6154,5,0.514354,"Признаки транзита: получил 130 000 KZT, отправил 110 000 KZT (pass-through 0.85, коридор 0.8–1.2), 1→1 контрагентов",transit
100000008612257100,peripheral,0.9,16,0.141108,"Периферия: 1 вход./0 исх. контрагентов, вход 9 500 KZT, выход 0 KZT — ниже порогов ролей",peripheral
100000002736033100,peripheral,0.9,16,0.36488,"Периферия: 1 вход./1 исх. контрагентов, вход 34 530 KZT, выход 11 000 KZT — ниже порогов ролей",peripheral
100000008687990100,peripheral,0.9,1,0.149158,"Периферия: 1 вход./0 исх. контрагентов, вход 17 600 KZT, выход 0 KZT — ниже порогов ролей",peripheral
100000008776310100,peripheral,0.9,1,0.150293,"Периферия: 1 вход./0 исх. контрагентов, вход 19 200 KZT, выход 0 KZT — ниже порогов ролей",peripheral
100000007267915100,peripheral,0.8,16,0.314288,"Периферия: 2 вход./1 исх. контрагентов, вход 21 000 KZT, выход 10 000 KZT — ниже порогов ролей",peripheral
100000004217419100,peripheral,0.8,4,0.389601,"Периферия: 2 вход./1 исх. контрагентов, вход 118 200 KZT, выход 7 700 KZT — ниже порогов ролей",peripheral
100000002773323100,peripheral,0.8,6,0.462921,"Периферия: 2 вход./1 исх. контрагентов, вход 285 000 KZT, выход 1 171 644 KZT — ниже порогов ролей",peripheral
100000002528544100,peripheral,0.9,4,0.180415,"Периферия: 1 вход./0 исх. контрагентов, вход 192 912 KZT, выход 0 KZT — ниже порогов ролей",peripheral
100000003760160100,peripheral,0.9,5,0.172408,"Периферия: 1 вход./0 исх. контрагентов, вход 104 470 KZT, выход 0 KZT — ниже порогов ролей",peripheral
100000000640800100,peripheral,0.8,4,0.494867,"Периферия: 1 вход./4 исх. контрагентов, вход 80 000 KZT, выход 518 135 KZT — ниже порогов ролей",peripheral
100000008238112100,peripheral,0.9,5,0.180217,"Периферия: 1 вход./0 исх. контрагентов, вход 190 000 KZT, выход 0 KZT — ниже порогов ролей",peripheral
100000008751349100,peripheral,0.9,26,0.143749,"Периферия: 1 вход./0 исх. контрагентов, вход 11 630 KZT, выход 0 KZT — ниже порогов ролей",peripheral
100000002963189100,peripheral,0.65,14,0.541212,"Периферия: 1 вход./7 исх. контрагентов, вход 490 000 KZT, выход 5 219 000 KZT — ниже порогов ролей",peripheral
100000008548853100,peripheral,0.9,1,0.14617,"Периферия: 1 вход./0 исх. контрагентов, вход 14 000 KZT, выход 0 KZT — ниже порогов ролей",peripheral
100000003164661100,terminal,0.9937,29,0.255146,"Признаки конечного получателя: колено 3, получил 596 200 KZT от 1 плательщ., исходящих ≥5 000 KZT нет (порог входа 300 000)",terminal
100000000791285100,peripheral,0.85,26,0.491607,"Периферия: 1 вход./3 исх. контрагентов, вход 1 120 000 KZT, выход 650 000 KZT — ниже порогов ролей",peripheral
100000003192309100,peripheral,0.9,1,0.332066,"Периферия: 1 вход./1 исх. контрагентов, вход 17 200 KZT, выход 213 000 KZT — ниже порогов ролей",peripheral
100000002891765100,peripheral,0.9,14,0.164169,"Периферия: 1 вход./0 исх. контрагентов, вход 55 576 KZT, выход 0 KZT — ниже порогов ролей",peripheral
100000001740277100,peripheral,0.9,8,0.255009,"Периферия: 1 вход./1 исх. контрагентов, вход 8 700 KZT, выход 5 000 KZT — ниже порогов ролей",peripheral
100000002232266100,peripheral,0.9,4,0.161413,"Периферия: 1 вход./0 исх. контрагентов, вход 45 000 KZT, выход 0 KZT — ниже порогов ролей",peripheral
100000006701983100,peripheral,0.9,1,0.154744,"Периферия: 1 вход./0 исх. контрагентов, вход 27 000 KZT, выход 0 KZT — ниже порогов ролей",peripheral
100000002871199100,peripheral,0.9,14,0.152756,"Периферия: 1 вход./0 исх. контрагентов, вход 23 186 KZT, выход 0 KZT — ниже порогов ролей",peripheral
100000002757791100,peripheral,0.9,9,0.167738,"Периферия: 1 вход./0 исх. контрагентов, вход 73 050 KZT, выход 0 KZT — ниже порогов ролей",peripheral
100000000572276100,peripheral,0.9,1,0.307025,"Периферия: 1 вход./1 исх. контрагентов, вход 13 075 KZT, выход 34 547 KZT — ниже порогов ролей",peripheral
100000001853812100,peripheral,0.9,4,0.167181,"Периферия: 1 вход./0 исх. контрагентов, вход 70 000 KZT, выход 0 KZT — ниже порогов ролей",peripheral
100000004726132100,peripheral,0.9,0,0.404284,"Периферия: 1 вход./1 исх. контрагентов, вход 349 000 KZT, выход 24 000 KZT — ниже порогов ролей",peripheral
100000001785161100,peripheral,0.8,30,0.168716,"Периферия: 2 вход./0 исх. контрагентов, вход 30 000 KZT, выход 0 KZT — ниже порогов ролей",peripheral
100000002612809100,peripheral,0.85,36,0.348698,"Периферия: 1 вход./3 исх. контрагентов, вход 30 000 KZT, выход 114 000 KZT — ниже порогов ролей",peripheral
100000008769097100,peripheral,0.9,1,0.15659,"Периферия: 1 вход./0 исх. контрагентов, вход 31 100 KZT, выход 0 KZT — ниже порогов ролей",peripheral
100000004488265100,peripheral,0.9,4,0.159457,"Периферия: 1 вход./0 исх. контрагентов, вход 38 740 KZT, выход 0 KZT — ниже порогов ролей",peripheral
100000002509598100,terminal,0.5092,12,0.246419,"Признаки конечного получателя: колено 3, получил 305 550 KZT от 1 плательщ., исходящих ≥5 000 KZT нет (порог входа 300 000)",terminal
100000008706846100,peripheral,0.9,1,0.146355,"Периферия: 1 вход./0 исх. контрагентов, вход 14 200 KZT, выход 0 KZT — ниже порогов ролей",peripheral
100000001280798100,peripheral,0.9,7,0.153089,"Периферия: 1 вход./0 исх. контрагентов, вход 23 785 KZT, выход 0 KZT — ниже порогов ролей",peripheral
100000006664478100,transit,0.7727,9,0.443427,"Признаки транзита: получил 55 000 KZT, отправил 60 000 KZT (pass-through 1.09, коридор 0.8–1.2), 1→2 контрагентов",transit
100000003781406100,peripheral,0.9,11,0.161413,"Периферия: 1 вход./0 исх. контрагентов, вход 45 000 KZT, выход 0 KZT — ниже порогов ролей",peripheral
100000008708595100,peripheral,0.9,1,0.148857,"Периферия: 1 вход./0 исх. контрагентов, вход 17 200 KZT, выход 0 KZT — ниже порогов ролей",peripheral
100000004611571100,peripheral,0.9,0,0.152393,"Периферия: 1 вход./0 исх. контрагентов, вход 22 550 KZT, выход 0 KZT — ниже порогов ролей",peripheral
100000008576243100,peripheral,0.8,0,0.181989,"Периферия: 2 вход./0 исх. контрагентов, вход 82 920 KZT, выход 0 KZT — ниже порогов ролей",peripheral
100000008662216100,peripheral,0.9,1,0.154351,"Периферия: 1 вход./0 исх. контрагентов, вход 26 200 KZT, выход 0 KZT — ниже порогов ролей",peripheral
100000002681544100,peripheral,0.8,8,0.191056,"Периферия: 2 вход./0 исх. контрагентов, вход 166 072 KZT, выход 0 KZT — ниже порогов ролей",peripheral
100000007864477100,peripheral,0.7,0,0.485021,"Периферия: 2 вход./6 исх. контрагентов, вход 76 000 KZT, выход 203 500 KZT — ниже порогов ролей",peripheral
100000004746397100,peripheral,0.9,5,0.480597,"Периферия: 1 вход./1 исх. контрагентов, вход 219 520 KZT, выход 7 500 KZT — ниже порогов ролей",peripheral
100000003814002100,peripheral,0.9,5,0.15612,"Периферия: 1 вход./0 исх. контрагентов, вход 30 000 KZT, выход 0 KZT — ниже порогов ролей",peripheral
100000003962994100,peripheral,0.9,37,0.141778,"Периферия: 1 вход./0 исх. контрагентов, вход 10 000 KZT, выход 0 KZT — ниже порогов ролей",peripheral
100000003366471100,peripheral,0.8,4,0.41399,"Периферия: 2 вход./1 исх. контрагентов, вход 329 789 KZT, выход 20 000 KZT — ниже порогов ролей",peripheral
100000003561031100,peripheral,0.9,4,0.343124,"Периферия: 1 вход./1 исх. контрагентов, вход 13 300 KZT, выход 5 000 KZT — ниже порогов ролей",peripheral
100000001690439100,peripheral,0.9,5,0.146355,"Периферия: 1 вход./0 исх. контрагентов, вход 14 200 KZT, выход 0 KZT — ниже порогов ролей",peripheral
100000002954780100,peripheral,0.9,6,0.1756,"Периферия: 1 вход./0 исх. контрагентов, вход 133 400 KZT, выход 0 KZT — ниже порогов ролей",peripheral
100000008720668100,peripheral,0.9,1,0.147913,"Периферия: 1 вход./0 исх. контрагентов, вход 16 000 KZT, выход 0 KZT — ниже порогов ролей",peripheral
100000002459164100,peripheral,0.9,0,0.150826,"Периферия: 1 вход./0 исх. контрагентов, вход 20 000 KZT, выход 0 KZT — ниже порогов ролей",peripheral
100000005082652100,peripheral,0.9,8,0.15612,"Периферия: 1 вход./0 исх. контрагентов, вход 30 000 KZT, выход 0 KZT — ниже порогов ролей",peripheral
100000005041905100,peripheral,0.9,1,0.311202,"Периферия: 1 вход./1 исх. контрагентов, вход 5 000 KZT, выход 1 080 351 KZT — ниже порогов ролей",peripheral
100000008653041100,peripheral,0.9,1,0.155219,"Периферия: 1 вход./0 исх. контрагентов, вход 28 000 KZT, выход 0 KZT — ниже порогов ролей",peripheral
100000008722417100,peripheral,0.85,5,0.487563,"Периферия: 1 вход./3 исх. контрагентов, вход 331 900 KZT, выход 720 000 KZT — ниже порогов ролей",peripheral
100000008625905100,peripheral,0.9,58,0.463196,"Периферия: 1 вход./2 исх. контрагентов, вход 197 800 KZT, выход 635 000 KZT — ниже порогов ролей",peripheral
100000007487729100,peripheral,0.9,0,0.153739,"Периферия: 1 вход./0 исх. контрагентов, вход 25 000 KZT, выход 0 KZT — ниже порогов ролей",peripheral
100000000838385100,peripheral,0.9,27,0.442632,"Периферия: 1 вход./2 исх. контрагентов, вход 436 900 KZT, выход 177 500 KZT — ниже порогов ролей",peripheral
100000004750321100,peripheral,0.8,7,0.175433,"Периферия: 2 вход./0 исх. контрагентов, вход 50 185 KZT, выход 0 KZT — ниже порогов ролей",peripheral
100000008664774100,peripheral,0.9,1,0.148156,"Периферия: 1 вход./0 исх. контрагентов, вход 16 300 KZT, выход 0 KZT — ниже порогов ролей",peripheral
100000006274203100,peripheral,0.8,18,0.491757,"Периферия: 2 вход./3 исх. контрагентов, вход 3 417 512 KZT, выход 72 000 KZT — ниже порогов ролей",peripheral
100000002185328100,peripheral,0.8,20,0.423271,"Периферия: 1 вход./4 исх. контрагентов, вход 15 000 KZT, выход 55 000 KZT — ниже порогов ролей",peripheral
100000008254576100,peripheral,0.9,34,0.366338,"Периферия: 1 вход./1 исх. контрагентов, вход 8 000 KZT, выход 60 000 KZT — ниже порогов ролей",peripheral
100000001689968100,terminal,0.5739,5,0.269513,"Признаки конечного получателя: колено 3, получил 344 334 KZT от 3 плательщ., исходящих ≥5 000 KZT нет (порог входа 300 000)",terminal
100000002236528100,peripheral,0.9,8,0.166413,"Периферия: 1 вход./0 исх. контрагентов, вход 66 000 KZT, выход 0 KZT — ниже порогов ролей",peripheral
100000002670960100,terminal,0.8005,12,0.252324,"Признаки конечного получателя: колено 3, получил 480 310 KZT от 1 плательщ., исходящих ≥5 000 KZT нет (порог входа 300 000)",terminal
100000003557488100,peripheral,0.9,31,0.442648,"Периферия: 1 вход./2 исх. контрагентов, вход 664 992 KZT, выход 138 000 KZT — ниже порогов ролей",peripheral
100000003888197100,peripheral,0.9,5,0.169431,"Периферия: 1 вход./0 исх. контрагентов, вход 83 167 KZT, выход 0 KZT — ниже порогов ролей",peripheral
100000002799941100,terminal,1.0,18,0.255229,"Признаки конечного получателя: колено 3, получил 600 000 KZT от 1 плательщ., исходящих ≥5 000 KZT нет (порог входа 300 000)",terminal
100000001632325100,peripheral,0.9,1,0.169807,"Периферия: 1 вход./0 исх. контрагентов, вход 85 600 KZT, выход 0 KZT — ниже порогов ролей",peripheral
100000008620570100,peripheral,0.8,4,0.431587,"Периферия: 2 вход./2 исх. контрагентов, вход 145 000 KZT, выход 31 800 KZT — ниже порогов ролей",peripheral
100000005308954100,peripheral,0.9,3,0.386554,"Периферия: 1 вход./1 исх. контрагентов, вход 69 020 KZT, выход 30 000 KZT — ниже порогов ролей",peripheral
100000008468762100,peripheral,0.8,17,0.191361,"Периферия: 2 вход./0 исх. контрагентов, вход 170 000 KZT, выход 0 KZT — ниже порогов ролей",peripheral
100000002305007100,peripheral,0.9,1,0.164268,"Периферия: 1 вход./0 исх. контрагентов, вход 56 000 KZT, выход 0 KZT — ниже порогов ролей",peripheral
100000008314863100,peripheral,0.9,2,0.144158,"Периферия: 1 вход./0 исх. контрагентов, вход 12 000 KZT, выход 0 KZT — ниже порогов ролей",peripheral
100000005709551100,peripheral,0.9,13,0.153508,"Периферия: 1 вход./0 исх. контрагентов, вход 24 560 KZT, выход 0 KZT — ниже порогов ролей",peripheral
100000008297199100,peripheral,0.9,0,0.160595,"Периферия: 1 вход./0 исх. контрагентов, вход 42 268 KZT, выход 0 KZT — ниже порогов ролей",peripheral
100000003271151100,peripheral,0.9,4,0.174988,"Периферия: 1 вход./0 исх. контрагентов, вход 127 294 KZT, выход 0 KZT — ниже порогов ролей",peripheral
100000007005380100,peripheral,0.9,5,0.14097,"Периферия: 1 вход./0 исх. контрагентов, вход 9 400 KZT, выход 0 KZT — ниже порогов ролей",peripheral
100000004451012100,peripheral,0.85,18,0.442465,"Периферия: 1 вход./3 исх. контрагентов, вход 91 245 KZT, выход 65 740 KZT — ниже порогов ролей",peripheral
100000004779204100,peripheral,0.9,0,0.370292,"Периферия: 1 вход./1 исх. контрагентов, вход 30 450 KZT, выход 20 000 KZT — ниже порогов ролей",peripheral
100000002793881100,terminal,1.0,6,0.280281,"Признаки конечного получателя: колено 3, получил 785 600 KZT от 3 плательщ., исходящих ≥5 000 KZT нет (порог входа 300 000)",terminal
100000008671129100,peripheral,0.9,1,0.154351,"Периферия: 1 вход./0 исх. контрагентов, вход 26 200 KZT, выход 0 KZT — ниже порогов ролей",peripheral
100000002095257100,peripheral,0.9,11,0.139656,"Периферия: 1 вход./0 исх. контрагентов, вход 8 500 KZT, выход 0 KZT — ниже порогов ролей",peripheral
100000002194329100,peripheral,0.9,0,0.153828,"Периферия: 1 вход./0 исх. контрагентов, вход 25 170 KZT, выход 0 KZT — ниже порогов ролей",peripheral
100000001884825100,terminal,0.825,6,0.274251,"Признаки конечного получателя: колено 3, получил 495 000 KZT от 3 плательщ., исходящих ≥5 000 KZT нет (порог входа 300 000)",terminal
100000008692291100,transit,0.9375,6,0.589429,"Признаки транзита: получил 160 000 KZT, отправил 156 000 KZT (pass-through 0.97, коридор 0.8–1.2), 3→3 контрагентов",transit
100000002697752100,peripheral,0.8,4,0.192867,"Периферия: 2 вход./0 исх. контрагентов, вход 190 785 KZT, выход 0 KZT — ниже порогов ролей",peripheral
100000007170072100,transit,0.9875,4,0.536608,"Признаки транзита: получил 100 000 KZT, отправил 99 500 KZT (pass-through 0.99, коридор 0.8–1.2), 1→2 контрагентов",transit
100000002373144100,peripheral,0.9,0,0.368501,"Периферия: 1 вход./1 исх. контрагентов, вход 46 468 KZT, выход 10 764 KZT — ниже порогов ролей",peripheral
100000000287768100,peripheral,0.9,0,0.158194,"Периферия: 1 вход./0 исх. контрагентов, вход 35 168 KZT, выход 0 KZT — ниже порогов ролей",peripheral
100000004508696100,peripheral,0.85,37,0.40477,"Периферия: 1 вход./3 исх. контрагентов, вход 7 000 KZT, выход 111 000 KZT — ниже порогов ролей",peripheral
100000008688109100,peripheral,0.9,1,0.145,"Периферия: 1 вход./0 исх. контрагентов, вход 12 800 KZT, выход 0 KZT — ниже порогов ролей",peripheral
100000008724461100,peripheral,0.9,6,0.411914,"Периферия: 1 вход./1 исх. контрагентов, вход 100 111 KZT, выход 130 000 KZT — ниже порогов ролей",peripheral
100000001714413100,peripheral,0.9,5,0.183809,"Периферия: 1 вход./0 исх. контрагентов, вход 250 172 KZT, выход 0 KZT — ниже порогов ролей",peripheral
100000008672493100,peripheral,0.9,1,0.14617,"Периферия: 1 вход./0 исх. контрагентов, вход 14 000 KZT, выход 0 KZT — ниже порогов ролей",peripheral
100000003241965100,peripheral,0.9,7,0.147071,"Периферия: 1 вход./0 исх. контрагентов, вход 15 000 KZT, выход 0 KZT — ниже порогов ролей",peripheral
100000002241986100,peripheral,0.7,38,0.533033,"Периферия: 1 вход./6 исх. контрагентов, вход 280 000 KZT, выход 3 077 000 KZT — ниже порогов ролей",peripheral
100000004140994100,peripheral,0.9,1,0.149914,"Периферия: 1 вход./0 исх. контрагентов, вход 18 650 KZT, выход 0 KZT — ниже порогов ролей",peripheral
100000008489922100,coordinator,0.5,6,0.796482,"Признаки координатора: 3 плательщ. → 36 получат., betweenness 0.0009 (порог 0.0008), в цикле ≤5; вход 262 010 KZT",coordinator
100000001252290100,peripheral,0.9,5,0.373947,"Периферия: 1 вход./1 исх. контрагентов, вход 141 005 KZT, выход 5 000 KZT — ниже порогов ролей",peripheral
100000008667799100,peripheral,0.9,1,0.157753,"Периферия: 1 вход./0 исх. контрагентов, вход 34 000 KZT, выход 0 KZT — ниже порогов ролей",peripheral
100000008684951100,peripheral,0.9,1,0.148857,"Периферия: 1 вход./0 исх. контрагентов, вход 17 200 KZT, выход 0 KZT — ниже порогов ролей",peripheral
100000006126743100,peripheral,0.9,5,0.164033,"Периферия: 1 вход./0 исх. контрагентов, вход 55 000 KZT, выход 0 KZT — ниже порогов ролей",peripheral
100000003009900100,peripheral,0.9,7,0.147912,"Периферия: 1 вход./0 исх. контрагентов, вход 15 998 KZT, выход 0 KZT — ниже порогов ролей",peripheral
100000001745217100,peripheral,0.9,0,0.162788,"Периферия: 1 вход./0 исх. контрагентов, вход 50 000 KZT, выход 0 KZT — ниже порогов ролей",peripheral
100000002886166100,peripheral,0.9,23,0.179869,"Периферия: 1 вход./0 исх. контрагентов, вход 185 000 KZT, выход 0 KZT — ниже порогов ролей",peripheral
100000002956779100,terminal,0.685,2,0.25029,"Признаки конечного получателя: колено 3, получил 411 000 KZT от 1 плательщ., исходящих ≥5 000 KZT нет (порог входа 300 000)",terminal
100000008568512100,peripheral,0.9,5,0.180863,"Периферия: 1 вход./0 исх. контрагентов, вход 199 640 KZT, выход 0 KZT — ниже порогов ролей",peripheral
100000008583360100,peripheral,0.9,7,0.412642,"Периферия: 1 вход./1 исх. контрагентов, вход 112 843 KZT, выход 170 000 KZT — ниже порогов ролей",peripheral
100000001130176100,peripheral,0.9,0,0.153739,"Периферия: 1 вход./0 исх. контрагентов, вход 25 000 KZT, выход 0 KZT — ниже порогов ролей",peripheral
100000001145749100,peripheral,0.9,2,0.141778,"Периферия: 1 вход./0 исх. контрагентов, вход 10 000 KZT, выход 0 KZT — ниже порогов ролей",peripheral
100000005367445100,transit,1.0,6,0.352779,"Признаки транзита: получил 5 000 KZT, отправил 5 000 KZT (pass-through 1.00, коридор 0.8–1.2), 1→1 контрагентов",transit
100000003917461100,peripheral,0.9,11,0.388542,"Периферия: 1 вход./2 исх. контрагентов, вход 10 000 KZT, выход 140 000 KZT — ниже порогов ролей",peripheral
100000008200810100,terminal,0.7917,12,0.252179,"Признаки конечного получателя: колено 3, получил 475 000 KZT от 1 плательщ., исходящих ≥5 000 KZT нет (порог входа 300 000)",terminal
100000002554175100,peripheral,0.9,7,0.15354,"Периферия: 1 вход./0 исх. контрагентов, вход 24 621 KZT, выход 0 KZT — ниже порогов ролей",peripheral
100000008751380100,terminal,0.5763,6,0.26063,"Признаки конечного получателя: колено 3, получил 345 780 KZT от 2 плательщ., исходящих ≥5 000 KZT нет (порог входа 300 000)",terminal
100000004071444100,peripheral,0.9,0,0.416627,"Периферия: 1 вход./1 исх. контрагентов, вход 247 350 KZT, выход 100 000 KZT — ниже порогов ролей",peripheral
100000001141268100,peripheral,0.8,17,0.414713,"Периферия: 2 вход./1 исх. контрагентов, вход 480 000 KZT, выход 10 000 KZT — ниже порогов ролей",peripheral
100000002645993100,peripheral,0.75,0,0.472139,"Периферия: 2 вход./5 исх. контрагентов, вход 49 650 KZT, выход 86 980 KZT — ниже порогов ролей",peripheral
100000002546921100,peripheral,0.9,14,0.150826,"Периферия: 1 вход./0 исх. контрагентов, вход 20 000 KZT, выход 0 KZT — ниже порогов ролей",peripheral
100000008753897100,peripheral,0.9,1,0.153234,"Периферия: 1 вход./0 исх. контрагентов, вход 24 050 KZT, выход 0 KZT — ниже порогов ролей",peripheral
100000000870121100,peripheral,0.9,13,0.144158,"Периферия: 1 вход./0 исх. контрагентов, вход 12 000 KZT, выход 0 KZT — ниже порогов ролей",peripheral
100000003171006100,terminal,0.8083,6,0.265048,"Признаки конечного получателя: колено 3, получил 485 000 KZT от 2 плательщ., исходящих ≥5 000 KZT нет (порог входа 300 000)",terminal
100000001690558100,terminal,1.0,18,0.257967,"Признаки конечного получателя: колено 3, получил 740 000 KZT от 1 плательщ., исходящих ≥5 000 KZT нет (порог входа 300 000)",terminal
100000008667795100,peripheral,0.9,1,0.157753,"Периферия: 1 вход./0 исх. контрагентов, вход 34 000 KZT, выход 0 KZT — ниже порогов ролей",peripheral
100000005674387100,peripheral,0.9,1,0.154351,"Периферия: 1 вход./0 исх. контрагентов, вход 26 200 KZT, выход 0 KZT — ниже порогов ролей",peripheral
100000003636627100,peripheral,0.9,9,0.291651,"Периферия: 1 вход./1 исх. контрагентов, вход 77 000 KZT, выход 10 000 KZT — ниже порогов ролей",peripheral
100000001275752100,peripheral,0.9,6,0.177261,"Периферия: 1 вход./0 исх. контрагентов, вход 151 500 KZT, выход 0 KZT — ниже порогов ролей",peripheral
100000002459240100,peripheral,0.9,5,0.177131,"Периферия: 1 вход./0 исх. контрагентов, вход 150 000 KZT, выход 0 KZT — ниже порогов ролей",peripheral
100000002644285100,terminal,0.8333,12,0.252849,"Признаки конечного получателя: колено 3, получил 500 000 KZT от 1 плательщ., исходящих ≥5 000 KZT нет (порог входа 300 000)",terminal
100000005186109100,peripheral,0.9,15,0.13273,"Периферия: 1 вход./0 исх. контрагентов, вход 5 000 KZT, выход 0 KZT — ниже порогов ролей",peripheral
100000005317181100,peripheral,0.9,0,0.38653,"Периферия: 1 вход./1 исх. контрагентов, вход 141 250 KZT, выход 14 500 KZT — ниже порогов ролей",peripheral
100000003001661100,peripheral,0.75,27,0.485769,"Периферия: 1 вход./5 исх. контрагентов, вход 110 000 KZT, выход 439 500 KZT — ниже порогов ролей",peripheral
100000000288317100,peripheral,0.8,4,0.454104,"Периферия: 2 вход./3 исх. контрагентов, вход 100 000 KZT, выход 53 500 KZT — ниже порогов ролей",peripheral
100000004368189100,peripheral,0.9,12,0.36987,"Периферия: 1 вход./2 исх. контрагентов, вход 384 600 KZT, выход 28 200 KZT — ниже порогов ролей",peripheral
100000004493586100,peripheral,0.9,0,0.138022,"Периферия: 1 вход./0 исх. контрагентов, вход 7 500 KZT, выход 0 KZT — ниже порогов ролей",peripheral
100000004114962100,peripheral,0.8,5,0.190971,"Периферия: 2 вход./0 исх. контрагентов, вход 165 000 KZT, выход 0 KZT — ниже порогов ролей",peripheral
100000008088082100,peripheral,0.9,13,0.384379,"Периферия: 1 вход./1 исх. контрагентов, вход 39 138 KZT, выход 50 000 KZT — ниже порогов ролей",peripheral
100000008595687100,peripheral,0.9,3,0.446616,"Периферия: 1 вход./1 исх. контрагентов, вход 64 395 KZT, выход 10 400 KZT — ниже порогов ролей",peripheral
100000001248999100,peripheral,0.9,16,0.15289,"Периферия: 1 вход./0 исх. контрагентов, вход 23 425 KZT, выход 0 KZT — ниже порогов ролей",peripheral
100000002736316100,peripheral,0.7,0,0.206188,"Периферия: 3 вход./0 исх. контрагентов, вход 266 921 KZT, выход 0 KZT — ниже порогов ролей",peripheral
100000008596924100,peripheral,0.9,9,0.171837,"Периферия: 1 вход./0 исх. контрагентов, вход 100 000 KZT, выход 0 KZT — ниже порогов ролей",peripheral
100000008598972100,peripheral,0.9,4,0.174218,"Периферия: 1 вход./0 исх. контрагентов, вход 120 000 KZT, выход 0 KZT — ниже порогов ролей",peripheral
100000002769809100,peripheral,0.9,18,0.173482,"Периферия: 1 вход./0 исх. контрагентов, вход 113 422 KZT, выход 0 KZT — ниже порогов ролей",peripheral
100000003089553100,peripheral,0.9,6,0.177131,"Периферия: 1 вход./0 исх. контрагентов, вход 150 000 KZT, выход 0 KZT — ниже порогов ролей",peripheral
100000002343825100,peripheral,0.7,6,0.471165,"Периферия: 3 вход./2 исх. контрагентов, вход 350 000 KZT, выход 89 800 KZT — ниже порогов ролей",peripheral
100000002015633100,peripheral,0.9,5,0.171164,"Периферия: 1 вход./0 исх. контрагентов, вход 94 970 KZT, выход 0 KZT — ниже порогов ролей",peripheral
100000002906470100,peripheral,0.9,18,0.175262,"Периферия: 1 вход./0 исх. контрагентов, вход 130 000 KZT, выход 0 KZT — ниже порогов ролей",peripheral
100000005628518100,peripheral,0.9,18,0.168425,"Периферия: 1 вход./0 исх. контрагентов, вход 77 000 KZT, выход 0 KZT — ниже порогов ролей",peripheral
100000002958139100,peripheral,0.9,6,0.181492,"Периферия: 1 вход./0 исх. контрагентов, вход 209 500 KZT, выход 0 KZT — ниже порогов ролей",peripheral
100000008754747100,peripheral,0.9,1,0.161557,"Периферия: 1 вход./0 исх. контрагентов, вход 45 500 KZT, выход 0 KZT — ниже порогов ролей",peripheral
100000008776720100,peripheral,0.9,1,0.154326,"Периферия: 1 вход./0 исх. контрагентов, вход 26 150 KZT, выход 0 KZT — ниже порогов ролей",peripheral
100000008576528100,peripheral,0.9,5,0.155219,"Периферия: 1 вход./0 исх. контрагентов, вход 28 000 KZT, выход 0 KZT — ниже порогов ролей",peripheral
100000004603109100,peripheral,0.7,22,0.426274,"Периферия: 3 вход./2 исх. контрагентов, вход 2 730 000 KZT, выход 400 000 KZT — ниже порогов ролей",peripheral
100000008721637100,peripheral,0.9,9,0.433277,"Периферия: 1 вход./2 исх. контрагентов, вход 24 041 KZT, выход 127 000 KZT — ниже порогов ролей",peripheral
100000004491749100,peripheral,0.9,9,0.162788,"Периферия: 1 вход./0 исх. контрагентов, вход 50 000 KZT, выход 0 KZT — ниже порогов ролей",peripheral
100000005171642100,transit,0.9526,9,0.497018,"Признаки транзита: получил 696 800 KZT, отправил 683 600 KZT (pass-through 0.98, коридор 0.8–1.2), 2→1 контрагентов",transit
100000008682426100,peripheral,0.9,14,0.150826,"Периферия: 1 вход./0 исх. контрагентов, вход 20 000 KZT, выход 0 KZT — ниже порогов ролей",peripheral
100000006209210100,peripheral,0.9,8,0.18266,"Периферия: 1 вход./0 исх. контрагентов, вход 229 111 KZT, выход 0 KZT — ниже порогов ролей",peripheral
100000003888527100,peripheral,0.9,41,0.15612,"Периферия: 1 вход./0 исх. контрагентов, вход 30 000 KZT, выход 0 KZT — ниже порогов ролей",peripheral
100000008490127100,peripheral,0.7,5,0.52448,"Периферия: 1 вход./6 исх. контрагентов, вход 431 755 KZT, выход 923 000 KZT — ниже порогов ролей",peripheral
100000004336228100,peripheral,0.9,4,0.163151,"Периферия: 1 вход./0 исх. контрагентов, вход 51 407 KZT, выход 0 KZT — ниже порогов ролей",peripheral
100000006844004100,peripheral,0.9,0,0.151212,"Периферия: 1 вход./0 исх. контрагентов, вход 20 600 KZT, выход 0 KZT — ниже порогов ролей",peripheral
100000001688676100,peripheral,0.9,18,0.175629,"Периферия: 1 вход./0 исх. контрагентов, вход 133 700 KZT, выход 0 KZT — ниже порогов ролей",peripheral
100000008712036100,peripheral,0.9,1,0.151463,"Периферия: 1 вход./0 исх. контрагентов, вход 21 000 KZT, выход 0 KZT — ниже порогов ролей",peripheral
100000004697956100,transit,1.0,9,0.370004,"Признаки транзита: получил 10 000 KZT, отправил 10 000 KZT (pass-through 1.00, коридор 0.8–1.2), 1→1 контрагентов",transit
100000004921657100,peripheral,0.9,2,0.271975,"Периферия: 1 вход./1 исх. контрагентов, вход 8 300 KZT, выход 22 190 KZT — ниже порогов ролей",peripheral
100000000408846100,peripheral,0.9,26,0.160037,"Периферия: 1 вход./0 исх. контрагентов, вход 40 500 KZT, выход 0 KZT — ниже порогов ролей",peripheral
100000003406094100,peripheral,0.85,3,0.424418,"Периферия: 1 вход./3 исх. контрагентов, вход 70 000 KZT, выход 47 000 KZT — ниже порогов ролей",peripheral
100000008695566100,peripheral,0.9,1,0.157638,"Периферия: 1 вход./0 исх. контрагентов, вход 33 700 KZT, выход 0 KZT — ниже порогов ролей",peripheral
100000005974542100,peripheral,0.9,21,0.171099,"Периферия: 1 вход./0 исх. контрагентов, вход 94 500 KZT, выход 0 KZT — ниже порогов ролей",peripheral
100000001887715100,peripheral,0.7,17,0.488141,"Периферия: 3 вход./1 исх. контрагентов, вход 1 331 500 KZT, выход 750 000 KZT — ниже порогов ролей",peripheral
100000002472632100,peripheral,0.8,25,0.420541,"Периферия: 2 вход./1 исх. контрагентов, вход 502 400 KZT, выход 20 000 KZT — ниже порогов ролей",peripheral
100000004629688100,peripheral,0.9,15,0.26074,"Периферия: 1 вход./1 исх. контрагентов, вход 5 000 KZT, выход 15 000 KZT — ниже порогов ролей",peripheral
100000002459832100,terminal,1.0,4,0.272834,"Признаки конечного получателя: колено 3, получил 880 606 KZT от 2 плательщ., исходящих ≥5 000 KZT нет (порог входа 300 000)",terminal
100000006100920100,peripheral,0.9,0,0.171837,"Периферия: 1 вход./0 исх. контрагентов, вход 100 000 KZT, выход 0 KZT — ниже порогов ролей",peripheral
100000001439416100,peripheral,0.9,24,0.389963,"Периферия: 1 вход./2 исх. контрагентов, вход 10 000 KZT, выход 165 000 KZT — ниже порогов ролей",peripheral
100000002121357100,peripheral,0.8,6,0.434132,"Периферия: 2 вход./1 исх. контрагентов, вход 255 300 KZT, выход 113 000 KZT — ниже порогов ролей",peripheral
100000002970466100,peripheral,0.9,0,0.411803,"Периферия: 1 вход./2 исх. контрагентов, вход 23 317 KZT, выход 93 000 KZT — ниже порогов ролей",peripheral
100000002581346100,peripheral,0.9,5,0.178485,"Периферия: 1 вход./0 исх. контрагентов, вход 166 400 KZT, выход 0 KZT — ниже порогов ролей",peripheral
100000008738658100,peripheral,0.9,1,0.156085,"Периферия: 1 вход./0 исх. контрагентов, вход 29 920 KZT, выход 0 KZT — ниже порогов ролей",peripheral
100000005910114100,coordinator,0.5,0,0.827453,"Признаки координатора: 3 плательщ. → 19 получат., betweenness 0.0058 (порог 0.0008), в цикле ≤5; вход 326 144 KZT",coordinator
100000001046626100,peripheral,0.9,5,0.177131,"Периферия: 1 вход./0 исх. контрагентов, вход 150 000 KZT, выход 0 KZT — ниже порогов ролей",peripheral
100000006492770100,peripheral,0.9,0,0.398734,"Периферия: 1 вход./1 исх. контрагентов, вход 269 000 KZT, выход 20 000 KZT — ниже порогов ролей",peripheral
100000001674850100,peripheral,0.8,6,0.195699,"Периферия: 2 вход./0 исх. контрагентов, вход 237 000 KZT, выход 0 KZT — ниже порогов ролей",peripheral
100000000860514100,peripheral,0.9,25,0.370002,"Периферия: 1 вход./1 исх. контрагентов, вход 12 000 KZT, выход 50 000 KZT — ниже порогов ролей",peripheral
100000003650146100,peripheral,0.9,3,0.146538,"Периферия: 1 вход./0 исх. контрагентов, вход 14 400 KZT, выход 0 KZT — ниже порогов ролей",peripheral
100000001227106100,peripheral,0.9,5,0.178356,"Периферия: 1 вход./0 исх. контрагентов, вход 164 765 KZT, выход 0 KZT — ниже порогов ролей",peripheral
100000003647799100,peripheral,0.9,5,0.171837,"Периферия: 1 вход./0 исх. контрагентов, вход 100 000 KZT, выход 0 KZT — ниже порогов ролей",peripheral
100000008293431100,peripheral,0.75,0,0.444829,"Периферия: 1 вход./5 исх. контрагентов, вход 15 000 KZT, выход 297 000 KZT — ниже порогов ролей",peripheral
100000002975287100,peripheral,0.9,16,0.147071,"Периферия: 1 вход./0 исх. контрагентов, вход 15 000 KZT, выход 0 KZT — ниже порогов ролей",peripheral
100000008507703100,peripheral,0.9,1,0.15545,"Периферия: 1 вход./0 исх. контрагентов, вход 28 500 KZT, выход 0 KZT — ниже порогов ролей",peripheral
100000001733687100,terminal,0.5,6,0.24618,"Признаки конечного получателя: колено 3, получил 300 000 KZT от 1 плательщ., исходящих ≥5 000 KZT нет (порог входа 300 000)",terminal
100000004552204100,peripheral,0.9,32,0.367992,"Периферия: 1 вход./2 исх. контрагентов, вход 22 500 KZT, выход 10 000 KZT — ниже порогов ролей",peripheral
100000008223756100,terminal,0.5528,4,0.260087,"Признаки конечного получателя: колено 3, получил 331 682 KZT от 2 плательщ., исходящих ≥5 000 KZT нет (порог входа 300 000)",terminal
100000002956769100,terminal,1.0,12,0.281155,"Признаки конечного получателя: колено 3, получил 840 000 KZT от 3 плательщ., исходящих ≥5 000 KZT нет (порог входа 300 000)",terminal
100000008555233100,terminal,0.7343,17,0.251198,"Признаки конечного получателя: колено 3, получил 440 600 KZT от 1 плательщ., исходящих ≥5 000 KZT нет (порог входа 300 000)",terminal
100000002346166100,peripheral,0.9,1,0.13511,"Периферия: 1 вход./0 исх. контрагентов, вход 6 000 KZT, выход 0 KZT — ниже порогов ролей",peripheral
100000000878006100,peripheral,0.9,5,0.161981,"Периферия: 1 вход./0 исх. контрагентов, вход 47 003 KZT, выход 0 KZT — ниже порогов ролей",peripheral
100000004997515100,peripheral,0.6,6,0.504461,"Периферия: 4 вход./4 исх. контрагентов, вход 395 000 KZT, выход 54 500 KZT — ниже порогов ролей",peripheral
100000007653003100,peripheral,0.9,16,0.171837,"Периферия: 1 вход./0 исх. контрагентов, вход 100 000 KZT, выход 0 KZT — ниже порогов ролей",peripheral
100000000661131100,peripheral,0.9,1,0.147583,"Периферия: 1 вход./0 исх. контрагентов, вход 15 600 KZT, выход 0 KZT — ниже порогов ролей",peripheral
100000003880331100,distributor,0.8,4,0.708735,"Признаки распределения: 3 904 908 KZT на 16 получат. (31 переводов, в среднем 125 965 KZT)",distributor
100000003204491100,peripheral,0.9,0,0.409197,"Периферия: 1 вход./1 исх. контрагентов, вход 140 000 KZT, выход 100 000 KZT — ниже порогов ролей",peripheral
100000008463968100,peripheral,0.9,1,0.141778,"Периферия: 1 вход./0 исх. контрагентов, вход 10 000 KZT, выход 0 KZT — ниже порогов ролей",peripheral
100000002712416100,peripheral,0.8,12,0.186461,"Периферия: 2 вход./0 исх. контрагентов, вход 116 800 KZT, выход 0 KZT — ниже порогов ролей",peripheral
100000008754997100,peripheral,0.9,1,0.149451,"Периферия: 1 вход./0 исх. контрагентов, вход 18 000 KZT, выход 0 KZT — ниже порогов ролей",peripheral
100000008011573100,peripheral,0.9,16,0.147071,"Периферия: 1 вход./0 исх. контрагентов, вход 15 000 KZT, выход 0 KZT — ниже порогов ролей",peripheral
100000003178549100,peripheral,0.8,16,0.518733,"Периферия: 2 вход./4 исх. контрагентов, вход 250 000 KZT, выход 89 080 KZT — ниже порогов ролей",peripheral
100000000534581100,peripheral,0.8,4,0.399011,"Периферия: 2 вход./1 исх. контрагентов, вход 55 960 KZT, выход 40 000 KZT — ниже порогов ролей",peripheral
100000007138613100,peripheral,0.7,0,0.490431,"Периферия: 3 вход./2 исх. контрагентов, вход 1 002 000 KZT, выход 179 000 KZT — ниже порогов ролей",peripheral
100000002380341100,peripheral,0.9,0,0.164628,"Периферия: 1 вход./0 исх. контрагентов, вход 57 566 KZT, выход 0 KZT — ниже порогов ролей",peripheral
100000008309514100,peripheral,0.9,1,0.148857,"Периферия: 1 вход./0 исх. контрагентов, вход 17 200 KZT, выход 0 KZT — ниже порогов ролей",peripheral
100000003134474100,peripheral,0.9,5,0.173775,"Периферия: 1 вход./0 исх. контрагентов, вход 116 000 KZT, выход 0 KZT — ниже порогов ролей",peripheral
100000002373386100,peripheral,0.9,1,0.153206,"Периферия: 1 вход./0 исх. контрагентов, вход 24 000 KZT, выход 0 KZT — ниже порогов ролей",peripheral
100000008684767100,peripheral,0.9,1,0.15659,"Периферия: 1 вход./0 исх. контрагентов, вход 31 100 KZT, выход 0 KZT — ниже порогов ролей",peripheral
100000008332511100,peripheral,0.9,9,0.171837,"Периферия: 1 вход./0 исх. контрагентов, вход 100 000 KZT, выход 0 KZT — ниже порогов ролей",peripheral
100000005754335100,peripheral,0.9,41,0.16113,"Периферия: 1 вход./0 исх. контрагентов, вход 44 037 KZT, выход 0 KZT — ниже порогов ролей",peripheral
100000008547295100,peripheral,0.9,9,0.147071,"Периферия: 1 вход./0 исх. контрагентов, вход 15 000 KZT, выход 0 KZT — ниже порогов ролей",peripheral
100000001875167100,terminal,1.0,5,0.261898,"Признаки конечного получателя: колено 3, получил 1 000 000 KZT от 1 плательщ., исходящих ≥5 000 KZT нет (порог входа 300 000)",terminal
100000004670388100,peripheral,0.9,49,0.443307,"Периферия: 1 вход./2 исх. контрагентов, вход 160 354 KZT, выход 720 000 KZT — ниже порогов ролей",peripheral
100000004097972100,peripheral,0.9,0,0.406758,"Периферия: 1 вход./2 исх. контрагентов, вход 118 878 KZT, выход 10 000 KZT — ниже порогов ролей",peripheral
100000000481716100,peripheral,0.9,7,0.138865,"Периферия: 1 вход./0 исх. контрагентов, вход 8 000 KZT, выход 0 KZT — ниже порогов ролей",peripheral
100000005089460100,peripheral,0.9,1,0.14448,"Периферия: 1 вход./0 исх. контрагентов, вход 12 300 KZT, выход 0 KZT — ниже порогов ролей",peripheral
100000003105929100,peripheral,0.9,5,0.429107,"Периферия: 1 вход./1 исх. контрагентов, вход 429 567 KZT, выход 156 354 KZT — ниже порогов ролей",peripheral
100000008379273100,transit,0.8611,7,0.638622,"Признаки транзита: получил 36 000 KZT, отправил 38 000 KZT (pass-through 1.06, коридор 0.8–1.2), 2→4 контрагентов",transit
100000005357705100,peripheral,0.8,4,0.46866,"Периферия: 1 вход./4 исх. контрагентов, вход 52 595 KZT, выход 387 080 KZT — ниже порогов ролей",peripheral
100000003111305100,terminal,0.8489,9,0.281556,"Признаки конечного получателя: колено 3, получил 509 338 KZT от 4 плательщ., исходящих ≥5 000 KZT нет (порог входа 300 000)",terminal
100000008503177100,peripheral,0.9,4,0.157735,"Периферия: 1 вход./0 исх. контрагентов, вход 33 951 KZT, выход 0 KZT — ниже порогов ролей",peripheral
100000000955529100,peripheral,0.9,2,0.340271,"Периферия: 1 вход./1 исх. контрагентов, вход 27 000 KZT, выход 63 500 KZT — ниже порогов ролей",peripheral
100000008695689100,peripheral,0.9,1,0.154351,"Периферия: 1 вход./0 исх. контрагентов, вход 26 200 KZT, выход 0 KZT — ниже порогов ролей",peripheral
100000004184158100,peripheral,0.9,0,0.181132,"Периферия: 1 вход./0 исх. контрагентов, вход 203 805 KZT, выход 0 KZT — ниже порогов ролей",peripheral
100000005475379100,peripheral,0.85,10,0.450572,"Периферия: 1 вход./3 исх. контрагентов, вход 108 370 KZT, выход 81 000 KZT — ниже порогов ролей",peripheral
100000003093299100,peripheral,0.9,0,0.147071,"Периферия: 1 вход./0 исх. контрагентов, вход 15 000 KZT, выход 0 KZT — ниже порогов ролей",peripheral
100000008767027100,peripheral,0.9,17,0.13273,"Периферия: 1 вход./0 исх. контрагентов, вход 5 000 KZT, выход 0 KZT — ниже порогов ролей",peripheral
100000004539443100,peripheral,0.8,2,0.178191,"Периферия: 2 вход./0 исх. контрагентов, вход 61 990 KZT, выход 0 KZT — ниже порогов ролей",peripheral
100000007863304100,peripheral,0.9,5,0.153739,"Периферия: 1 вход./0 исх. контрагентов, вход 25 000 KZT, выход 0 KZT — ниже порогов ролей",peripheral
100000004959752100,peripheral,0.9,2,0.152189,"Периферия: 1 вход./0 исх. контрагентов, вход 22 200 KZT, выход 0 KZT — ниже порогов ролей",peripheral
100000002214664100,peripheral,0.9,1,0.309979,"Периферия: 1 вход./1 исх. контрагентов, вход 7 950 KZT, выход 76 950 KZT — ниже порогов ролей",peripheral
100000008192264100,transit,0.6146,5,0.52361,"Признаки транзита: получил 162 810 KZT, отправил 187 910 KZT (pass-through 1.15, коридор 0.8–1.2), 1→1 контрагентов",transit
100000000942301100,peripheral,0.9,0,0.164631,"Периферия: 1 вход./0 исх. контрагентов, вход 57 580 KZT, выход 0 KZT — ниже порогов ролей",peripheral
100000002578653100,peripheral,0.9,24,0.150826,"Периферия: 1 вход./0 исх. контрагентов, вход 20 000 KZT, выход 0 KZT — ниже порогов ролей",peripheral
100000002511581100,peripheral,0.9,1,0.149158,"Периферия: 1 вход./0 исх. контрагентов, вход 17 600 KZT, выход 0 KZT — ниже порогов ролей",peripheral
100000005610717100,peripheral,0.6,0,0.465378,"Периферия: 4 вход./1 исх. контрагентов, вход 484 500 KZT, выход 265 200 KZT — ниже порогов ролей",peripheral
100000005704413100,coordinator,0.5,7,0.798739,"Признаки координатора: 3 плательщ. → 32 получат., betweenness 0.0026 (порог 0.0008), в цикле ≤5; вход 97 835 KZT",coordinator
100000000976943100,transit,0.5,10,0.506383,"Признаки транзита: получил 70 000 KZT, отправил 84 000 KZT (pass-through 1.20, коридор 0.8–1.2), 1→1 контрагентов",transit
100000008708061100,peripheral,0.9,1,0.139885,"Периферия: 1 вход./0 исх. контрагентов, вход 8 650 KZT, выход 0 KZT — ниже порогов ролей",peripheral
100000003986141100,peripheral,0.9,16,0.133457,"Периферия: 1 вход./0 исх. контрагентов, вход 5 286 KZT, выход 0 KZT — ниже порогов ролей",peripheral
100000005037490100,peripheral,0.9,13,0.374615,"Периферия: 1 вход./2 исх. контрагентов, вход 15 000 KZT, выход 30 000 KZT — ниже порогов ролей",peripheral
100000004257714100,peripheral,0.9,1,0.163355,"Периферия: 1 вход./0 исх. контрагентов, вход 52 220 KZT, выход 0 KZT — ниже порогов ролей",peripheral
100000000569479100,terminal,0.5333,0,0.247022,"Признаки конечного получателя: колено 3, получил 320 000 KZT от 1 плательщ., исходящих ≥5 000 KZT нет (порог входа 300 000)",terminal
100000007303047100,peripheral,0.9,1,0.163363,"Периферия: 1 вход./0 исх. контрагентов, вход 52 250 KZT, выход 0 KZT — ниже порогов ролей",peripheral
100000008708743100,peripheral,0.9,1,0.147541,"Периферия: 1 вход./0 исх. контрагентов, вход 15 550 KZT, выход 0 KZT — ниже порогов ролей",peripheral
100000008745863100,peripheral,0.9,1,0.152594,"Периферия: 1 вход./0 исх. контрагентов, вход 22 900 KZT, выход 0 KZT — ниже порогов ролей",peripheral
100000005048668100,peripheral,0.6,4,0.526624,"Периферия: 2 вход./8 исх. контрагентов, вход 16 668 KZT, выход 159 400 KZT — ниже порогов ролей",peripheral
100000006522972100,peripheral,0.9,5,0.141129,"Периферия: 1 вход./0 исх. контрагентов, вход 9 515 KZT, выход 0 KZT — ниже порогов ролей",peripheral
100000008759857100,peripheral,0.9,17,0.376853,"Периферия: 1 вход./2 исх. контрагентов, вход 5 000 KZT, выход 994 000 KZT — ниже порогов ролей",peripheral
100000005342513100,peripheral,0.9,1,0.319179,"Периферия: 1 вход./1 исх. контрагентов, вход 235 000 KZT, выход 30 000 KZT — ниже порогов ролей",peripheral
100000004750897100,peripheral,0.9,15,0.141778,"Периферия: 1 вход./0 исх. контрагентов, вход 10 000 KZT, выход 0 KZT — ниже порогов ролей",peripheral
100000001140785100,peripheral,0.8,6,0.194427,"Периферия: 2 вход./0 исх. контрагентов, вход 215 000 KZT, выход 0 KZT — ниже порогов ролей",peripheral
100000002821425100,peripheral,0.9,12,0.185044,"Периферия: 1 вход./0 исх. контрагентов, вход 275 000 KZT, выход 0 KZT — ниже порогов ролей",peripheral
100000003221510100,peripheral,0.9,0,0.415187,"Периферия: 1 вход./2 исх. контрагентов, вход 24 000 KZT, выход 120 000 KZT — ниже порогов ролей",peripheral
100000003031003100,peripheral,0.7,12,0.206817,"Периферия: 3 вход./0 исх. контрагентов, вход 280 090 KZT, выход 0 KZT — ниже порогов ролей",peripheral
100000003060187100,peripheral,0.9,18,0.170896,"Периферия: 1 вход./0 исх. контрагентов, вход 93 046 KZT, выход 0 KZT — ниже порогов ролей",peripheral
100000008718811100,peripheral,0.9,1,0.167782,"Периферия: 1 вход./0 исх. контрагентов, вход 73 300 KZT, выход 0 KZT — ниже порогов ролей",peripheral
100000008043184100,peripheral,0.9,16,0.162935,"Периферия: 1 вход./0 исх. контрагентов, вход 50 564 KZT, выход 0 KZT — ниже порогов ролей",peripheral
100000002530224100,peripheral,0.9,6,0.173433,"Периферия: 1 вход./0 исх. контрагентов, вход 113 000 KZT, выход 0 KZT — ниже порогов ролей",peripheral
100000008754608100,peripheral,0.9,1,0.14448,"Периферия: 1 вход./0 исх. контрагентов, вход 12 300 KZT, выход 0 KZT — ниже порогов ролей",peripheral
100000006989232100,peripheral,0.9,0,0.152185,"Периферия: 1 вход./0 исх. контрагентов, вход 22 194 KZT, выход 0 KZT — ниже порогов ролей",peripheral
100000006532229100,peripheral,0.9,6,0.172474,"Периферия: 1 вход./0 исх. контрагентов, вход 105 000 KZT, выход 0 KZT — ниже порогов ролей",peripheral
100000005661829100,transit,0.8298,18,0.444529,"Признаки транзита: получил 37 790 KZT, отправил 40 362 KZT (pass-through 1.07, коридор 0.8–1.2), 1→2 контрагентов",transit
100000004553349100,peripheral,0.9,5,0.138459,"Периферия: 1 вход./0 исх. контрагентов, вход 7 755 KZT, выход 0 KZT — ниже порогов ролей",peripheral
100000002945626100,terminal,0.9733,6,0.27641,"Признаки конечного получателя: колено 3, получил 584 000 KZT от 3 плательщ., исходящих ≥5 000 KZT нет (порог входа 300 000)",terminal
100000008775471100,terminal,0.9667,17,0.254786,"Признаки конечного получателя: колено 3, получил 580 000 KZT от 1 плательщ., исходящих ≥5 000 KZT нет (порог входа 300 000)",terminal
100000000404740100,peripheral,0.3,25,0.07687,"Колено 4: обрыв 4-го колена, исходящие не выгружены. Получил 25 000 KZT от 1 плательщ.; сток это или транзит — по данным не видно",truncated
100000004268036100,peripheral,0.3,7,0.066987,"Колено 4: обрыв 4-го колена, исходящие не выгружены. Получил 5 500 KZT от 1 плательщ.; сток это или транзит — по данным не видно",truncated
100000001256409100,peripheral,0.3,4,0.069432,"Колено 4: обрыв 4-го колена, исходящие не выгружены. Получил 8 000 KZT от 1 плательщ.; сток это или транзит — по данным не видно",truncated
100000005360814100,peripheral,0.3,4,0.088299,"Колено 4: обрыв 4-го колена, исходящие не выгружены. Получил 144 000 KZT от 1 плательщ.; сток это или транзит — по данным не видно",truncated
100000002369454100,peripheral,0.3,4,0.07687,"Колено 4: обрыв 4-го колена, исходящие не выгружены. Получил 25 000 KZT от 1 плательщ.; сток это или транзит — по данным не видно",truncated
100000004272302100,peripheral,0.3,24,0.070889,"Колено 4: обрыв 4-го колена, исходящие не выгружены. Получил 10 000 KZT от 1 плательщ.; сток это или транзит — по данным не видно",truncated
100000008727982100,peripheral,0.3,9,0.07806,"Колено 4: обрыв 4-го колена, исходящие не выгружены. Получил 30 000 KZT от 1 плательщ.; сток это или транзит — по данным не видно",truncated
100000000600707100,peripheral,0.3,36,0.085158,"Колено 4: обрыв 4-го колена, исходящие не выгружены. Получил 89 000 KZT от 1 плательщ.; сток это или транзит — по данным не видно",truncated
100000004500781100,peripheral,0.3,14,0.083953,"Колено 4: обрыв 4-го колена, исходящие не выгружены. Получил 74 000 KZT от 1 плательщ.; сток это или транзит — по данным не видно",truncated
100000008703533100,peripheral,0.3,6,0.084041,"Колено 4: обрыв 4-го колена, исходящие не выгружены. Получил 75 000 KZT от 1 плательщ.; сток это или транзит — по данным не видно",truncated
100000004549591100,peripheral,0.3,37,0.081262,"Колено 4: обрыв 4-го колена, исходящие не выгружены. Получил 49 000 KZT от 1 плательщ.; сток это или транзит — по данным не видно",truncated
100000002700161100,peripheral,0.3,50,0.079772,"Колено 4: обрыв 4-го колена, исходящие не выгружены. Получил 39 000 KZT от 1 плательщ.; сток это или транзит — по данным не видно",truncated
100000003134550100,peripheral,0.3,6,0.085919,"Колено 4: обрыв 4-го колена, исходящие не выгружены. Получил 100 000 KZT от 1 плательщ.; сток это или транзит — по данным не видно",truncated
100000001957974100,peripheral,0.3,14,0.096424,"Колено 4: обрыв 4-го колена, исходящие не выгружены. Получил 500 000 KZT от 1 плательщ.; сток это или транзит — по данным не видно",truncated
100000001246806100,peripheral,0.3,6,0.087631,"Колено 4: обрыв 4-го колена, исходящие не выгружены. Получил 130 000 KZT от 1 плательщ.; сток это или транзит — по данным не видно",truncated
100000003622955100,peripheral,0.3,10,0.073535,"Колено 4: обрыв 4-го колена, исходящие не выгружены. Получил 15 000 KZT от 1 плательщ.; сток это или транзит — по данным не видно",truncated
100000003692843100,peripheral,0.3,51,0.096554,"Колено 4: обрыв 4-го колена, исходящие не выгружены. Получил 510 000 KZT от 1 плательщ.; сток это или транзит — по данным не видно",truncated
100000008629504100,peripheral,0.3,0,0.075413,"Колено 4: обрыв 4-го колена, исходящие не выгружены. Получил 20 000 KZT от 1 плательщ.; сток это или транзит — по данным не видно",truncated
100000005621418100,peripheral,0.3,26,0.07806,"Колено 4: обрыв 4-го колена, исходящие не выгружены. Получил 30 000 KZT от 1 плательщ.; сток это или транзит — по данным не видно",truncated
100000004167082100,peripheral,0.3,13,0.07275,"Колено 4: обрыв 4-го колена, исходящие не выгружены. Получил 13 300 KZT от 1 плательщ.; сток это или транзит — по данным не видно",truncated
100000004379306100,peripheral,0.3,4,0.073535,"Колено 4: обрыв 4-го колена, исходящие не выгружены. Получил 15 000 KZT от 1 плательщ.; сток это или транзит — по данным не видно",truncated
100000004856746100,peripheral,0.3,33,0.075413,"Колено 4: обрыв 4-го колена, исходящие не выгружены. Получил 20 000 KZT от 1 плательщ.; сток это или транзит — по данным не видно",truncated
100000004891562100,peripheral,0.3,7,0.086137,"Колено 4: обрыв 4-го колена, исходящие не выгружены. Получил 103 400 KZT от 1 плательщ.; сток это или транзит — по данным не видно",truncated
100000007042175100,peripheral,0.3,0,0.082584,"Колено 4: обрыв 4-го колена, исходящие не выгружены. Получил 60 000 KZT от 1 плательщ.; сток это или транзит — по данным не видно",truncated
100000002670463100,peripheral,0.3,7,0.078378,"Колено 4: обрыв 4-го колена, исходящие не выгружены. Получил 31 500 KZT от 1 плательщ.; сток это или транзит — по данным не видно",truncated
100000005567828100,peripheral,0.3,7,0.085515,"Колено 4: обрыв 4-го колена, исходящие не выгружены. Получил 94 000 KZT от 1 плательщ.; сток это или транзит — по данным не видно",truncated
100000004200745100,peripheral,0.3,11,0.087631,"Колено 4: обрыв 4-го колена, исходящие не выгружены. Получил 130 000 KZT от 1 плательщ.; сток это или транзит — по данным не видно",truncated
100000003989033100,peripheral,0.3,7,0.094519,"Колено 4: обрыв 4-го колена, исходящие не выгружены. Получил 373 400 KZT от 1 плательщ.; сток это или транзит — по данным не видно",truncated
100000005146665100,peripheral,0.3,57,0.066987,"Колено 4: обрыв 4-го колена, исходящие не выгружены. Получил 5 500 KZT от 1 плательщ.; сток это или транзит — по данным не видно",truncated
100000003096787100,peripheral,0.3,7,0.074118,"Колено 4: обрыв 4-го колена, исходящие не выгружены. Получил 16 400 KZT от 1 плательщ.; сток это или транзит — по данным не видно",truncated
100000003074515100,peripheral,0.3,6,0.086237,"Колено 4: обрыв 4-го колена, исходящие не выгружены. Получил 105 000 KZT от 1 плательщ.; сток это или транзит — по данным не видно",truncated
100000004377043100,peripheral,0.3,27,0.06722,"Колено 4: обрыв 4-го колена, исходящие не выгружены. Получил 5 700 KZT от 1 плательщ.; сток это или транзит — по данным не видно",truncated
100000008680061100,peripheral,0.3,5,0.080146,"Колено 4: обрыв 4-го колена, исходящие не выгружены. Получил 41 300 KZT от 1 плательщ.; сток это или транзит — по данным не видно",truncated
100000008471634100,peripheral,0.3,25,0.075413,"Колено 4: обрыв 4-го колена, исходящие не выгружены. Получил 20 000 KZT от 1 плательщ.; сток это или транзит — по данным не видно",truncated
100000002119762100,peripheral,0.3,5,0.084213,"Колено 4: обрыв 4-го колена, исходящие не выгружены. Получил 77 000 KZT от 1 плательщ.; сток это или транзит — по данным не видно",truncated
100000008628818100,peripheral,0.3,7,0.080894,"Колено 4: обрыв 4-го колена, исходящие не выгружены. Получил 46 310 KZT от 1 плательщ.; сток это или транзит — по данным не видно",truncated
100000007510567100,peripheral,0.3,7,0.08165,"Колено 4: обрыв 4-го колена, исходящие не выгружены. Получил 52 000 KZT от 1 плательщ.; сток это или транзит — по данным не видно",truncated
100000004780327100,peripheral,0.3,7,0.072079,"Колено 4: обрыв 4-го колена, исходящие не выгружены. Получил 12 000 KZT от 1 плательщ.; сток это или транзит — по данным не видно",truncated
100000008376785100,peripheral,0.3,5,0.091475,"Колено 4: обрыв 4-го колена, исходящие не выгружены. Получил 234 250 KZT от 1 плательщ.; сток это или транзит — по данным не видно",truncated
100000005745873100,peripheral,0.3,40,0.091154,"Колено 4: обрыв 4-го колена, исходящие не выгружены. Получил 223 000 KZT от 1 плательщ.; сток это или транзит — по данным не видно",truncated
100000002594214100,peripheral,0.3,38,0.100949,"Колено 4: обрыв 4-го колена, исходящие не выгружены. Получил 1 000 000 KZT от 1 плательщ.; сток это или транзит — по данным не видно",truncated
100000001299323100,peripheral,0.3,6,0.086481,"Колено 4: обрыв 4-го колена, исходящие не выгружены. Получил 109 000 KZT от 1 плательщ.; сток это или транзит — по данным не видно",truncated
100000003838587100,peripheral,0.3,14,0.067555,"Колено 4: обрыв 4-го колена, исходящие не выгружены. Получил 6 000 KZT от 1 плательщ.; сток это или транзит — по данным не видно",truncated
100000000673915100,peripheral,0.3,35,0.075478,"Колено 4: обрыв 4-го колена, исходящие не выгружены. Получил 20 200 KZT от 1 плательщ.; сток это или транзит — по данным не видно",truncated
100000003061115100,peripheral,0.3,0,0.080706,"Колено 4: обрыв 4-го колена, исходящие не выгружены. Получил 45 000 KZT от 1 плательщ.; сток это или транзит — по данным не видно",truncated
100000004326224100,peripheral,0.3,5,0.082584,"Колено 4: обрыв 4-го колена, исходящие не выгружены. Получил 60 000 KZT от 1 плательщ.; сток это или транзит — по данным не видно",truncated
100000004988240100,peripheral,0.3,0,0.075413,"Колено 4: обрыв 4-го колена, исходящие не выгружены. Получил 20 000 KZT от 1 плательщ.; сток это или транзит — по данным не видно",truncated
100000008525136100,peripheral,0.3,0,0.073132,"Колено 4: обрыв 4-го колена, исходящие не выгружены. Получил 14 100 KZT от 1 плательщ.; сток это или транзит — по данным не видно",truncated
100000001991973100,peripheral,0.3,7,0.075669,"Колено 4: обрыв 4-го колена, исходящие не выгружены. Получил 20 800 KZT от 1 плательщ.; сток это или транзит — по данным не видно",truncated
100000004569637100,peripheral,0.3,4,0.066987,"Колено 4: обрыв 4-го колена, исходящие не выгружены. Получил 5 500 KZT от 1 плательщ.; сток это или транзит — по данным не видно",truncated
100000008675322100,peripheral,0.3,35,0.093907,"Колено 4: обрыв 4-го колена, исходящие не выгружены. Получил 340 000 KZT от 1 плательщ.; сток это или транзит — по данным не видно",truncated
100000004235471100,peripheral,0.3,5,0.089755,"Колено 4: обрыв 4-го колена, исходящие не выгружены. Получил 180 000 KZT от 1 плательщ.; сток это или транзит — по данным не видно",truncated
100000003194831100,peripheral,0.3,7,0.067837,"Колено 4: обрыв 4-го колена, исходящие не выгружены. Получил 6 265 KZT от 1 плательщ.; сток это или транзит — по данным не видно",truncated
100000008588665100,peripheral,0.3,0,0.07687,"Колено 4: обрыв 4-го колена, исходящие не выгружены. Получил 25 000 KZT от 1 плательщ.; сток это или транзит — по данным не видно",truncated
100000003230329100,peripheral,0.3,6,0.086541,"Колено 4: обрыв 4-го колена, исходящие не выгружены. Получил 110 000 KZT от 1 плательщ.; сток это или транзит — по данным не видно",truncated
100000002217806100,peripheral,0.3,37,0.082016,"Колено 4: обрыв 4-го колена, исходящие не выгружены. Получил 55 000 KZT от 1 плательщ.; сток это или транзит — по данным не видно",truncated
100000004041294100,peripheral,0.3,25,0.074653,"Колено 4: обрыв 4-го колена, исходящие не выгружены. Получил 17 800 KZT от 1 плательщ.; сток это или транзит — по данным не видно",truncated
100000008583971100,peripheral,0.3,0,0.087822,"Колено 4: обрыв 4-го колена, исходящие не выгружены. Получил 51 000 KZT от 2 плательщ.; сток это или транзит — по данным не видно",truncated
100000008251939100,peripheral,0.3,7,0.080613,"Колено 4: обрыв 4-го колена, исходящие не выгружены. Получил 44 360 KZT от 1 плательщ.; сток это или транзит — по данным не видно",truncated
100000004049912100,peripheral,0.3,18,0.070889,"Колено 4: обрыв 4-го колена, исходящие не выгружены. Получил 10 000 KZT от 1 плательщ.; сток это или транзит — по данным не видно",truncated
100000002227960100,peripheral,0.3,20,0.070889,"Колено 4: обрыв 4-го колена, исходящие не выгружены. Получил 10 000 KZT от 1 плательщ.; сток это или транзит — по данным не видно",truncated
100000008677368100,peripheral,0.3,8,0.072848,"Колено 4: обрыв 4-го колена, исходящие не выгружены. Получил 13 500 KZT от 1 плательщ.; сток это или транзит — по данным не видно",truncated
100000008631800100,peripheral,0.3,7,0.072526,"Колено 4: обрыв 4-го колена, исходящие не выгружены. Получил 12 850 KZT от 1 плательщ.; сток это или транзит — по данным не видно",truncated
100000003220685100,peripheral,0.3,5,0.102692,"Колено 4: обрыв 4-го колена, исходящие не выгружены. Получил 1 306 000 KZT от 1 плательщ.; сток это или транзит — по данным не видно",truncated
100000003072205100,peripheral,0.3,6,0.095406,"Колено 4: обрыв 4-го колена, исходящие не выгружены. Получил 163 000 KZT от 2 плательщ.; сток это или транзит — по данным не видно",truncated
100000001202637100,peripheral,0.3,7,0.070889,"Колено 4: обрыв 4-го колена, исходящие не выгружены. Получил 10 000 KZT от 1 плательщ.; сток это или транзит — по данным не видно",truncated
100000002835874100,peripheral,0.3,6,0.082441,"Колено 4: обрыв 4-го колена, исходящие не выгружены. Получил 58 700 KZT от 1 плательщ.; сток это или транзит — по данным не видно",truncated
100000002707106100,peripheral,0.3,14,0.073535,"Колено 4: обрыв 4-го колена, исходящие не выгружены. Получил 15 000 KZT от 1 плательщ.; сток это или транзит — по данным не видно",truncated
100000008343415100,peripheral,0.3,4,0.085919,"Колено 4: обрыв 4-го колена, исходящие не выгружены. Получил 100 000 KZT от 1 плательщ.; сток это или транзит — по данным не видно",truncated
100000004981068100,peripheral,0.3,4,0.070889,"Колено 4: обрыв 4-го колена, исходящие не выгружены. Получил 10 000 KZT от 1 плательщ.; сток это или транзит — по данным не видно",truncated
100000004241142100,peripheral,0.3,0,0.077397,"Колено 4: обрыв 4-го колена, исходящие не выгружены. Получил 27 102 KZT от 1 плательщ.; сток это или транзит — по данным не видно",truncated
100000008190411100,peripheral,0.3,28,0.090392,"Колено 4: обрыв 4-го колена, исходящие не выгружены. Получил 198 450 KZT от 1 плательщ.; сток это или транзит — по данным не видно",truncated
100000008699083100,peripheral,0.3,12,0.091592,"Колено 4: обрыв 4-го колена, исходящие не выгружены. Получил 238 500 KZT от 1 плательщ.; сток это или транзит — по данным не видно",truncated
100000008136608100,peripheral,0.3,7,0.089382,"Колено 4: обрыв 4-го колена, исходящие не выгружены. Получил 170 000 KZT от 1 плательщ.; сток это или транзит — по данным не видно",truncated
100000008695157100,peripheral,0.3,4,0.095372,"Колено 4: обрыв 4-го колена, исходящие не выгружены. Получил 425 546 KZT от 1 плательщ.; сток это или транзит — по данным не видно",truncated
100000000369781100,peripheral,0.3,5,0.066365,"Колено 4: обрыв 4-го колена, исходящие не выгружены. Получил 5 000 KZT от 1 плательщ.; сток это или транзит — по данным не видно",truncated
100000003133045100,peripheral,0.3,28,0.083401,"Колено 4: обрыв 4-го колена, исходящие не выгружены. Получил 68 000 KZT от 1 плательщ.; сток это или транзит — по данным не видно",truncated
100000002474570100,peripheral,0.3,7,0.068324,"Колено 4: обрыв 4-го колена, исходящие не выгружены. Получил 6 750 KZT от 1 плательщ.; сток это или транзит — по данным не видно",truncated
100000002514975100,peripheral,0.3,26,0.074696,"Колено 4: обрыв 4-го колена, исходящие не выгружены. Получил 17 920 KZT от 1 плательщ.; сток это или транзит — по данным не видно",truncated
100000001089055100,peripheral,0.3,16,0.072601,"Колено 4: обрыв 4-го колена, исходящие не выгружены. Получил 13 000 KZT от 1 плательщ.; сток это или транзит — по данным не видно",truncated
100000000608031100,peripheral,0.3,16,0.07806,"Колено 4: обрыв 4-го колена, исходящие не выгружены. Получил 30 000 KZT от 1 плательщ.; сток это или транзит — по данным не видно",truncated
100000002659103100,peripheral,0.3,44,0.089187,"Колено 4: обрыв 4-го колена, исходящие не выгружены. Получил 165 000 KZT от 1 плательщ.; сток это или транзит — по данным не видно",truncated
100000000733940100,peripheral,0.3,31,0.099088,"Колено 4: обрыв 4-го колена, исходящие не выгружены. Получил 752 000 KZT от 1 плательщ.; сток это или транзит — по данным не видно",truncated
100000001537524100,peripheral,0.3,12,0.088565,"Колено 4: обрыв 4-го колена, исходящие не выгружены. Получил 150 000 KZT от 1 плательщ.; сток это или транзит — по данным не видно",truncated
100000002971593100,peripheral,0.3,5,0.081269,"Колено 4: обрыв 4-го колена, исходящие не выгружены. Получил 49 050 KZT от 1 плательщ.; сток это или транзит — по данным не видно",truncated
100000006918814100,peripheral,0.3,2,0.075413,"Колено 4: обрыв 4-го колена, исходящие не выгружены. Получил 20 000 KZT от 1 плательщ.; сток это или транзит — по данным не видно",truncated
100000007381662100,peripheral,0.3,0,0.071511,"Колено 4: обрыв 4-го колена, исходящие не выгружены. Получил 11 000 KZT от 1 плательщ.; сток это или транзит — по данным не видно",truncated
100000003199390100,peripheral,0.3,5,0.092156,"Колено 4: обрыв 4-го колена, исходящие не выгружены. Получил 260 000 KZT от 1 плательщ.; сток это или транзит — по данным не видно",truncated
100000007749747100,peripheral,0.3,6,0.081394,"Колено 4: обрыв 4-го колена, исходящие не выгружены. Получил 50 000 KZT от 1 плательщ.; сток это или транзит — по данным не видно",truncated
100000003447411100,peripheral,0.3,4,0.093133,"Колено 4: обрыв 4-го колена, исходящие не выгружены. Получил 302 000 KZT от 1 плательщ.; сток это или транзит — по данным не видно",truncated
100000000500040100,peripheral,0.3,0,0.075413,"Колено 4: обрыв 4-го колена, исходящие не выгружены. Получил 20 000 KZT от 1 плательщ.; сток это или транзит — по данным не видно",truncated
100000008551752100,peripheral,0.3,40,0.095065,"Колено 4: обрыв 4-го колена, исходящие не выгружены. Получил 406 000 KZT от 1 плательщ.; сток это или транзит — по данным не видно",truncated
100000002876914100,peripheral,0.3,7,0.072079,"Колено 4: обрыв 4-го колена, исходящие не выгружены. Получил 12 000 KZT от 1 плательщ.; сток это или транзит — по данным не видно",truncated
100000004571634100,peripheral,0.3,10,0.075413,"Колено 4: обрыв 4-го колена, исходящие не выгружены. Получил 20 000 KZT от 1 плательщ.; сток это или транзит — по данным не видно",truncated
100000004610802100,peripheral,0.3,60,0.09166,"Колено 4: обрыв 4-го колена, исходящие не выгружены. Получил 241 000 KZT от 1 плательщ.; сток это или транзит — по данным не видно",truncated
100000001311175100,peripheral,0.3,12,0.09309,"Колено 4: обрыв 4-го колена, исходящие не выгружены. Получил 300 000 KZT от 1 плательщ.; сток это или транзит — по данным не видно",truncated
100000008740295100,peripheral,0.3,6,0.09309,"Колено 4: обрыв 4-го колена, исходящие не выгружены. Получил 300 000 KZT от 1 плательщ.; сток это или транзит — по данным не видно",truncated
100000002596039100,peripheral,0.3,4,0.09264,"Колено 4: обрыв 4-го колена, исходящие не выгружены. Получил 280 000 KZT от 1 плательщ.; сток это или транзит — по данным не видно",truncated
100000002126791100,peripheral,0.3,6,0.102726,"Колено 4: обрыв 4-го колена, исходящие не выгружены. Получил 1 313 000 KZT от 1 плательщ.; сток это или транзит — по данным не видно",truncated
100000005783452100,peripheral,0.3,12,0.099088,"Колено 4: обрыв 4-го колена, исходящие не выгружены. Получил 286 500 KZT от 2 плательщ.; сток это или транзит — по данным не видно",truncated
100000006693788100,peripheral,0.3,0,0.071369,"Колено 4: обрыв 4-го колена, исходящие не выгружены. Получил 10 764 KZT от 1 плательщ.; сток это или транзит — по данным не видно",truncated
100000002832753100,peripheral,0.3,15,0.072345,"Колено 4: обрыв 4-го колена, исходящие не выгружены. Получил 12 500 KZT от 1 плательщ.; сток это или транзит — по данным не видно",truncated
100000002981489100,peripheral,0.3,5,0.070889,"Колено 4: обрыв 4-го колена, исходящие не выгружены. Получил 10 000 KZT от 1 плательщ.; сток это или транзит — по данным не видно",truncated
100000003084870100,peripheral,0.3,12,0.068077,"Колено 4: обрыв 4-го колена, исходящие не выгружены. Получил 6 500 KZT от 1 плательщ.; сток это или транзит — по данным не видно",truncated
100000002791494100,peripheral,0.3,7,0.084924,"Колено 4: обрыв 4-го колена, исходящие не выгружены. Получил 85 860 KZT от 1 плательщ.; сток это или транзит — по данным не видно",truncated
100000003345947100,peripheral,0.3,4,0.084421,"Колено 4: обрыв 4-го колена, исходящие не выгружены. Получил 79 500 KZT от 1 плательщ.; сток это или транзит — по данным не видно",truncated
100000002733083100,peripheral,0.3,7,0.073622,"Колено 4: обрыв 4-го колена, исходящие не выгружены. Получил 15 200 KZT от 1 плательщ.; сток это или транзит — по данным не видно",truncated
100000003247600100,peripheral,0.3,2,0.082363,"Колено 4: обрыв 4-го колена, исходящие не выгружены. Получил 58 000 KZT от 1 плательщ.; сток это или транзит — по данным не видно",truncated
100000001378288100,peripheral,0.3,4,0.092354,"Колено 4: обрыв 4-го колена, исходящие не выгружены. Получил 268 000 KZT от 1 плательщ.; сток это или транзит — по данным не видно",truncated
100000002305477100,peripheral,0.3,20,0.075413,"Колено 4: обрыв 4-го колена, исходящие не выгружены. Получил 20 000 KZT от 1 плательщ.; сток это или транзит — по данным не видно",truncated
100000006638021100,peripheral,0.3,46,0.101076,"Колено 4: обрыв 4-го колена, исходящие не выгружены. Получил 388 500 KZT от 2 плательщ.; сток это или транзит — по данным не видно",truncated
100000008517061100,peripheral,0.3,14,0.104943,"Колено 4: обрыв 4-го колена, исходящие не выгружены. Получил 1 844 000 KZT от 1 плательщ.; сток это или транзит — по данным не видно",truncated
100000005910895100,peripheral,0.3,10,0.066494,"Колено 4: обрыв 4-го колена, исходящие не выгружены. Получил 5 100 KZT от 1 плательщ.; сток это или транзит — по данным не видно",truncated
100000002723439100,peripheral,0.3,10,0.074725,"Колено 4: обрыв 4-го колена, исходящие не выгружены. Получил 18 000 KZT от 1 плательщ.; сток это или транзит — по данным не видно",truncated
100000002320495100,peripheral,0.3,16,0.07286,"Колено 4: обрыв 4-го колена, исходящие не выгружены. Получил 13 526 KZT от 1 плательщ.; сток это или транзит — по данным не видно",truncated
100000002229615100,peripheral,0.3,20,0.07687,"Колено 4: обрыв 4-го колена, исходящие не выгружены. Получил 25 000 KZT от 1 плательщ.; сток это или транзит — по данным не видно",truncated
100000008327791100,peripheral,0.3,16,0.071511,"Колено 4: обрыв 4-го колена, исходящие не выгружены. Получил 11 000 KZT от 1 плательщ.; сток это или транзит — по данным не видно",truncated
100000002208836100,peripheral,0.3,5,0.085231,"Колено 4: обрыв 4-го колена, исходящие не выгружены. Получил 90 000 KZT от 1 плательщ.; сток это или транзит — по данным не видно",truncated
100000001724740100,peripheral,0.3,6,0.089934,"Колено 4: обрыв 4-го колена, исходящие не выгружены. Получил 185 000 KZT от 1 плательщ.; сток это или транзит — по данным не видно",truncated
100000004386286100,peripheral,0.3,11,0.072345,"Колено 4: обрыв 4-го колена, исходящие не выгружены. Получил 12 500 KZT от 1 плательщ.; сток это или транзит — по данным не видно",truncated
100000001714883100,peripheral,0.3,7,0.068467,"Колено 4: обрыв 4-го колена, исходящие не выгружены. Получил 6 900 KZT от 1 плательщ.; сток это или транзит — по данным не видно",truncated
100000008337304100,peripheral,0.3,4,0.086266,"Колено 4: обрыв 4-го колена, исходящие не выгружены. Получил 105 465 KZT от 1 плательщ.; сток это или транзит — по данным не видно",truncated
100000000655469100,peripheral,0.3,20,0.075413,"Колено 4: обрыв 4-го колена, исходящие не выгружены. Получил 20 000 KZT от 1 плательщ.; сток это или транзит — по данным не видно",truncated
100000008722541100,peripheral,0.3,5,0.09264,"Колено 4: обрыв 4-го колена, исходящие не выгружены. Получил 280 000 KZT от 1 плательщ.; сток это или транзит — по данным не видно",truncated
100000004222274100,peripheral,0.3,0,0.073749,"Колено 4: обрыв 4-го колена, исходящие не выгружены. Получил 15 500 KZT от 1 плательщ.; сток это или транзит — по данным не видно",truncated
100000006232642100,peripheral,0.3,41,0.095823,"Колено 4: обрыв 4-го колена, исходящие не выгружены. Получил 456 000 KZT от 1 плательщ.; сток это или транзит — по данным не видно",truncated
100000004066370100,peripheral,0.3,36,0.083107,"Колено 4: обрыв 4-го колена, исходящие не выгружены. Получил 65 000 KZT от 1 плательщ.; сток это или транзит — по данным не видно",truncated
100000005685783100,peripheral,0.3,1,0.077163,"Колено 4: обрыв 4-го колена, исходящие не выгружены. Получил 26 150 KZT от 1 плательщ.; сток это или транзит — по данным не видно",truncated
100000006171671100,peripheral,0.3,0,0.070889,"Колено 4: обрыв 4-го колена, исходящие не выгружены. Получил 10 000 KZT от 1 плательщ.; сток это или транзит — по данным не видно",truncated
100000003481025100,peripheral,0.3,0,0.070201,"Колено 4: обрыв 4-го колена, исходящие не выгружены. Получил 9 000 KZT от 1 плательщ.; сток это или транзит — по данным не видно",truncated
100000003646145100,peripheral,0.3,32,0.066365,"Колено 4: обрыв 4-го колена, исходящие не выгружены. Получил 5 000 KZT от 1 плательщ.; сток это или транзит — по данным не видно",truncated
100000002659265100,peripheral,0.3,6,0.088161,"Колено 4: обрыв 4-го колена, исходящие не выгружены. Получил 141 000 KZT от 1 плательщ.; сток это или транзит — по данным не видно",truncated
100000003289281100,peripheral,0.3,0,0.079938,"Колено 4: обрыв 4-го колена, исходящие не выгружены. Получил 40 000 KZT от 1 плательщ.; сток это или транзит — по данным не видно",truncated
100000004840086100,peripheral,0.3,0,0.085919,"Колено 4: обрыв 4-го колена, исходящие не выгружены. Получил 100 000 KZT от 1 плательщ.; сток это или транзит — по данным не видно",truncated
100000008554390100,peripheral,0.3,7,0.073085,"Колено 4: обрыв 4-го колена, исходящие не выгружены. Получил 14 000 KZT от 1 плательщ.; сток это или транзит — по данным не видно",truncated
100000004691350100,peripheral,0.3,49,0.07275,"Колено 4: обрыв 4-го колена, исходящие не выгружены. Получил 13 300 KZT от 1 плательщ.; сток это или транзит — по данным не видно",truncated
100000004652395100,peripheral,0.3,0,0.096785,"Колено 4: обрыв 4-го колена, исходящие не выгружены. Получил 101 528 KZT от 3 плательщ.; сток это или транзит — по данным не видно",truncated
100000004979264100,peripheral,0.3,6,0.079905,"Колено 4: обрыв 4-го колена, исходящие не выгружены. Получил 39 800 KZT от 1 плательщ.; сток это или транзит — по данным не видно",truncated
100000008074304100,peripheral,0.3,5,0.066987,"Колено 4: обрыв 4-го колена, исходящие не выгружены. Получил 5 500 KZT от 1 плательщ.; сток это или транзит — по данным не видно",truncated
100000002227989100,peripheral,0.3,20,0.075413,"Колено 4: обрыв 4-го колена, исходящие не выгружены. Получил 20 000 KZT от 1 плательщ.; сток это или транзит — по данным не видно",truncated
100000003207060100,peripheral,0.3,0,0.081774,"Колено 4: обрыв 4-го колена, исходящие не выгружены. Получил 53 000 KZT от 1 плательщ.; сток это или транзит — по данным не видно",truncated
100000004601193100,peripheral,0.3,10,0.084781,"Колено 4: обрыв 4-го колена, исходящие не выгружены. Получил 84 000 KZT от 1 плательщ.; сток это или транзит — по данным не видно",truncated
100000004991593100,peripheral,0.3,4,0.080706,"Колено 4: обрыв 4-го колена, исходящие не выгружены. Получил 45 000 KZT от 1 плательщ.; сток это или транзит — по данным не видно",truncated
100000003128638100,peripheral,0.3,6,0.09309,"Колено 4: обрыв 4-го колена, исходящие не выгружены. Получил 300 000 KZT от 1 плательщ.; сток это или транзит — по данным не видно",truncated
100000005878334100,peripheral,0.3,4,0.084162,"Колено 4: обрыв 4-го колена, исходящие не выгружены. Получил 76 400 KZT от 1 плательщ.; сток это или транзит — по данным не видно",truncated
100000002878483100,peripheral,0.3,7,0.067555,"Колено 4: обрыв 4-го колена, исходящие не выгружены. Получил 6 000 KZT от 1 плательщ.; сток это или транзит — по данным не видно",truncated
100000000981693100,peripheral,0.3,0,0.074157,"Колено 4: обрыв 4-го колена, исходящие не выгружены. Получил 16 500 KZT от 1 плательщ.; сток это или транзит — по данным не видно",truncated
100000006416061100,peripheral,0.3,4,0.07806,"Колено 4: обрыв 4-го колена, исходящие не выгружены. Получил 30 000 KZT от 1 плательщ.; сток это или транзит — по данным не видно",truncated
100000008168850100,peripheral,0.3,5,0.090036,"Колено 4: обрыв 4-го колена, исходящие не выгружены. Получил 187 910 KZT от 1 плательщ.; сток это или транзит — по данным не видно",truncated
100000004747154100,peripheral,0.3,28,0.083305,"Колено 4: обрыв 4-го колена, исходящие не выгружены. Получил 67 000 KZT от 1 плательщ.; сток это или транзит — по данным не видно",truncated
100000008524903100,peripheral,0.3,0,0.073535,"Колено 4: обрыв 4-го колена, исходящие не выгружены. Получил 15 000 KZT от 1 плательщ.; сток это или транзит — по данным не видно",truncated
100000005049404100,peripheral,0.3,5,0.085787,"Колено 4: обрыв 4-го колена, исходящие не выгружены. Получил 98 000 KZT от 1 плательщ.; сток это или транзит — по данным не видно",truncated
100000002258492100,peripheral,0.3,19,0.070201,"Колено 4: обрыв 4-го колена, исходящие не выгружены. Получил 9 000 KZT от 1 плательщ.; сток это или транзит — по данным не видно",truncated
100000005497148100,peripheral,0.3,5,0.076603,"Колено 4: обрыв 4-го колена, исходящие не выгружены. Получил 24 000 KZT от 1 плательщ.; сток это или транзит — по данным не видно",truncated
100000004596284100,peripheral,0.3,3,0.07806,"Колено 4: обрыв 4-го колена, исходящие не выгружены. Получил 30 000 KZT от 1 плательщ.; сток это или транзит — по данным не видно",truncated
100000007960337100,peripheral,0.3,4,0.079159,"Колено 4: обрыв 4-го колена, исходящие не выгружены. Получил 35 500 KZT от 1 плательщ.; сток это или транзит — по данным не видно",truncated
100000003180305100,peripheral,0.3,0,0.088299,"Колено 4: обрыв 4-го колена, исходящие не выгружены. Получил 144 000 KZT от 1 плательщ.; сток это или транзит — по данным не видно",truncated
100000007653094100,peripheral,0.3,13,0.073957,"Колено 4: обрыв 4-го колена, исходящие не выгружены. Получил 16 000 KZT от 1 плательщ.; сток это или транзит — по данным не видно",truncated
100000008175078100,peripheral,0.3,35,0.104953,"Колено 4: обрыв 4-го колена, исходящие не выгружены. Получил 1 846 711 KZT от 1 плательщ.; сток это или транзит — по данным не видно",truncated
100000004263867100,peripheral,0.3,7,0.070201,"Колено 4: обрыв 4-го колена, исходящие не выгружены. Получил 9 000 KZT от 1 плательщ.; сток это или транзит — по данным не видно",truncated
100000002194320100,peripheral,0.3,58,0.092522,"Колено 4: обрыв 4-го колена, исходящие не выгружены. Получил 275 000 KZT от 1 плательщ.; сток это или транзит — по данным не видно",truncated
100000001222245100,peripheral,0.3,5,0.095286,"Колено 4: обрыв 4-го колена, исходящие не выгружены. Получил 420 000 KZT от 1 плательщ.; сток это или транзит — по данным не видно",truncated
100000008151098100,peripheral,0.3,26,0.07806,"Колено 4: обрыв 4-го колена, исходящие не выгружены. Получил 30 000 KZT от 1 плательщ.; сток это или транзит — по данным не видно",truncated
100000008735802100,peripheral,0.3,0,0.084858,"Колено 4: обрыв 4-го колена, исходящие не выгружены. Получил 85 000 KZT от 1 плательщ.; сток это или транзит — по данным не видно",truncated
100000004047887100,peripheral,0.3,38,0.07806,"Колено 4: обрыв 4-го колена, исходящие не выгружены. Получил 30 000 KZT от 1 плательщ.; сток это или транзит — по данным не видно",truncated
100000003146511100,peripheral,0.3,13,0.070889,"Колено 4: обрыв 4-го колена, исходящие не выгружены. Получил 10 000 KZT от 1 плательщ.; сток это или транзит — по данным не видно",truncated
100000007511780100,peripheral,0.3,24,0.088779,"Колено 4: обрыв 4-го колена, исходящие не выгружены. Получил 155 000 KZT от 1 плательщ.; сток это или транзит — по данным не видно",truncated
100000007867364100,peripheral,0.3,18,0.080233,"Колено 4: обрыв 4-го колена, исходящие не выгружены. Получил 41 852 KZT от 1 плательщ.; сток это или транзит — по данным не видно",truncated
100000006288612100,peripheral,0.3,11,0.078233,"Колено 4: обрыв 4-го колена, исходящие не выгружены. Получил 30 805 KZT от 1 плательщ.; сток это или транзит — по данным не видно",truncated
100000006735545100,peripheral,0.3,4,0.066365,"Колено 4: обрыв 4-го колена, исходящие не выгружены. Получил 5 000 KZT от 1 плательщ.; сток это или транзит — по данным не видно",truncated
100000004403641100,peripheral,0.3,12,0.08944,"Колено 4: обрыв 4-го колена, исходящие не выгружены. Получил 171 500 KZT от 1 плательщ.; сток это или транзит — по данным не видно",truncated
100000003370425100,peripheral,0.3,13,0.075413,"Колено 4: обрыв 4-го колена, исходящие не выгружены. Получил 20 000 KZT от 1 плательщ.; сток это или транзит — по данным не видно",truncated
100000004350094100,peripheral,0.3,18,0.075413,"Колено 4: обрыв 4-го колена, исходящие не выгружены. Получил 20 000 KZT от 1 плательщ.; сток это или транзит — по данным не видно",truncated
100000004911971100,peripheral,0.3,35,0.079066,"Колено 4: обрыв 4-го колена, исходящие не выгружены. Получил 35 000 KZT от 1 плательщ.; сток это или транзит — по данным не видно",truncated
100000001202787100,peripheral,0.3,0,0.079768,"Колено 4: обрыв 4-го колена, исходящие не выгружены. Получил 14 850 KZT от 2 плательщ.; сток это или транзит — по данным не видно",truncated
100000008469048100,peripheral,0.3,0,0.092285,"Колено 4: обрыв 4-го колена, исходящие не выгружены. Получил 265 200 KZT от 1 плательщ.; сток это или транзит — по данным не видно",truncated
100000002635746100,peripheral,0.3,7,0.066745,"Колено 4: обрыв 4-го колена, исходящие не выгружены. Получил 5 300 KZT от 1 плательщ.; сток это или транзит — по данным не видно",truncated
100000008321975100,peripheral,0.3,20,0.067445,"Колено 4: обрыв 4-го колена, исходящие не выгружены. Получил 5 900 KZT от 1 плательщ.; сток это или транзит — по данным не видно",truncated
100000003078839100,peripheral,0.3,4,0.073085,"Колено 4: обрыв 4-го колена, исходящие не выгружены. Получил 14 000 KZT от 1 плательщ.; сток это или транзит — по данным не видно",truncated
100000004006327100,peripheral,0.3,6,0.09309,"Колено 4: обрыв 4-го колена, исходящие не выгружены. Получил 300 000 KZT от 1 плательщ.; сток это или транзит — по данным не видно",truncated
100000007865484100,peripheral,0.3,40,0.097445,"Колено 4: обрыв 4-го колена, исходящие не выгружены. Получил 584 600 KZT от 1 плательщ.; сток это или транзит — по данным не видно",truncated
100000005367180100,peripheral,0.3,4,0.069183,"Колено 4: обрыв 4-го колена, исходящие не выгружены. Получил 7 700 KZT от 1 плательщ.; сток это или транзит — по данным не видно",truncated
100000001669260100,peripheral,0.3,4,0.096424,"Колено 4: обрыв 4-го колена, исходящие не выгружены. Получил 500 000 KZT от 1 плательщ.; сток это или транзит — по данным не видно",truncated
100000001297206100,peripheral,0.3,0,0.068331,"Колено 4: обрыв 4-го колена, исходящие не выгружены. Получил 6 758 KZT от 1 плательщ.; сток это или транзит — по данным не видно",truncated
100000002645046100,peripheral,0.3,7,0.072079,"Колено 4: обрыв 4-го колена, исходящие не выгружены. Получил 12 000 KZT от 1 плательщ.; сток это или транзит — по данным не видно",truncated
100000006308406100,peripheral,0.3,20,0.089863,"Колено 4: обрыв 4-го колена, исходящие не выгружены. Получил 183 000 KZT от 1 плательщ.; сток это или транзит — по данным не видно",truncated
100000002728246100,peripheral,0.3,5,0.070889,"Колено 4: обрыв 4-го колена, исходящие не выгружены. Получил 10 000 KZT от 1 плательщ.; сток это или транзит — по данным не видно",truncated
100000001590795100,peripheral,0.3,7,0.066443,"Колено 4: обрыв 4-го колена, исходящие не выгружены. Получил 5 060 KZT от 1 плательщ.; сток это или транзит — по данным не видно",truncated
100000006257675100,peripheral,0.3,20,0.08359,"Колено 4: обрыв 4-го колена, исходящие не выгружены. Получил 70 000 KZT от 1 плательщ.; сток это или транзит — по данным не видно",truncated
100000002130400100,peripheral,0.3,36,0.070889,"Колено 4: обрыв 4-го колена, исходящие не выгружены. Получил 10 000 KZT от 1 плательщ.; сток это или транзит — по данным не видно",truncated
100000000557536100,peripheral,0.3,35,0.088695,"Колено 4: обрыв 4-го колена, исходящие не выгружены. Получил 153 000 KZT от 1 плательщ.; сток это или транзит — по данным не видно",truncated
100000002689717100,peripheral,0.3,7,0.081059,"Колено 4: обрыв 4-го колена, исходящие не выгружены. Получил 47 500 KZT от 1 плательщ.; сток это или транзит — по данным не видно",truncated
100000005189258100,peripheral,0.3,5,0.081394,"Колено 4: обрыв 4-го колена, исходящие не выгружены. Получил 50 000 KZT от 1 плательщ.; сток это или транзит — по данным не видно",truncated
100000002748511100,peripheral,0.3,3,0.075413,"Колено 4: обрыв 4-го колена, исходящие не выгружены. Получил 20 000 KZT от 1 плательщ.; сток это или транзит — по данным не видно",truncated
100000002371892100,peripheral,0.3,51,0.080534,"Колено 4: обрыв 4-го колена, исходящие не выгружены. Получил 43 830 KZT от 1 плательщ.; сток это или транзит — по данным не видно",truncated
100000008130868100,peripheral,0.3,12,0.076263,"Колено 4: обрыв 4-го колена, исходящие не выгружены. Получил 22 782 KZT от 1 плательщ.; сток это или транзит — по данным не видно",truncated
100000007153161100,peripheral,0.3,0,0.080706,"Колено 4: обрыв 4-го колена, исходящие не выгружены. Получил 44 997 KZT от 1 плательщ.; сток это или транзит — по данным не видно",truncated
100000002994441100,peripheral,0.3,4,0.066365,"Колено 4: обрыв 4-го колена, исходящие не выгружены. Получил 5 000 KZT от 1 плательщ.; сток это или транзит — по данным не видно",truncated
100000001065481100,peripheral,0.3,13,0.073957,"Колено 4: обрыв 4-го колена, исходящие не выгружены. Получил 16 000 KZT от 1 плательщ.; сток это или транзит — по данным не видно",truncated
100000007731977100,peripheral,0.3,0,0.081394,"Колено 4: обрыв 4-го колена, исходящие не выгружены. Получил 50 000 KZT от 1 плательщ.; сток это или транзит — по данным не видно",truncated
100000003252446100,peripheral,0.3,6,0.086457,"Колено 4: обрыв 4-го колена, исходящие не выгружены. Получил 108 600 KZT от 1 плательщ.; сток это или транзит — по данным не видно",truncated
100000002671326100,peripheral,0.3,28,0.101267,"Колено 4: обрыв 4-го колена, исходящие не выгружены. Получил 1 050 000 KZT от 1 плательщ.; сток это или транзит — по данным не видно",truncated
100000005087923100,peripheral,0.3,9,0.075413,"Колено 4: обрыв 4-го колена, исходящие не выгружены. Получил 20 000 KZT от 1 плательщ.; сток это или транзит — по данным не видно",truncated
100000008770483100,peripheral,0.3,46,0.066365,"Колено 4: обрыв 4-го колена, исходящие не выгружены. Получил 5 000 KZT от 1 плательщ.; сток это или транзит — по данным не видно",truncated
100000002748040100,peripheral,0.3,7,0.074725,"Колено 4: обрыв 4-го колена, исходящие не выгружены. Получил 18 000 KZT от 1 плательщ.; сток это или транзит — по данным не видно",truncated
100000004800648100,peripheral,0.3,11,0.087681,"Колено 4: обрыв 4-го колена, исходящие не выгружены. Получил 131 000 KZT от 1 плательщ.; сток это или транзит — по данным не видно",truncated
100000005025629100,peripheral,0.3,5,0.066655,"Колено 4: обрыв 4-го колена, исходящие не выгружены. Получил 5 227 KZT от 1 плательщ.; сток это или транзит — по данным не видно",truncated
100000000581682100,peripheral,0.3,27,0.066365,"Колено 4: обрыв 4-го колена, исходящие не выгружены. Получил 5 000 KZT от 1 плательщ.; сток это или транзит — по данным не видно",truncated
100000004976946100,peripheral,0.3,40,0.091794,"Колено 4: обрыв 4-го колена, исходящие не выгружены. Получил 246 000 KZT от 1 плательщ.; сток это или транзит — по данным не видно",truncated
100000000957746100,peripheral,0.3,16,0.066745,"Колено 4: обрыв 4-го колена, исходящие не выгружены. Получил 5 300 KZT от 1 плательщ.; сток это или транзит — по данным не видно",truncated
100000003001138100,peripheral,0.3,27,0.07806,"Колено 4: обрыв 4-го колена, исходящие не выгружены. Получил 30 000 KZT от 1 плательщ.; сток это или транзит — по данным не видно",truncated
100000001325618100,peripheral,0.3,7,0.070415,"Колено 4: обрыв 4-го колена, исходящие не выгружены. Получил 9 300 KZT от 1 плательщ.; сток это или транзит — по данным не видно",truncated
100000003792647100,peripheral,0.3,5,0.069432,"Колено 4: обрыв 4-го колена, исходящие не выгружены. Получил 8 000 KZT от 1 плательщ.; сток это или транзит — по данным не видно",truncated
100000004107228100,peripheral,0.3,2,0.066365,"Колено 4: обрыв 4-го колена, исходящие не выгружены. Получил 5 000 KZT от 1 плательщ.; сток это или транзит — по данным не видно",truncated
100000003500764100,peripheral,0.3,16,0.075732,"Колено 4: обрыв 4-го колена, исходящие не выгружены. Получил 21 000 KZT от 1 плательщ.; сток это или транзит — по данным не видно",truncated
100000004261340100,peripheral,0.3,0,0.081195,"Колено 4: обрыв 4-го колена, исходящие не выгружены. Получил 48 500 KZT от 1 плательщ.; сток это или транзит — по данным не видно",truncated
100000008172721100,peripheral,0.3,4,0.089318,"Колено 4: обрыв 4-го колена, исходящие не выгружены. Получил 168 335 KZT от 1 плательщ.; сток это или транзит — по данным не видно",truncated
100000005079473100,peripheral,0.3,4,0.079824,"Колено 4: обрыв 4-го колена, исходящие не выгружены. Получил 39 312 KZT от 1 плательщ.; сток это или транзит — по данным не видно",truncated
100000004850609100,peripheral,0.3,0,0.070889,"Колено 4: обрыв 4-го колена, исходящие не выгружены. Получил 10 000 KZT от 1 плательщ.; сток это или транзит — по данным не видно",truncated
100000005042822100,peripheral,0.3,31,0.100949,"Колено 4: обрыв 4-го колена, исходящие не выгружены. Получил 1 000 000 KZT от 1 плательщ.; сток это или транзит — по данным не видно",truncated
100000002794374100,peripheral,0.3,46,0.0866,"Колено 4: обрыв 4-го колена, исходящие не выгружены. Получил 111 000 KZT от 1 плательщ.; сток это или транзит — по данным не видно",truncated
100000002860934100,peripheral,0.3,27,0.092628,"Колено 4: обрыв 4-го колена, исходящие не выгружены. Получил 279 500 KZT от 1 плательщ.; сток это или транзит — по данным не видно",truncated
100000003097947100,peripheral,0.3,4,0.081772,"Колено 4: обрыв 4-го колена, исходящие не выгружены. Получил 52 980 KZT от 1 плательщ.; сток это или транзит — по данным не видно",truncated
100000004260869100,peripheral,0.3,3,0.070889,"Колено 4: обрыв 4-го колена, исходящие не выгружены. Получил 10 000 KZT от 1 плательщ.; сток это или транзит — по данным не видно",truncated
100000008762885100,peripheral,0.3,6,0.068561,"Колено 4: обрыв 4-го колена, исходящие не выгружены. Получил 7 000 KZT от 1 плательщ.; сток это или транзит — по данным не видно",truncated
100000002986245100,peripheral,0.3,7,0.067277,"Колено 4: обрыв 4-го колена, исходящие не выгружены. Получил 5 750 KZT от 1 плательщ.; сток это или транзит — по данным не видно",truncated
100000001471706100,peripheral,0.3,19,0.094581,"Колено 4: обрыв 4-го колена, исходящие не выгружены. Получил 377 000 KZT от 1 плательщ.; сток это или транзит — по данным не видно",truncated
100000002304943100,peripheral,0.3,20,0.073535,"Колено 4: обрыв 4-го колена, исходящие не выгружены. Получил 15 000 KZT от 1 плательщ.; сток это или транзит — по данным не видно",truncated
100000002695812100,peripheral,0.3,7,0.085584,"Колено 4: обрыв 4-го колена, исходящие не выгружены. Получил 95 000 KZT от 1 плательщ.; сток это или транзит — по данным не видно",truncated
100000008761220100,peripheral,0.3,6,0.070889,"Колено 4: обрыв 4-го колена, исходящие не выгружены. Получил 10 000 KZT от 1 плательщ.; сток это или транзит — по данным не видно",truncated
100000004890713100,peripheral,0.3,7,0.080016,"Колено 4: обрыв 4-го колена, исходящие не выгружены. Получил 40 485 KZT от 1 плательщ.; сток это или транзит — по данным не видно",truncated
100000003083865100,peripheral,0.3,7,0.073535,"Колено 4: обрыв 4-го колена, исходящие не выгружены. Получил 15 000 KZT от 1 плательщ.; сток это или транзит — по данным не видно",truncated
100000004030553100,peripheral,0.3,4,0.08359,"Колено 4: обрыв 4-го колена, исходящие не выгружены. Получил 70 000 KZT от 1 плательщ.; сток это или транзит — по данным не видно",truncated
100000002653187100,peripheral,0.3,11,0.073535,"Колено 4: обрыв 4-го колена, исходящие не выгружены. Получил 15 000 KZT от 1 плательщ.; сток это или транзит — по данным не видно",truncated
100000006412162100,peripheral,0.3,7,0.073535,"Колено 4: обрыв 4-го колена, исходящие не выгружены. Получил 15 000 KZT от 1 плательщ.; сток это или транзит — по данным не видно",truncated
100000004674178100,peripheral,0.3,25,0.075413,"Колено 4: обрыв 4-го колена, исходящие не выгружены. Получил 20 000 KZT от 1 плательщ.; сток это или транзит — по данным не видно",truncated
100000004070530100,peripheral,0.3,38,0.075413,"Колено 4: обрыв 4-го колена, исходящие не выгружены. Получил 20 000 KZT от 1 плательщ.; сток это или транзит — по данным не видно",truncated
100000006706519100,peripheral,0.3,0,0.07925,"Колено 4: обрыв 4-го колена, исходящие не выгружены. Получил 36 000 KZT от 1 плательщ.; сток это или транзит — по данным не видно",truncated
100000005636951100,peripheral,0.3,9,0.079938,"Колено 4: обрыв 4-го колена, исходящие не выгружены. Получил 40 000 KZT от 1 плательщ.; сток это или транзит — по данным не видно",truncated
100000003040087100,peripheral,0.3,7,0.077838,"Колено 4: обрыв 4-го колена, исходящие не выгружены. Получил 29 000 KZT от 1 плательщ.; сток это или транзит — по данным не видно",truncated
100000008766764100,peripheral,0.3,6,0.066365,"Колено 4: обрыв 4-го колена, исходящие не выгружены. Получил 5 000 KZT от 1 плательщ.; сток это или транзит — по данным не видно",truncated
100000000299820100,peripheral,0.3,4,0.070889,"Колено 4: обрыв 4-го колена, исходящие не выгружены. Получил 10 000 KZT от 1 плательщ.; сток это или транзит — по данным не видно",truncated
100000008349740100,peripheral,0.3,35,0.08359,"Колено 4: обрыв 4-го колена, исходящие не выгружены. Получил 70 000 KZT от 1 плательщ.; сток это или транзит — по данным не видно",truncated
100000008761132100,peripheral,0.3,6,0.070889,"Колено 4: обрыв 4-го колена, исходящие не выгружены. Получил 10 000 KZT от 1 плательщ.; сток это или транзит — по данным не видно",truncated
100000002540033100,peripheral,0.3,17,0.070889,"Колено 4: обрыв 4-го колена, исходящие не выгружены. Получил 10 000 KZT от 1 плательщ.; сток это или транзит — по данным не видно",truncated
100000001845505100,peripheral,0.3,4,0.075413,"Колено 4: обрыв 4-го колена, исходящие не выгружены. Получил 20 000 KZT от 1 плательщ.; сток это или транзит — по данным не видно",truncated
100000003782913100,peripheral,0.3,14,0.090443,"Колено 4: обрыв 4-го колена, исходящие не выгружены. Получил 200 000 KZT от 1 плательщ.; сток это или транзит — по данным не видно",truncated
100000008778753100,peripheral,0.3,25,0.070889,"Колено 4: обрыв 4-го колена, исходящие не выгружены. Получил 10 000 KZT от 1 плательщ.; сток это или транзит — по данным не видно",truncated
100000008710913100,peripheral,0.3,6,0.073085,"Колено 4: обрыв 4-го колена, исходящие не выгружены. Получил 14 000 KZT от 1 плательщ.; сток это или транзит — по данным не видно",truncated
100000005495211100,peripheral,0.3,0,0.073314,"Колено 4: обрыв 4-го колена, исходящие не выгружены. Получил 14 500 KZT от 1 плательщ.; сток это или транзит — по данным не видно",truncated
100000004013952100,peripheral,0.3,0,0.066987,"Колено 4: обрыв 4-го колена, исходящие не выгружены. Получил 5 500 KZT от 1 плательщ.; сток это или транзит — по данным не видно",truncated
100000007330432100,peripheral,0.3,51,0.097448,"Колено 4: обрыв 4-го колена, исходящие не выгружены. Получил 584 900 KZT от 1 плательщ.; сток это или транзит — по данным не видно",truncated
100000000737152100,peripheral,0.3,0,0.079066,"Колено 4: обрыв 4-го колена, исходящие не выгружены. Получил 35 000 KZT от 1 плательщ.; сток это или транзит — по данным не видно",truncated
100000004674389100,peripheral,0.3,10,0.073535,"Колено 4: обрыв 4-го колена, исходящие не выгружены. Получил 15 000 KZT от 1 плательщ.; сток это или транзит — по данным не видно",truncated
100000002529877100,peripheral,0.3,12,0.091412,"Колено 4: обрыв 4-го колена, исходящие не выгружены. Получил 232 000 KZT от 1 плательщ.; сток это или транзит — по данным не видно",truncated
100000004035925100,peripheral,0.3,63,0.101639,"Колено 4: обрыв 4-го колена, исходящие не выгружены. Получил 1 111 588 KZT от 1 плательщ.; сток это или транзит — по данным не видно",truncated
100000002188586100,peripheral,0.3,7,0.079656,"Колено 4: обрыв 4-го колена, исходящие не выгружены. Получил 38 310 KZT от 1 плательщ.; сток это или транзит — по данным не видно",truncated
100000008050986100,peripheral,0.3,5,0.085584,"Колено 4: обрыв 4-го колена, исходящие не выгружены. Получил 95 000 KZT от 1 плательщ.; сток это или транзит — по данным не видно",truncated
100000004777215100,peripheral,0.3,20,0.082584,"Колено 4: обрыв 4-го колена, исходящие не выгружены. Получил 60 000 KZT от 1 плательщ.; сток это или транзит — по данным не видно",truncated
100000000926078100,peripheral,0.3,4,0.0919,"Колено 4: обрыв 4-го колена, исходящие не выгружены. Получил 250 000 KZT от 1 плательщ.; сток это или транзит — по данным не видно",truncated
100000003486846100,peripheral,0.3,3,0.077372,"Колено 4: обрыв 4-го колена, исходящие не выгружены. Получил 27 000 KZT от 1 плательщ.; сток это или транзит — по данным не видно",truncated
100000002516862100,peripheral,0.3,60,0.0846,"Колено 4: обрыв 4-го колена, исходящие не выгружены. Получил 81 710 KZT от 1 плательщ.; сток это или транзит — по данным не видно",truncated
100000008730238100,peripheral,0.3,6,0.086716,"Колено 4: обрыв 4-го колена, исходящие не выгружены. Получил 113 000 KZT от 1 плательщ.; сток это или транзит — по данным не видно",truncated
100000000803368100,peripheral,0.3,14,0.088092,"Колено 4: обрыв 4-го колена, исходящие не выгружены. Получил 139 503 KZT от 1 плательщ.; сток это или транзит — по данным не видно",truncated
100000002528978100,peripheral,0.3,7,0.073916,"Колено 4: обрыв 4-го колена, исходящие не выгружены. Получил 15 900 KZT от 1 плательщ.; сток это или транзит — по данным не видно",truncated
100000002597074100,peripheral,0.3,0,0.069432,"Колено 4: обрыв 4-го колена, исходящие не выгружены. Получил 8 000 KZT от 1 плательщ.; сток это или транзит — по данным не видно",truncated
100000003631015100,peripheral,0.3,40,0.092305,"Колено 4: обрыв 4-го колена, исходящие не выгружены. Получил 266 000 KZT от 1 плательщ.; сток это или транзит — по данным не видно",truncated
100000008255655100,peripheral,0.3,16,0.066867,"Колено 4: обрыв 4-го колена, исходящие не выгружены. Получил 5 400 KZT от 1 плательщ.; сток это или транзит — по данным не видно",truncated
100000004265639100,peripheral,0.3,4,0.070889,"Колено 4: обрыв 4-го колена, исходящие не выгружены. Получил 10 000 KZT от 1 плательщ.; сток это или транзит — по данным не видно",truncated
100000002726055100,peripheral,0.3,20,0.070889,"Колено 4: обрыв 4-го колена, исходящие не выгружены. Получил 10 000 KZT от 1 плательщ.; сток это или транзит — по данным не видно",truncated
100000003696422100,peripheral,0.3,31,0.086999,"Колено 4: обрыв 4-го колена, исходящие не выгружены. Получил 118 000 KZT от 1 плательщ.; сток это или транзит — по данным не видно",truncated
100000007745062100,peripheral,0.3,11,0.085919,"Колено 4: обрыв 4-го колена, исходящие не выгружены. Получил 100 000 KZT от 1 плательщ.; сток это или транзит — по данным не видно",truncated
100000005041147100,peripheral,0.3,0,0.070889,"Колено 4: обрыв 4-го колена, исходящие не выгружены. Получил 10 000 KZT от 1 плательщ.; сток это или транзит — по данным не видно",truncated
100000003819173100,peripheral,0.3,4,0.088289,"Колено 4: обрыв 4-го колена, исходящие не выгружены. Получил 143 777 KZT от 1 плательщ.; сток это или транзит — по данным не видно",truncated
100000001275557100,peripheral,0.3,21,0.075413,"Колено 4: обрыв 4-го колена, исходящие не выгружены. Получил 20 000 KZT от 1 плательщ.; сток это или транзит — по данным не видно",truncated
100000002706810100,peripheral,0.3,7,0.080706,"Колено 4: обрыв 4-го колена, исходящие не выгружены. Получил 45 000 KZT от 1 плательщ.; сток это или транзит — по данным не видно",truncated
100000002896506100,peripheral,0.3,5,0.080706,"Колено 4: обрыв 4-го колена, исходящие не выгружены. Получил 45 000 KZT от 1 плательщ.; сток это или транзит — по данным не видно",truncated
100000008766031100,peripheral,0.3,6,0.066365,"Колено 4: обрыв 4-го колена, исходящие не выгружены. Получил 5 000 KZT от 1 плательщ.; сток это или транзит — по данным не видно",truncated
100000008758607100,peripheral,0.3,6,0.066365,"Колено 4: обрыв 4-го колена, исходящие не выгружены. Получил 5 000 KZT от 1 плательщ.; сток это или транзит — по данным не видно",truncated
100000008648783100,peripheral,0.3,7,0.066621,"Колено 4: обрыв 4-го колена, исходящие не выгружены. Получил 5 200 KZT от 1 плательщ.; сток это или транзит — по данным не видно",truncated
100000004291663100,peripheral,0.3,0,0.07687,"Колено 4: обрыв 4-го колена, исходящие не выгружены. Получил 25 000 KZT от 1 плательщ.; сток это или транзит — по данным не видно",truncated
100000003037476100,peripheral,0.3,6,0.107872,"Колено 4: обрыв 4-го колена, исходящие не выгружены. Получил 555 000 KZT от 3 плательщ.; сток это или транзит — по данным не видно",truncated
100000008715513100,peripheral,0.3,7,0.078582,"Колено 4: обрыв 4-го колена, исходящие не выгружены. Получил 32 500 KZT от 1 плательщ.; сток это или транзит — по данным не видно",truncated
100000001276409100,peripheral,0.3,7,0.085567,"Колено 4: обрыв 4-го колена, исходящие не выгружены. Получил 94 760 KZT от 1 плательщ.; сток это или транзит — по данным не видно",truncated
100000003232675100,peripheral,0.3,13,0.08056,"Колено 4: обрыв 4-го колена, исходящие не выгружены. Получил 44 000 KZT от 1 плательщ.; сток это или транзит — по данным не видно",truncated
100000007988344100,peripheral,0.3,0,0.075413,"Колено 4: обрыв 4-го колена, исходящие не выгружены. Получил 20 000 KZT от 1 плательщ.; сток это или транзит — по данным не видно",truncated
100000003047800100,peripheral,0.3,12,0.072193,"Колено 4: обрыв 4-го колена, исходящие не выгружены. Получил 12 212 KZT от 1 плательщ.; сток это или транзит — по данным не видно",truncated
100000003230328100,peripheral,0.3,0,0.088035,"Колено 4: обрыв 4-го колена, исходящие не выгружены. Получил 26 572 KZT от 3 плательщ.; сток это или транзит — по данным не видно",truncated
100000002702968100,peripheral,0.3,7,0.078399,"Колено 4: обрыв 4-го колена, исходящие не выгружены. Получил 31 600 KZT от 1 плательщ.; сток это или транзит — по данным не видно",truncated
100000004788983100,peripheral,0.3,0,0.077372,"Колено 4: обрыв 4-го колена, исходящие не выгружены. Получил 27 000 KZT от 1 плательщ.; сток это или транзит — по данным не видно",truncated
100000006490615100,peripheral,0.3,13,0.080194,"Колено 4: обрыв 4-го колена, исходящие не выгружены. Получил 41 600 KZT от 1 плательщ.; сток это или транзит — по данным не видно",truncated
100000008745676100,peripheral,0.3,1,0.078981,"Колено 4: обрыв 4-го колена, исходящие не выгружены. Получил 34 547 KZT от 1 плательщ.; сток это или транзит — по данным не видно",truncated
100000001598625100,peripheral,0.3,4,0.07687,"Колено 4: обрыв 4-го колена, исходящие не выгружены. Получил 25 000 KZT от 1 плательщ.; сток это или транзит — по данным не видно",truncated
100000008461217100,peripheral,0.3,50,0.074725,"Колено 4: обрыв 4-го колена, исходящие не выгружены. Получил 18 000 KZT от 1 плательщ.; сток это или транзит — по данным не видно",truncated
100000005711521100,peripheral,0.3,13,0.091579,"Колено 4: обрыв 4-го колена, исходящие не выгружены. Получил 238 000 KZT от 1 плательщ.; сток это или транзит — по данным не видно",truncated
100000002713974100,peripheral,0.3,4,0.081394,"Колено 4: обрыв 4-го колена, исходящие не выгружены. Получил 50 000 KZT от 1 плательщ.; сток это или транзит — по данным не видно",truncated
100000005272139100,peripheral,0.3,3,0.089187,"Колено 4: обрыв 4-го колена, исходящие не выгружены. Получил 165 000 KZT от 1 плательщ.; сток это или транзит — по данным не видно",truncated
100000002968096100,peripheral,0.3,4,0.08359,"Колено 4: обрыв 4-го колена, исходящие не выгружены. Получил 70 000 KZT от 1 плательщ.; сток это или транзит — по данным не видно",truncated
100000004449824100,peripheral,0.3,7,0.070201,"Колено 4: обрыв 4-го колена, исходящие не выгружены. Получил 9 000 KZT от 1 плательщ.; сток это или транзит — по данным не видно",truncated
100000004502048100,peripheral,0.3,18,0.073033,"Колено 4: обрыв 4-го колена, исходящие не выгружены. Получил 13 888 KZT от 1 плательщ.; сток это или транзит — по данным не видно",truncated
100000002660298100,peripheral,0.3,7,0.078253,"Колено 4: обрыв 4-го колена, исходящие не выгружены. Получил 30 900 KZT от 1 плательщ.; сток это или транзит — по данным не видно",truncated
100000001299828100,peripheral,0.3,0,0.085919,"Колено 4: обрыв 4-го колена, исходящие не выгружены. Получил 100 000 KZT от 1 плательщ.; сток это или транзит — по данным не видно",truncated
100000000581662100,peripheral,0.3,12,0.075781,"Колено 4: обрыв 4-го колена, исходящие не выгружены. Получил 21 160 KZT от 1 плательщ.; сток это или транзит — по данным не видно",truncated
100000001249054100,peripheral,0.3,7,0.074495,"Колено 4: обрыв 4-го колена, исходящие не выгружены. Получил 17 375 KZT от 1 плательщ.; сток это или транзит — по данным не видно",truncated
100000008759795100,peripheral,0.3,7,0.074352,"Колено 4: обрыв 4-го колена, исходящие не выгружены. Получил 17 000 KZT от 1 плательщ.; сток это или транзит — по данным не видно",truncated
100000001299443100,peripheral,0.3,7,0.069432,"Колено 4: обрыв 4-го колена, исходящие не выгружены. Получил 8 000 KZT от 1 плательщ.; сток это или транзит — по данным не видно",truncated
100000007997939100,peripheral,0.3,6,0.072601,"Колено 4: обрыв 4-го колена, исходящие не выгружены. Получил 13 000 KZT от 1 плательщ.; сток это или транзит — по данным не видно",truncated
100000003470579100,peripheral,0.3,26,0.094225,"Колено 4: обрыв 4-го колена, исходящие не выгружены. Получил 357 000 KZT от 1 плательщ.; сток это или транзит — по данным не видно",truncated
100000008649416100,peripheral,0.3,16,0.066365,"Колено 4: обрыв 4-го колена, исходящие не выгружены. Получил 5 000 KZT от 1 плательщ.; сток это или транзит — по данным не видно",truncated
100000008183752100,peripheral,0.3,17,0.088115,"Колено 4: обрыв 4-го колена, исходящие не выгружены. Получил 140 000 KZT от 1 плательщ.; сток это или транзит — по данным не видно",truncated
100000003950749100,peripheral,0.3,3,0.068561,"Колено 4: обрыв 4-го колена, исходящие не выгружены. Получил 7 000 KZT от 1 плательщ.; сток это или транзит — по данным не видно",truncated
100000005979037100,peripheral,0.3,4,0.082617,"Колено 4: обрыв 4-го колена, исходящие не выгружены. Получил 60 300 KZT от 1 плательщ.; сток это или транзит — по данным не видно",truncated
100000008734279100,peripheral,0.3,4,0.078409,"Колено 4: обрыв 4-го колена, исходящие не выгружены. Получил 31 650 KZT от 1 плательщ.; сток это или транзит — по данным не видно",truncated
100000005589319100,peripheral,0.3,2,0.077126,"Колено 4: обрыв 4-го колена, исходящие не выгружены. Получил 26 000 KZT от 1 плательщ.; сток это или транзит — по данным не видно",truncated
100000003626268100,peripheral,0.3,4,0.066365,"Колено 4: обрыв 4-го колена, исходящие не выгружены. Получил 5 000 KZT от 1 плательщ.; сток это или транзит — по данным не видно",truncated
100000001220124100,peripheral,0.3,4,0.079938,"Колено 4: обрыв 4-го колена, исходящие не выгружены. Получил 40 000 KZT от 1 плательщ.; сток это или транзит — по данным не видно",truncated
100000003904497100,peripheral,0.3,6,0.070889,"Колено 4: обрыв 4-го колена, исходящие не выгружены. Получил 10 000 KZT от 1 плательщ.; сток это или транзит — по данным не видно",truncated
100000001270470100,peripheral,0.3,0,0.077679,"Колено 4: обрыв 4-го колена, исходящие не выгружены. Получил 28 300 KZT от 1 плательщ.; сток это или транзит — по данным не видно",truncated
100000003091142100,peripheral,0.3,0,0.079938,"Колено 4: обрыв 4-го колена, исходящие не выгружены. Получил 40 000 KZT от 1 плательщ.; сток это или транзит — по данным не видно",truncated
100000001053894100,peripheral,0.3,38,0.105473,"Колено 4: обрыв 4-го колена, исходящие не выгружены. Получил 2 000 000 KZT от 1 плательщ.; сток это или транзит — по данным не видно",truncated
100000004722630100,peripheral,0.3,49,0.093907,"Колено 4: обрыв 4-го колена, исходящие не выгружены. Получил 340 000 KZT от 1 плательщ.; сток это или транзит — по данным не видно",truncated
100000004655046100,peripheral,0.3,7,0.076603,"Колено 4: обрыв 4-го колена, исходящие не выгружены. Получил 24 000 KZT от 1 плательщ.; сток это или транзит — по данным не видно",truncated
100000004019056100,peripheral,0.3,13,0.081394,"Колено 4: обрыв 4-го колена, исходящие не выгружены. Получил 50 000 KZT от 1 плательщ.; сток это или транзит — по данным не видно",truncated
100000008071749100,peripheral,0.3,7,0.076855,"Колено 4: обрыв 4-го колена, исходящие не выгружены. Получил 24 943 KZT от 1 плательщ.; сток это или транзит — по данным не видно",truncated
100000008221765100,peripheral,0.3,5,0.088836,"Колено 4: обрыв 4-го колена, исходящие не выгружены. Получил 156 354 KZT от 1 плательщ.; сток это или транзит — по данным не видно",truncated
100000008778010100,peripheral,0.3,1,0.084208,"Колено 4: обрыв 4-го колена, исходящие не выгружены. Получил 76 950 KZT от 1 плательщ.; сток это или транзит — по данным не видно",truncated
100000004584730100,peripheral,0.3,44,0.08099,"Колено 4: обрыв 4-го колена, исходящие не выгружены. Получил 47 000 KZT от 1 плательщ.; сток это или транзит — по данным не видно",truncated
100000004797167100,peripheral,0.3,4,0.078274,"Колено 4: обрыв 4-го колена, исходящие не выгружены. Получил 31 000 KZT от 1 плательщ.; сток это или транзит — по данным не видно",truncated
100000005010159100,peripheral,0.3,4,0.068646,"Колено 4: обрыв 4-го колена, исходящие не выгружены. Получил 7 092 KZT от 1 плательщ.; сток это или транзит — по данным не видно",truncated
100000003025903100,peripheral,0.3,5,0.09474,"Колено 4: обрыв 4-го колена, исходящие не выгружены. Получил 386 300 KZT от 1 плательщ.; сток это или транзит — по данным не видно",truncated
100000003005167100,peripheral,0.3,7,0.068561,"Колено 4: обрыв 4-го колена, исходящие не выгружены. Получил 7 000 KZT от 1 плательщ.; сток это или транзит — по данным не видно",truncated
100000002214383100,peripheral,0.3,1,0.090854,"Колено 4: обрыв 4-го колена, исходящие не выгружены. Получил 213 000 KZT от 1 плательщ.; сток это или транзит — по данным не видно",truncated
100000004800452100,peripheral,0.3,5,0.068122,"Колено 4: обрыв 4-го колена, исходящие не выгружены. Получил 6 545 KZT от 1 плательщ.; сток это или транзит — по данным не видно",truncated
100000006903193100,peripheral,0.3,0,0.070201,"Колено 4: обрыв 4-го колена, исходящие не выгружены. Получил 9 000 KZT от 1 плательщ.; сток это или транзит — по данным не видно",truncated
100000007811950100,peripheral,0.3,25,0.081394,"Колено 4: обрыв 4-го колена, исходящие не выгружены. Получил 50 000 KZT от 1 плательщ.; сток это или транзит — по данным не видно",truncated
100000000375150100,peripheral,0.3,13,0.09309,"Колено 4: обрыв 4-го колена, исходящие не выгружены. Получил 300 000 KZT от 1 плательщ.; сток это или транзит — по данным не видно",truncated
100000008775747100,peripheral,0.3,6,0.066365,"Колено 4: обрыв 4-го колена, исходящие не выгружены. Получил 5 000 KZT от 1 плательщ.; сток это или транзит — по данным не видно",truncated
100000006689603100,peripheral,0.3,4,0.094968,"Колено 4: обрыв 4-го колена, исходящие не выгружены. Получил 400 000 KZT от 1 плательщ.; сток это или транзит — по данным не видно",truncated
100000005075949100,peripheral,0.3,24,0.106172,"Колено 4: обрыв 4-го колена, исходящие не выгружены. Получил 2 226 000 KZT от 1 плательщ.; сток это или транзит — по данным не видно",truncated
100000003985389100,peripheral,0.3,4,0.095328,"Колено 4: обрыв 4-го колена, исходящие не выгружены. Получил 422 698 KZT от 1 плательщ.; сток это или транзит — по данным не видно",truncated
100000002478829100,peripheral,0.3,20,0.078877,"Колено 4: обрыв 4-го колена, исходящие не выгружены. Получил 34 000 KZT от 1 плательщ.; сток это или транзит — по данным не видно",truncated
100000003125997100,peripheral,0.3,6,0.085066,"Колено 4: обрыв 4-го колена, исходящие не выгружены. Получил 87 750 KZT от 1 плательщ.; сток это или транзит — по данным не видно",truncated
100000003214786100,peripheral,0.3,0,0.066365,"Колено 4: обрыв 4-го колена, исходящие не выгружены. Получил 5 000 KZT от 1 плательщ.; сток это или транзит — по данным не видно",truncated
100000008308418100,peripheral,0.3,0,0.081394,"Колено 4: обрыв 4-го колена, исходящие не выгружены. Получил 50 000 KZT от 1 плательщ.; сток это или транзит — по данным не видно",truncated
100000008619159100,peripheral,0.3,63,0.095684,"Колено 4: обрыв 4-го колена, исходящие не выгружены. Получил 446 400 KZT от 1 плательщ.; сток это или транзит — по данным не видно",truncated
100000004418967100,peripheral,0.3,6,0.085919,"Колено 4: обрыв 4-го колена, исходящие не выгружены. Получил 100 000 KZT от 1 плательщ.; сток это или транзит — по данным не видно",truncated
100000003173783100,peripheral,0.3,30,0.076466,"Колено 4: обрыв 4-го колена, исходящие не выгружены. Получил 23 500 KZT от 1 плательщ.; сток это или транзит — по данным не видно",truncated
100000002242455100,peripheral,0.3,5,0.086541,"Колено 4: обрыв 4-го колена, исходящие не выгружены. Получил 110 000 KZT от 1 плательщ.; сток это или транзит — по данным не видно",truncated
100000004848236100,peripheral,0.3,0,0.069011,"Колено 4: обрыв 4-го колена, исходящие не выгружены. Получил 7 500 KZT от 1 плательщ.; сток это или транзит — по данным не видно",truncated
100000004674412100,peripheral,0.3,10,0.08085,"Колено 4: обрыв 4-го колена, исходящие не выгружены. Получил 46 000 KZT от 1 плательщ.; сток это или транзит — по данным не видно",truncated
100000007071852100,peripheral,0.3,4,0.090278,"Колено 4: обрыв 4-го колена, исходящие не выгружены. Получил 195 000 KZT от 1 плательщ.; сток это или транзит — по данным не видно",truncated
100000001498732100,peripheral,0.3,28,0.066987,"Колено 4: обрыв 4-го колена, исходящие не выгружены. Получил 5 500 KZT от 1 плательщ.; сток это или транзит — по данным не видно",truncated
100000000627521100,peripheral,0.3,38,0.068077,"Колено 4: обрыв 4-го колена, исходящие не выгружены. Получил 6 500 KZT от 1 плательщ.; сток это или транзит — по данным не видно",truncated
100000003105089100,peripheral,0.3,20,0.070889,"Колено 4: обрыв 4-го колена, исходящие не выгружены. Получил 10 000 KZT от 1 плательщ.; сток это или транзит — по данным не видно",truncated
100000003166017100,peripheral,0.3,7,0.073535,"Колено 4: обрыв 4-го колена, исходящие не выгружены. Получил 15 000 KZT от 1 плательщ.; сток это или транзит — по данным не видно",truncated
100000002506987100,peripheral,0.3,7,0.077656,"Колено 4: обрыв 4-го колена, исходящие не выгружены. Получил 28 200 KZT от 1 плательщ.; сток это или транзит — по данным не видно",truncated
100000005767403100,peripheral,0.3,33,0.101571,"Колено 4: обрыв 4-го колена, исходящие не выгружены. Получил 1 100 000 KZT от 1 плательщ.; сток это или транзит — по данным не видно",truncated
100000005553088100,peripheral,0.3,4,0.074542,"Колено 4: обрыв 4-го колена, исходящие не выгружены. Получил 17 500 KZT от 1 плательщ.; сток это или транзит — по данным не видно",truncated
100000003632533100,peripheral,0.3,5,0.070889,"Колено 4: обрыв 4-го колена, исходящие не выгружены. Получил 10 000 KZT от 1 плательщ.; сток это или транзит — по данным не видно",truncated
100000008762005100,peripheral,0.3,6,0.066365,"Колено 4: обрыв 4-го колена, исходящие не выгружены. Получил 5 000 KZT от 1 плательщ.; сток это или транзит — по данным не видно",truncated
100000002214207100,peripheral,0.3,36,0.08572,"Колено 4: обрыв 4-го колена, исходящие не выгружены. Получил 97 000 KZT от 1 плательщ.; сток это или транзит — по данным не видно",truncated
100000003180820100,peripheral,0.3,6,0.085984,"Колено 4: обрыв 4-го колена, исходящие не выгружены. Получил 101 000 KZT от 1 плательщ.; сток это или транзит — по данным не видно",truncated
100000003786516100,peripheral,0.3,0,0.066365,"Колено 4: обрыв 4-го колена, исходящие не выгружены. Получил 5 000 KZT от 1 плательщ.; сток это или транзит — по данным не видно",truncated
100000005226217100,peripheral,0.3,6,0.074542,"Колено 4: обрыв 4-го колена, исходящие не выгружены. Получил 17 500 KZT от 1 плательщ.; сток это или транзит — по данным не видно",truncated
100000001533161100,peripheral,0.3,44,0.085919,"Колено 4: обрыв 4-го колена, исходящие не выгружены. Получил 100 000 KZT от 1 плательщ.; сток это или транзит — по данным не видно",truncated
100000007034089100,peripheral,0.3,6,0.096676,"Колено 4: обрыв 4-го колена, исходящие не выгружены. Получил 198 000 KZT от 2 плательщ.; сток это или транзит — по данным не видно",truncated
100000008336318100,peripheral,0.3,6,0.089382,"Колено 4: обрыв 4-го колена, исходящие не выгружены. Получил 170 000 KZT от 1 плательщ.; сток это или транзит — по данным не видно",truncated
100000005370558100,peripheral,0.3,0,0.066365,"Колено 4: обрыв 4-го колена, исходящие не выгружены. Получил 5 000 KZT от 1 плательщ.; сток это или транзит — по данным не видно",truncated
100000002729875100,peripheral,0.3,7,0.084127,"Колено 4: обрыв 4-го колена, исходящие не выгружены. Получил 76 000 KZT от 1 плательщ.; сток это или транзит — по данным не видно",truncated
100000006512787100,peripheral,0.3,0,0.075413,"Колено 4: обрыв 4-го колена, исходящие не выгружены. Получил 20 000 KZT от 1 плательщ.; сток это или транзит — по данным не видно",truncated
100000003186579100,peripheral,0.3,4,0.086541,"Колено 4: обрыв 4-го колена, исходящие не выгружены. Получил 110 000 KZT от 1 плательщ.; сток это или транзит — по данным не видно",truncated
100000004472936100,peripheral,0.3,13,0.066365,"Колено 4: обрыв 4-го колена, исходящие не выгружены. Получил 5 000 KZT от 1 плательщ.; сток это или транзит — по данным не видно",truncated
100000002231144100,peripheral,0.3,20,0.073535,"Колено 4: обрыв 4-го колена, исходящие не выгружены. Получил 15 000 KZT от 1 плательщ.; сток это или транзит — по данным не видно",truncated
100000002505277100,peripheral,0.3,0,0.082584,"Колено 4: обрыв 4-го колена, исходящие не выгружены. Получил 60 000 KZT от 1 плательщ.; сток это или транзит — по данным не видно",truncated
100000003177533100,peripheral,0.3,4,0.075413,"Колено 4: обрыв 4-го колена, исходящие не выгружены. Получил 20 000 KZT от 1 плательщ.; сток это или транзит — по данным не видно",truncated
100000005888829100,peripheral,0.3,6,0.090345,"Колено 4: обрыв 4-го колена, исходящие не выгружены. Получил 197 000 KZT от 1 плательщ.; сток это или транзит — по данным не видно",truncated
100000002242066100,peripheral,0.3,34,0.082584,"Колено 4: обрыв 4-го колена, исходящие не выгружены. Получил 60 000 KZT от 1 плательщ.; сток это или транзит — по данным не видно",truncated
100000008027922100,peripheral,0.3,21,0.08359,"Колено 4: обрыв 4-го колена, исходящие не выгружены. Получил 70 000 KZT от 1 плательщ.; сток это или транзит — по данным не видно",truncated
100000002686226100,peripheral,0.3,16,0.09544,"Колено 4: обрыв 4-го колена, исходящие не выгружены. Получил 430 000 KZT от 1 плательщ.; сток это или транзит — по данным не видно",truncated
100000001065234100,peripheral,0.3,58,0.09428,"Колено 4: обрыв 4-го колена, исходящие не выгружены. Получил 360 000 KZT от 1 плательщ.; сток это или транзит — по данным не видно",truncated
100000000424935100,peripheral,0.3,27,0.073535,"Колено 4: обрыв 4-го колена, исходящие не выгружены. Получил 15 000 KZT от 1 плательщ.; сток это или транзит — по данным не видно",truncated
100000005723580100,peripheral,0.3,6,0.079066,"Колено 4: обрыв 4-го колена, исходящие не выгружены. Получил 35 000 KZT от 1 плательщ.; сток это или транзит — по данным не видно",truncated
100000000704700100,peripheral,0.3,23,0.070889,"Колено 4: обрыв 4-го колена, исходящие не выгружены. Получил 10 000 KZT от 1 плательщ.; сток это или транзит — по данным не видно",truncated
100000005293969100,peripheral,0.3,0,0.066948,"Колено 4: обрыв 4-го колена, исходящие не выгружены. Получил 5 467 KZT от 1 плательщ.; сток это или транзит — по данным не видно",truncated
100000002512742100,peripheral,0.3,7,0.067555,"Колено 4: обрыв 4-го колена, исходящие не выгружены. Получил 6 000 KZT от 1 плательщ.; сток это или транзит — по данным не видно",truncated
100000001816678100,peripheral,0.3,2,0.082584,"Колено 4: обрыв 4-го колена, исходящие не выгружены. Получил 60 000 KZT от 1 плательщ.; сток это или транзит — по данным не видно",truncated
100000004586598100,peripheral,0.3,66,0.099168,"Колено 4: обрыв 4-го колена, исходящие не выгружены. Получил 761 255 KZT от 1 плательщ.; сток это или транзит — по данным не видно",truncated
100000005782886100,peripheral,0.3,6,0.073085,"Колено 4: обрыв 4-го колена, исходящие не выгружены. Получил 14 000 KZT от 1 плательщ.; сток это или транзит — по данным не видно",truncated
100000002622822100,peripheral,0.3,17,0.099071,"Колено 4: обрыв 4-го колена, исходящие не выгружены. Получил 750 000 KZT от 1 плательщ.; сток это или транзит — по данным не видно",truncated
100000003718715100,peripheral,0.3,13,0.100369,"Колено 4: обрыв 4-го колена, исходящие не выгружены. Получил 915 000 KZT от 1 плательщ.; сток это или транзит — по данным не видно",truncated
100000006491963100,peripheral,0.3,7,0.073957,"Колено 4: обрыв 4-го колена, исходящие не выгружены. Получил 16 000 KZT от 1 плательщ.; сток это или транзит — по данным не видно",truncated
100000004526651100,peripheral,0.3,6,0.078682,"Колено 4: обрыв 4-го колена, исходящие не выгружены. Получил 33 000 KZT от 1 плательщ.; сток это или транзит — по данным не видно",truncated
100000008331280100,peripheral,0.3,26,0.080099,"Колено 4: обрыв 4-го колена, исходящие не выгружены. Получил 41 000 KZT от 1 плательщ.; сток это или транзит — по данным не видно",truncated
100000004177936100,peripheral,0.3,4,0.070889,"Колено 4: обрыв 4-го колена, исходящие не выгружены. Получил 10 000 KZT от 1 плательщ.; сток это или транзит — по данным не видно",truncated
100000002922000100,peripheral,0.3,44,0.095708,"Колено 4: обрыв 4-го колена, исходящие не выгружены. Получил 448 000 KZT от 1 плательщ.; сток это или транзит — по данным не видно",truncated
100000002404112100,peripheral,0.3,26,0.082584,"Колено 4: обрыв 4-го колена, исходящие не выгружены. Получил 60 000 KZT от 1 плательщ.; сток это или транзит — по данным не видно",truncated
100000000634341100,peripheral,0.3,0,0.076603,"Колено 4: обрыв 4-го колена, исходящие не выгружены. Получил 24 000 KZT от 1 плательщ.; сток это или транзит — по данным не видно",truncated
100000001822650100,peripheral,0.3,6,0.086658,"Колено 4: обрыв 4-го колена, исходящие не выгружены. Получил 112 000 KZT от 1 плательщ.; сток это или транзит — по данным не видно",truncated
100000004791226100,peripheral,0.3,0,0.075413,"Колено 4: обрыв 4-го колена, исходящие не выгружены. Получил 20 000 KZT от 1 плательщ.; сток это или транзит — по данным не видно",truncated
100000007841978100,peripheral,0.3,5,0.095722,"Колено 4: обрыв 4-го колена, исходящие не выгружены. Получил 449 000 KZT от 1 плательщ.; сток это или транзит — по данным не видно",truncated
100000006866831100,peripheral,0.3,4,0.074157,"Колено 4: обрыв 4-го колена, исходящие не выгружены. Получил 16 500 KZT от 1 плательщ.; сток это или транзит — по данным не видно",truncated
100000002999140100,peripheral,0.3,11,0.070889,"Колено 4: обрыв 4-го колена, исходящие не выгружены. Получил 10 000 KZT от 1 плательщ.; сток это или транзит — по данным не видно",truncated
100000002884708100,peripheral,0.3,6,0.101983,"Колено 4: обрыв 4-го колена, исходящие не выгружены. Получил 1 171 644 KZT от 1 плательщ.; сток это или транзит — по данным не видно",truncated
100000001130553100,peripheral,0.3,5,0.074725,"Колено 4: обрыв 4-го колена, исходящие не выгружены. Получил 18 000 KZT от 1 плательщ.; сток это или транзит — по данным не видно",truncated
100000006351075100,peripheral,0.3,40,0.079938,"Колено 4: обрыв 4-го колена, исходящие не выгружены. Получил 40 000 KZT от 1 плательщ.; сток это или транзит — по данным не видно",truncated
100000005616568100,peripheral,0.3,5,0.096805,"Колено 4: обрыв 4-го колена, исходящие не выгружены. Получил 530 000 KZT от 1 плательщ.; сток это или транзит — по данным не видно",truncated
100000006381453100,peripheral,0.3,6,0.080706,"Колено 4: обрыв 4-го колена, исходящие не выгружены. Получил 45 000 KZT от 1 плательщ.; сток это или транзит — по данным не видно",truncated
100000004616845100,peripheral,0.3,57,0.075478,"Колено 4: обрыв 4-го колена, исходящие не выгружены. Получил 20 200 KZT от 1 плательщ.; сток это или транзит — по данным не видно",truncated
100000004908173100,peripheral,0.3,6,0.075732,"Колено 4: обрыв 4-го колена, исходящие не выгружены. Получил 21 000 KZT от 1 плательщ.; сток это или транзит — по данным не видно",truncated
100000004433250100,peripheral,0.3,0,0.069432,"Колено 4: обрыв 4-го колена, исходящие не выгружены. Получил 8 000 KZT от 1 плательщ.; сток это или транзит — по данным не видно",truncated
100000003664994100,peripheral,0.3,41,0.093874,"Колено 4: обрыв 4-го колена, исходящие не выгружены. Получил 338 271 KZT от 1 плательщ.; сток это или транзит — по данным не видно",truncated
100000004673335100,peripheral,0.3,30,0.084462,"Колено 4: обрыв 4-го колена, исходящие не выгружены. Получил 80 000 KZT от 1 плательщ.; сток это или транзит — по данным не видно",truncated
100000002487222100,peripheral,0.3,5,0.085231,"Колено 4: обрыв 4-го колена, исходящие не выгружены. Получил 90 000 KZT от 1 плательщ.; сток это или транзит — по данным не видно",truncated
100000000018102100,peripheral,0.3,4,0.068561,"Колено 4: обрыв 4-го колена, исходящие не выгружены. Получил 7 000 KZT от 1 плательщ.; сток это или транзит — по данным не видно",truncated
100000008638859100,peripheral,0.3,18,0.078877,"Колено 4: обрыв 4-го колена, исходящие не выгружены. Получил 34 000 KZT от 1 плательщ.; сток это или транзит — по данным не видно",truncated
100000001131403100,peripheral,0.3,57,0.103893,"Колено 4: обрыв 4-го колена, исходящие не выгружены. Получил 1 570 000 KZT от 1 плательщ.; сток это или транзит — по данным не видно",truncated
100000001733216100,peripheral,0.3,0,0.082584,"Колено 4: обрыв 4-го колена, исходящие не выгружены. Получил 60 000 KZT от 1 плательщ.; сток это или транзит — по данным не видно",truncated
100000004400480100,peripheral,0.3,12,0.075946,"Колено 4: обрыв 4-го колена, исходящие не выгружены. Получил 21 700 KZT от 1 плательщ.; сток это или транзит — по данным не видно",truncated
100000007539296100,peripheral,0.3,5,0.08085,"Колено 4: обрыв 4-го колена, исходящие не выгружены. Получил 46 000 KZT от 1 плательщ.; сток это или транзит — по данным не видно",truncated
100000008757301100,peripheral,0.3,0,0.082408,"Колено 4: обрыв 4-го колена, исходящие не выгружены. Получил 58 398 KZT от 1 плательщ.; сток это или транзит — по данным не видно",truncated
100000002752565100,peripheral,0.3,4,0.082249,"Колено 4: обрыв 4-го колена, исходящие не выгружены. Получил 57 000 KZT от 1 плательщ.; сток это или транзит — по данным не видно",truncated
100000002734815100,peripheral,0.3,6,0.086541,"Колено 4: обрыв 4-го колена, исходящие не выгружены. Получил 110 000 KZT от 1 плательщ.; сток это или транзит — по данным не видно",truncated
100000008333492100,peripheral,0.3,46,0.090958,"Колено 4: обрыв 4-го колена, исходящие не выгружены. Получил 216 400 KZT от 1 плательщ.; сток это или транзит — по данным не видно",truncated
100000006527156100,peripheral,0.3,24,0.081195,"Колено 4: обрыв 4-го колена, исходящие не выгружены. Получил 48 500 KZT от 1 плательщ.; сток это или транзит — по данным не видно",truncated
100000003448713100,peripheral,0.3,4,0.092323,"Колено 4: обрыв 4-го колена, исходящие не выгружены. Получил 266 750 KZT от 1 плательщ.; сток это или транзит — по данным не видно",truncated
100000004780083100,peripheral,0.3,60,0.070888,"Колено 4: обрыв 4-го колена, исходящие не выгружены. Получил 9 999 KZT от 1 плательщ.; сток это или транзит — по данным не видно",truncated
100000004798515100,peripheral,0.3,11,0.090443,"Колено 4: обрыв 4-го колена, исходящие не выгружены. Получил 200 000 KZT от 1 плательщ.; сток это или транзит — по данным не видно",truncated
100000004232712100,peripheral,0.3,5,0.072345,"Колено 4: обрыв 4-го колена, исходящие не выгружены. Получил 12 500 KZT от 1 плательщ.; сток это или транзит — по данным не видно",truncated
100000005209352100,peripheral,0.3,0,0.066365,"Колено 4: обрыв 4-го колена, исходящие не выгружены. Получил 5 000 KZT от 1 плательщ.; сток это или транзит — по данным не видно",truncated
100000000561160100,peripheral,0.3,2,0.091633,"Колено 4: обрыв 4-го колена, исходящие не выгружены. Получил 240 000 KZT от 1 плательщ.; сток это или транзит — по данным не видно",truncated
100000003568904100,peripheral,0.3,13,0.081262,"Колено 4: обрыв 4-го колена, исходящие не выгружены. Получил 49 000 KZT от 1 плательщ.; сток это или транзит — по данным не видно",truncated
100000000470237100,peripheral,0.3,27,0.078582,"Колено 4: обрыв 4-го колена, исходящие не выгружены. Получил 32 500 KZT от 1 плательщ.; сток это или транзит — по данным не видно",truncated
100000008560263100,peripheral,0.3,5,0.085919,"Колено 4: обрыв 4-го колена, исходящие не выгружены. Получил 100 000 KZT от 1 плательщ.; сток это или транзит — по данным не видно",truncated
100000000542087100,peripheral,0.3,35,0.069833,"Колено 4: обрыв 4-го колена, исходящие не выгружены. Получил 8 507 KZT от 1 плательщ.; сток это или транзит — по данным не видно",truncated
100000004403548100,peripheral,0.3,4,0.066365,"Колено 4: обрыв 4-го колена, исходящие не выгружены. Получил 5 000 KZT от 1 плательщ.; сток это или транзит — по данным не видно",truncated
100000003010908100,peripheral,0.3,7,0.074352,"Колено 4: обрыв 4-го колена, исходящие не выгружены. Получил 17 000 KZT от 1 плательщ.; сток это или транзит — по данным не видно",truncated
100000006756956100,peripheral,0.3,0,0.087174,"Колено 4: обрыв 4-го колена, исходящие не выгружены. Получил 121 200 KZT от 1 плательщ.; сток это или транзит — по данным не видно",truncated
100000007357489100,peripheral,0.3,6,0.095466,"Колено 4: обрыв 4-го колена, исходящие не выгружены. Получил 164 500 KZT от 2 плательщ.; сток это или транзит — по данным не видно",truncated
100000002599729100,peripheral,0.3,0,0.083107,"Колено 4: обрыв 4-го колена, исходящие не выгружены. Получил 65 000 KZT от 1 плательщ.; сток это или транзит — по данным не видно",truncated
100000005849862100,peripheral,0.3,8,0.072601,"Колено 4: обрыв 4-го колена, исходящие не выгружены. Получил 13 000 KZT от 1 плательщ.; сток это или транзит — по данным не видно",truncated
100000008762843100,peripheral,0.3,6,0.068561,"Колено 4: обрыв 4-го колена, исходящие не выгружены. Получил 7 000 KZT от 1 плательщ.; сток это или транзит — по данным не видно",truncated
100000002723674100,peripheral,0.3,20,0.07806,"Колено 4: обрыв 4-го колена, исходящие не выгружены. Получил 30 000 KZT от 1 плательщ.; сток это или транзит — по данным не видно",truncated
100000008758106100,peripheral,0.3,6,0.070889,"Колено 4: обрыв 4-го колена, исходящие не выгружены. Получил 10 000 KZT от 1 плательщ.; сток это или транзит — по данным не видно",truncated
100000001286703100,peripheral,0.3,38,0.075574,"Колено 4: обрыв 4-го колена, исходящие не выгружены. Получил 20 500 KZT от 1 плательщ.; сток это или транзит — по данным не видно",truncated
