gid,handle,functional_role,involvement,archetype,note
100000000159882100,p06270,transit,criminal,дроп-карта,ячейка 0: принимает оплату и пересылает сборщику
100000004021046100,p02180,peripheral,criminal,закладчик,ячейка 0: делает клады и получает оплату
100000001009154100,p02906,peripheral,criminal,закладчик,ячейка 0: делает клады и получает оплату
100000007254292100,p05567,peripheral,criminal,закладчик,ячейка 0: делает клады и получает оплату
100000003830768100,p07819,peripheral,criminal,закладчик,ячейка 0: делает клады и получает оплату
100000005420134100,p00882,transit,criminal,курьер-приёмщик,ячейка 0: берёт оплату от покупателей и сдаёт выше
100000001595093100,p07052,transit,criminal,курьер-приёмщик,ячейка 0: берёт оплату от покупателей и сдаёт выше
100000003899308100,p01852,peripheral,criminal,закладчик,ячейка 1: делает клады и получает оплату
100000002168316100,p03567,transit,criminal,курьер-приёмщик,ячейка 1: берёт оплату от покупателей и сдаёт выше
100000008890789100,p07764,transit,criminal,курьер-приёмщик,ячейка 1: берёт оплату от покупателей и сдаёт выше
100000004187910100,p00772,transit,criminal,курьер-приёмщик,ячейка 1: берёт оплату от покупателей и сдаёт выше
100000005860218100,p01215,peripheral,criminal,закладчик,ячейка 1: делает клады и получает оплату
100000008957745100,p03257,transit,criminal,курьер-приёмщик,ячейка 1: берёт оплату от покупателей и сдаёт выше
100000003857940100,p01731,transit,criminal,курьер-приёмщик,ячейка 1: берёт оплату от покупателей и сдаёт выше
100000007234551100,p01981,transit,criminal,курьер-приёмщик,ячейка 1: берёт оплату от покупателей и сдаёт выше
100000001162955100,p06508,transit,criminal,курьер-приёмщик,ячейка 1: берёт оплату от покупателей и сдаёт выше
100000002672906100,p07701,peripheral,criminal,закладчик,ячейка 1: делает клады и получает оплату
100000001105900100,p02150,transit,criminal,курьер-приёмщик,ячейка 1: берёт оплату от покупателей и сдаёт выше
100000001729488100,p00792,peripheral,criminal,закладчик,ячейка 2: делает клады и получает оплату
100000004122964100,p05220,peripheral,criminal,закладчик,ячейка 2: делает клады и получает оплату
100000003858280100,p01930,peripheral,criminal,закладчик,ячейка 2: делает клады и получает оплату
100000007942656100,p07342,peripheral,criminal,закладчик,ячейка 2: делает клады и получает оплату
100000005036811100,p09122,peripheral,criminal,закладчик,ячейка 2: делает клады и получает оплату
100000003990347100,p01625,peripheral,criminal,закладчик,ячейка 2: делает клады и получает оплату
100000002872080100,p04835,peripheral,criminal,закладчик,ячейка 2: делает клады и получает оплату
100000003263644100,p08608,peripheral,criminal,закладчик,ячейка 3: делает клады и получает оплату
100000008817401100,p03679,peripheral,criminal,закладчик,ячейка 3: делает клады и получает оплату
100000006354803100,p07661,peripheral,criminal,закладчик,ячейка 3: делает клады и получает оплату
100000003179663100,p07588,peripheral,criminal,закладчик,ячейка 3: делает клады и получает оплату
100000005135150100,p09136,peripheral,criminal,закладчик,ячейка 3: делает клады и получает оплату
100000006846774100,p05057,peripheral,criminal,закладчик,ячейка 3: делает клады и получает оплату
100000006653096100,p05399,transit,criminal,курьер-приёмщик,ячейка 3: берёт оплату от покупателей и сдаёт выше
100000003305078100,p04678,peripheral,criminal,закладчик,ячейка 3: делает клады и получает оплату
100000008460984100,p02666,transit,criminal,курьер-приёмщик,ячейка 4: берёт оплату от покупателей и сдаёт выше
100000004877736100,p00884,transit,criminal,дроп-карта,ячейка 5: принимает оплату и пересылает сборщику
100000001653533100,p05376,peripheral,criminal,закладчик,ячейка 5: делает клады и получает оплату
100000007073760100,p02227,peripheral,criminal,закладчик,ячейка 5: делает клады и получает оплату
100000002196109100,p01481,peripheral,criminal,закладчик,ячейка 5: делает клады и получает оплату
100000005766699100,p04911,peripheral,criminal,закладчик,ячейка 5: делает клады и получает оплату
100000004211705100,p07212,peripheral,criminal,закладчик,ячейка 5: делает клады и получает оплату
100000007312895100,p08474,transit,criminal,курьер-приёмщик,ячейка 5: берёт оплату от покупателей и сдаёт выше
100000003698086100,p08014,peripheral,criminal,закладчик,ячейка 5: делает клады и получает оплату
100000008416301100,p08075,peripheral,criminal,закладчик,ячейка 5: делает клады и получает оплату
100000005612320100,p06229,peripheral,criminal,закладчик,ячейка 5: делает клады и получает оплату
100000004356894100,p07879,peripheral,criminal,закладчик,ячейка 5: делает клады и получает оплату
100000001747050100,p09162,peripheral,criminal,закладчик,ячейка 5: делает клады и получает оплату
100000007431194100,p02177,peripheral,criminal,закладчик,ячейка 5: делает клады и получает оплату
100000006796554100,p04382,peripheral,criminal,закладчик,ячейка 6: делает клады и получает оплату
100000005320525100,p07958,peripheral,criminal,закладчик,ячейка 6: делает клады и получает оплату
100000006512080100,p05323,peripheral,criminal,закладчик,ячейка 6: делает клады и получает оплату
100000004524889100,p03552,peripheral,criminal,закладчик,ячейка 6: делает клады и получает оплату
100000004795622100,p08574,peripheral,criminal,закладчик,ячейка 6: делает клады и получает оплату
100000004700330100,p03593,peripheral,criminal,закладчик,ячейка 6: делает клады и получает оплату
100000003387024100,p05801,peripheral,criminal,закладчик,ячейка 6: делает клады и получает оплату
100000001653757100,p08211,transit,criminal,курьер-приёмщик,ячейка 6: берёт оплату от покупателей и сдаёт выше
100000008722081100,p02295,transit,criminal,курьер-приёмщик,ячейка 6: берёт оплату от покупателей и сдаёт выше
100000006103411100,p03282,transit,criminal,курьер-приёмщик,ячейка 6: берёт оплату от покупателей и сдаёт выше
100000005986827100,p08840,peripheral,criminal,закладчик,ячейка 6: делает клады и получает оплату
100000005290411100,p04993,peripheral,criminal,закладчик,ячейка 6: делает клады и получает оплату
100000000996927100,p06072,peripheral,criminal,закладчик,ячейка 6: делает клады и получает оплату
100000006042713100,p01555,peripheral,criminal,закладчик,ячейка 6: делает клады и получает оплату
100000001699873100,p08124,peripheral,criminal,закладчик,ячейка 6: делает клады и получает оплату
100000008365166100,p06395,peripheral,criminal,закладчик,ячейка 6: делает клады и получает оплату
100000000503525100,p06335,transit,criminal,курьер-приёмщик,ячейка 6: берёт оплату от покупателей и сдаёт выше
100000003744302100,p01324,peripheral,criminal,закладчик,ячейка 6: делает клады и получает оплату
100000001399206100,p05383,transit,criminal,курьер-приёмщик,ячейка 6: берёт оплату от покупателей и сдаёт выше
100000006510878100,p07568,peripheral,criminal,закладчик,ячейка 6: делает клады и получает оплату
100000008737678100,p03551,transit,criminal,курьер-приёмщик,ячейка 7: берёт оплату от покупателей и сдаёт выше
100000008612634100,p07500,transit,criminal,курьер-приёмщик,ячейка 7: берёт оплату от покупателей и сдаёт выше
100000002925833100,p07042,peripheral,criminal,закладчик,ячейка 7: делает клады и получает оплату
100000004998585100,p09184,peripheral,criminal,закладчик,ячейка 7: делает клады и получает оплату
100000002697141100,p06824,transit,criminal,курьер-приёмщик,ячейка 7: берёт оплату от покупателей и сдаёт выше
100000003958668100,p08558,peripheral,criminal,закладчик,ячейка 7: делает клады и получает оплату
100000007972254100,p03554,transit,criminal,курьер-приёмщик,ячейка 7: берёт оплату от покупателей и сдаёт выше
100000002644561100,p05710,peripheral,criminal,закладчик,ячейка 7: делает клады и получает оплату
100000007385755100,p04687,peripheral,criminal,закладчик,ячейка 7: делает клады и получает оплату
100000000041785100,p08946,peripheral,criminal,закладчик,ячейка 7: делает клады и получает оплату
100000001270582100,p08751,peripheral,criminal,закладчик,ячейка 7: делает клады и получает оплату
100000000057320100,p00702,peripheral,criminal,закладчик,ячейка 7: делает клады и получает оплату
100000005937988100,p02421,peripheral,criminal,закладчик,ячейка 7: делает клады и получает оплату
100000001030746100,p06540,peripheral,criminal,закладчик,ячейка 7: делает клады и получает оплату
100000007115229100,p01686,transit,criminal,курьер-приёмщик,ячейка 7: берёт оплату от покупателей и сдаёт выше
100000005759805100,p09082,transit,criminal,курьер-приёмщик,ячейка 7: берёт оплату от покупателей и сдаёт выше
100000007668364100,p04664,peripheral,criminal,закладчик,ячейка 7: делает клады и получает оплату
100000007732732100,p03743,transit,criminal,курьер-приёмщик,ячейка 7: берёт оплату от покупателей и сдаёт выше
100000003997907100,p05176,transit,criminal,курьер-приёмщик,ячейка 7: берёт оплату от покупателей и сдаёт выше
100000008759690100,p05257,peripheral,criminal,закладчик,ячейка 7: делает клады и получает оплату
100000000862528100,p02181,consolidator,legit,организатор тоя,собирает складчину и платит тойхане
100000004877371100,p02902,peripheral,legit,родня,родственник p02906: переводы туда-обратно
100000007956943100,emp_11,distributor,legit,работодатель,стройфирма: платит зарплату 49 сотрудникам
100000008918851100,shop_80,consolidator,legit,кафе,принимает оплату от покупателей района
100000001263664100,p02905,peripheral,legit,родня,родственник p02906: переводы туда-обратно
100000000949043100,shop_12,consolidator,legit,кафе,принимает оплату от покупателей района
100000004787848100,shop_61,consolidator,legit,аптека,принимает оплату от покупателей района
100000008527476100,shop_48,consolidator,legit,аптека,принимает оплату от покупателей района
100000001657622100,p07820,peripheral,legit,родня,родственник p07819: переводы туда-обратно
100000005512361100,p05348,coordinator,criminal,ростовщик,даёт займы курьерам и собирает возвраты с процентом
100000008967681100,p07050,peripheral,legit,родня,родственник p07052: переводы туда-обратно
100000000672616100,shop_11,consolidator,legit,кафе,принимает оплату от покупателей района
100000001695771100,p01804,peripheral,legit,житель,"обычная жизнь: семья, магазины, долги друзьям"
100000006682218100,p06121,transit,criminal,дроп-карта,ячейка 1: принимает оплату и пересылает сборщику
100000007496521100,p03638,peripheral,legit,житель,"обычная жизнь: семья, магазины, долги друзьям"
100000001896299100,p06607,transit,criminal,дроп-карта (удерживает комиссию),ячейка 1: принимает оплату и пересылает сборщику
100000001036248100,p02777,transit,criminal,дроп-карта (удерживает комиссию),ячейка 1: принимает оплату и пересылает сборщику
100000001726266100,p01565,peripheral,legit,арендодатель,сдаёт 2 квартир(ы)
100000004622041100,p07795,peripheral,legit,житель,"обычная жизнь: семья, магазины, долги друзьям"
100000005176185100,p07660,peripheral,legit,родня,родственник p07658: переводы туда-обратно
100000004828567100,shop_64,consolidator,legit,магазин,принимает оплату от покупателей района
100000001791836100,p01218,peripheral,legit,родня,родственник p01215: переводы туда-обратно
100000005433561100,p01732,peripheral,legit,родня,родственник p01731: переводы туда-обратно
100000007243376100,p01734,peripheral,legit,арендодатель,сдаёт 3 квартир(ы)
100000008258097100,shop_4,consolidator,legit,магазин,принимает оплату от покупателей района
100000002613083100,p02000,peripheral,legit,родня,родственник p00919: переводы туда-обратно
100000008493663100,p05180,peripheral,legit,родня,родственник p05176: переводы туда-обратно
100000004653422100,p01979,peripheral,legit,родня,родственник p01981: переводы туда-обратно
100000008788396100,p04173,consolidator,legit,арендодатель,сдаёт 6 квартир(ы)
100000000370434100,shop_34,consolidator,legit,магазин,принимает оплату от покупателей района
100000001226430100,p07704,peripheral,legit,родня,родственник p07701: переводы туда-обратно
100000002786627100,shop_67,consolidator,legit,донерная,принимает оплату от покупателей района
100000006590735100,p02153,peripheral,legit,родня,родственник p02150: переводы туда-обратно
100000002913208100,p01255,peripheral,legit,родня,родственник p02150: переводы туда-обратно
100000006895594100,p02079,peripheral,legit,житель,"обычная жизнь: семья, магазины, долги друзьям"
100000002396778100,p01928,peripheral,legit,родня,родственник p01930: переводы туда-обратно
100000001587517100,p09124,peripheral,legit,родня,родственник p09122: переводы туда-обратно
100000001136522100,p09121,peripheral,legit,родня,родственник p09122: переводы туда-обратно
100000003289663100,p06922,peripheral,legit,арендодатель,сдаёт 1 квартир(ы)
100000006057253100,p04831,peripheral,legit,родня,родственник p04835: переводы туда-обратно
100000000238940100,shop_69,consolidator,legit,аптека,принимает оплату от покупателей района
100000007173375100,p04834,peripheral,legit,родня,родственник p04835: переводы туда-обратно
100000008461378100,p02678,peripheral,legit,житель,"обычная жизнь: семья, магазины, долги друзьям"
100000002924075100,p08609,peripheral,legit,родня,родственник p08608: переводы туда-обратно
100000000771983100,shop_5,consolidator,legit,кафе,принимает оплату от покупателей района
100000005104437100,p08733,peripheral,legit,житель,"обычная жизнь: семья, магазины, долги друзьям"
100000008814488100,shop_72,consolidator,legit,магазин,принимает оплату от покупателей района
100000001868433100,shop_56,consolidator,legit,магазин,принимает оплату от покупателей района
100000001694755100,p07658,distributor,criminal,распределитель-зарплатчик,ячейка 6: платит курьерам раз в неделю
100000004649976100,p07587,peripheral,legit,родня,родственник p07588: переводы туда-обратно
100000004452438100,p07630,peripheral,legit,житель,"обычная жизнь: семья, магазины, долги друзьям"
100000002871244100,shop_79,consolidator,legit,аптека,принимает оплату от покупателей района
100000006498904100,p07585,peripheral,legit,родня,родственник p07588: переводы туда-обратно
100000001081939100,p06037,consolidator,legit,арендодатель,сдаёт 7 квартир(ы)
100000002052794100,shop_16,consolidator,legit,донерная,принимает оплату от покупателей района
100000006927702100,shop_7,consolidator,legit,магазин,принимает оплату от покупателей района
100000000222661100,p09139,peripheral,legit,родня,родственник p09136: переводы туда-обратно
100000006951285100,shop_45,consolidator,legit,донерная,принимает оплату от покупателей района
100000007594269100,p06917,transit,criminal,дроп-карта,ячейка 3: принимает оплату и пересылает сборщику
100000003744792100,p05398,peripheral,legit,родня,родственник p05399: переводы туда-обратно
100000007146699100,shop_77,consolidator,legit,магазин,принимает оплату от покупателей района
100000000246859100,p02120,peripheral,legit,житель,"обычная жизнь: семья, магазины, долги друзьям"
100000001704928100,p09353,consolidator,legit,организатор тоя,собирает складчину и платит тойхане
100000002507382100,shop_44,consolidator,legit,донерная,принимает оплату от покупателей района
100000002223138100,p06657,peripheral,legit,родня,родственник p01481: переводы туда-обратно
100000003838300100,shop_68,consolidator,legit,магазин,принимает оплату от покупателей района
100000007362186100,p03778,peripheral,legit,арендодатель,сдаёт 2 квартир(ы)
100000006124226100,p04913,peripheral,legit,родня,родственник p04911: переводы туда-обратно
100000003787974100,shop_9,consolidator,legit,донерная,принимает оплату от покупателей района
100000003883807100,p04912,peripheral,legit,родня,родственник p04911: переводы туда-обратно
100000006022714100,p07213,peripheral,legit,родня,родственник p07212: переводы туда-обратно
100000008661175100,p05047,transit,criminal,дроп-карта,ячейка 5: принимает оплату и пересылает сборщику
100000006203568100,p04276,transit,criminal,дроп-карта,ячейка 5: принимает оплату и пересылает сборщику
100000003102869100,shop_58,consolidator,legit,кафе,принимает оплату от покупателей района
100000002531297100,p04154,peripheral,legit,житель,"обычная жизнь: семья, магазины, долги друзьям"
100000003784074100,p08012,peripheral,legit,арендодатель,сдаёт 1 квартир(ы)
100000003180106100,p08491,peripheral,legit,рабочий,зарплата от emp_0
100000003169173100,shop_24,consolidator,legit,кафе,принимает оплату от покупателей района
100000005405922100,p08074,peripheral,legit,арендодатель,сдаёт 3 квартир(ы)
100000001288538100,p08015,peripheral,legit,рабочий,зарплата от emp_0
100000005201776100,p00056,peripheral,legit,родня,родственник p07879: переводы туда-обратно
100000008031932100,p07875,peripheral,legit,родня,родственник p07879: переводы туда-обратно
100000006302531100,p06976,peripheral,legit,родня,родственник p09162: переводы туда-обратно
100000007564367100,shop_14,consolidator,legit,донерная,принимает оплату от покупателей района
100000003092685100,shop_23,consolidator,legit,кафе,принимает оплату от покупателей района
100000002774575100,p04231,peripheral,legit,родня,родственник p04382: переводы туда-обратно
100000002693580100,p07957,peripheral,legit,рабочий,зарплата от emp_6
100000006108374100,shop_52,consolidator,legit,аптека,принимает оплату от покупателей района
100000001110084100,p08365,terminal,criminal,вывод наличных,"деньги оседают: наличные, авто, недвижимость"
100000003746948100,p05350,consolidator,legit,арендодатель,сдаёт 15 квартир(ы)
100000006242698100,p05324,peripheral,legit,родня,родственник p05323: переводы туда-обратно
100000002323125100,p05405,peripheral,legit,житель,"обычная жизнь: семья, магазины, долги друзьям"
100000002246233100,p03649,peripheral,legit,житель,"обычная жизнь: семья, магазины, долги друзьям"
100000007829716100,shop_29,consolidator,legit,донерная,принимает оплату от покупателей района
100000003965582100,p05703,consolidator,criminal,сборщик,ячейка 6: собирает выручку с 8 карт
100000000170618100,p04991,peripheral,legit,родня,родственник p04993: переводы туда-обратно
100000005535303100,shop_78,consolidator,legit,донерная,принимает оплату от покупателей района
100000000677576100,p06149,peripheral,legit,житель,"обычная жизнь: семья, магазины, долги друзьям"
100000005958979100,p06120,peripheral,legit,родня,родственник p06121: переводы туда-обратно
100000005099416100,p04235,peripheral,legit,житель,"обычная жизнь: семья, магазины, долги друзьям"
100000003767605100,shop_30,consolidator,legit,аптека,принимает оплату от покупателей района
100000004316679100,p01528,peripheral,legit,житель,"обычная жизнь: семья, магазины, долги друзьям"
100000000331661100,p01663,peripheral,legit,житель,"обычная жизнь: семья, магазины, долги друзьям"
100000004028164100,p01554,peripheral,legit,родня,родственник p01555: переводы туда-обратно
100000002202753100,p01656,peripheral,legit,житель,"обычная жизнь: семья, магазины, долги друзьям"
100000004191839100,p01552,peripheral,legit,родня,родственник p01555: переводы туда-обратно
100000005161964100,p06712,consolidator,legit,арендодатель,сдаёт 22 квартир(ы)
100000007877653100,p07971,peripheral,legit,житель,"обычная жизнь: семья, магазины, долги друзьям"
100000006914794100,p08119,peripheral,legit,родня,родственник p08124: переводы туда-обратно
100000007764569100,p00919,consolidator,criminal,сборщик,ячейка 6: собирает выручку с 8 карт
100000004632284100,shop_18,consolidator,legit,кафе,принимает оплату от покупателей района
100000000754449100,p02009,peripheral,legit,арендодатель,сдаёт 1 квартир(ы)
100000000481426100,p07558,peripheral,legit,таксист,арендует авто в taxi_0
100000000833492100,p01305,peripheral,legit,житель,"обычная жизнь: семья, магазины, долги друзьям"
100000006406266100,shop_41,consolidator,legit,аптека,принимает оплату от покупателей района
100000007319825100,p01221,peripheral,legit,житель,"обычная жизнь: семья, магазины, долги друзьям"
100000007940770100,p05374,peripheral,legit,житель,"обычная жизнь: семья, магазины, долги друзьям"
100000003832805100,p07048,consolidator,legit,организатор тоя,собирает складчину и платит тойхане
100000007026987100,shop_55,consolidator,legit,аптека,принимает оплату от покупателей района
100000000875061100,p07638,peripheral,legit,арендодатель,сдаёт 2 квартир(ы)
100000007470722100,p07567,peripheral,legit,родня,родственник p07568: переводы туда-обратно
100000004965998100,p05205,transit,criminal,дроп-карта (удерживает комиссию),ячейка 7: принимает оплату и пересылает сборщику
100000006359055100,p03550,peripheral,legit,продавец,работает в shop_6
100000000462523100,p01281,transit,criminal,дроп-карта,ячейка 7: принимает оплату и пересылает сборщику
100000007842659100,p03326,transit,criminal,дроп-карта,ячейка 7: принимает оплату и пересылает сборщику
100000003223903100,p03604,peripheral,legit,рабочий,зарплата от emp_12
100000006409875100,p03547,peripheral,legit,родня,родственник p03551: переводы туда-обратно
100000002074204100,p05585,consolidator,legit,арендодатель,сдаёт 4 квартир(ы)
100000003210950100,p07040,peripheral,legit,родня,родственник p07042: переводы туда-обратно
100000002443129100,shop_0,consolidator,legit,донерная,принимает оплату от покупателей района
100000002939691100,p09183,peripheral,legit,родня,родственник p09184: переводы туда-обратно
100000007160397100,shop_36,consolidator,legit,кафе,принимает оплату от покупателей района
100000003938777100,p09187,peripheral,legit,родня,родственник p09184: переводы туда-обратно
100000004786340100,shop_33,consolidator,legit,донерная,принимает оплату от покупателей района
100000007249934100,shop_1,consolidator,legit,магазин,принимает оплату от покупателей района
100000004735303100,p03556,consolidator,legit,арендодатель,сдаёт 5 квартир(ы)
100000002256659100,p05657,peripheral,legit,житель,"обычная жизнь: семья, магазины, долги друзьям"
100000003365956100,shop_35,consolidator,legit,кафе,принимает оплату от покупателей района
100000002418676100,p00842,peripheral,legit,житель,"обычная жизнь: семья, магазины, долги друзьям"
100000000996094100,p00765,peripheral,legit,житель,"обычная жизнь: семья, магазины, долги друзьям"
100000007126298100,shop_60,consolidator,legit,кафе,принимает оплату от покупателей района
100000006085149100,hall_0,terminal,legit,тойхана,предоплаты за банкеты
100000007423551100,shop_49,consolidator,legit,аптека,принимает оплату от покупателей района
100000002647740100,shop_50,consolidator,legit,магазин,принимает оплату от покупателей района
100000000218219100,p06539,peripheral,legit,родня,родственник p06540: переводы туда-обратно
100000004197272100,p01687,peripheral,legit,родня,родственник p01686: переводы туда-обратно
100000007214715100,p04948,peripheral,legit,клиент P2P,покупает/продаёт крипту у p06318
100000003317231100,p01815,peripheral,legit,житель,"обычная жизнь: семья, магазины, долги друзьям"
100000006995777100,p01684,peripheral,legit,родня,родственник p01686: переводы туда-обратно
100000006602653100,shop_3,consolidator,legit,аптека,принимает оплату от покупателей района
100000005524364100,p04730,peripheral,legit,житель,"обычная жизнь: семья, магазины, долги друзьям"
100000002336232100,p04672,peripheral,legit,житель,"обычная жизнь: семья, магазины, долги друзьям"
100000006972974100,p04662,peripheral,legit,родня,родственник p04664: переводы туда-обратно
100000008981578100,shop_65,consolidator,legit,кафе,принимает оплату от покупателей района
100000007665680100,p06127,consolidator,legit,арендодатель,сдаёт 5 квартир(ы)
100000002340303100,p03741,peripheral,legit,родня,родственник p03743: переводы туда-обратно
100000007266318100,p03773,peripheral,legit,житель,"обычная жизнь: семья, магазины, долги друзьям"
100000008409231100,shop_70,consolidator,legit,аптека,принимает оплату от покупателей района
100000005421965100,p05178,peripheral,legit,родня,родственник p05176: переводы туда-обратно
100000004740250100,shop_25,consolidator,legit,кафе,принимает оплату от покупателей района
100000006432572100,emp_8,distributor,legit,работодатель,склад: платит зарплату 16 сотрудникам
100000007862968100,shop_73,consolidator,legit,кафе,принимает оплату от покупателей района
100000003662645100,shop_6,consolidator,legit,магазин,принимает оплату от покупателей района
100000007319976100,shop_27,consolidator,legit,донерная,принимает оплату от покупателей района
100000003275134100,shop_32,consolidator,legit,кафе,принимает оплату от покупателей района
100000006489648100,p02296,peripheral,legit,житель,"обычная жизнь: семья, магазины, долги друзьям"
100000008015211100,p02179,consolidator,legit,организатор тоя,собирает складчину и платит тойхане
100000000118791100,p09126,distributor,legit,бригадир,получает за объект и раздаёт бригаде
100000006858158100,p01071,peripheral,legit,рабочий,зарплата от emp_11
100000008845047100,p00957,peripheral,legit,рабочий,зарплата от emp_11
100000000087639100,p06993,peripheral,legit,арендодатель,сдаёт 2 квартир(ы)
100000007364076100,p00863,peripheral,legit,рабочий,зарплата от emp_11
100000006021865100,p05528,peripheral,legit,рабочий,зарплата от emp_11
100000000376453100,p01898,peripheral,legit,рабочий,зарплата от emp_11
100000007743444100,p00041,peripheral,legit,рабочий,зарплата от emp_11
100000002736319100,p03045,peripheral,legit,рабочий,зарплата от emp_11
100000008951217100,p03671,peripheral,legit,рабочий,зарплата от emp_11
100000002304206100,p01022,peripheral,legit,рабочий,зарплата от emp_11
100000000728897100,p04273,peripheral,legit,рабочий,зарплата от emp_11
100000000736707100,p08276,peripheral,legit,рабочий,зарплата от emp_11
100000008554666100,p01570,peripheral,legit,рабочий,зарплата от emp_11
100000007615156100,p01628,peripheral,legit,рабочий,зарплата от emp_11
100000000416518100,p06155,peripheral,legit,рабочий,зарплата от emp_11
100000003456041100,p07351,peripheral,legit,рабочий,зарплата от emp_11
100000008974917100,p07338,peripheral,legit,рабочий,зарплата от emp_11
100000001759538100,p00143,peripheral,legit,рабочий,зарплата от emp_11
100000006056014100,p07163,peripheral,legit,рабочий,зарплата от emp_11
100000006783484100,p08915,peripheral,legit,рабочий,зарплата от emp_11
100000003736888100,p04803,peripheral,legit,рабочий,зарплата от emp_11
100000007057089100,p03373,peripheral,legit,рабочий,зарплата от emp_11
100000002619597100,p04338,peripheral,legit,рабочий,зарплата от emp_11
100000003661716100,p06416,peripheral,legit,рабочий,зарплата от emp_11
100000005779492100,p07435,consolidator,legit,арендодатель,сдаёт 4 квартир(ы)
100000006531423100,sup_1,consolidator,legit,оптовый поставщик,поставки магазинам района
100000002660064100,p08473,consolidator,legit,арендодатель,сдаёт 10 квартир(ы)
100000001168534100,sup_2,consolidator,legit,оптовый поставщик,поставки магазинам района
100000004738555100,p06931,peripheral,legit,продавец,работает в shop_80
100000006189860100,p02857,peripheral,legit,житель,"обычная жизнь: семья, магазины, долги друзьям"
100000005030654100,sup_0,consolidator,legit,оптовый поставщик,поставки магазинам района
100000001074862100,p01435,peripheral,legit,владелец бизнеса,владелец shop_12
100000007960568100,p00062,peripheral,legit,арендодатель,сдаёт 1 квартир(ы)
100000007259179100,p07025,peripheral,legit,продавец,работает в shop_12
100000005358020100,p02083,peripheral,legit,владелец бизнеса,владелец shop_61
100000007021703100,p08384,peripheral,legit,продавец,работает в shop_61
100000002012101100,p04643,peripheral,legit,владелец бизнеса,владелец shop_48
100000008775869100,p07841,peripheral,legit,клиент P2P,покупает/продаёт крипту у p06318
100000003153435100,shop_81,consolidator,legit,аптека,принимает оплату от покупателей района
100000005769448100,p07835,peripheral,legit,житель,"обычная жизнь: семья, магазины, долги друзьям"
100000008261975100,p05418,coordinator,criminal,организатор,"собирает с ячеек и раздаёт: опт, бенефициары, зарплаты"
100000006711091100,p04015,consolidator,legit,арендодатель,сдаёт 54 квартир(ы)
100000007016018100,p06068,peripheral,criminal,закладчик,ячейка 0: делает клады и получает оплату
100000008568546100,p05349,peripheral,legit,родня,родственник p05348: переводы туда-обратно
100000000341359100,shop_43,consolidator,legit,донерная,принимает оплату от покупателей района
100000002394369100,p07982,peripheral,legit,родня,родственник p05348: переводы туда-обратно
100000006278189100,p03834,peripheral,criminal,закладчик,ячейка 2: делает клады и получает оплату
100000006631719100,p06368,peripheral,criminal,закладчик,ячейка 5: делает клады и получает оплату
100000005550013100,p07133,peripheral,legit,клиент P2P,покупает/продаёт крипту у p00983
100000004977977100,p07054,consolidator,legit,арендодатель,сдаёт 6 квартир(ы)
100000002702015100,p03965,peripheral,legit,продавец,работает в shop_11
100000006944512100,p07984,consolidator,legit,арендодатель,сдаёт 4 квартир(ы)
100000001652343100,p06617,peripheral,legit,житель,"обычная жизнь: семья, магазины, долги друзьям"
100000000977370100,shop_8,consolidator,legit,аптека,принимает оплату от покупателей района
100000003772057100,p07499,peripheral,legit,таксист,арендует авто в taxi_0
100000001138761100,p08632,consolidator,criminal,сборщик,ячейка 1: собирает выручку с 3 карт
100000001027467100,p06146,peripheral,legit,житель,"обычная жизнь: семья, магазины, долги друзьям"
100000006452278100,p03639,peripheral,legit,житель,"обычная жизнь: семья, магазины, долги друзьям"
100000005139212100,p06606,peripheral,legit,родня,родственник p06607: переводы туда-обратно
100000008962941100,p06661,peripheral,criminal,закладчик,ячейка 4: делает клады и получает оплату
100000008836225100,shop_19,consolidator,legit,магазин,принимает оплату от покупателей района
100000000845984100,p00182,peripheral,legit,таксист,арендует авто в taxi_0
100000008684053100,shop_57,consolidator,legit,кафе,принимает оплату от покупателей района
100000004337428100,p01567,peripheral,legit,житель,"обычная жизнь: семья, магазины, долги друзьям"
100000002995104100,p06419,peripheral,legit,арендодатель,сдаёт 1 квартир(ы)
100000006103222100,p04213,peripheral,legit,житель,"обычная жизнь: семья, магазины, долги друзьям"
100000002548092100,p07789,peripheral,legit,продавец,работает в shop_14
100000008739037100,p07796,peripheral,legit,житель,"обычная жизнь: семья, магазины, долги друзьям"
100000003874150100,shop_51,consolidator,legit,кафе,принимает оплату от покупателей района
100000001585652100,p07675,peripheral,legit,житель,"обычная жизнь: семья, магазины, долги друзьям"
100000002516527100,shop_37,consolidator,legit,кафе,принимает оплату от покупателей района
100000001516777100,p06916,peripheral,legit,владелец бизнеса,владелец shop_4
100000000073720100,p03254,peripheral,legit,родня,родственник p03257: переводы туда-обратно
100000001827491100,shop_40,consolidator,legit,аптека,принимает оплату от покупателей района
100000005555040100,p00669,peripheral,legit,рабочий,зарплата от emp_10
100000002227403100,p01999,peripheral,legit,житель,"обычная жизнь: семья, магазины, долги друзьям"
100000002312788100,shop_42,consolidator,legit,кафе,принимает оплату от покупателей района
100000005731037100,p06810,distributor,legit,бригадир,получает за объект и раздаёт бригаде
100000004491792100,p01980,peripheral,legit,родня,родственник p01981: переводы туда-обратно
100000002471903100,p01977,peripheral,legit,арендодатель,сдаёт 2 квартир(ы)
100000003517056100,shop_15,consolidator,legit,кафе,принимает оплату от покупателей района
100000006384570100,p01607,consolidator,legit,арендодатель,сдаёт 4 квартир(ы)
100000007124017100,p05505,peripheral,legit,арендодатель,сдаёт 3 квартир(ы)
100000008645727100,p03691,peripheral,legit,житель,"обычная жизнь: семья, магазины, долги друзьям"
100000005138349100,p04401,peripheral,legit,владелец бизнеса,владелец shop_34
100000008559225100,p07700,peripheral,legit,родня,родственник p07701: переводы туда-обратно
100000005021706100,emp_13,distributor,legit,работодатель,склад: платит зарплату 5 сотрудникам
100000006771610100,p01924,peripheral,legit,владелец бизнеса,владелец shop_67
100000008091515100,p01233,consolidator,legit,арендодатель,сдаёт 15 квартир(ы)
100000008248386100,p07250,peripheral,legit,продавец,работает в shop_67
100000004808431100,p03796,peripheral,legit,продавец,работает в shop_67
100000002138384100,p08963,peripheral,legit,продавец,работает в shop_67
100000006113225100,p01321,peripheral,legit,житель,"обычная жизнь: семья, магазины, долги друзьям"
100000006268428100,p02080,peripheral,legit,житель,"обычная жизнь: семья, магазины, долги друзьям"
100000007369288100,shop_26,consolidator,legit,аптека,принимает оплату от покупателей района
100000007584931100,p01985,peripheral,legit,владелец бизнеса,владелец shop_10
100000003785070100,p09150,peripheral,legit,житель,"обычная жизнь: семья, магазины, долги друзьям"
100000007108006100,p00258,consolidator,legit,арендодатель,сдаёт 6 квартир(ы)
100000001619124100,shop_31,consolidator,legit,аптека,принимает оплату от покупателей района
100000007477376100,emp_2,distributor,legit,работодатель,стройфирма: платит зарплату 5 сотрудникам
100000004960517100,p04825,peripheral,legit,житель,"обычная жизнь: семья, магазины, долги друзьям"
100000003419277100,p08715,consolidator,legit,арендодатель,сдаёт 14 квартир(ы)
100000007909453100,p01889,peripheral,legit,арендодатель,сдаёт 2 квартир(ы)
100000002246116100,p04207,peripheral,legit,владелец бизнеса,владелец shop_69
100000008559876100,p08509,peripheral,legit,продавец,работает в shop_69
100000005569695100,p05622,peripheral,legit,продавец,работает в shop_69
100000008694379100,p04891,peripheral,legit,житель,"обычная жизнь: семья, магазины, долги друзьям"
100000003419721100,p04836,peripheral,legit,родня,родственник p04835: переводы туда-обратно
100000001823686100,p05007,peripheral,legit,таксист,арендует авто в taxi_0
100000007783541100,shop_59,consolidator,legit,аптека,принимает оплату от покупателей района
100000003207962100,shop_22,consolidator,legit,аптека,принимает оплату от покупателей района
100000005659844100,p04275,peripheral,legit,родня,родственник p04276: переводы туда-обратно
100000000153765100,p01367,peripheral,legit,владелец бизнеса,владелец shop_5
100000005820715100,p02015,peripheral,legit,продавец,работает в shop_5
100000002868976100,p08905,peripheral,legit,продавец,работает в shop_5
100000008177372100,p08554,peripheral,legit,арендодатель,сдаёт 3 квартир(ы)
100000002960033100,p07949,peripheral,legit,продавец,работает в shop_72
100000007752485100,p04313,peripheral,legit,арендодатель,сдаёт 1 квартир(ы)
100000000688916100,p05922,peripheral,legit,арендодатель,сдаёт 1 квартир(ы)
100000008856987100,p01532,consolidator,legit,организатор тоя,собирает складчину и платит тойхане
100000000329908100,p01936,peripheral,legit,продавец,работает в shop_56
100000001910352100,p06286,peripheral,criminal,закладчик,ячейка 6: делает клады и получает оплату
100000000284483100,p07923,peripheral,criminal,закладчик,ячейка 6: делает клады и получает оплату
100000006407469100,p01669,transit,criminal,курьер-приёмщик,ячейка 6: берёт оплату от покупателей и сдаёт выше
100000000616900100,p08134,peripheral,criminal,закладчик,ячейка 6: делает клады и получает оплату
100000002808112100,p07546,transit,criminal,курьер-приёмщик,ячейка 6: берёт оплату от покупателей и сдаёт выше
100000003032780100,p05285,peripheral,criminal,закладчик,ячейка 6: делает клады и получает оплату
100000001041293100,p09259,peripheral,criminal,закладчик,ячейка 6: делает клады и получает оплату
100000007476665100,p04426,peripheral,criminal,закладчик,ячейка 6: делает клады и получает оплату
100000003495467100,p07838,peripheral,criminal,закладчик,ячейка 6: делает клады и получает оплату
100000003208261100,p00187,transit,criminal,курьер-приёмщик,ячейка 6: берёт оплату от покупателей и сдаёт выше
100000002337946100,p03022,peripheral,criminal,закладчик,ячейка 4: делает клады и получает оплату
100000005155137100,p05130,transit,criminal,курьер-приёмщик,ячейка 4: берёт оплату от покупателей и сдаёт выше
100000003226155100,p07153,peripheral,criminal,закладчик,ячейка 6: делает клады и получает оплату
100000004212811100,p06200,consolidator,legit,арендодатель,сдаёт 9 квартир(ы)
100000008853498100,p07642,peripheral,legit,житель,"обычная жизнь: семья, магазины, долги друзьям"
100000005075078100,p07560,consolidator,legit,арендодатель,сдаёт 12 квартир(ы)
100000005855274100,p07586,peripheral,legit,родня,родственник p07588: переводы туда-обратно
100000007489518100,p07627,peripheral,legit,житель,"обычная жизнь: семья, магазины, долги друзьям"
100000007202721100,p07629,peripheral,legit,продавец,работает в shop_66
100000001351399100,p03289,peripheral,legit,владелец бизнеса,владелец shop_79
100000004449692100,p00581,peripheral,legit,продавец,работает в shop_79
100000001674593100,p02771,peripheral,legit,таксист,арендует авто в taxi_1
100000007402830100,p06234,peripheral,legit,арендодатель,сдаёт 2 квартир(ы)
100000004771601100,p02705,peripheral,legit,житель,"обычная жизнь: семья, магазины, долги друзьям"
100000006129370100,shop_46,consolidator,legit,кафе,принимает оплату от покупателей района
100000008449788100,p06036,peripheral,legit,житель,"обычная жизнь: семья, магазины, долги друзьям"
100000002777386100,p03160,peripheral,legit,житель,"обычная жизнь: семья, магазины, долги друзьям"
100000007352235100,p03694,peripheral,legit,владелец бизнеса,владелец shop_16
100000004377659100,p08368,peripheral,legit,владелец бизнеса,владелец shop_7
100000003067170100,p00357,consolidator,legit,организатор тоя,собирает складчину и платит тойхане
100000008874958100,p09135,peripheral,legit,родня,родственник p09136: переводы туда-обратно
100000006116320100,p01464,peripheral,legit,клиент P2P,покупает/продаёт крипту у p04681
100000008345119100,p06750,peripheral,legit,арендодатель,сдаёт 2 квартир(ы)
100000003876415100,p05147,peripheral,legit,продавец,работает в shop_45
100000008477170100,p09048,consolidator,criminal,сборщик,ячейка 3: собирает выручку с 1 карт
100000008361842100,p06832,peripheral,legit,житель,"обычная жизнь: семья, магазины, долги друзьям"
100000005720423100,p08564,peripheral,legit,житель,"обычная жизнь: семья, магазины, долги друзьям"
100000000710205100,p06918,peripheral,legit,родня,родственник p06917: переводы туда-обратно
100000003551496100,p05440,peripheral,legit,житель,"обычная жизнь: семья, магазины, долги друзьям"
100000008373559100,p05396,peripheral,legit,родня,родственник p05399: переводы туда-обратно
100000006840414100,p02941,peripheral,legit,владелец бизнеса,владелец shop_77
100000004243338100,p00908,peripheral,legit,продавец,работает в shop_77
100000006805888100,p02597,peripheral,legit,продавец,работает в shop_77
100000004142545100,p02119,consolidator,legit,арендодатель,сдаёт 4 квартир(ы)
100000004374933100,p03946,peripheral,legit,родня,родственник p08574: переводы туда-обратно
100000001459046100,p09354,peripheral,legit,житель,"обычная жизнь: семья, магазины, долги друзьям"
100000008348753100,p06658,peripheral,legit,житель,"обычная жизнь: семья, магазины, долги друзьям"
100000002716205100,shop_82,consolidator,legit,аптека,принимает оплату от покупателей района
100000000437389100,p06669,consolidator,legit,организатор тоя,собирает складчину и платит тойхане
100000004907978100,p03479,consolidator,legit,организатор тоя,собирает складчину и платит тойхане
100000007598557100,p07729,peripheral,legit,арендодатель,сдаёт 2 квартир(ы)
100000001541067100,p02674,peripheral,criminal,закладчик,ячейка 2: делает клады и получает оплату
100000000321805100,p08671,peripheral,legit,таксист,арендует авто в taxi_1
100000006251700100,p04005,peripheral,legit,арендодатель,сдаёт 2 квартир(ы)
100000004685027100,p05455,peripheral,legit,владелец бизнеса,владелец shop_9
100000002161396100,p07853,peripheral,legit,продавец,работает в shop_9
100000005780740100,p07886,peripheral,legit,продавец,работает в shop_9
100000008863352100,p03802,peripheral,legit,продавец,работает в shop_9
100000008501605100,p04874,peripheral,criminal,закладчик,ячейка 2: делает клады и получает оплату
100000002446537100,p04902,peripheral,legit,житель,"обычная жизнь: семья, магазины, долги друзьям"
100000008215672100,p08924,consolidator,legit,арендодатель,сдаёт 5 квартир(ы)
100000008338194100,p02624,consolidator,criminal,сборщик,ячейка 5: собирает выручку с 3 карт
100000000871830100,p04062,consolidator,criminal,сборщик,ячейка 5: собирает выручку с 3 карт
100000005665436100,shop_74,consolidator,legit,донерная,принимает оплату от покупателей района
100000000145446100,p03723,peripheral,legit,житель,"обычная жизнь: семья, магазины, долги друзьям"
100000005333524100,shop_20,consolidator,legit,кафе,принимает оплату от покупателей района
100000004969253100,p08013,peripheral,legit,родня,родственник p06959: переводы туда-обратно
100000001104224100,p08463,peripheral,legit,житель,"обычная жизнь: семья, магазины, долги друзьям"
100000002225189100,p08490,peripheral,legit,житель,"обычная жизнь: семья, магазины, долги друзьям"
100000005352757100,p07297,peripheral,legit,арендодатель,сдаёт 1 квартир(ы)
100000002991810100,p03110,peripheral,legit,продавец,работает в shop_24
100000007981409100,p00172,peripheral,legit,арендодатель,сдаёт 2 квартир(ы)
100000000725168100,p08077,peripheral,legit,родня,родственник p08075: переводы туда-обратно
100000008061548100,p08173,peripheral,legit,житель,"обычная жизнь: семья, магазины, долги друзьям"
100000000015338100,p07993,peripheral,legit,житель,"обычная жизнь: семья, магазины, долги друзьям"
100000001805098100,p08020,peripheral,legit,житель,"обычная жизнь: семья, магазины, долги друзьям"
100000007442737100,p08016,peripheral,legit,житель,"обычная жизнь: семья, магазины, долги друзьям"
100000000034619100,p08017,peripheral,legit,житель,"обычная жизнь: семья, магазины, долги друзьям"
100000008384806100,shop_21,consolidator,legit,донерная,принимает оплату от покупателей района
100000008214540100,p05228,consolidator,legit,организатор тоя,собирает складчину и платит тойхане
100000002602906100,p08958,peripheral,legit,продавец,работает в shop_14
100000006002641100,p04442,peripheral,legit,продавец,работает в shop_14
100000005171948100,p02981,peripheral,legit,продавец,работает в shop_23
100000008288074100,p07602,peripheral,legit,арендодатель,сдаёт 3 квартир(ы)
100000000311482100,p04286,peripheral,legit,житель,"обычная жизнь: семья, магазины, долги друзьям"
100000005900768100,p03302,peripheral,legit,арендодатель,сдаёт 3 квартир(ы)
100000004237473100,p02595,peripheral,legit,арендодатель,сдаёт 2 квартир(ы)
100000001669994100,p07206,peripheral,legit,продавец,работает в shop_52
100000004371031100,p02094,peripheral,legit,продавец,работает в shop_52
100000008623266100,pawn_0,distributor,legit,ломбард,выдаёт займы под залог и принимает выкуп
100000004119367100,p00693,consolidator,legit,организатор тоя,собирает складчину и платит тойхане
100000006164271100,p06367,peripheral,legit,арендодатель,сдаёт 2 квартир(ы)
100000005299537100,p05354,peripheral,legit,рабочий,зарплата от emp_3
100000008643776100,p05527,peripheral,legit,родня,родственник p05529: переводы туда-обратно
100000004417363100,p05403,peripheral,legit,житель,"обычная жизнь: семья, магазины, долги друзьям"
100000005313745100,p05404,peripheral,legit,житель,"обычная жизнь: семья, магазины, долги друзьям"
100000003463562100,p01193,peripheral,legit,арендодатель,сдаёт 3 квартир(ы)
100000003781490100,shop_54,consolidator,legit,донерная,принимает оплату от покупателей района
100000000302825100,p03651,peripheral,legit,житель,"обычная жизнь: семья, магазины, долги друзьям"
100000001806661100,p01080,consolidator,legit,арендодатель,сдаёт 5 квартир(ы)
100000004225502100,p05519,peripheral,legit,владелец бизнеса,владелец shop_29
100000004085442100,p02796,peripheral,legit,продавец,работает в shop_29
100000004706057100,p05631,peripheral,legit,житель,"обычная жизнь: семья, магазины, долги друзьям"
100000000765297100,p05564,peripheral,legit,родня,родственник p05567: переводы туда-обратно
100000006348059100,p04654,coordinator,criminal,координатор ячейки,ячейка 6: собирает со сборщиков и платит курьерам и выше
100000002656683100,p04996,peripheral,legit,арендодатель,сдаёт 3 квартир(ы)
100000003261105100,p09193,peripheral,legit,житель,"обычная жизнь: семья, магазины, долги друзьям"
100000008014666100,p08346,peripheral,legit,владелец бизнеса,владелец shop_78
100000005817675100,p06340,peripheral,legit,продавец,работает в shop_78
100000000227440100,p03981,peripheral,legit,продавец,работает в shop_78
100000008365458100,p08071,peripheral,legit,рабочий,зарплата от emp_10
100000006681261100,p01217,consolidator,legit,арендодатель,сдаёт 10 квартир(ы)
100000004719830100,p06117,peripheral,legit,родня,родственник p06121: переводы туда-обратно
100000007849416100,p04233,peripheral,legit,рабочий,зарплата от emp_12
100000007110769100,p07429,consolidator,legit,арендодатель,сдаёт 4 квартир(ы)
100000007213306100,p00732,peripheral,legit,продавец,работает в shop_30
100000006930414100,p07562,peripheral,legit,продавец,работает в shop_30
100000001258995100,p01529,peripheral,legit,житель,"обычная жизнь: семья, магазины, долги друзьям"
100000007328600100,p09304,peripheral,legit,арендодатель,сдаёт 3 квартир(ы)
100000004926044100,p01268,consolidator,legit,организатор тоя,собирает складчину и платит тойхане
100000004525454100,p01553,peripheral,legit,родня,родственник p01555: переводы туда-обратно
100000003756889100,p01637,peripheral,legit,житель,"обычная жизнь: семья, магазины, долги друзьям"
100000006368123100,p01627,peripheral,legit,родня,родственник p01625: переводы туда-обратно
100000007349468100,p02369,consolidator,legit,арендодатель,сдаёт 6 квартир(ы)
100000004255980100,p03929,peripheral,legit,житель,"обычная жизнь: семья, магазины, долги друзьям"
100000008406539100,p01601,peripheral,legit,житель,"обычная жизнь: семья, магазины, долги друзьям"
100000007981062100,p04006,peripheral,legit,житель,"обычная жизнь: семья, магазины, долги друзьям"
100000004319587100,p06624,consolidator,legit,арендодатель,сдаёт 5 квартир(ы)
100000005719315100,p08157,consolidator,legit,организатор тоя,собирает складчину и платит тойхане
100000003623807100,p07975,peripheral,legit,арендодатель,сдаёт 3 квартир(ы)
100000003304077100,p07972,peripheral,legit,житель,"обычная жизнь: семья, магазины, долги друзьям"
100000004232238100,p08122,peripheral,legit,родня,родственник p08124: переводы туда-обратно
100000000331667100,p08062,consolidator,legit,арендодатель,сдаёт 9 квартир(ы)
100000006357912100,p00174,peripheral,legit,арендодатель,сдаёт 2 квартир(ы)
100000008543592100,p00921,peripheral,legit,родня,родственник p00919: переводы туда-обратно
100000005309156100,p03958,transit,criminal,P2P-трейдер,меняет тенге на крипту; клиенты смешанные включая сборщиков
100000000773813100,p00348,peripheral,legit,родня,родственник p00919: переводы туда-обратно
100000008217179100,p03843,peripheral,legit,владелец бизнеса,владелец shop_18
100000003255125100,p06232,peripheral,legit,продавец,работает в shop_18
100000001044152100,p05011,peripheral,legit,продавец,работает в shop_18
100000001961433100,p08524,peripheral,legit,житель,"обычная жизнь: семья, магазины, долги друзьям"
100000008002526100,p04096,peripheral,legit,житель,"обычная жизнь: семья, магазины, долги друзьям"
100000008420474100,taxi_0,coordinator,legit,таксопарк,берёт аренду машин у водителей и платит им выручку
100000003707206100,p07557,peripheral,legit,житель,"обычная жизнь: семья, магазины, долги друзьям"
100000005332290100,shop_75,consolidator,legit,аптека,принимает оплату от покупателей района
100000003866258100,p01304,peripheral,legit,житель,"обычная жизнь: семья, магазины, долги друзьям"
100000005286159100,p00352,peripheral,legit,арендодатель,сдаёт 1 квартир(ы)
100000000830588100,p06054,peripheral,legit,продавец,работает в shop_41
100000000083001100,p01192,peripheral,legit,житель,"обычная жизнь: семья, магазины, долги друзьям"
100000003481976100,p01220,peripheral,legit,житель,"обычная жизнь: семья, магазины, долги друзьям"
100000004605116100,p01223,peripheral,legit,житель,"обычная жизнь: семья, магазины, долги друзьям"
100000003547839100,p01206,peripheral,legit,житель,"обычная жизнь: семья, магазины, долги друзьям"
100000008298858100,p02765,consolidator,legit,арендодатель,сдаёт 8 квартир(ы)
100000002516005100,p07047,peripheral,legit,житель,"обычная жизнь: семья, магазины, долги друзьям"
100000007513495100,p06817,peripheral,legit,продавец,работает в shop_55
100000000441676100,p01868,peripheral,legit,продавец,работает в shop_55
100000007613015100,p00224,peripheral,legit,продавец,работает в shop_55
100000003835989100,p07553,peripheral,legit,житель,"обычная жизнь: семья, магазины, долги друзьям"
100000001068105100,p04785,peripheral,legit,арендодатель,сдаёт 2 квартир(ы)
100000008721374100,p07535,peripheral,legit,житель,"обычная жизнь: семья, магазины, долги друзьям"
100000005492302100,p07640,peripheral,legit,житель,"обычная жизнь: семья, магазины, долги друзьям"
100000006547450100,p06226,consolidator,criminal,сборщик,ячейка 7: собирает выручку с 3 карт
100000007156551100,p04506,consolidator,criminal,сборщик,ячейка 7: собирает выручку с 3 карт
100000001701508100,p05204,peripheral,legit,родня,родственник p05205: переводы туда-обратно
100000006142060100,p03535,peripheral,legit,клиент P2P,покупает/продаёт крипту у p00983
100000000614442100,p03586,consolidator,legit,организатор тоя,собирает складчину и платит тойхане
100000004538459100,p01280,peripheral,legit,родня,родственник p01281: переводы туда-обратно
100000008854217100,p00175,distributor,legit,бригадир,получает за объект и раздаёт бригаде
100000007098066100,p03327,peripheral,criminal,закладчик,ячейка 1: делает клады и получает оплату
100000008607448100,p03305,peripheral,legit,житель,"обычная жизнь: семья, магазины, долги друзьям"
100000008347321100,p03655,peripheral,legit,житель,"обычная жизнь: семья, магазины, долги друзьям"
100000007378985100,p03549,peripheral,legit,арендодатель,сдаёт 2 квартир(ы)
100000006752102100,shop_71,consolidator,legit,магазин,принимает оплату от покупателей района
100000000651963100,p08127,peripheral,legit,житель,"обычная жизнь: семья, магазины, долги друзьям"
100000000980934100,p05835,peripheral,legit,владелец бизнеса,владелец shop_0
100000001220623100,p04076,peripheral,legit,продавец,работает в shop_0
100000007125433100,p02300,peripheral,legit,продавец,работает в shop_0
100000006701982100,p00439,peripheral,legit,арендодатель,сдаёт 2 квартир(ы)
100000004894513100,p07420,peripheral,legit,продавец,работает в shop_36
100000008157058100,p09118,peripheral,legit,продавец,работает в shop_36
100000004708204100,p04221,peripheral,legit,владелец бизнеса,владелец shop_36
100000002631032100,p09308,peripheral,legit,житель,"обычная жизнь: семья, магазины, долги друзьям"
100000001283843100,p02093,peripheral,legit,арендодатель,сдаёт 1 квартир(ы)
100000003542079100,p03839,peripheral,legit,владелец бизнеса,владелец shop_33
100000002297934100,p02355,peripheral,legit,продавец,работает в shop_33
100000006848327100,p06686,peripheral,legit,продавец,работает в shop_33
100000003302029100,p08341,peripheral,legit,житель,"обычная жизнь: семья, магазины, долги друзьям"
100000004639558100,p00551,peripheral,legit,продавец,работает в shop_1
100000004039934100,p04658,peripheral,legit,продавец,работает в shop_1
100000001952923100,p08701,peripheral,legit,владелец бизнеса,владелец shop_1
100000000499677100,p03142,peripheral,legit,продавец,работает в shop_1
100000000711539100,p03183,peripheral,legit,таксист,арендует авто в taxi_1
100000002703143100,p03584,peripheral,legit,житель,"обычная жизнь: семья, магазины, долги друзьям"
100000006442365100,p03587,peripheral,legit,житель,"обычная жизнь: семья, магазины, долги друзьям"
100000006185108100,p00944,peripheral,legit,продавец,работает в shop_35
100000003087247100,p07619,peripheral,legit,продавец,работает в shop_35
100000002519491100,p00932,peripheral,legit,продавец,работает в shop_35
100000000119177100,p00885,consolidator,legit,организатор тоя,собирает складчину и платит тойхане
100000005946657100,p00843,peripheral,legit,рабочий,зарплата от emp_9
100000000687744100,p04691,peripheral,legit,арендодатель,сдаёт 3 квартир(ы)
100000006446101100,p00914,peripheral,legit,житель,"обычная жизнь: семья, магазины, долги друзьям"
100000008768614100,p03558,consolidator,legit,арендодатель,сдаёт 12 квартир(ы)
100000007595943100,p01597,peripheral,legit,владелец бизнеса,владелец shop_60
100000004659117100,p07399,peripheral,legit,продавец,работает в shop_49
100000008772251100,p08910,peripheral,legit,продавец,работает в shop_50
100000002433781100,p01148,peripheral,legit,арендодатель,сдаёт 1 квартир(ы)
100000001566982100,p06496,consolidator,legit,организатор тоя,собирает складчину и платит тойхане
100000007501396100,p02228,peripheral,legit,житель,"обычная жизнь: семья, магазины, долги друзьям"
100000000065529100,p01872,peripheral,legit,житель,"обычная жизнь: семья, магазины, долги друзьям"
100000006628742100,p04998,peripheral,legit,житель,"обычная жизнь: семья, магазины, долги друзьям"
100000003977814100,p08350,peripheral,legit,житель,"обычная жизнь: семья, магазины, долги друзьям"
100000000228104100,p01813,peripheral,legit,рабочий,зарплата от emp_6
100000000311662100,p01831,peripheral,legit,житель,"обычная жизнь: семья, магазины, долги друзьям"
100000004703920100,p09310,peripheral,legit,житель,"обычная жизнь: семья, магазины, долги друзьям"
100000001499923100,p07469,peripheral,legit,житель,"обычная жизнь: семья, магазины, долги друзьям"
100000003864516100,p01495,peripheral,legit,владелец бизнеса,владелец shop_3
100000003209596100,p01063,peripheral,legit,продавец,работает в shop_3
100000003827836100,p04728,peripheral,legit,житель,"обычная жизнь: семья, магазины, долги друзьям"
100000008382364100,p04729,peripheral,legit,житель,"обычная жизнь: семья, магазины, долги друзьям"
100000002703855100,p04673,peripheral,legit,житель,"обычная жизнь: семья, магазины, долги друзьям"
100000004371447100,p01877,peripheral,legit,житель,"обычная жизнь: семья, магазины, долги друзьям"
100000007032908100,p04772,peripheral,legit,арендодатель,сдаёт 3 квартир(ы)
100000004708882100,shop_66,consolidator,legit,донерная,принимает оплату от покупателей района
100000004709231100,p04661,peripheral,legit,родня,родственник p04664: переводы туда-обратно
100000000027237100,p04659,peripheral,legit,родня,родственник p04664: переводы туда-обратно
100000004263126100,p00647,consolidator,legit,арендодатель,сдаёт 4 квартир(ы)
100000005429707100,p06681,peripheral,legit,арендодатель,сдаёт 1 квартир(ы)
100000000941850100,p03754,peripheral,legit,житель,"обычная жизнь: семья, магазины, долги друзьям"
100000008906099100,p06796,peripheral,legit,арендодатель,сдаёт 1 квартир(ы)
100000001347388100,p03667,peripheral,legit,житель,"обычная жизнь: семья, магазины, долги друзьям"
100000000897506100,p03690,peripheral,legit,житель,"обычная жизнь: семья, магазины, долги друзьям"
100000002298909100,p03772,peripheral,legit,житель,"обычная жизнь: семья, магазины, долги друзьям"
100000007952093100,p00384,peripheral,legit,арендодатель,сдаёт 1 квартир(ы)
100000008786442100,p00469,peripheral,legit,продавец,работает в shop_70
100000008173023100,p00285,peripheral,legit,продавец,работает в shop_70
100000007089108100,p00858,peripheral,legit,продавец,работает в shop_70
100000005032087100,p04449,peripheral,legit,продавец,работает в shop_70
100000003848348100,p01356,peripheral,legit,рабочий,зарплата от emp_8
100000004513432100,p08452,peripheral,legit,арендодатель,сдаёт 2 квартир(ы)
100000000232027100,p07989,peripheral,legit,рабочий,зарплата от emp_8
100000005238414100,p06927,peripheral,legit,рабочий,зарплата от emp_8
100000005348341100,p07129,peripheral,legit,рабочий,зарплата от emp_8
100000001631221100,p01260,peripheral,legit,рабочий,зарплата от emp_8
100000007606358100,p05197,peripheral,legit,рабочий,зарплата от emp_8
100000006101135100,p05610,peripheral,legit,рабочий,зарплата от emp_8
100000002382704100,p00839,peripheral,legit,рабочий,зарплата от emp_8
100000005018666100,p06551,peripheral,legit,рабочий,зарплата от emp_8
100000001423985100,p00892,peripheral,legit,рабочий,зарплата от emp_8
100000008828158100,p05888,peripheral,legit,владелец бизнеса,владелец shop_73
100000005314812100,p01518,consolidator,legit,арендодатель,сдаёт 5 квартир(ы)
100000000197740100,p01057,peripheral,legit,владелец бизнеса,владелец shop_6
100000002209529100,p06327,peripheral,legit,арендодатель,сдаёт 1 квартир(ы)
100000004241901100,p07512,peripheral,legit,продавец,работает в shop_6
100000007680062100,p09331,peripheral,legit,продавец,работает в shop_6
100000006099333100,p08479,peripheral,legit,продавец,работает в shop_6
100000004404725100,p01345,peripheral,legit,арендодатель,сдаёт 1 квартир(ы)
100000002864826100,p01828,peripheral,legit,владелец бизнеса,владелец shop_27
100000005801362100,p01710,peripheral,legit,продавец,работает в shop_27
100000000097539100,p05574,peripheral,legit,владелец бизнеса,владелец shop_32
100000000508606100,p08673,peripheral,legit,арендодатель,сдаёт 1 квартир(ы)
100000007438255100,p09194,peripheral,legit,продавец,работает в shop_32
100000007072068100,p06752,consolidator,legit,организатор тоя,собирает складчину и платит тойхане
100000000256289100,p08206,consolidator,legit,арендодатель,сдаёт 4 квартир(ы)
100000004205996100,p00643,peripheral,legit,житель,"обычная жизнь: семья, магазины, долги друзьям"
100000003300046100,p06462,peripheral,legit,житель,"обычная жизнь: семья, магазины, долги друзьям"
100000005063239100,p07628,peripheral,legit,житель,"обычная жизнь: семья, магазины, долги друзьям"
100000002560634100,p08578,peripheral,legit,родня,родственник p08574: переводы туда-обратно
100000005616156100,p01879,peripheral,legit,житель,"обычная жизнь: семья, магазины, долги друзьям"
100000003664836100,p00626,peripheral,legit,житель,"обычная жизнь: семья, магазины, долги друзьям"
100000008838199100,p00104,peripheral,legit,житель,"обычная жизнь: семья, магазины, долги друзьям"
100000000398941100,p04756,peripheral,legit,житель,"обычная жизнь: семья, магазины, долги друзьям"
100000002628433100,p04718,peripheral,legit,житель,"обычная жизнь: семья, магазины, долги друзьям"
100000001286057100,p08251,peripheral,legit,житель,"обычная жизнь: семья, магазины, долги друзьям"
100000006430411100,p04308,peripheral,legit,житель,"обычная жизнь: семья, магазины, долги друзьям"
100000006314561100,p09322,peripheral,legit,житель,"обычная жизнь: семья, магазины, долги друзьям"
100000002011686100,p05475,peripheral,legit,житель,"обычная жизнь: семья, магазины, долги друзьям"
100000006187309100,p03514,consolidator,legit,организатор тоя,собирает складчину и платит тойхане
100000008968569100,p02750,peripheral,legit,житель,"обычная жизнь: семья, магазины, долги друзьям"
100000007548992100,p04621,peripheral,legit,житель,"обычная жизнь: семья, магазины, долги друзьям"
100000000533561100,p09128,peripheral,legit,житель,"обычная жизнь: семья, магазины, долги друзьям"
100000004487351100,p09106,peripheral,criminal,закладчик,ячейка 3: делает клады и получает оплату
100000008340902100,p09125,peripheral,legit,арендодатель,сдаёт 1 квартир(ы)
100000008358685100,p01069,peripheral,legit,родня,родственник p01067: переводы туда-обратно
100000001609229100,p06877,peripheral,legit,житель,"обычная жизнь: семья, магазины, долги друзьям"
100000007063826100,p04153,peripheral,legit,таксист,арендует авто в taxi_0
100000004118394100,p02130,peripheral,legit,клиент P2P,покупает/продаёт крипту у p04681
100000005081849100,p00754,peripheral,legit,житель,"обычная жизнь: семья, магазины, долги друзьям"
100000001802743100,p00846,peripheral,legit,житель,"обычная жизнь: семья, магазины, долги друзьям"
100000002010574100,p00859,peripheral,legit,житель,"обычная жизнь: семья, магазины, долги друзьям"
100000003570987100,p04104,peripheral,legit,арендодатель,сдаёт 3 квартир(ы)
100000005146846100,p06348,peripheral,legit,житель,"обычная жизнь: семья, магазины, долги друзьям"
100000005386540100,p01896,peripheral,legit,житель,"обычная жизнь: семья, магазины, долги друзьям"
100000001097425100,p03047,peripheral,legit,житель,"обычная жизнь: семья, магазины, долги друзьям"
100000006369313100,p03721,peripheral,legit,житель,"обычная жизнь: семья, магазины, долги друзьям"
100000004881823100,p03673,consolidator,legit,организатор тоя,собирает складчину и платит тойхане
100000005924712100,p03670,peripheral,legit,житель,"обычная жизнь: семья, магазины, долги друзьям"
100000001239537100,p03675,peripheral,legit,арендодатель,сдаёт 1 квартир(ы)
100000001150085100,p01326,peripheral,legit,арендодатель,сдаёт 1 квартир(ы)
100000001537454100,p04262,peripheral,legit,житель,"обычная жизнь: семья, магазины, долги друзьям"
100000001517914100,p07895,peripheral,legit,житель,"обычная жизнь: семья, магазины, долги друзьям"
100000005211922100,p08973,peripheral,legit,житель,"обычная жизнь: семья, магазины, долги друзьям"
100000005136867100,shop_17,consolidator,legit,магазин,принимает оплату от покупателей района
100000007005140100,p01569,peripheral,legit,житель,"обычная жизнь: семья, магазины, долги друзьям"
100000004146445100,p01624,peripheral,legit,родня,родственник p01625: переводы туда-обратно
100000006411297100,p01547,peripheral,legit,житель,"обычная жизнь: семья, магазины, долги друзьям"
100000001693653100,p01665,peripheral,legit,житель,"обычная жизнь: семья, магазины, долги друзьям"
100000000742721100,p03998,peripheral,legit,житель,"обычная жизнь: семья, магазины, долги друзьям"
100000001776269100,p01655,peripheral,legit,житель,"обычная жизнь: семья, магазины, долги друзьям"
100000002861441100,p08529,peripheral,legit,житель,"обычная жизнь: семья, магазины, долги друзьям"
100000006755681100,shop_63,consolidator,legit,аптека,принимает оплату от покупателей района
100000004893181100,p07451,peripheral,legit,житель,"обычная жизнь: семья, магазины, долги друзьям"
100000001879797100,p07335,peripheral,legit,житель,"обычная жизнь: семья, магазины, долги друзьям"
100000004672983100,p07337,peripheral,legit,житель,"обычная жизнь: семья, магазины, долги друзьям"
100000005791428100,p07336,peripheral,legit,житель,"обычная жизнь: семья, магазины, долги друзьям"
100000001330420100,p07278,peripheral,legit,житель,"обычная жизнь: семья, магазины, долги друзьям"
100000003542504100,p00146,peripheral,legit,житель,"обычная жизнь: семья, магазины, долги друзьям"
100000003630571100,p07855,peripheral,legit,житель,"обычная жизнь: семья, магазины, долги друзьям"
100000001746935100,p07147,peripheral,legit,житель,"обычная жизнь: семья, магазины, долги друзьям"
100000003838447100,shop_62,consolidator,legit,аптека,принимает оплату от покупателей района
100000000596781100,p08911,peripheral,legit,житель,"обычная жизнь: семья, магазины, долги друзьям"
100000005512688100,p08860,peripheral,legit,родня,родственник p08861: переводы туда-обратно
100000001401755100,p07362,peripheral,legit,житель,"обычная жизнь: семья, магазины, долги друзьям"
100000003131822100,p08886,peripheral,legit,арендодатель,сдаёт 2 квартир(ы)
100000005726723100,shop_84,consolidator,legit,магазин,принимает оплату от покупателей района
100000005207620100,p04657,peripheral,legit,родня,родственник p04654: переводы туда-обратно
100000005248467100,p03375,peripheral,legit,житель,"обычная жизнь: семья, магазины, долги друзьям"
100000004786963100,p06420,peripheral,legit,житель,"обычная жизнь: семья, магазины, долги друзьям"
100000007727333100,p07433,peripheral,legit,родня,родственник p07437: переводы туда-обратно
100000003978351100,shop_47,consolidator,legit,аптека,принимает оплату от покупателей района
100000005672655100,p07407,peripheral,legit,житель,"обычная жизнь: семья, магазины, долги друзьям"
100000004516470100,p06930,peripheral,legit,житель,"обычная жизнь: семья, магазины, долги друзьям"
100000007585643100,p02908,peripheral,legit,житель,"обычная жизнь: семья, магазины, долги друзьям"
100000005081547100,p03927,consolidator,legit,арендодатель,сдаёт 8 квартир(ы)
100000003242564100,p02856,peripheral,legit,житель,"обычная жизнь: семья, магазины, долги друзьям"
100000005589915100,p01433,peripheral,legit,житель,"обычная жизнь: семья, магазины, долги друзьям"
100000000204925100,p00065,peripheral,legit,житель,"обычная жизнь: семья, магазины, долги друзьям"
100000004870047100,p00134,peripheral,legit,житель,"обычная жизнь: семья, магазины, долги друзьям"
100000006784775100,p00063,peripheral,legit,житель,"обычная жизнь: семья, магазины, долги друзьям"
100000004828018100,p05554,peripheral,legit,арендодатель,сдаёт 2 квартир(ы)
100000004751771100,p07026,peripheral,legit,житель,"обычная жизнь: семья, магазины, долги друзьям"
100000002038660100,p01912,peripheral,legit,житель,"обычная жизнь: семья, магазины, долги друзьям"
100000002148981100,p08320,peripheral,legit,житель,"обычная жизнь: семья, магазины, долги друзьям"
100000007429461100,p06995,consolidator,legit,арендодатель,сдаёт 6 квартир(ы)
100000008121102100,p04645,peripheral,legit,житель,"обычная жизнь: семья, магазины, долги друзьям"
100000007587476100,p02560,consolidator,legit,арендодатель,сдаёт 38 квартир(ы)
100000003105218100,p07840,coordinator,criminal,координатор ячейки,ячейка 0: собирает со сборщиков и платит курьерам и выше
100000004676670100,p06318,transit,legit,P2P-трейдер,меняет тенге на крипту; клиенты смешанные
100000008014023100,p03145,peripheral,legit,продавец,работает в shop_81
100000002364157100,p05362,peripheral,legit,житель,"обычная жизнь: семья, магазины, долги друзьям"
100000001194154100,p05419,peripheral,legit,родня,родственник p05418: переводы туда-обратно
100000001318920100,p02721,consolidator,criminal,оптовик,получает оплату за товар от нескольких ячеек
100000008925245100,p01337,terminal,criminal,бенефициар оптовика,кошелёк оптовика: наличные и авто
100000002147906100,p05529,terminal,criminal,кошелёк,"деньги оседают: наличные, авто, недвижимость"
100000008830943100,p08215,coordinator,criminal,организатор,"собирает с ячеек и раздаёт: опт, бенефициары, зарплаты"
100000005134433100,p05299,peripheral,legit,арендодатель,сдаёт 1 квартир(ы)
100000007567124100,p05488,peripheral,legit,продавец,работает в shop_15
100000003075175100,p02754,peripheral,legit,арендодатель,сдаёт 2 квартир(ы)
100000008516640100,p04130,peripheral,legit,житель,"обычная жизнь: семья, магазины, долги друзьям"
100000004310068100,p04016,peripheral,legit,житель,"обычная жизнь: семья, магазины, долги друзьям"
100000008468323100,p05345,peripheral,legit,родня,родственник p05348: переводы туда-обратно
100000002433282100,p03874,peripheral,legit,арендодатель,сдаёт 3 квартир(ы)
100000008968142100,p07899,peripheral,legit,владелец бизнеса,владелец shop_43
100000002427388100,p03518,peripheral,legit,продавец,работает в shop_43
100000002196999100,p08937,peripheral,legit,продавец,работает в shop_43
100000005351768100,p03733,peripheral,legit,продавец,работает в shop_43
100000006236031100,p02743,peripheral,legit,арендодатель,сдаёт 3 квартир(ы)
100000000081994100,p03961,peripheral,legit,житель,"обычная жизнь: семья, магазины, долги друзьям"
100000003510151100,p03836,peripheral,legit,родня,родственник p03834: переводы туда-обратно
100000005215515100,p09180,distributor,criminal,распределитель-зарплатчик,ячейка 0: платит курьерам раз в неделю
100000000984123100,p03835,peripheral,legit,родня,родственник p03834: переводы туда-обратно
100000005865368100,p06365,peripheral,legit,родня,родственник p06368: переводы туда-обратно
100000008795129100,p07141,peripheral,legit,родня,родственник p06229: переводы туда-обратно
100000003047821100,p08562,peripheral,legit,родня,родственник p08558: переводы туда-обратно
100000007041575100,p07134,consolidator,legit,организатор тоя,собирает складчину и платит тойхане
100000006909313100,p04592,peripheral,legit,житель,"обычная жизнь: семья, магазины, долги друзьям"
100000004045492100,p03804,peripheral,legit,продавец,работает в shop_10
100000004567434100,p03918,peripheral,legit,арендодатель,сдаёт 1 квартир(ы)
100000004667984100,p03417,peripheral,legit,житель,"обычная жизнь: семья, магазины, долги друзьям"
100000005522024100,p07969,peripheral,legit,житель,"обычная жизнь: семья, магазины, долги друзьям"
100000000800260100,p08041,peripheral,legit,житель,"обычная жизнь: семья, магазины, долги друзьям"
100000000119197100,p04868,peripheral,legit,продавец,работает в shop_8
100000001513597100,p04545,peripheral,legit,продавец,работает в shop_8
100000000750404100,p05223,peripheral,legit,продавец,работает в shop_8
100000005391758100,shop_76,consolidator,legit,донерная,принимает оплату от покупателей района
100000001782593100,p08631,peripheral,legit,родня,родственник p08632: переводы туда-обратно
100000003788768100,p08442,peripheral,legit,житель,"обычная жизнь: семья, магазины, долги друзьям"
100000007020562100,p04483,peripheral,legit,житель,"обычная жизнь: семья, магазины, долги друзьям"
100000000536526100,p01910,peripheral,legit,житель,"обычная жизнь: семья, магазины, долги друзьям"
100000007922082100,p00874,peripheral,legit,арендодатель,сдаёт 3 квартир(ы)
100000007371302100,p06701,peripheral,legit,продавец,работает в shop_19
100000008368190100,shop_13,consolidator,legit,кафе,принимает оплату от покупателей района
100000004056075100,shop_39,consolidator,legit,магазин,принимает оплату от покупателей района
100000001337872100,p01939,consolidator,legit,арендодатель,сдаёт 4 квартир(ы)
100000002114130100,p02942,peripheral,legit,продавец,работает в shop_57
100000005504458100,p01049,peripheral,legit,владелец бизнеса,владелец shop_57
100000002798872100,p01550,peripheral,legit,арендодатель,сдаёт 1 квартир(ы)
100000005617721100,p07735,peripheral,legit,житель,"обычная жизнь: семья, магазины, долги друзьям"
100000007671797100,p07671,peripheral,legit,житель,"обычная жизнь: семья, магазины, долги друзьям"
100000000817240100,p02643,peripheral,legit,арендодатель,сдаёт 2 квартир(ы)
100000008937567100,p03195,peripheral,legit,житель,"обычная жизнь: семья, магазины, долги друзьям"
100000001283891100,p07800,peripheral,legit,клиент P2P,покупает/продаёт крипту у p04681
100000006552114100,p01004,peripheral,legit,арендодатель,сдаёт 2 квартир(ы)
100000003820414100,p08005,peripheral,legit,продавец,работает в shop_51
100000002471766100,p08623,peripheral,legit,продавец,работает в shop_51
100000004999557100,p03824,peripheral,legit,продавец,работает в shop_51
100000001258224100,p02746,peripheral,legit,продавец,работает в shop_51
100000000632609100,p01758,peripheral,legit,владелец бизнеса,владелец shop_37
100000006964812100,p01575,peripheral,legit,продавец,работает в shop_37
100000007505241100,p06764,peripheral,legit,житель,"обычная жизнь: семья, магазины, долги друзьям"
100000006711369100,p03337,peripheral,legit,житель,"обычная жизнь: семья, магазины, долги друзьям"
100000004757576100,p03308,peripheral,legit,житель,"обычная жизнь: семья, магазины, долги друзьям"
100000007051008100,p03340,peripheral,legit,житель,"обычная жизнь: семья, магазины, долги друзьям"
100000001224517100,p06384,peripheral,legit,арендодатель,сдаёт 2 квартир(ы)
100000004423343100,p05658,peripheral,legit,владелец бизнеса,владелец shop_40
100000007347291100,p02409,peripheral,legit,продавец,работает в shop_40
100000007569305100,p00561,peripheral,legit,житель,"обычная жизнь: семья, магазины, долги друзьям"
100000006964170100,p01944,peripheral,legit,житель,"обычная жизнь: семья, магазины, долги друзьям"
100000000333515100,p03698,peripheral,legit,владелец бизнеса,владелец shop_42
100000001044866100,p07798,peripheral,legit,продавец,работает в shop_42
100000007636137100,p08702,peripheral,legit,житель,"обычная жизнь: семья, магазины, долги друзьям"
100000008209826100,p01945,peripheral,legit,арендодатель,сдаёт 2 квартир(ы)
100000002336712100,p06767,peripheral,legit,житель,"обычная жизнь: семья, магазины, долги друзьям"
100000007732680100,p06782,peripheral,legit,житель,"обычная жизнь: семья, магазины, долги друзьям"
100000008929589100,p00546,consolidator,legit,арендодатель,сдаёт 5 квартир(ы)
100000003099810100,p01603,peripheral,legit,житель,"обычная жизнь: семья, магазины, долги друзьям"
100000006911722100,p01605,peripheral,legit,житель,"обычная жизнь: семья, магазины, долги друзьям"
100000002098480100,p08436,peripheral,legit,житель,"обычная жизнь: семья, магазины, долги друзьям"
100000002588052100,p04458,peripheral,legit,рабочий,зарплата от emp_12
100000006823045100,p02366,peripheral,legit,житель,"обычная жизнь: семья, магазины, долги друзьям"
100000007691934100,p03693,peripheral,legit,житель,"обычная жизнь: семья, магазины, долги друзьям"
100000001734436100,p04344,peripheral,legit,житель,"обычная жизнь: семья, магазины, долги друзьям"
100000007969342100,p04376,peripheral,legit,житель,"обычная жизнь: семья, магазины, долги друзьям"
100000004855020100,p00321,distributor,legit,бригадир,получает за объект и раздаёт бригаде
100000001279837100,p04810,distributor,legit,бригадир,получает за объект и раздаёт бригаде
100000001491251100,p00426,peripheral,legit,рабочий,зарплата от emp_13
100000005099273100,p06469,peripheral,legit,рабочий,зарплата от emp_13
100000001966597100,p01925,consolidator,legit,арендодатель,сдаёт 4 квартир(ы)
100000005495748100,p02042,peripheral,legit,житель,"обычная жизнь: семья, магазины, долги друзьям"
100000005420405100,p01359,peripheral,legit,житель,"обычная жизнь: семья, магазины, долги друзьям"
100000003687199100,p02752,peripheral,legit,житель,"обычная жизнь: семья, магазины, долги друзьям"
100000001127919100,p00926,peripheral,legit,таксист,арендует авто в taxi_0
100000007595621100,p03600,peripheral,legit,житель,"обычная жизнь: семья, магазины, долги друзьям"
100000000225175100,p02997,peripheral,legit,житель,"обычная жизнь: семья, магазины, долги друзьям"
100000003910682100,p08961,peripheral,legit,житель,"обычная жизнь: семья, магазины, долги друзьям"
100000005209239100,p08817,peripheral,legit,житель,"обычная жизнь: семья, магазины, долги друзьям"
100000005596982100,p01199,peripheral,legit,житель,"обычная жизнь: семья, магазины, долги друзьям"
100000007580430100,p01322,peripheral,legit,житель,"обычная жизнь: семья, магазины, долги друзьям"
100000000552690100,p01318,peripheral,legit,житель,"обычная жизнь: семья, магазины, долги друзьям"
100000008455876100,p02081,peripheral,legit,житель,"обычная жизнь: семья, магазины, долги друзьям"
100000006260449100,p08209,peripheral,legit,продавец,работает в shop_26
100000000016188100,p00657,peripheral,legit,продавец,работает в shop_26
100000003495721100,p05570,peripheral,legit,продавец,работает в shop_26
100000007852868100,p01986,peripheral,legit,житель,"обычная жизнь: семья, магазины, долги друзьям"
100000002981985100,p09153,peripheral,legit,житель,"обычная жизнь: семья, магазины, долги друзьям"
100000005867436100,p00257,peripheral,legit,житель,"обычная жизнь: семья, магазины, долги друзьям"
100000006919357100,car_0,terminal,legit,перекуп авто,продаёт подержанные авто
100000004543500100,p04885,peripheral,legit,владелец бизнеса,владелец shop_31
100000007187467100,p04636,peripheral,legit,арендодатель,сдаёт 2 квартир(ы)
100000006676164100,p03823,peripheral,legit,продавец,работает в shop_31
100000002852834100,p07487,peripheral,legit,рабочий,зарплата от emp_2
100000006780020100,p04811,peripheral,legit,житель,"обычная жизнь: семья, магазины, долги друзьям"
100000003362283100,p08719,peripheral,legit,житель,"обычная жизнь: семья, магазины, долги друзьям"
100000003323103100,p08566,peripheral,legit,житель,"обычная жизнь: семья, магазины, долги друзьям"
100000001639374100,p04209,peripheral,legit,житель,"обычная жизнь: семья, магазины, долги друзьям"
100000002894695100,p08508,peripheral,legit,житель,"обычная жизнь: семья, магазины, долги друзьям"
100000001702250100,p08511,peripheral,legit,житель,"обычная жизнь: семья, магазины, долги друзьям"
100000005429611100,p07180,peripheral,legit,житель,"обычная жизнь: семья, магазины, долги друзьям"
100000001574025100,p05664,peripheral,legit,житель,"обычная жизнь: семья, магазины, долги друзьям"
100000004918616100,p05236,consolidator,legit,организатор тоя,собирает складчину и платит тойхане
100000007803591100,p04890,peripheral,legit,житель,"обычная жизнь: семья, магазины, долги друзьям"
100000003462176100,p04889,peripheral,legit,житель,"обычная жизнь: семья, магазины, долги друзьям"
100000006870128100,p04833,peripheral,legit,родня,родственник p04835: переводы туда-обратно
100000003366821100,p05006,peripheral,legit,житель,"обычная жизнь: семья, магазины, долги друзьям"
100000004497644100,p03954,consolidator,legit,арендодатель,сдаёт 4 квартир(ы)
100000008156012100,p07230,peripheral,legit,владелец бизнеса,владелец shop_59
100000003478925100,p05373,peripheral,legit,продавец,работает в shop_59
100000003161487100,p08477,consolidator,legit,арендодатель,сдаёт 7 квартир(ы)
100000006568174100,p09028,peripheral,legit,продавец,работает в shop_22
100000007750259100,p00628,peripheral,legit,клиент P2P,покупает/продаёт крипту у p04681
100000003538285100,p08598,peripheral,legit,продавец,работает в shop_22
100000008337039100,p06923,peripheral,legit,продавец,работает в shop_22
100000007741767100,p02314,peripheral,legit,житель,"обычная жизнь: семья, магазины, долги друзьям"
100000007790620100,p04326,peripheral,legit,житель,"обычная жизнь: семья, магазины, долги друзьям"
100000006212389100,p04292,peripheral,legit,житель,"обычная жизнь: семья, магазины, долги друзьям"
100000006534528100,p01366,peripheral,legit,житель,"обычная жизнь: семья, магазины, долги друзьям"
100000003843412100,p03470,distributor,legit,бригадир,получает за объект и раздаёт бригаде
100000007030050100,p01966,consolidator,legit,организатор тоя,собирает складчину и платит тойхане
100000006833401100,p02018,peripheral,legit,владелец бизнеса,владелец emp_6
100000000884931100,p02017,peripheral,legit,житель,"обычная жизнь: семья, магазины, долги друзьям"
100000005706363100,p08909,peripheral,legit,рабочий,зарплата от emp_10
100000008995732100,p08907,peripheral,legit,житель,"обычная жизнь: семья, магазины, долги друзьям"
100000005597075100,p08579,peripheral,legit,житель,"обычная жизнь: семья, магазины, долги друзьям"
100000000143800100,p07948,peripheral,legit,житель,"обычная жизнь: семья, магазины, долги друзьям"
100000006194351100,p07946,peripheral,legit,житель,"обычная жизнь: семья, магазины, долги друзьям"
100000007241458100,p04315,peripheral,legit,житель,"обычная жизнь: семья, магазины, долги друзьям"
100000004402188100,p04704,peripheral,legit,житель,"обычная жизнь: семья, магазины, долги друзьям"
100000002896153100,p05940,peripheral,criminal,закладчик,ячейка 1: делает клады и получает оплату
100000005266189100,p01535,peripheral,legit,житель,"обычная жизнь: семья, магазины, долги друзьям"
100000007506367100,p01674,peripheral,legit,житель,"обычная жизнь: семья, магазины, долги друзьям"
100000007693376100,p03571,peripheral,legit,арендодатель,сдаёт 1 квартир(ы)
100000000475472100,emp_7,distributor,legit,работодатель,стройфирма: платит зарплату 23 сотрудникам
100000007841830100,p07804,peripheral,legit,житель,"обычная жизнь: семья, магазины, долги друзьям"
100000007878811100,p07526,transit,criminal,курьер-приёмщик,ячейка 1: берёт оплату от покупателей и сдаёт выше
100000003822717100,p07545,peripheral,legit,родня,родственник p07546: переводы туда-обратно
100000000215669100,p04370,peripheral,legit,житель,"обычная жизнь: семья, магазины, долги друзьям"
100000002900785100,p09256,peripheral,legit,родня,родственник p09259: переводы туда-обратно
100000005845381100,p00881,peripheral,legit,родня,родственник p00882: переводы туда-обратно
100000003243623100,p05067,peripheral,legit,арендодатель,сдаёт 2 квартир(ы)
100000006886360100,shop_10,consolidator,legit,аптека,принимает оплату от покупателей района
100000000090782100,p04423,peripheral,legit,родня,родственник p04426: переводы туда-обратно
100000001295588100,p08118,consolidator,legit,арендодатель,сдаёт 6 квартир(ы)
100000005051655100,p00188,peripheral,legit,родня,родственник p00187: переводы туда-обратно
100000002680592100,p00186,peripheral,legit,родня,родственник p00187: переводы туда-обратно
100000007321299100,p00028,peripheral,legit,житель,"обычная жизнь: семья, магазины, долги друзьям"
100000000484822100,p02428,peripheral,legit,арендодатель,сдаёт 1 квартир(ы)
100000004953503100,p02903,peripheral,legit,родня,родственник p02906: переводы туда-обратно
100000007664858100,p02929,peripheral,legit,житель,"обычная жизнь: семья, магазины, долги друзьям"
100000008735582100,p01204,consolidator,criminal,сборщик,ячейка 4: собирает выручку с 2 карт
100000002228293100,p05107,peripheral,legit,рабочий,зарплата от emp_3
100000001619773100,p05874,peripheral,legit,родня,родственник p05876: переводы туда-обратно
100000000983642100,p06199,peripheral,legit,житель,"обычная жизнь: семья, магазины, долги друзьям"
100000007666415100,p06254,peripheral,legit,житель,"обычная жизнь: семья, магазины, долги друзьям"
100000003793696100,p07600,peripheral,legit,житель,"обычная жизнь: семья, магазины, долги друзьям"
100000005937914100,p07644,peripheral,legit,житель,"обычная жизнь: семья, магазины, долги друзьям"
100000006126925100,p07645,peripheral,legit,житель,"обычная жизнь: семья, магазины, долги друзьям"
100000005828085100,p07561,peripheral,legit,житель,"обычная жизнь: семья, магазины, долги друзьям"
100000005604841100,p07608,peripheral,legit,житель,"обычная жизнь: семья, магазины, долги друзьям"
100000008060310100,p07539,peripheral,legit,житель,"обычная жизнь: семья, магазины, долги друзьям"
100000005477715100,p07589,peripheral,legit,родня,родственник p07588: переводы туда-обратно
100000005199009100,p08051,peripheral,legit,житель,"обычная жизнь: семья, магазины, долги друзьям"
100000003442514100,p03275,peripheral,legit,житель,"обычная жизнь: семья, магазины, долги друзьям"
100000008288591100,shop_28,consolidator,legit,донерная,принимает оплату от покупателей района
100000001902238100,p03357,peripheral,legit,житель,"обычная жизнь: семья, магазины, долги друзьям"
100000006742609100,p00562,peripheral,legit,житель,"обычная жизнь: семья, магазины, долги друзьям"
100000007274892100,p08066,consolidator,legit,организатор тоя,собирает складчину и платит тойхане
100000007176018100,taxi_1,coordinator,legit,таксопарк,берёт аренду машин у водителей и платит им выручку
100000000732463100,p02770,peripheral,legit,житель,"обычная жизнь: семья, магазины, долги друзьям"
100000008467241100,p06233,peripheral,legit,житель,"обычная жизнь: семья, магазины, долги друзьям"
100000003141368100,p02708,peripheral,legit,арендодатель,сдаёт 1 квартир(ы)
100000003345232100,p07933,peripheral,legit,арендодатель,сдаёт 2 квартир(ы)
100000000234481100,p08362,peripheral,legit,продавец,работает в shop_46
100000001860944100,p03161,peripheral,legit,житель,"обычная жизнь: семья, магазины, долги друзьям"
100000007046040100,p03132,peripheral,legit,житель,"обычная жизнь: семья, магазины, долги друзьям"
100000002658885100,p03696,peripheral,legit,житель,"обычная жизнь: семья, магазины, долги друзьям"
100000000152515100,p08370,peripheral,legit,родня,родственник p08371: переводы туда-обратно
100000007564399100,p05770,peripheral,legit,арендодатель,сдаёт 1 квартир(ы)
100000002670541100,p00359,peripheral,legit,житель,"обычная жизнь: семья, магазины, долги друзьям"
100000003069540100,shop_53,consolidator,legit,донерная,принимает оплату от покупателей района
100000002448148100,p00356,peripheral,legit,житель,"обычная жизнь: семья, магазины, долги друзьям"
100000004317954100,p00360,peripheral,legit,житель,"обычная жизнь: семья, магазины, долги друзьям"
100000005272287100,p01466,peripheral,legit,житель,"обычная жизнь: семья, магазины, долги друзьям"
100000001739492100,p06749,peripheral,legit,рабочий,зарплата от emp_6
100000002765499100,p06879,peripheral,legit,житель,"обычная жизнь: семья, магазины, долги друзьям"
100000005469436100,p06784,peripheral,legit,житель,"обычная жизнь: семья, магазины, долги друзьям"
100000007272403100,p09276,coordinator,criminal,организатор,"собирает с ячеек и раздаёт: опт, бенефициары, зарплаты"
100000001103859100,p09045,peripheral,legit,родня,родственник p09046: переводы туда-обратно
100000000672797100,p06836,peripheral,legit,житель,"обычная жизнь: семья, магазины, долги друзьям"
100000005881259100,p00663,peripheral,legit,житель,"обычная жизнь: семья, магазины, долги друзьям"
100000007173447100,p05776,peripheral,legit,житель,"обычная жизнь: семья, магазины, долги друзьям"
100000001581659100,p05367,peripheral,legit,житель,"обычная жизнь: семья, магазины, долги друзьям"
100000005531670100,p05431,peripheral,legit,житель,"обычная жизнь: семья, магазины, долги друзьям"
100000001389862100,p01108,peripheral,legit,житель,"обычная жизнь: семья, магазины, долги друзьям"
100000002337192100,p02944,peripheral,legit,житель,"обычная жизнь: семья, магазины, долги друзьям"
100000007145018100,p00506,peripheral,legit,житель,"обычная жизнь: семья, магазины, долги друзьям"
100000008433476100,p02598,peripheral,legit,житель,"обычная жизнь: семья, магазины, долги друзьям"
100000007223968100,p06940,peripheral,legit,таксист,арендует авто в taxi_0
100000003544427100,p03947,transit,criminal,курьер-приёмщик,ячейка 5: берёт оплату от покупателей и сдаёт выше
100000008479596100,p03948,peripheral,legit,родня,родственник p03947: переводы туда-обратно
100000001210837100,p06096,peripheral,legit,житель,"обычная жизнь: семья, магазины, долги друзьям"
100000001169046100,p03949,peripheral,legit,родня,родственник p03947: переводы туда-обратно
100000001144288100,p09350,peripheral,legit,житель,"обычная жизнь: семья, магазины, долги друзьям"
100000008905265100,p09348,peripheral,legit,житель,"обычная жизнь: семья, магазины, долги друзьям"
100000001492124100,p09352,peripheral,legit,житель,"обычная жизнь: семья, магазины, долги друзьям"
100000003325705100,p06611,peripheral,legit,житель,"обычная жизнь: семья, магазины, долги друзьям"
100000005269649100,p05443,peripheral,legit,продавец,работает в shop_82
100000006419718100,p02835,peripheral,legit,владелец бизнеса,владелец shop_82
100000001281055100,p05771,peripheral,legit,житель,"обычная жизнь: семья, магазины, долги друзьям"
100000002331886100,p06671,peripheral,legit,клиент P2P,покупает/продаёт крипту у p00983
100000002439316100,p06673,peripheral,legit,клиент P2P,покупает/продаёт крипту у p00983
100000005877005100,p08372,peripheral,legit,арендодатель,сдаёт 2 квартир(ы)
100000006810639100,p04980,consolidator,legit,арендодатель,сдаёт 5 квартир(ы)
100000008969832100,p02673,peripheral,legit,родня,родственник p02674: переводы туда-обратно
100000001232165100,p08612,peripheral,legit,житель,"обычная жизнь: семья, магазины, долги друзьям"
100000000586944100,p03405,peripheral,legit,житель,"обычная жизнь: семья, магазины, долги друзьям"
100000004950619100,p08731,peripheral,legit,таксист,арендует авто в taxi_1
100000003489030100,p04205,peripheral,legit,житель,"обычная жизнь: семья, магазины, долги друзьям"
100000004991273100,p04003,peripheral,legit,житель,"обычная жизнь: семья, магазины, долги друзьям"
100000005196399100,p09053,peripheral,legit,арендодатель,сдаёт 1 квартир(ы)
100000005750653100,p01122,peripheral,legit,арендодатель,сдаёт 1 квартир(ы)
100000004683299100,p07887,peripheral,legit,житель,"обычная жизнь: семья, магазины, долги друзьям"
100000005172425100,p03799,peripheral,legit,житель,"обычная жизнь: семья, магазины, долги друзьям"
100000002914252100,p04880,peripheral,legit,житель,"обычная жизнь: семья, магазины, долги друзьям"
100000003430540100,p04903,peripheral,legit,житель,"обычная жизнь: семья, магазины, долги друзьям"
100000000593438100,p08921,peripheral,legit,житель,"обычная жизнь: семья, магазины, долги друзьям"
100000008949785100,p08606,coordinator,criminal,координатор ячейки,ячейка 5: собирает со сборщиков и платит курьерам и выше
100000004433785100,p02627,peripheral,legit,арендодатель,сдаёт 1 квартир(ы)
100000006434420100,realty_0,terminal,legit,агентство недвижимости,задатки за квартиры
100000004379928100,p03826,peripheral,legit,родня,родственник p04062: переводы туда-обратно
100000007017187100,p00267,peripheral,legit,продавец,работает в shop_74
100000004471227100,p08565,peripheral,legit,продавец,работает в shop_74
100000004455684100,p04578,peripheral,legit,продавец,работает в shop_74
100000001895921100,p03720,peripheral,legit,житель,"обычная жизнь: семья, магазины, долги друзьям"
100000008541003100,p03684,peripheral,legit,житель,"обычная жизнь: семья, магазины, долги друзьям"
100000001148196100,p01279,peripheral,legit,клиент P2P,покупает/продаёт крипту у p00983
100000004841890100,p02893,peripheral,legit,арендодатель,сдаёт 1 квартир(ы)
100000002419192100,p00263,peripheral,legit,продавец,работает в shop_20
100000003903452100,p06959,peripheral,criminal,закладчик,ячейка 7: делает клады и получает оплату
100000006607186100,p08464,peripheral,legit,житель,"обычная жизнь: семья, магазины, долги друзьям"
100000008879771100,p08489,peripheral,legit,житель,"обычная жизнь: семья, магазины, долги друзьям"
100000003566340100,p07275,peripheral,legit,житель,"обычная жизнь: семья, магазины, долги друзьям"
100000008853489100,p00977,peripheral,legit,арендодатель,сдаёт 2 квартир(ы)
100000003975678100,p00202,peripheral,legit,арендодатель,сдаёт 3 квартир(ы)
100000008011073100,p03111,peripheral,legit,житель,"обычная жизнь: семья, магазины, долги друзьям"
100000005720561100,p03163,peripheral,legit,житель,"обычная жизнь: семья, магазины, долги друзьям"
100000005421089100,p03062,peripheral,legit,житель,"обычная жизнь: семья, магазины, долги друзьям"
100000003207177100,p08022,peripheral,legit,житель,"обычная жизнь: семья, магазины, долги друзьям"
100000005836857100,p08172,peripheral,legit,арендодатель,сдаёт 1 квартир(ы)
100000000077508100,p08019,peripheral,legit,житель,"обычная жизнь: семья, магазины, долги друзьям"
100000008312536100,p05366,consolidator,legit,арендодатель,сдаёт 8 квартир(ы)
100000006152561100,p00145,peripheral,legit,владелец бизнеса,владелец shop_21
100000000772848100,p02623,peripheral,legit,продавец,работает в shop_21
100000002025652100,p09156,peripheral,legit,арендодатель,сдаёт 1 квартир(ы)
100000003801232100,p08538,peripheral,legit,продавец,работает в shop_21
100000002731426100,p05229,peripheral,legit,житель,"обычная жизнь: семья, магазины, долги друзьям"
100000008928288100,p07081,consolidator,legit,арендодатель,сдаёт 4 квартир(ы)
100000000973583100,p04441,peripheral,legit,житель,"обычная жизнь: семья, магазины, долги друзьям"
100000005246695100,p02928,peripheral,legit,житель,"обычная жизнь: семья, магазины, долги друзьям"
100000008992258100,p02986,peripheral,legit,житель,"обычная жизнь: семья, магазины, долги друзьям"
100000000157206100,p07601,peripheral,legit,житель,"обычная жизнь: семья, магазины, долги друзьям"
100000008238762100,p07582,consolidator,legit,арендодатель,сдаёт 5 квартир(ы)
100000008887258100,p07599,peripheral,legit,житель,"обычная жизнь: семья, магазины, долги друзьям"
100000002141098100,p04285,peripheral,legit,житель,"обычная жизнь: семья, магазины, долги друзьям"
100000001729145100,p03298,peripheral,legit,житель,"обычная жизнь: семья, магазины, долги друзьям"
100000007334049100,p02596,peripheral,legit,житель,"обычная жизнь: семья, магазины, долги друзьям"
100000000609460100,p02593,peripheral,legit,житель,"обычная жизнь: семья, магазины, долги друзьям"
100000002704002100,p07209,peripheral,legit,житель,"обычная жизнь: семья, магазины, долги друзьям"
100000005599329100,shop_38,consolidator,legit,кафе,принимает оплату от покупателей района
100000001399457100,p02071,peripheral,legit,житель,"обычная жизнь: семья, магазины, долги друзьям"
100000008327936100,shop_83,consolidator,legit,кафе,принимает оплату от покупателей района
100000003428402100,p03605,peripheral,legit,житель,"обычная жизнь: семья, магазины, долги друзьям"
100000002364429100,p06883,peripheral,legit,родня,родственник p06882: переводы туда-обратно
100000001924961100,p08417,peripheral,legit,житель,"обычная жизнь: семья, магазины, долги друзьям"
100000007740029100,p09294,peripheral,legit,житель,"обычная жизнь: семья, магазины, долги друзьям"
100000000997352100,p03202,peripheral,legit,житель,"обычная жизнь: семья, магазины, долги друзьям"
100000001080764100,p07436,peripheral,legit,родня,родственник p07437: переводы туда-обратно
100000006605268100,p01890,peripheral,legit,житель,"обычная жизнь: семья, магазины, долги друзьям"
100000000288279100,p01948,peripheral,legit,родня,родственник p07879: переводы туда-обратно
100000006959318100,p04485,peripheral,legit,родня,родственник p00304: переводы туда-обратно
100000004963894100,p04649,peripheral,legit,житель,"обычная жизнь: семья, магазины, долги друзьям"
100000000087893100,p08739,peripheral,legit,житель,"обычная жизнь: семья, магазины, долги друзьям"
100000005542258100,p09100,peripheral,legit,арендодатель,сдаёт 2 квартир(ы)
100000000839246100,p02131,peripheral,legit,житель,"обычная жизнь: семья, магазины, долги друзьям"
100000000075026100,p02812,peripheral,legit,житель,"обычная жизнь: семья, магазины, долги друзьям"
100000008001936100,p03139,consolidator,legit,организатор тоя,собирает складчину и платит тойхане
100000002389609100,p04666,peripheral,legit,житель,"обычная жизнь: семья, магазины, долги друзьям"
100000002473654100,p09232,peripheral,legit,житель,"обычная жизнь: семья, магазины, долги друзьям"
100000001556308100,p02506,peripheral,legit,житель,"обычная жизнь: семья, магазины, долги друзьям"
100000004148594100,p07609,peripheral,legit,житель,"обычная жизнь: семья, магазины, долги друзьям"
100000000481102100,p07676,peripheral,legit,житель,"обычная жизнь: семья, магазины, долги друзьям"
100000000129102100,p08371,peripheral,criminal,закладчик,ячейка 7: делает клады и получает оплату
100000005480182100,p03588,peripheral,legit,житель,"обычная жизнь: семья, магазины, долги друзьям"
100000007427967100,p06216,peripheral,legit,житель,"обычная жизнь: семья, магазины, долги друзьям"
100000003449340100,p01777,peripheral,legit,житель,"обычная жизнь: семья, магазины, долги друзьям"
100000002774500100,p03889,peripheral,legit,житель,"обычная жизнь: семья, магазины, долги друзьям"
100000001254173100,p05013,peripheral,legit,житель,"обычная жизнь: семья, магазины, долги друзьям"
100000000058120100,p05518,peripheral,legit,житель,"обычная жизнь: семья, магазины, долги друзьям"
100000007160341100,p07079,peripheral,legit,продавец,работает в shop_84
100000004732935100,p08187,peripheral,legit,житель,"обычная жизнь: семья, магазины, долги друзьям"
100000000958556100,p04375,peripheral,legit,житель,"обычная жизнь: семья, магазины, долги друзьям"
100000003306014100,p08046,peripheral,legit,арендодатель,сдаёт 2 квартир(ы)
100000002397407100,p01878,peripheral,legit,житель,"обычная жизнь: семья, магазины, долги друзьям"
100000001573323100,p03039,peripheral,legit,житель,"обычная жизнь: семья, магазины, долги друзьям"
100000003760406100,p06757,peripheral,legit,арендодатель,сдаёт 3 квартир(ы)
100000005151014100,p07095,peripheral,legit,житель,"обычная жизнь: семья, магазины, долги друзьям"
100000001140627100,p03080,peripheral,legit,житель,"обычная жизнь: семья, магазины, долги друзьям"
100000001798681100,p08359,peripheral,legit,житель,"обычная жизнь: семья, магазины, долги друзьям"
100000004057366100,p00952,peripheral,legit,житель,"обычная жизнь: семья, магазины, долги друзьям"
100000008429729100,p06076,peripheral,legit,житель,"обычная жизнь: семья, магазины, долги друзьям"
100000001014612100,p02924,peripheral,legit,житель,"обычная жизнь: семья, магазины, долги друзьям"
100000008469382100,p06297,peripheral,legit,житель,"обычная жизнь: семья, магазины, долги друзьям"
100000005842144100,p08870,peripheral,legit,арендодатель,сдаёт 1 квартир(ы)
100000001499584100,p01864,peripheral,legit,житель,"обычная жизнь: семья, магазины, долги друзьям"
100000006523998100,p08929,peripheral,legit,житель,"обычная жизнь: семья, магазины, долги друзьям"
100000004087179100,p05984,peripheral,legit,житель,"обычная жизнь: семья, магазины, долги друзьям"
100000004365786100,p00807,peripheral,legit,житель,"обычная жизнь: семья, магазины, долги друзьям"
100000006026141100,p04320,peripheral,legit,житель,"обычная жизнь: семья, магазины, долги друзьям"
100000003780877100,p05599,peripheral,legit,родня,родственник p05598: переводы туда-обратно
100000005971552100,p07318,peripheral,legit,житель,"обычная жизнь: семья, магазины, долги друзьям"
100000008695290100,p01604,peripheral,legit,житель,"обычная жизнь: семья, магазины, долги друзьям"
100000004370513100,p04259,peripheral,legit,житель,"обычная жизнь: семья, магазины, долги друзьям"
100000006468213100,p04422,peripheral,legit,родня,родственник p04426: переводы туда-обратно
100000006598758100,p04497,peripheral,legit,родня,родственник p07701: переводы туда-обратно
100000000108577100,p08338,peripheral,legit,житель,"обычная жизнь: семья, магазины, долги друзьям"
100000000668449100,p08922,peripheral,legit,житель,"обычная жизнь: семья, магазины, долги друзьям"
100000006844397100,p01381,peripheral,legit,житель,"обычная жизнь: семья, магазины, долги друзьям"
100000000116849100,p04586,peripheral,legit,житель,"обычная жизнь: семья, магазины, долги друзьям"
100000008268703100,p06646,peripheral,legit,житель,"обычная жизнь: семья, магазины, долги друзьям"
100000006617146100,p01040,peripheral,legit,житель,"обычная жизнь: семья, магазины, долги друзьям"
100000000130382100,p02785,peripheral,legit,житель,"обычная жизнь: семья, магазины, долги друзьям"
100000000375193100,p03621,peripheral,legit,житель,"обычная жизнь: семья, магазины, долги друзьям"
100000004383818100,p01654,peripheral,legit,житель,"обычная жизнь: семья, магазины, долги друзьям"
100000005511798100,p00694,peripheral,legit,таксист,арендует авто в taxi_0
100000005192017100,p00692,peripheral,legit,житель,"обычная жизнь: семья, магазины, долги друзьям"
100000000766269100,p02522,peripheral,legit,житель,"обычная жизнь: семья, магазины, долги друзьям"
100000004738940100,p01690,peripheral,legit,житель,"обычная жизнь: семья, магазины, долги друзьям"
100000005067183100,p01984,peripheral,legit,житель,"обычная жизнь: семья, магазины, долги друзьям"
100000002316588100,p01194,peripheral,legit,рабочий,зарплата от emp_4
100000002182664100,p07743,peripheral,legit,владелец бизнеса,владелец shop_54
100000000843781100,p03652,peripheral,legit,житель,"обычная жизнь: семья, магазины, долги друзьям"
100000000701750100,p03541,peripheral,legit,житель,"обычная жизнь: семья, магазины, долги друзьям"
100000002475120100,p05520,peripheral,legit,житель,"обычная жизнь: семья, магазины, долги друзьям"
100000002349152100,p05521,peripheral,legit,житель,"обычная жизнь: семья, магазины, долги друзьям"
100000001220944100,p05390,peripheral,legit,житель,"обычная жизнь: семья, магазины, долги друзьям"
100000004066496100,p07523,peripheral,legit,житель,"обычная жизнь: семья, магазины, долги друзьям"
100000007908081100,p02747,peripheral,legit,рабочий,зарплата от emp_1
100000000225111100,p05630,peripheral,legit,житель,"обычная жизнь: семья, магазины, долги друзьям"
100000004614220100,p05182,terminal,criminal,бенефициар,"деньги оседают: наличные, авто, недвижимость"
100000003272184100,p04754,peripheral,legit,житель,"обычная жизнь: семья, магазины, долги друзьям"
100000007536395100,p04935,peripheral,legit,житель,"обычная жизнь: семья, магазины, долги друзьям"
100000002503251100,p09192,peripheral,legit,житель,"обычная жизнь: семья, магазины, долги друзьям"
100000007900014100,p08347,peripheral,legit,житель,"обычная жизнь: семья, магазины, долги друзьям"
100000007935529100,p08348,peripheral,legit,житель,"обычная жизнь: семья, магазины, долги друзьям"
100000001920509100,p06338,peripheral,legit,житель,"обычная жизнь: семья, магазины, долги друзьям"
100000008249240100,p03978,peripheral,legit,житель,"обычная жизнь: семья, магазины, долги друзьям"
100000007002060100,p07684,peripheral,legit,житель,"обычная жизнь: семья, магазины, долги друзьям"
100000005493067100,p02008,consolidator,legit,арендодатель,сдаёт 16 квартир(ы)
100000002542327100,p08070,peripheral,legit,житель,"обычная жизнь: семья, магазины, долги друзьям"
100000003896062100,p03938,peripheral,legit,житель,"обычная жизнь: семья, магазины, долги друзьям"
100000007422316100,p07428,peripheral,legit,житель,"обычная жизнь: семья, магазины, долги друзьям"
100000004467147100,p07430,peripheral,legit,житель,"обычная жизнь: семья, магазины, долги друзьям"
100000003087472100,p00755,peripheral,legit,житель,"обычная жизнь: семья, магазины, долги друзьям"
100000007759920100,p04386,peripheral,legit,арендодатель,сдаёт 2 квартир(ы)
100000002678660100,p00730,peripheral,legit,житель,"обычная жизнь: семья, магазины, долги друзьям"
100000000826272100,p07639,peripheral,legit,житель,"обычная жизнь: семья, магазины, долги друзьям"
100000005117024100,p09305,peripheral,legit,житель,"обычная жизнь: семья, магазины, долги друзьям"
100000002009888100,p01266,peripheral,legit,житель,"обычная жизнь: семья, магазины, долги друзьям"
100000005698549100,p01264,peripheral,legit,житель,"обычная жизнь: семья, магазины, долги друзьям"
100000007317338100,p01551,peripheral,legit,родня,родственник p01555: переводы туда-обратно
100000008379845100,p01638,peripheral,legit,житель,"обычная жизнь: семья, магазины, долги друзьям"
100000007948871100,p01589,peripheral,legit,житель,"обычная жизнь: семья, магазины, долги друзьям"
100000004206383100,p01592,peripheral,legit,житель,"обычная жизнь: семья, магазины, долги друзьям"
100000005969191100,p03493,consolidator,legit,арендодатель,сдаёт 4 квартир(ы)
100000000330504100,p01626,peripheral,legit,родня,родственник p01625: переводы туда-обратно
100000004017759100,p02392,peripheral,legit,житель,"обычная жизнь: семья, магазины, долги друзьям"
100000004147564100,p02495,peripheral,legit,житель,"обычная жизнь: семья, магазины, долги друзьям"
100000007171508100,p04008,peripheral,legit,житель,"обычная жизнь: семья, магазины, долги друзьям"
100000006493280100,p06626,peripheral,legit,рабочий,зарплата от emp_0
100000004583560100,p01660,consolidator,legit,арендодатель,сдаёт 33 квартир(ы)
100000002821469100,p07976,peripheral,legit,житель,"обычная жизнь: семья, магазины, долги друзьям"
100000002735777100,p07967,peripheral,legit,житель,"обычная жизнь: семья, магазины, долги друзьям"
100000008463219100,p08120,peripheral,legit,родня,родственник p08124: переводы туда-обратно
100000007398807100,p08024,peripheral,legit,житель,"обычная жизнь: семья, магазины, долги друзьям"
100000004656346100,emp_9,distributor,legit,работодатель,автосервис: платит зарплату 45 сотрудникам
100000002960294100,p01786,consolidator,legit,арендодатель,сдаёт 10 квартир(ы)
100000008289094100,p08069,peripheral,legit,житель,"обычная жизнь: семья, магазины, долги друзьям"
100000007321064100,p00077,peripheral,legit,житель,"обычная жизнь: семья, магазины, долги друзьям"
100000006584908100,p00141,peripheral,legit,житель,"обычная жизнь: семья, магазины, долги друзьям"
100000008784756100,p00184,peripheral,legit,родня,родственник p00187: переводы туда-обратно
100000005181131100,p00045,peripheral,legit,житель,"обычная жизнь: семья, магазины, долги друзьям"
100000008114282100,p00431,peripheral,legit,житель,"обычная жизнь: семья, магазины, долги друзьям"
100000003799575100,p00996,peripheral,legit,рабочий,зарплата от emp_3
100000008494774100,p01707,peripheral,legit,житель,"обычная жизнь: семья, магазины, долги друзьям"
100000007104500100,p03532,peripheral,legit,клиент P2P,покупает/продаёт крипту у p03958
100000001502888100,p06000,peripheral,legit,клиент P2P,покупает/продаёт крипту у p03958
100000008225400100,p05080,peripheral,legit,клиент P2P,покупает/продаёт крипту у p03958
100000003721938100,p04735,peripheral,legit,клиент P2P,покупает/продаёт крипту у p03958
100000002272840100,p07831,peripheral,legit,житель,"обычная жизнь: семья, магазины, долги друзьям"
100000004542801100,p01533,peripheral,legit,клиент P2P,покупает/продаёт крипту у p03958
100000002491606100,p04764,peripheral,legit,клиент P2P,покупает/продаёт крипту у p03958
100000000558694100,p07610,peripheral,legit,клиент P2P,покупает/продаёт крипту у p03958
100000002151182100,p02337,peripheral,legit,клиент P2P,покупает/продаёт крипту у p03958
100000004095884100,p00467,peripheral,legit,клиент P2P,покупает/продаёт крипту у p03958
100000008678261100,p04437,peripheral,legit,житель,"обычная жизнь: семья, магазины, долги друзьям"
100000003984582100,p03315,peripheral,legit,житель,"обычная жизнь: семья, магазины, долги друзьям"
100000005809647100,p02971,peripheral,legit,клиент P2P,покупает/продаёт крипту у p03958
100000002065573100,p06747,peripheral,legit,житель,"обычная жизнь: семья, магазины, долги друзьям"
100000003215243100,p01110,peripheral,legit,клиент P2P,покупает/продаёт крипту у p03958
100000003575038100,p06025,peripheral,legit,клиент P2P,покупает/продаёт крипту у p03958
100000005048652100,p03731,peripheral,legit,родня,родственник p03958: переводы туда-обратно
100000008852753100,p04524,peripheral,legit,клиент P2P,покупает/продаёт крипту у p03958
100000007000121100,p03956,peripheral,legit,родня,родственник p03958: переводы туда-обратно
100000005196066100,p03866,peripheral,legit,житель,"обычная жизнь: семья, магазины, долги друзьям"
100000008552697100,p03842,peripheral,legit,арендодатель,сдаёт 3 квартир(ы)
100000006069335100,p00670,consolidator,legit,арендодатель,сдаёт 5 квартир(ы)
100000004056002100,p06309,peripheral,legit,житель,"обычная жизнь: семья, магазины, долги друзьям"
100000001767387100,car_1,terminal,legit,перекуп авто,продаёт подержанные авто
100000005335342100,p02960,peripheral,legit,житель,"обычная жизнь: семья, магазины, долги друзьям"
100000005983849100,p04097,consolidator,legit,арендодатель,сдаёт 9 квартир(ы)
100000004614441100,p04019,peripheral,legit,житель,"обычная жизнь: семья, магазины, долги друзьям"
100000005418913100,p06595,peripheral,legit,таксист,арендует авто в taxi_0
100000002148883100,p03704,peripheral,legit,таксист,арендует авто в taxi_0
100000000124055100,p05857,peripheral,legit,таксист,арендует авто в taxi_0
100000005325898100,p06538,peripheral,legit,таксист,арендует авто в taxi_0
100000005499341100,p08496,peripheral,legit,арендодатель,сдаёт 1 квартир(ы)
100000001029131100,p02311,peripheral,legit,таксист,арендует авто в taxi_0
100000004110815100,p02889,peripheral,legit,таксист,арендует авто в taxi_0
100000007113173100,p00752,peripheral,legit,таксист,арендует авто в taxi_0
100000001857886100,p03222,consolidator,legit,организатор тоя,собирает складчину и платит тойхане
100000000311934100,p03464,peripheral,legit,таксист,арендует авто в taxi_0
100000003710320100,p06645,peripheral,legit,таксист,арендует авто в taxi_0
100000008872069100,p04812,peripheral,legit,житель,"обычная жизнь: семья, магазины, долги друзьям"
100000006037182100,p05497,peripheral,legit,арендодатель,сдаёт 1 квартир(ы)
100000007021052100,p01974,peripheral,legit,продавец,работает в shop_75
100000008389216100,p00962,peripheral,legit,арендодатель,сдаёт 1 квартир(ы)
100000007893626100,p00353,peripheral,legit,житель,"обычная жизнь: семья, магазины, долги друзьям"
100000008078045100,p08568,peripheral,legit,житель,"обычная жизнь: семья, магазины, долги друзьям"
100000003861259100,p01278,peripheral,legit,житель,"обычная жизнь: семья, магазины, долги друзьям"
100000000062492100,p01207,peripheral,legit,житель,"обычная жизнь: семья, магазины, долги друзьям"
100000004137216100,p07045,peripheral,legit,житель,"обычная жизнь: семья, магазины, долги друзьям"
100000002978668100,p07160,peripheral,legit,житель,"обычная жизнь: семья, магазины, долги друзьям"
100000007344523100,p06818,peripheral,legit,арендодатель,сдаёт 2 квартир(ы)
100000000778108100,p06903,peripheral,legit,житель,"обычная жизнь: семья, магазины, долги друзьям"
100000008067165100,p06819,peripheral,legit,житель,"обычная жизнь: семья, магазины, долги друзьям"
100000008110961100,p04131,peripheral,legit,житель,"обычная жизнь: семья, магазины, долги друзьям"
100000000038481100,p07552,peripheral,legit,житель,"обычная жизнь: семья, магазины, долги друзьям"
100000008828643100,p04787,peripheral,legit,житель,"обычная жизнь: семья, магазины, долги друзьям"
100000003672884100,p04652,peripheral,legit,рабочий,зарплата от emp_6
100000001083091100,p07559,peripheral,legit,житель,"обычная жизнь: семья, магазины, долги друзьям"
100000001820080100,p07590,peripheral,legit,житель,"обычная жизнь: семья, магазины, долги друзьям"
100000005258948100,p07637,peripheral,legit,арендодатель,сдаёт 3 квартир(ы)
100000001735657100,p01067,coordinator,criminal,координатор ячейки,ячейка 7: собирает со сборщиков и платит курьерам и выше
100000005514437100,p02640,peripheral,legit,родня,родственник p06226: переводы туда-обратно
100000002164339100,p06323,peripheral,legit,житель,"обычная жизнь: семья, магазины, долги друзьям"
100000008540747100,p05207,peripheral,legit,родня,родственник p05205: переводы туда-обратно
100000006463728100,p05206,peripheral,legit,родня,родственник p05205: переводы туда-обратно
100000006694209100,p00658,peripheral,legit,арендодатель,сдаёт 2 квартир(ы)
100000000617898100,p03565,peripheral,legit,житель,"обычная жизнь: семья, магазины, долги друзьям"
100000000722904100,p03533,peripheral,legit,житель,"обычная жизнь: семья, магазины, долги друзьям"
100000000605244100,p01417,peripheral,legit,арендодатель,сдаёт 2 квартир(ы)
100000003964203100,p01894,peripheral,legit,житель,"обычная жизнь: семья, магазины, долги друзьям"
100000005150724100,p05474,peripheral,legit,житель,"обычная жизнь: семья, магазины, долги друзьям"
100000002519843100,p01756,peripheral,legit,житель,"обычная жизнь: семья, магазины, долги друзьям"
100000001746861100,p04551,peripheral,criminal,закладчик,ячейка 2: делает клады и получает оплату
100000006587364100,p05053,peripheral,legit,житель,"обычная жизнь: семья, магазины, долги друзьям"
100000004755102100,p03277,peripheral,legit,арендодатель,сдаёт 2 квартир(ы)
100000005075107100,p03653,peripheral,legit,житель,"обычная жизнь: семья, магазины, долги друзьям"
100000004746204100,p00900,peripheral,legit,продавец,работает в shop_71
100000006317101100,p07138,peripheral,legit,продавец,работает в shop_71
100000002044734100,p05738,peripheral,legit,продавец,работает в shop_71
100000000054045100,p08128,peripheral,legit,житель,"обычная жизнь: семья, магазины, долги друзьям"
100000005031037100,p05832,peripheral,legit,житель,"обычная жизнь: семья, магазины, долги друзьям"
100000003398362100,p04079,peripheral,legit,житель,"обычная жизнь: семья, магазины, долги друзьям"
100000007761856100,p04081,peripheral,legit,житель,"обычная жизнь: семья, магазины, долги друзьям"
100000004496017100,p02302,peripheral,legit,житель,"обычная жизнь: семья, магазины, долги друзьям"
100000000610886100,p02303,peripheral,legit,житель,"обычная жизнь: семья, магазины, долги друзьям"
100000003217971100,p00438,peripheral,legit,арендодатель,сдаёт 1 квартир(ы)
100000003713844100,p00437,peripheral,legit,житель,"обычная жизнь: семья, магазины, долги друзьям"
100000003678232100,p07766,peripheral,legit,житель,"обычная жизнь: семья, магазины, долги друзьям"
100000005828233100,p09306,peripheral,legit,житель,"обычная жизнь: семья, магазины, долги друзьям"
100000004267553100,p01917,peripheral,legit,житель,"обычная жизнь: семья, магазины, долги друзьям"
100000003116247100,p03797,peripheral,legit,житель,"обычная жизнь: семья, магазины, долги друзьям"
100000008593788100,p02480,peripheral,legit,житель,"обычная жизнь: семья, магазины, долги друзьям"
100000004675477100,p02354,peripheral,legit,арендодатель,сдаёт 1 квартир(ы)
100000008512780100,p02352,peripheral,legit,житель,"обычная жизнь: семья, магазины, долги друзьям"
100000008896308100,p08363,peripheral,legit,житель,"обычная жизнь: семья, магазины, долги друзьям"
100000003947321100,p02401,consolidator,legit,арендодатель,сдаёт 6 квартир(ы)
100000005089128100,p08548,peripheral,legit,житель,"обычная жизнь: семья, магазины, долги друзьям"
100000000700279100,p08620,peripheral,legit,житель,"обычная жизнь: семья, магазины, долги друзьям"
100000002056079100,p03143,peripheral,legit,житель,"обычная жизнь: семья, магазины, долги друзьям"
100000005268994100,p01722,consolidator,legit,арендодатель,сдаёт 10 квартир(ы)
100000008590109100,p03184,peripheral,legit,житель,"обычная жизнь: семья, магазины, долги друзьям"
100000006651191100,p01150,peripheral,legit,арендодатель,сдаёт 1 квартир(ы)
100000003733953100,p03622,peripheral,legit,житель,"обычная жизнь: семья, магазины, долги друзьям"
100000007255342100,p02827,peripheral,legit,житель,"обычная жизнь: семья, магазины, долги друзьям"
100000008635383100,p00943,peripheral,legit,житель,"обычная жизнь: семья, магазины, долги друзьям"
100000007167694100,p09178,consolidator,legit,арендодатель,сдаёт 5 квартир(ы)
100000007251946100,p00930,peripheral,legit,житель,"обычная жизнь: семья, магазины, долги друзьям"
100000007219299100,p00934,peripheral,legit,рабочий,зарплата от emp_9
100000004404757100,p00886,peripheral,legit,родня,родственник p00884: переводы туда-обратно
100000007868948100,p08139,peripheral,legit,житель,"обычная жизнь: семья, магазины, долги друзьям"
100000002672990100,p04731,peripheral,legit,рабочий,зарплата от emp_4
100000004869365100,p04694,peripheral,legit,житель,"обычная жизнь: семья, магазины, долги друзьям"
100000002645767100,p04693,peripheral,legit,житель,"обычная жизнь: семья, магазины, долги друзьям"
100000001572360100,p04692,peripheral,legit,житель,"обычная жизнь: семья, магазины, долги друзьям"
100000006924950100,p04690,consolidator,legit,организатор тоя,собирает складчину и платит тойхане
100000002188721100,p03561,peripheral,legit,житель,"обычная жизнь: семья, магазины, долги друзьям"
100000006677515100,p01135,consolidator,legit,арендодатель,сдаёт 6 квартир(ы)
100000003764495100,p07406,peripheral,legit,житель,"обычная жизнь: семья, магазины, долги друзьям"
100000003433126100,p07398,peripheral,legit,родня,родственник p08474: переводы туда-обратно
100000002885660100,p01147,peripheral,legit,житель,"обычная жизнь: семья, магазины, долги друзьям"
100000001148604100,p01149,consolidator,legit,организатор тоя,собирает складчину и платит тойхане
100000002109863100,p06499,peripheral,legit,житель,"обычная жизнь: семья, магазины, долги друзьям"
100000006418727100,p01712,peripheral,legit,родня,родственник p01708: переводы туда-обратно
100000005643696100,p02229,peripheral,legit,житель,"обычная жизнь: семья, магазины, долги друзьям"
100000001238501100,p04999,peripheral,legit,житель,"обычная жизнь: семья, магазины, долги друзьям"
100000008626099100,p01844,peripheral,legit,житель,"обычная жизнь: семья, магазины, долги друзьям"
100000001152138100,p05087,peripheral,legit,житель,"обычная жизнь: семья, магазины, долги друзьям"
100000003915493100,p09313,peripheral,legit,житель,"обычная жизнь: семья, магазины, долги друзьям"
100000003638721100,p05179,peripheral,legit,арендодатель,сдаёт 2 квартир(ы)
100000004835595100,p07470,peripheral,legit,житель,"обычная жизнь: семья, магазины, долги друзьям"
100000001119386100,p01493,peripheral,legit,житель,"обычная жизнь: семья, магазины, долги друзьям"
100000006862152100,p00511,peripheral,legit,житель,"обычная жизнь: семья, магазины, долги друзьям"
100000007341256100,p06086,peripheral,legit,житель,"обычная жизнь: семья, магазины, долги друзьям"
100000005023048100,p01064,peripheral,legit,житель,"обычная жизнь: семья, магазины, долги друзьям"
100000001236227100,p07176,consolidator,legit,арендодатель,сдаёт 4 квартир(ы)
100000004993291100,p04505,peripheral,legit,арендодатель,сдаёт 1 квартир(ы)
100000008222725100,p01880,peripheral,legit,житель,"обычная жизнь: семья, магазины, долги друзьям"
100000008213842100,p01800,peripheral,legit,житель,"обычная жизнь: семья, магазины, долги друзьям"
100000007878154100,p05839,peripheral,legit,продавец,работает в shop_66
100000007752442100,p04671,peripheral,legit,житель,"обычная жизнь: семья, магазины, долги друзьям"
100000007953073100,p02216,peripheral,legit,арендодатель,сдаёт 3 квартир(ы)
100000000820315100,p00646,peripheral,legit,родня,родственник p06843: переводы туда-обратно
100000000290326100,p00668,peripheral,legit,рабочий,зарплата от emp_7
100000006323204100,p00690,peripheral,legit,житель,"обычная жизнь: семья, магазины, долги друзьям"
100000002531505100,p06682,peripheral,legit,житель,"обычная жизнь: семья, магазины, долги друзьям"
100000003694323100,p03753,peripheral,legit,житель,"обычная жизнь: семья, магазины, долги друзьям"
100000005683156100,p01517,peripheral,legit,житель,"обычная жизнь: семья, магазины, долги друзьям"
100000000043575100,p06795,peripheral,legit,житель,"обычная жизнь: семья, магазины, долги друзьям"
100000005983452100,p01829,peripheral,legit,житель,"обычная жизнь: семья, магазины, долги друзьям"
100000008794754100,p03737,peripheral,legit,житель,"обычная жизнь: семья, магазины, долги друзьям"
100000002497787100,p03669,peripheral,legit,арендодатель,сдаёт 2 квартир(ы)
100000002995986100,p03771,peripheral,legit,житель,"обычная жизнь: семья, магазины, долги друзьям"
100000006706401100,p00383,peripheral,legit,житель,"обычная жизнь: семья, магазины, долги друзьям"
100000000732274100,p00289,peripheral,legit,житель,"обычная жизнь: семья, магазины, долги друзьям"
100000005610545100,p00234,peripheral,legit,житель,"обычная жизнь: семья, магазины, долги друзьям"
100000008706239100,p00720,peripheral,criminal,закладчик,ячейка 2: делает клады и получает оплату
100000003676482100,p04451,peripheral,legit,житель,"обычная жизнь: семья, магазины, долги друзьям"
100000004204164100,p04623,peripheral,legit,житель,"обычная жизнь: семья, магазины, долги друзьям"
100000005364038100,p01355,consolidator,legit,организатор тоя,собирает складчину и платит тойхане
100000003573233100,p01351,consolidator,legit,организатор тоя,собирает складчину и платит тойхане
100000003176975100,p01357,consolidator,legit,арендодатель,сдаёт 4 квартир(ы)
100000005731136100,p08175,peripheral,legit,житель,"обычная жизнь: семья, магазины, долги друзьям"
100000002329928100,p06944,peripheral,legit,арендодатель,сдаёт 1 квартир(ы)
100000000544582100,p06926,peripheral,legit,житель,"обычная жизнь: семья, магазины, долги друзьям"
100000001680197100,p03214,peripheral,legit,житель,"обычная жизнь: семья, магазины, долги друзьям"
100000007393595100,p01239,peripheral,legit,клиент P2P,покупает/продаёт крипту у p04681
100000000782340100,p05196,peripheral,legit,житель,"обычная жизнь: семья, магазины, долги друзьям"
100000000958491100,p05174,peripheral,legit,родня,родственник p08608: переводы туда-обратно
100000003966490100,shop_2,consolidator,legit,донерная,принимает оплату от покупателей района
100000000617110100,p04947,peripheral,legit,житель,"обычная жизнь: семья, магазины, долги друзьям"
100000007551446100,p00840,peripheral,legit,житель,"обычная жизнь: семья, магазины, долги друзьям"
100000008862661100,p06555,peripheral,legit,житель,"обычная жизнь: семья, магазины, долги друзьям"
100000003907964100,p00893,peripheral,legit,житель,"обычная жизнь: семья, магазины, долги друзьям"
100000000036755100,p05887,peripheral,legit,житель,"обычная жизнь: семья, магазины, долги друзьям"
100000000391391100,p08755,consolidator,legit,арендодатель,сдаёт 9 квартир(ы)
100000004002449100,p05149,peripheral,legit,житель,"обычная жизнь: семья, магазины, долги друзьям"
100000003950362100,p01060,peripheral,legit,житель,"обычная жизнь: семья, магазины, долги друзьям"
100000006413209100,p08791,peripheral,legit,житель,"обычная жизнь: семья, магазины, долги друзьям"
100000008225592100,p01162,consolidator,legit,арендодатель,сдаёт 5 квартир(ы)
100000000780947100,p06264,peripheral,legit,житель,"обычная жизнь: семья, магазины, долги друзьям"
100000005575781100,p06331,peripheral,legit,житель,"обычная жизнь: семья, магазины, долги друзьям"
100000005285293100,p07514,peripheral,legit,житель,"обычная жизнь: семья, магазины, долги друзьям"
100000008632108100,p07515,peripheral,legit,житель,"обычная жизнь: семья, магазины, долги друзьям"
100000005355578100,p09329,peripheral,legit,житель,"обычная жизнь: семья, магазины, долги друзьям"
100000004324349100,p09330,peripheral,legit,житель,"обычная жизнь: семья, магазины, долги друзьям"
100000001142951100,p08478,peripheral,legit,житель,"обычная жизнь: семья, магазины, долги друзьям"
100000008637964100,p01346,peripheral,legit,житель,"обычная жизнь: семья, магазины, долги друзьям"
100000002080171100,p04916,peripheral,legit,таксист,арендует авто в taxi_1
100000004930855100,p01436,consolidator,legit,организатор тоя,собирает складчину и платит тойхане
100000008695903100,p00233,consolidator,legit,арендодатель,сдаёт 6 квартир(ы)
100000006425885100,p01820,peripheral,legit,житель,"обычная жизнь: семья, магазины, долги друзьям"
100000006574246100,p01709,peripheral,legit,родня,родственник p01708: переводы туда-обратно
100000007258880100,p01713,peripheral,legit,родня,родственник p01708: переводы туда-обратно
100000006210656100,p05572,peripheral,legit,житель,"обычная жизнь: семья, магазины, долги друзьям"
100000005643488100,p05571,peripheral,legit,житель,"обычная жизнь: семья, магазины, долги друзьям"
100000007614681100,p08367,peripheral,legit,родня,родственник p08371: переводы туда-обратно
100000002495789100,p08674,peripheral,legit,житель,"обычная жизнь: семья, магазины, долги друзьям"
100000005976516100,p08660,peripheral,legit,житель,"обычная жизнь: семья, магазины, долги друзьям"
100000005741256100,p08652,peripheral,legit,житель,"обычная жизнь: семья, магазины, долги друзьям"
100000000455249100,p09196,peripheral,legit,житель,"обычная жизнь: семья, магазины, долги друзьям"
100000000836057100,p02013,peripheral,legit,житель,"обычная жизнь: семья, магазины, долги друзьям"
100000001228733100,p09242,peripheral,legit,житель,"обычная жизнь: семья, магазины, долги друзьям"
100000008505771100,p09026,peripheral,legit,клиент P2P,покупает/продаёт крипту у p04681
100000004474179100,emp_0,distributor,legit,работодатель,склад: платит зарплату 26 сотрудникам
100000000642233100,p07591,peripheral,legit,рабочий,зарплата от emp_10
100000000241108100,p08551,peripheral,legit,житель,"обычная жизнь: семья, магазины, долги друзьям"
100000001706600100,p08576,peripheral,legit,родня,родственник p08574: переводы туда-обратно
100000004301946100,p02090,peripheral,legit,житель,"обычная жизнь: семья, магазины, долги друзьям"
100000001536860100,p00627,peripheral,legit,житель,"обычная жизнь: семья, магазины, долги друзьям"
100000004079154100,p02578,consolidator,legit,организатор тоя,собирает складчину и платит тойхане
100000005312143100,p00078,peripheral,legit,рабочий,зарплата от emp_1
100000005080423100,p00105,peripheral,legit,житель,"обычная жизнь: семья, магазины, долги друзьям"
100000005058664100,p03248,peripheral,legit,арендодатель,сдаёт 1 квартир(ы)
100000002503349100,p04755,peripheral,legit,житель,"обычная жизнь: семья, магазины, долги друзьям"
100000000475591100,p04761,peripheral,legit,житель,"обычная жизнь: семья, магазины, долги друзьям"
100000004755686100,p04651,peripheral,legit,рабочий,зарплата от emp_9
100000005427742100,p04721,peripheral,legit,житель,"обычная жизнь: семья, магазины, долги друзьям"
100000002870113100,p04307,peripheral,legit,житель,"обычная жизнь: семья, магазины, долги друзьям"
100000005494968100,p03085,consolidator,legit,арендодатель,сдаёт 17 квартир(ы)
100000008281421100,p05477,peripheral,legit,житель,"обычная жизнь: семья, магазины, долги друзьям"
100000001249681100,p05478,peripheral,legit,житель,"обычная жизнь: семья, магазины, долги друзьям"
100000006807911100,p03516,peripheral,legit,житель,"обычная жизнь: семья, магазины, долги друзьям"
100000002232465100,p04805,peripheral,legit,житель,"обычная жизнь: семья, магазины, долги друзьям"
100000007125633100,p04624,peripheral,legit,рабочий,зарплата от emp_10
100000004078132100,p04557,transit,criminal,курьер-приёмщик,ячейка 0: берёт оплату от покупателей и сдаёт выше
100000001660280100,p07326,peripheral,legit,житель,"обычная жизнь: семья, магазины, долги друзьям"
100000002444060100,p09129,peripheral,legit,житель,"обычная жизнь: семья, магазины, долги друзьям"
100000006326842100,p09108,peripheral,legit,родня,родственник p09106: переводы туда-обратно
100000007227251100,p01158,peripheral,legit,житель,"обычная жизнь: семья, магазины, долги друзьям"
100000003368988100,p01072,peripheral,legit,родня,родственник p01067: переводы туда-обратно
100000008407051100,p06788,peripheral,legit,житель,"обычная жизнь: семья, магазины, долги друзьям"
100000008868745100,p06876,peripheral,legit,житель,"обычная жизнь: семья, магазины, долги друзьям"
100000007753987100,p04149,peripheral,legit,житель,"обычная жизнь: семья, магазины, долги друзьям"
100000003411540100,p02129,peripheral,legit,житель,"обычная жизнь: семья, магазины, долги друзьям"
100000005645037100,p00241,peripheral,legit,житель,"обычная жизнь: семья, магазины, долги друзьям"
100000007668197100,p00753,peripheral,legit,житель,"обычная жизнь: семья, магазины, долги друзьям"
100000000027326100,p00780,peripheral,legit,житель,"обычная жизнь: семья, магазины, долги друзьям"
100000002319869100,p00845,peripheral,legit,житель,"обычная жизнь: семья, магазины, долги друзьям"
100000008526690100,p00870,peripheral,legit,житель,"обычная жизнь: семья, магазины, долги друзьям"
100000003444644100,p04877,peripheral,legit,житель,"обычная жизнь: семья, магазины, долги друзьям"
100000002435142100,p02256,peripheral,legit,житель,"обычная жизнь: семья, магазины, долги друзьям"
100000004781744100,p00756,peripheral,legit,житель,"обычная жизнь: семья, магазины, долги друзьям"
100000000082532100,p04099,peripheral,legit,житель,"обычная жизнь: семья, магазины, долги друзьям"
100000003648711100,p04102,peripheral,legit,житель,"обычная жизнь: семья, магазины, долги друзьям"
100000005494884100,p06347,peripheral,legit,житель,"обычная жизнь: семья, магазины, долги друзьям"
100000008574996100,p01899,peripheral,legit,житель,"обычная жизнь: семья, магазины, долги друзьям"
100000007832126100,p01608,peripheral,legit,житель,"обычная жизнь: семья, магазины, долги друзьям"
100000000373511100,p03672,peripheral,legit,житель,"обычная жизнь: семья, магазины, долги друзьям"
100000008441766100,p03738,peripheral,legit,житель,"обычная жизнь: семья, магазины, долги друзьям"
100000000264593100,p08079,peripheral,legit,арендодатель,сдаёт 3 квартир(ы)
100000000286802100,p03765,peripheral,legit,житель,"обычная жизнь: семья, магазины, долги друзьям"
100000003032617100,p03666,peripheral,legit,житель,"обычная жизнь: семья, магазины, долги друзьям"
100000000934367100,p01042,peripheral,legit,житель,"обычная жизнь: семья, магазины, долги друзьям"
100000005148053100,p07898,peripheral,legit,житель,"обычная жизнь: семья, магазины, долги друзьям"
100000006782934100,p00723,peripheral,legit,владелец бизнеса,владелец shop_17
100000003379323100,p07203,peripheral,legit,продавец,работает в shop_17
100000008688747100,p01645,peripheral,legit,житель,"обычная жизнь: семья, магазины, долги друзьям"
100000007137351100,p01588,peripheral,legit,житель,"обычная жизнь: семья, магазины, долги друзьям"
100000000381255100,p01548,peripheral,legit,житель,"обычная жизнь: семья, магазины, долги друзьям"
100000000457996100,p04013,peripheral,legit,рабочий,зарплата от emp_0
100000000011993100,p01614,peripheral,legit,житель,"обычная жизнь: семья, магазины, долги друзьям"
100000004008057100,p01503,peripheral,legit,родня,родственник p01067: переводы туда-обратно
100000000329406100,p08527,peripheral,legit,житель,"обычная жизнь: семья, магазины, долги друзьям"
100000000559447100,p03444,peripheral,legit,арендодатель,сдаёт 2 квартир(ы)
100000002145898100,p09189,peripheral,legit,владелец бизнеса,владелец shop_63
100000007800073100,p05133,peripheral,legit,продавец,работает в shop_63
100000004352245100,p03716,peripheral,legit,продавец,работает в shop_63
100000001640676100,p02249,peripheral,legit,продавец,работает в shop_63
100000002245243100,p07277,peripheral,legit,житель,"обычная жизнь: семья, магазины, долги друзьям"
100000007572166100,p07276,peripheral,legit,житель,"обычная жизнь: семья, магазины, долги друзьям"
100000004366167100,p02681,consolidator,legit,арендодатель,сдаёт 7 квартир(ы)
100000005063225100,p03506,peripheral,legit,житель,"обычная жизнь: семья, магазины, долги друзьям"
100000003625257100,p07851,consolidator,legit,арендодатель,сдаёт 5 квартир(ы)
100000005165700100,p07856,peripheral,legit,житель,"обычная жизнь: семья, магазины, долги друзьям"
100000004778936100,p07171,peripheral,legit,житель,"обычная жизнь: семья, магазины, долги друзьям"
100000003819399100,p07146,peripheral,legit,житель,"обычная жизнь: семья, магазины, долги друзьям"
100000000369596100,p07598,peripheral,legit,житель,"обычная жизнь: семья, магазины, долги друзьям"
100000006128257100,p06162,peripheral,legit,арендодатель,сдаёт 1 квартир(ы)
100000003928654100,p00354,peripheral,legit,продавец,работает в shop_62
100000001487562100,p08912,peripheral,legit,житель,"обычная жизнь: семья, магазины, долги друзьям"
100000000057547100,p08862,peripheral,legit,родня,родственник p08861: переводы туда-обратно
100000007331172100,p07363,peripheral,legit,житель,"обычная жизнь: семья, магазины, долги друзьям"
100000008355757100,p07260,peripheral,legit,житель,"обычная жизнь: семья, магазины, долги друзьям"
100000001046357100,p07372,peripheral,legit,родня,родственник p07370: переводы туда-обратно
100000000342202100,p07366,peripheral,legit,клиент P2P,покупает/продаёт крипту у p04681
100000005006016100,p08887,consolidator,legit,организатор тоя,собирает складчину и платит тойхане
100000008659516100,p08848,peripheral,legit,житель,"обычная жизнь: семья, магазины, долги друзьям"
100000006006601100,p08888,peripheral,legit,житель,"обычная жизнь: семья, магазины, долги друзьям"
100000005369709100,p01479,peripheral,legit,владелец бизнеса,владелец shop_84
100000007162159100,p02989,consolidator,legit,арендодатель,сдаёт 5 квартир(ы)
100000002420902100,p03372,peripheral,legit,рабочий,зарплата от emp_9
100000004653487100,p06417,peripheral,legit,житель,"обычная жизнь: семья, магазины, долги друзьям"
100000003421583100,p07432,peripheral,legit,родня,родственник p07437: переводы туда-обратно
100000005337925100,p07437,peripheral,criminal,закладчик,ячейка 5: делает клады и получает оплату
100000004619392100,p00705,peripheral,legit,житель,"обычная жизнь: семья, магазины, долги друзьям"
100000003635113100,p06021,peripheral,legit,продавец,работает в shop_47
100000004067966100,p06660,peripheral,legit,родня,родственник p06661: переводы туда-обратно
100000002980713100,p07392,peripheral,legit,житель,"обычная жизнь: семья, магазины, долги друзьям"
100000001464051100,p07019,peripheral,legit,житель,"обычная жизнь: семья, магазины, долги друзьям"
100000008677101100,p07418,peripheral,legit,житель,"обычная жизнь: семья, магазины, долги друзьям"
100000007569100100,p01725,consolidator,legit,арендодатель,сдаёт 8 квартир(ы)
100000001797443100,p02910,peripheral,legit,житель,"обычная жизнь: семья, магазины, долги друзьям"
100000005241304100,p02912,peripheral,legit,житель,"обычная жизнь: семья, магазины, долги друзьям"
100000002240084100,p03924,peripheral,legit,житель,"обычная жизнь: семья, магазины, долги друзьям"
100000008713288100,p03926,peripheral,legit,житель,"обычная жизнь: семья, магазины, долги друзьям"
100000004388558100,p03925,peripheral,legit,житель,"обычная жизнь: семья, магазины, долги друзьям"
100000005024150100,p01129,peripheral,legit,житель,"обычная жизнь: семья, магазины, долги друзьям"
100000003838621100,p08228,peripheral,legit,таксист,арендует авто в taxi_1
100000001079496100,p06806,consolidator,legit,арендодатель,сдаёт 6 квартир(ы)
100000002958560100,p00064,peripheral,legit,житель,"обычная жизнь: семья, магазины, долги друзьям"
100000000995862100,p00070,consolidator,legit,организатор тоя,собирает складчину и платит тойхане
100000007975148100,p00131,peripheral,legit,житель,"обычная жизнь: семья, магазины, долги друзьям"
100000006693602100,p05550,peripheral,legit,житель,"обычная жизнь: семья, магазины, долги друзьям"
100000005716581100,p05549,consolidator,legit,организатор тоя,собирает складчину и платит тойхане
100000007578823100,p05553,peripheral,legit,житель,"обычная жизнь: семья, магазины, долги друзьям"
100000005061048100,p01911,peripheral,legit,житель,"обычная жизнь: семья, магазины, долги друзьям"
100000003525978100,p06994,peripheral,legit,житель,"обычная жизнь: семья, магазины, долги друзьям"
100000003345314100,emp_5,distributor,legit,работодатель,стройфирма: платит зарплату 36 сотрудникам
100000006547436100,p02556,peripheral,legit,житель,"обычная жизнь: семья, магазины, долги друзьям"
100000000356089100,p06882,peripheral,criminal,закладчик,ячейка 5: делает клады и получает оплату
100000001566291100,p07569,peripheral,legit,клиент P2P,покупает/продаёт крипту у p06318
100000005820561100,p00401,peripheral,legit,житель,"обычная жизнь: семья, магазины, долги друзьям"
100000001129746100,p05503,peripheral,legit,житель,"обычная жизнь: семья, магазины, долги друзьям"
100000007993131100,p02240,peripheral,legit,клиент P2P,покупает/продаёт крипту у p06318
100000002125001100,p03974,peripheral,legit,житель,"обычная жизнь: семья, магазины, долги друзьям"
100000006613007100,p03113,peripheral,legit,житель,"обычная жизнь: семья, магазины, долги друзьям"
100000007043120100,p08855,peripheral,legit,житель,"обычная жизнь: семья, магазины, долги друзьям"
100000003139965100,p05407,peripheral,legit,житель,"обычная жизнь: семья, магазины, долги друзьям"
100000005140456100,p05492,peripheral,legit,житель,"обычная жизнь: семья, магазины, долги друзьям"
100000002538420100,p01332,consolidator,legit,организатор тоя,собирает складчину и платит тойхане
100000000432974100,p05351,peripheral,legit,житель,"обычная жизнь: семья, магазины, долги друзьям"
100000007260509100,p00713,terminal,criminal,бенефициар,"деньги оседают: наличные, авто, недвижимость"
100000004551239100,p01088,terminal,criminal,кошелёк,"деньги оседают: наличные, авто, недвижимость"
100000003846223100,p06212,distributor,criminal,распределитель-зарплатчик,ячейка 1: платит курьерам раз в неделю
100000007862277100,p02756,peripheral,legit,житель,"обычная жизнь: семья, магазины, долги друзьям"
100000006675773100,p02753,peripheral,legit,житель,"обычная жизнь: семья, магазины, долги друзьям"
100000002087466100,p04126,consolidator,legit,арендодатель,сдаёт 21 квартир(ы)
100000004142477100,p04127,peripheral,legit,житель,"обычная жизнь: семья, магазины, долги друзьям"
100000005018858100,p03985,peripheral,legit,житель,"обычная жизнь: семья, магазины, долги друзьям"
100000001003635100,p05446,peripheral,legit,житель,"обычная жизнь: семья, магазины, долги друзьям"
100000008698769100,p03875,peripheral,legit,житель,"обычная жизнь: семья, магазины, долги друзьям"
100000006820793100,p03876,peripheral,legit,житель,"обычная жизнь: семья, магазины, долги друзьям"
100000008622610100,p03517,peripheral,legit,житель,"обычная жизнь: семья, магазины, долги друзьям"
100000001779799100,p08938,peripheral,legit,житель,"обычная жизнь: семья, магазины, долги друзьям"
100000000205806100,p03736,peripheral,legit,житель,"обычная жизнь: семья, магазины, долги друзьям"
100000003026800100,p02742,peripheral,legit,житель,"обычная жизнь: семья, магазины, долги друзьям"
100000006268973100,p09312,peripheral,legit,житель,"обычная жизнь: семья, магазины, долги друзьям"
100000001232202100,p02541,peripheral,criminal,закладчик,ячейка 0: делает клады и получает оплату
100000002243198100,p01708,peripheral,criminal,закладчик,ячейка 0: делает клады и получает оплату
100000002090938100,p01729,peripheral,criminal,закладчик,ячейка 0: делает клады и получает оплату
100000007513946100,p08535,peripheral,criminal,закладчик,ячейка 0: делает клады и получает оплату
100000001356841100,p05961,transit,criminal,курьер-приёмщик,ячейка 0: берёт оплату от покупателей и сдаёт выше
100000008236916100,p06843,peripheral,criminal,закладчик,ячейка 0: делает клады и получает оплату
100000005458077100,p06799,peripheral,legit,таксист,арендует авто в taxi_1
100000005388893100,p03898,peripheral,legit,житель,"обычная жизнь: семья, магазины, долги друзьям"
100000001728319100,p03816,peripheral,legit,житель,"обычная жизнь: семья, магазины, долги друзьям"
100000000605651100,p00014,peripheral,legit,житель,"обычная жизнь: семья, магазины, долги друзьям"
100000008808685100,p06372,peripheral,legit,житель,"обычная жизнь: семья, магазины, долги друзьям"
100000003341315100,p08746,peripheral,legit,житель,"обычная жизнь: семья, магазины, долги друзьям"
100000005896675100,p08697,peripheral,legit,рабочий,зарплата от emp_12
100000006290828100,p08560,peripheral,legit,родня,родственник p08558: переводы туда-обратно
100000005505934100,p00865,peripheral,legit,житель,"обычная жизнь: семья, магазины, долги друзьям"
100000008953317100,p03803,peripheral,legit,житель,"обычная жизнь: семья, магазины, долги друзьям"
100000005964223100,p00365,consolidator,legit,арендодатель,сдаёт 5 квартир(ы)
100000004091361100,p03413,peripheral,legit,житель,"обычная жизнь: семья, магазины, долги друзьям"
100000001926488100,p07604,peripheral,legit,арендодатель,сдаёт 2 квартир(ы)
100000000516594100,p02594,consolidator,legit,арендодатель,сдаёт 4 квартир(ы)
100000006231335100,p04989,peripheral,legit,владелец бизнеса,владелец shop_76
100000001764015100,p02825,peripheral,legit,продавец,работает в shop_76
100000003080697100,p08634,peripheral,legit,родня,родственник p08632: переводы туда-обратно
100000007477941100,p08633,peripheral,legit,родня,родственник p08632: переводы туда-обратно
100000003126121100,p08441,peripheral,legit,житель,"обычная жизнь: семья, магазины, долги друзьям"
100000003623005100,p04481,peripheral,legit,житель,"обычная жизнь: семья, магазины, долги друзьям"
100000001584888100,p04479,peripheral,legit,рабочий,зарплата от emp_12
100000005096307100,p00817,peripheral,legit,житель,"обычная жизнь: семья, магазины, долги друзьям"
100000004273158100,p06702,peripheral,legit,житель,"обычная жизнь: семья, магазины, долги друзьям"
100000002541708100,p01780,peripheral,legit,житель,"обычная жизнь: семья, магазины, долги друзьям"
100000000926702100,p03352,peripheral,legit,продавец,работает в shop_13
100000008126901100,p05693,peripheral,legit,продавец,работает в shop_13
100000003485599100,p06239,peripheral,legit,продавец,работает в shop_13
100000004595700100,p07466,peripheral,legit,житель,"обычная жизнь: семья, магазины, долги друзьям"
100000001225929100,p00979,peripheral,legit,владелец бизнеса,владелец shop_39
100000004755447100,p05699,consolidator,legit,арендодатель,сдаёт 7 квартир(ы)
100000005967412100,p00079,peripheral,legit,продавец,работает в shop_39
100000003411601100,p02151,peripheral,legit,родня,родственник p02150: переводы туда-обратно
100000005090316100,p02070,peripheral,legit,житель,"обычная жизнь: семья, магазины, долги друзьям"
100000007217254100,p01048,peripheral,legit,житель,"обычная жизнь: семья, магазины, долги друзьям"
100000005028927100,p01881,peripheral,legit,арендодатель,сдаёт 3 квартир(ы)
100000006110516100,p04050,peripheral,legit,житель,"обычная жизнь: семья, магазины, долги друзьям"
100000005899538100,p07736,peripheral,legit,житель,"обычная жизнь: семья, магазины, долги друзьям"
100000000131073100,p07060,peripheral,legit,житель,"обычная жизнь: семья, магазины, долги друзьям"
100000002788369100,p05975,peripheral,legit,арендодатель,сдаёт 3 квартир(ы)
100000004938440100,p07390,consolidator,legit,арендодатель,сдаёт 4 квартир(ы)
100000007607539100,p02646,peripheral,legit,житель,"обычная жизнь: семья, магазины, долги друзьям"
100000004568070100,p02644,peripheral,legit,житель,"обычная жизнь: семья, магазины, долги друзьям"
100000007379607100,p02807,peripheral,legit,житель,"обычная жизнь: семья, магазины, долги друзьям"
100000001137733100,p03055,peripheral,legit,житель,"обычная жизнь: семья, магазины, долги друзьям"
100000004333353100,p04681,transit,legit,P2P-трейдер,меняет тенге на крипту; клиенты смешанные
100000004916282100,p01005,peripheral,legit,житель,"обычная жизнь: семья, магазины, долги друзьям"
100000004546988100,p00939,peripheral,legit,житель,"обычная жизнь: семья, магазины, долги друзьям"
100000003926008100,p04056,consolidator,legit,организатор тоя,собирает складчину и платит тойхане
100000000405069100,p08004,peripheral,legit,житель,"обычная жизнь: семья, магазины, долги друзьям"
100000005984291100,p07377,peripheral,legit,арендодатель,сдаёт 2 квартир(ы)
100000007698102100,p08007,peripheral,legit,житель,"обычная жизнь: семья, магазины, долги друзьям"
100000000616139100,p08625,peripheral,legit,житель,"обычная жизнь: семья, магазины, долги друзьям"
100000000970503100,p00421,peripheral,legit,житель,"обычная жизнь: семья, магазины, долги друзьям"
100000007596665100,p02600,consolidator,legit,арендодатель,сдаёт 4 квартир(ы)
100000006140979100,p03827,peripheral,legit,житель,"обычная жизнь: семья, магазины, долги друзьям"
100000002009856100,p02782,peripheral,legit,житель,"обычная жизнь: семья, магазины, долги друзьям"
100000006902279100,p01789,peripheral,legit,житель,"обычная жизнь: семья, магазины, долги друзьям"
100000007260038100,p01574,peripheral,legit,житель,"обычная жизнь: семья, магазины, долги друзьям"
100000007363221100,p01573,peripheral,legit,житель,"обычная жизнь: семья, магазины, долги друзьям"
100000001412890100,p06800,consolidator,legit,арендодатель,сдаёт 4 квартир(ы)
100000001586933100,p06856,peripheral,legit,житель,"обычная жизнь: семья, магазины, долги друзьям"
100000004564721100,p03306,peripheral,legit,житель,"обычная жизнь: семья, магазины, долги друзьям"
100000005412106100,p02503,peripheral,legit,арендодатель,сдаёт 1 квартир(ы)
100000007031759100,p06387,peripheral,legit,арендодатель,сдаёт 2 квартир(ы)
100000001613871100,p09164,peripheral,legit,житель,"обычная жизнь: семья, магазины, долги друзьям"
100000002455466100,p05562,peripheral,legit,житель,"обычная жизнь: семья, магазины, долги друзьям"
100000006248921100,p00191,consolidator,legit,организатор тоя,собирает складчину и платит тойхане
100000007695850100,p00653,peripheral,legit,житель,"обычная жизнь: семья, магазины, долги друзьям"
100000005123994100,p00660,peripheral,legit,житель,"обычная жизнь: семья, магазины, долги друзьям"
100000003421914100,p02026,peripheral,legit,арендодатель,сдаёт 3 квартир(ы)
100000002211036100,p06647,peripheral,legit,житель,"обычная жизнь: семья, магазины, долги друзьям"
100000004967453100,p03699,peripheral,legit,арендодатель,сдаёт 1 квартир(ы)
100000003866171100,p03700,peripheral,legit,житель,"обычная жизнь: семья, магазины, долги друзьям"
100000005914986100,p01289,peripheral,legit,житель,"обычная жизнь: семья, магазины, долги друзьям"
100000003131559100,p08591,peripheral,legit,житель,"обычная жизнь: семья, магазины, долги друзьям"
100000005903481100,p08549,peripheral,legit,житель,"обычная жизнь: семья, магазины, долги друзьям"
100000008123447100,p08311,peripheral,legit,рабочий,зарплата от emp_1
100000005287528100,p06780,peripheral,legit,житель,"обычная жизнь: семья, магазины, долги друзьям"
100000007127282100,p02027,peripheral,legit,житель,"обычная жизнь: семья, магазины, долги друзьям"
100000006317625100,p00629,peripheral,legit,житель,"обычная жизнь: семья, магазины, долги друзьям"
100000002765974100,p00548,peripheral,legit,житель,"обычная жизнь: семья, магазины, долги друзьям"
100000006169557100,p01606,peripheral,legit,житель,"обычная жизнь: семья, магазины, долги друзьям"
100000008896936100,p01341,peripheral,legit,житель,"обычная жизнь: семья, магазины, долги друзьям"
100000000527598100,p08435,peripheral,legit,житель,"обычная жизнь: семья, магазины, долги друзьям"
100000000571579100,p05033,peripheral,legit,арендодатель,сдаёт 3 квартир(ы)
100000008669825100,p02365,peripheral,legit,житель,"обычная жизнь: семья, магазины, долги друзьям"
100000001665978100,p02364,peripheral,legit,житель,"обычная жизнь: семья, магазины, долги друзьям"
100000008217637100,p01759,consolidator,legit,арендодатель,сдаёт 4 квартир(ы)
100000002900420100,p04347,peripheral,legit,житель,"обычная жизнь: семья, магазины, долги друзьям"
100000007712642100,p04374,peripheral,legit,житель,"обычная жизнь: семья, магазины, долги друзьям"
100000000867589100,p00178,peripheral,legit,житель,"обычная жизнь: семья, магазины, долги друзьям"
100000007214975100,p06446,peripheral,legit,житель,"обычная жизнь: семья, магазины, долги друзьям"
100000001018543100,p05602,consolidator,legit,организатор тоя,собирает складчину и платит тойхане
100000001804536100,p00051,peripheral,legit,житель,"обычная жизнь: семья, магазины, долги друзьям"
100000001361012100,p02740,peripheral,legit,житель,"обычная жизнь: семья, магазины, долги друзьям"
100000000790465100,p06741,peripheral,legit,житель,"обычная жизнь: семья, магазины, долги друзьям"
100000005735055100,p04827,peripheral,legit,житель,"обычная жизнь: семья, магазины, долги друзьям"
100000000225878100,p03138,peripheral,legit,житель,"обычная жизнь: семья, магазины, долги друзьям"
100000002520755100,p03019,peripheral,legit,житель,"обычная жизнь: семья, магазины, долги друзьям"
100000001424618100,p00347,peripheral,legit,житель,"обычная жизнь: семья, магазины, долги друзьям"
100000000896583100,p01480,peripheral,legit,родня,родственник p01481: переводы туда-обратно
100000004136739100,p01229,peripheral,legit,родня,родственник p01228: переводы туда-обратно
100000005301256100,p00210,peripheral,legit,клиент P2P,покупает/продаёт крипту у p04681
100000006033104100,p04809,peripheral,legit,житель,"обычная жизнь: семья, магазины, долги друзьям"
100000007659474100,p02808,peripheral,legit,житель,"обычная жизнь: семья, магазины, долги друзьям"
100000000748690100,p06470,peripheral,legit,житель,"обычная жизнь: семья, магазины, долги друзьям"
100000008946300100,p04736,peripheral,legit,рабочий,зарплата от emp_12
100000006695847100,p06449,peripheral,legit,житель,"обычная жизнь: семья, магазины, долги друзьям"
100000001469244100,p01926,peripheral,legit,житель,"обычная жизнь: семья, магазины, долги друзьям"
100000004184734100,p01639,peripheral,legit,арендодатель,сдаёт 2 квартир(ы)
100000006579046100,p02044,peripheral,legit,владелец бизнеса,владелец emp_11
100000008729656100,p06271,peripheral,legit,родня,родственник p06270: переводы туда-обратно
100000008075863100,p01358,peripheral,legit,арендодатель,сдаёт 1 квартир(ы)
100000006419812100,p03103,peripheral,legit,житель,"обычная жизнь: семья, магазины, долги друзьям"
100000008907308100,p06008,peripheral,legit,арендодатель,сдаёт 1 квартир(ы)
100000008100512100,p00922,peripheral,legit,житель,"обычная жизнь: семья, магазины, долги друзьям"
100000003330945100,p02869,peripheral,legit,житель,"обычная жизнь: семья, магазины, долги друзьям"
100000005661365100,p03654,peripheral,legit,житель,"обычная жизнь: семья, магазины, долги друзьям"
100000001418201100,p08818,peripheral,legit,житель,"обычная жизнь: семья, магазины, долги друзьям"
100000002834205100,p08819,peripheral,legit,житель,"обычная жизнь: семья, магазины, долги друзьям"
100000003190486100,p01198,peripheral,legit,житель,"обычная жизнь: семья, магазины, долги друзьям"
100000005344343100,p01261,peripheral,legit,житель,"обычная жизнь: семья, магазины, долги друзьям"
100000008831196100,p04323,distributor,legit,бригадир,получает за объект и раздаёт бригаде
100000002085989100,p08208,peripheral,legit,житель,"обычная жизнь: семья, магазины, долги друзьям"
100000008861688100,p00656,peripheral,legit,житель,"обычная жизнь: семья, магазины, долги друзьям"
100000000609543100,p05569,peripheral,legit,житель,"обычная жизнь: семья, магазины, долги друзьям"
100000004198819100,p02767,peripheral,legit,житель,"обычная жизнь: семья, магазины, долги друзьям"
100000000853667100,p01987,peripheral,legit,житель,"обычная жизнь: семья, магазины, долги друзьям"
100000005576528100,p06637,peripheral,legit,арендодатель,сдаёт 2 квартир(ы)
100000003444203100,emp_1,distributor,legit,работодатель,цех: платит зарплату 87 сотрудникам
100000005805155100,p04634,peripheral,legit,житель,"обычная жизнь: семья, магазины, долги друзьям"
100000006338969100,p04472,peripheral,legit,житель,"обычная жизнь: семья, магазины, долги друзьям"
100000008270683100,p03821,peripheral,legit,житель,"обычная жизнь: семья, магазины, долги друзьям"
100000007949379100,p01243,peripheral,legit,житель,"обычная жизнь: семья, магазины, долги друзьям"
100000000695749100,p04157,peripheral,legit,рабочий,зарплата от emp_9
100000008114610100,p04172,peripheral,legit,житель,"обычная жизнь: семья, магазины, долги друзьям"
100000006476875100,p08510,peripheral,legit,житель,"обычная жизнь: семья, магазины, долги друзьям"
100000003530654100,p04908,peripheral,legit,житель,"обычная жизнь: семья, магазины, долги друзьям"
100000001931809100,p04907,peripheral,legit,житель,"обычная жизнь: семья, магазины, долги друзьям"
100000005927695100,p05002,consolidator,legit,организатор тоя,собирает складчину и платит тойхане
100000003267148100,p03952,peripheral,legit,житель,"обычная жизнь: семья, магазины, долги друзьям"
100000006446869100,p04828,peripheral,legit,арендодатель,сдаёт 2 квартир(ы)
100000003968641100,p05379,peripheral,legit,арендодатель,сдаёт 1 квартир(ы)
100000008596183100,p08481,peripheral,legit,житель,"обычная жизнь: семья, магазины, долги друзьям"
100000006676269100,p09031,peripheral,legit,арендодатель,сдаёт 2 квартир(ы)
100000008955917100,p09030,consolidator,legit,организатор тоя,собирает складчину и платит тойхане
100000005678174100,p09032,peripheral,legit,рабочий,зарплата от emp_1
100000004565349100,p08867,consolidator,legit,арендодатель,сдаёт 27 квартир(ы)
100000007853816100,p06985,peripheral,legit,житель,"обычная жизнь: семья, магазины, долги друзьям"
100000008300619100,p06920,peripheral,criminal,закладчик,ячейка 5: делает клады и получает оплату
100000005129129100,p02310,peripheral,legit,житель,"обычная жизнь: семья, магазины, долги друзьям"
100000006130601100,p04324,peripheral,legit,житель,"обычная жизнь: семья, магазины, долги друзьям"
100000002233597100,p04329,peripheral,legit,арендодатель,сдаёт 2 квартир(ы)
100000008733206100,p01363,peripheral,legit,житель,"обычная жизнь: семья, магазины, долги друзьям"
100000004538291100,p03469,peripheral,legit,житель,"обычная жизнь: семья, магазины, долги друзьям"
100000001471501100,p00013,peripheral,legit,житель,"обычная жизнь: семья, магазины, долги друзьям"
100000004929820100,p05155,peripheral,legit,житель,"обычная жизнь: семья, магазины, долги друзьям"
100000007331584100,p00096,peripheral,legit,житель,"обычная жизнь: семья, магазины, долги друзьям"
100000001587429100,p07780,peripheral,legit,житель,"обычная жизнь: семья, магазины, долги друзьям"
100000001513349100,p06941,peripheral,legit,житель,"обычная жизнь: семья, магазины, долги друзьям"
100000006421231100,p09360,peripheral,legit,житель,"обычная жизнь: семья, магазины, долги друзьям"
100000005167102100,p03471,peripheral,legit,житель,"обычная жизнь: семья, магазины, долги друзьям"
100000000384734100,p06259,peripheral,legit,житель,"обычная жизнь: семья, магазины, долги друзьям"
100000006378684100,hall_1,terminal,legit,тойхана,предоплаты за банкеты
100000001259593100,emp_6,distributor,legit,работодатель,автосервис: платит зарплату 21 сотрудникам
100000000374191100,p07110,peripheral,legit,житель,"обычная жизнь: семья, магазины, долги друзьям"
100000004572154100,p08584,consolidator,legit,арендодатель,сдаёт 4 квартир(ы)
100000004077986100,p08581,peripheral,legit,житель,"обычная жизнь: семья, магазины, долги друзьям"
100000004036246100,p05150,peripheral,legit,житель,"обычная жизнь: семья, магазины, долги друзьям"
100000003154347100,p04318,peripheral,legit,житель,"обычная жизнь: семья, магазины, долги друзьям"
100000008877263100,p04705,peripheral,legit,житель,"обычная жизнь: семья, магазины, долги друзьям"
100000007006451100,p05939,peripheral,legit,родня,родственник p05940: переводы туда-обратно
100000007358337100,p02558,peripheral,legit,арендодатель,сдаёт 2 квартир(ы)
100000002470843100,p09112,peripheral,legit,арендодатель,сдаёт 1 квартир(ы)
100000008776555100,p06776,distributor,legit,бригадир,получает за объект и раздаёт бригаде
100000007817196100,p04699,peripheral,legit,рабочий,зарплата от emp_7
100000007704598100,p01671,peripheral,legit,рабочий,зарплата от emp_7
100000000284806100,p09138,peripheral,legit,рабочий,зарплата от emp_7
100000004586606100,p06536,peripheral,legit,рабочий,зарплата от emp_7
100000001618527100,p01236,peripheral,legit,рабочий,зарплата от emp_7
100000003843572100,p04793,peripheral,legit,рабочий,зарплата от emp_7
100000003846935100,p05759,peripheral,legit,рабочий,зарплата от emp_7
100000008695169100,p00108,consolidator,legit,арендодатель,сдаёт 5 квартир(ы)
100000008240012100,p07805,peripheral,legit,арендодатель,сдаёт 2 квартир(ы)
100000007330610100,p07880,peripheral,legit,родня,родственник p07879: переводы туда-обратно
100000005681514100,p01146,peripheral,legit,рабочий,зарплата от emp_9
100000002480519100,p07501,peripheral,legit,житель,"обычная жизнь: семья, магазины, долги друзьям"
100000008682287100,p06950,peripheral,legit,арендодатель,сдаёт 1 квартир(ы)
100000001132996100,p04316,peripheral,legit,житель,"обычная жизнь: семья, магазины, долги друзьям"
100000001876559100,p04371,peripheral,legit,арендодатель,сдаёт 1 квартир(ы)
100000007952658100,p07168,peripheral,legit,житель,"обычная жизнь: семья, магазины, долги друзьям"
100000002343543100,p04738,peripheral,legit,житель,"обычная жизнь: семья, магазины, долги друзьям"
100000007976712100,p04425,peripheral,legit,родня,родственник p04426: переводы туда-обратно
100000001654660100,p04461,peripheral,legit,родня,родственник p02411: переводы туда-обратно
100000005438788100,p00165,peripheral,legit,житель,"обычная жизнь: семья, магазины, долги друзьям"
100000003066151100,p00091,peripheral,legit,житель,"обычная жизнь: семья, магазины, долги друзьям"
100000001781625100,p06654,consolidator,legit,арендодатель,сдаёт 9 квартир(ы)
100000002182412100,p00095,peripheral,legit,житель,"обычная жизнь: семья, магазины, долги друзьям"
100000001271283100,p02078,peripheral,legit,житель,"обычная жизнь: семья, магазины, долги друзьям"
100000008119653100,p02427,peripheral,legit,житель,"обычная жизнь: семья, магазины, долги друзьям"
100000002959087100,p02431,peripheral,legit,житель,"обычная жизнь: семья, магазины, долги друзьям"
100000004989499100,p06471,peripheral,legit,владелец бизнеса,владелец shop_2
100000004812736100,p02655,peripheral,legit,житель,"обычная жизнь: семья, магазины, долги друзьям"
100000005667132100,p04031,peripheral,legit,житель,"обычная жизнь: семья, магазины, долги друзьям"
100000006875891100,p01316,peripheral,legit,житель,"обычная жизнь: семья, магазины, долги друзьям"
100000008898371100,p07786,coordinator,criminal,координатор ячейки,ячейка 4: собирает со сборщиков и платит курьерам и выше
100000007459888100,p05853,peripheral,legit,родня,родственник p01204: переводы туда-обратно
100000005101896100,p05106,peripheral,legit,житель,"обычная жизнь: семья, магазины, долги друзьям"
100000003864385100,p05875,peripheral,legit,родня,родственник p05876: переводы туда-обратно
100000007275149100,p06255,peripheral,legit,житель,"обычная жизнь: семья, магазины, долги друзьям"
100000005126114100,p07643,peripheral,legit,житель,"обычная жизнь: семья, магазины, долги друзьям"
100000002081549100,p05504,peripheral,legit,житель,"обычная жизнь: семья, магазины, долги друзьям"
100000007112237100,p07536,peripheral,legit,родня,родственник p08055: переводы туда-обратно
100000004972825100,p05838,consolidator,legit,арендодатель,сдаёт 6 квартир(ы)
100000004877275100,p08050,peripheral,legit,житель,"обычная жизнь: семья, магазины, долги друзьям"
100000006478399100,p03278,consolidator,legit,организатор тоя,собирает складчину и платит тойхане
100000004489737100,p05465,peripheral,legit,житель,"обычная жизнь: семья, магазины, долги друзьям"
100000006531210100,p00211,consolidator,legit,организатор тоя,собирает складчину и платит тойхане
100000004642057100,p05786,peripheral,legit,продавец,работает в shop_28
100000007206729100,p04268,peripheral,legit,продавец,работает в shop_28
100000002876562100,p07973,peripheral,legit,житель,"обычная жизнь: семья, магазины, долги друзьям"
100000000228663100,p02375,peripheral,legit,рабочий,зарплата от emp_5
100000000133069100,p05358,peripheral,legit,таксист,арендует авто в taxi_1
100000007778074100,p02031,peripheral,legit,таксист,арендует авто в taxi_1
100000006403174100,p01195,peripheral,legit,таксист,арендует авто в taxi_1
100000006192651100,p07348,peripheral,legit,таксист,арендует авто в taxi_1
100000006607207100,p02773,peripheral,legit,житель,"обычная жизнь: семья, магазины, долги друзьям"
100000008780041100,p07358,peripheral,legit,житель,"обычная жизнь: семья, магазины, долги друзьям"
100000001980302100,emp_3,distributor,legit,работодатель,склад: платит зарплату 46 сотрудникам
100000006563845100,p02707,peripheral,legit,житель,"обычная жизнь: семья, магазины, долги друзьям"
100000000121110100,p07852,peripheral,legit,рабочий,зарплата от emp_3
100000001528469100,p07935,peripheral,legit,житель,"обычная жизнь: семья, магазины, долги друзьям"
100000005725598100,p08898,peripheral,legit,житель,"обычная жизнь: семья, магазины, долги друзьям"
100000007827310100,p03133,peripheral,legit,житель,"обычная жизнь: семья, магазины, долги друзьям"
100000006884144100,p06846,peripheral,legit,арендодатель,сдаёт 1 квартир(ы)
100000007974523100,p03853,peripheral,legit,продавец,работает в shop_53
100000003941554100,p04650,peripheral,legit,продавец,работает в shop_53
100000007451588100,p01733,peripheral,legit,продавец,работает в shop_53
100000008314470100,p00375,peripheral,legit,житель,"обычная жизнь: семья, магазины, долги друзьям"
100000000953323100,p00324,peripheral,legit,житель,"обычная жизнь: семья, магазины, долги друзьям"
100000004805880100,p01462,peripheral,legit,житель,"обычная жизнь: семья, магазины, долги друзьям"
100000002818653100,p05022,peripheral,legit,житель,"обычная жизнь: семья, магазины, долги друзьям"
100000006337034100,p06909,consolidator,legit,организатор тоя,собирает складчину и платит тойхане
100000008478036100,p06878,peripheral,legit,житель,"обычная жизнь: семья, магазины, долги друзьям"
100000007843316100,p09278,peripheral,legit,родня,родственник p09276: переводы туда-обратно
100000004988897100,p05530,terminal,criminal,кошелёк,"деньги оседают: наличные, авто, недвижимость"
100000006775041100,p05755,distributor,criminal,распределитель-зарплатчик,ячейка 3: платит курьерам раз в неделю
100000001568544100,p00662,peripheral,legit,житель,"обычная жизнь: семья, магазины, долги друзьям"
100000005335397100,p07750,peripheral,legit,арендодатель,сдаёт 1 квартир(ы)
100000003249299100,p05406,peripheral,legit,житель,"обычная жизнь: семья, магазины, долги друзьям"
100000001183851100,p01142,peripheral,legit,житель,"обычная жизнь: семья, магазины, долги друзьям"
100000004185070100,p06972,peripheral,legit,арендодатель,сдаёт 2 квартир(ы)
100000001376551100,p06294,peripheral,legit,житель,"обычная жизнь: семья, магазины, долги друзьям"
100000006779919100,p05043,peripheral,legit,родня,родственник p03947: переводы туда-обратно
100000002027247100,p06051,peripheral,legit,житель,"обычная жизнь: семья, магазины, долги друзьям"
100000005949014100,p03881,peripheral,legit,житель,"обычная жизнь: семья, магазины, долги друзьям"
100000001804808100,p01586,peripheral,legit,житель,"обычная жизнь: семья, магазины, долги друзьям"
100000007951934100,p02615,peripheral,legit,житель,"обычная жизнь: семья, магазины, долги друзьям"
100000005728836100,p09221,peripheral,legit,арендодатель,сдаёт 3 квартир(ы)
100000004766876100,p06642,peripheral,legit,житель,"обычная жизнь: семья, магазины, долги друзьям"
100000005407826100,p06613,peripheral,legit,житель,"обычная жизнь: семья, магазины, долги друзьям"
100000003486638100,p05773,peripheral,legit,житель,"обычная жизнь: семья, магазины, долги друзьям"
100000008422489100,p05821,peripheral,legit,житель,"обычная жизнь: семья, магазины, долги друзьям"
100000006419775100,p08303,peripheral,legit,житель,"обычная жизнь: семья, магазины, долги друзьям"
100000007740654100,p08391,peripheral,legit,житель,"обычная жизнь: семья, магазины, долги друзьям"
100000007510382100,p04983,peripheral,legit,житель,"обычная жизнь: семья, магазины, долги друзьям"
100000005218587100,p03321,peripheral,legit,житель,"обычная жизнь: семья, магазины, долги друзьям"
100000002513063100,p09241,peripheral,legit,житель,"обычная жизнь: семья, магазины, долги друзьям"
100000008019183100,p08593,peripheral,legit,житель,"обычная жизнь: семья, магазины, долги друзьям"
100000001321666100,p01103,peripheral,legit,житель,"обычная жизнь: семья, магазины, долги друзьям"
100000006485406100,p08732,peripheral,legit,житель,"обычная жизнь: семья, магазины, долги друзьям"
100000001813514100,p04206,peripheral,legit,рабочий,зарплата от emp_3
100000006979219100,p02898,consolidator,legit,арендодатель,сдаёт 7 квартир(ы)
100000008285013100,p09052,peripheral,legit,житель,"обычная жизнь: семья, магазины, долги друзьям"
100000002624742100,p09133,peripheral,legit,житель,"обычная жизнь: семья, магазины, долги друзьям"
100000004603534100,p01120,peripheral,legit,житель,"обычная жизнь: семья, магазины, долги друзьям"
100000004479469100,p03910,peripheral,legit,житель,"обычная жизнь: семья, магазины, долги друзьям"
100000001691319100,p04879,peripheral,legit,житель,"обычная жизнь: семья, магазины, долги друзьям"
100000003885500100,p04878,peripheral,legit,житель,"обычная жизнь: семья, магазины, долги друзьям"
100000006572707100,p08925,consolidator,legit,арендодатель,сдаёт 10 квартир(ы)
100000007669105100,p06315,distributor,criminal,распределитель-зарплатчик,ячейка 5: платит курьерам раз в неделю
100000006473367100,p08729,peripheral,legit,арендодатель,сдаёт 2 квартир(ы)
100000007824051100,p08602,peripheral,legit,родня,родственник p08606: переводы туда-обратно
100000004465644100,p02810,consolidator,legit,арендодатель,сдаёт 5 квартир(ы)
100000005315051100,p03725,peripheral,legit,житель,"обычная жизнь: семья, магазины, долги друзьям"
100000001637904100,p03685,peripheral,legit,житель,"обычная жизнь: семья, магазины, долги друзьям"
100000004256284100,p02803,peripheral,legit,житель,"обычная жизнь: семья, магазины, долги друзьям"
100000008224079100,p01276,peripheral,legit,житель,"обычная жизнь: семья, магазины, долги друзьям"
100000000619995100,p05618,peripheral,legit,житель,"обычная жизнь: семья, магазины, долги друзьям"
100000000265004100,p02892,peripheral,legit,житель,"обычная жизнь: семья, магазины, долги друзьям"
100000001347343100,p02891,peripheral,legit,житель,"обычная жизнь: семья, магазины, долги друзьям"
100000001808724100,p06956,peripheral,legit,родня,родственник p06959: переводы туда-обратно
100000007040908100,p08455,peripheral,legit,житель,"обычная жизнь: семья, магазины, долги друзьям"
100000002584758100,p09295,peripheral,legit,житель,"обычная жизнь: семья, магазины, долги друзьям"
100000008646377100,p00204,consolidator,legit,организатор тоя,собирает складчину и платит тойхане
100000001525264100,p00362,peripheral,legit,житель,"обычная жизнь: семья, магазины, долги друзьям"
100000000317040100,p00369,peripheral,legit,житель,"обычная жизнь: семья, магазины, долги друзьям"
100000008965713100,p03109,peripheral,legit,житель,"обычная жизнь: семья, магазины, долги друзьям"
100000002278204100,p03151,peripheral,legit,житель,"обычная жизнь: семья, магазины, долги друзьям"
100000008251265100,p03063,peripheral,legit,житель,"обычная жизнь: семья, магазины, долги друзьям"
100000006419898100,p07632,peripheral,legit,рабочий,зарплата от emp_1
100000004671436100,p08174,peripheral,legit,житель,"обычная жизнь: семья, магазины, долги друзьям"
100000004336531100,p05470,peripheral,legit,житель,"обычная жизнь: семья, магазины, долги друзьям"
100000004015295100,p04493,peripheral,legit,житель,"обычная жизнь: семья, магазины, долги друзьям"
100000000716884100,p07245,peripheral,legit,житель,"обычная жизнь: семья, магазины, долги друзьям"
100000008882527100,p02622,peripheral,legit,житель,"обычная жизнь: семья, магазины, долги друзьям"
100000006912427100,p02620,peripheral,legit,рабочий,зарплата от emp_10
100000007718064100,p09155,consolidator,legit,арендодатель,сдаёт 4 квартир(ы)
100000004077464100,p09115,peripheral,legit,житель,"обычная жизнь: семья, магазины, долги друзьям"
100000006220466100,p05905,peripheral,legit,житель,"обычная жизнь: семья, магазины, долги друзьям"
100000008412067100,p00250,peripheral,legit,житель,"обычная жизнь: семья, магазины, долги друзьям"
100000003656191100,p05311,peripheral,legit,рабочий,зарплата от emp_9
100000002883937100,p08536,peripheral,legit,родня,родственник p08535: переводы туда-обратно
100000003020825100,p05181,peripheral,legit,рабочий,зарплата от emp_10
100000008686525100,p05194,peripheral,legit,житель,"обычная жизнь: семья, магазины, долги друзьям"
100000003092368100,p07080,peripheral,legit,житель,"обычная жизнь: семья, магазины, долги друзьям"
100000000118525100,p07078,peripheral,legit,житель,"обычная жизнь: семья, магазины, долги друзьям"
100000003047024100,p04475,peripheral,legit,житель,"обычная жизнь: семья, магазины, долги друзьям"
100000000549770100,p02930,peripheral,legit,житель,"обычная жизнь: семья, магазины, долги друзьям"
100000002673421100,p02987,peripheral,legit,житель,"обычная жизнь: семья, магазины, долги друзьям"
100000001105526100,p08422,peripheral,legit,житель,"обычная жизнь: семья, магазины, долги друзьям"
100000000327815100,p07584,peripheral,legit,арендодатель,сдаёт 1 квартир(ы)
100000008642627100,p04290,peripheral,legit,житель,"обычная жизнь: семья, магазины, долги друзьям"
100000002158971100,p03303,peripheral,legit,житель,"обычная жизнь: семья, магазины, долги друзьям"
100000000799033100,p03301,peripheral,legit,житель,"обычная жизнь: семья, магазины, долги друзьям"
100000007415794100,p02591,peripheral,legit,житель,"обычная жизнь: семья, магазины, долги друзьям"
100000008242646100,p07021,peripheral,legit,житель,"обычная жизнь: семья, магазины, долги друзьям"
100000007744647100,p07208,peripheral,legit,житель,"обычная жизнь: семья, магазины, долги друзьям"
100000005735815100,p06104,peripheral,legit,арендодатель,сдаёт 3 квартир(ы)
100000007834874100,p03895,peripheral,legit,владелец бизнеса,владелец shop_38
100000007449869100,p03233,peripheral,legit,житель,"обычная жизнь: семья, магазины, долги друзьям"
100000007746630100,p05879,peripheral,legit,продавец,работает в shop_83
100000003302178100,p06427,peripheral,legit,житель,"обычная жизнь: семья, магазины, долги друзьям"
100000002498657100,p03606,peripheral,legit,житель,"обычная жизнь: семья, магазины, долги друзьям"
100000002151473100,p06881,peripheral,legit,родня,родственник p06882: переводы туда-обратно
100000008649653100,p06880,peripheral,legit,рабочий,зарплата от emp_1
100000006991552100,p08512,peripheral,legit,арендодатель,сдаёт 3 квартир(ы)
100000002624551100,p09293,peripheral,legit,житель,"обычная жизнь: семья, магазины, долги друзьям"
100000005505753100,p09291,peripheral,legit,житель,"обычная жизнь: семья, магазины, долги друзьям"
100000000672182100,p09316,peripheral,legit,житель,"обычная жизнь: семья, магазины, долги друзьям"
100000003730595100,p03203,peripheral,legit,житель,"обычная жизнь: семья, магазины, долги друзьям"
100000008325281100,p01891,peripheral,legit,житель,"обычная жизнь: семья, магазины, долги друзьям"
100000002605327100,p01893,peripheral,legit,житель,"обычная жизнь: семья, магазины, долги друзьям"
100000008655724100,p02028,peripheral,legit,житель,"обычная жизнь: семья, магазины, долги друзьям"
100000008053609100,p02077,peripheral,legit,житель,"обычная жизнь: семья, магазины, долги друзьям"
100000001688016100,p02045,peripheral,legit,житель,"обычная жизнь: семья, магазины, долги друзьям"
100000007610870100,p01949,peripheral,legit,житель,"обычная жизнь: семья, магазины, долги друзьям"
100000003307092100,p04484,peripheral,legit,житель,"обычная жизнь: семья, магазины, долги друзьям"
100000003140281100,p08741,peripheral,legit,житель,"обычная жизнь: семья, магазины, долги друзьям"
100000000082243100,p08740,peripheral,legit,житель,"обычная жизнь: семья, магазины, долги друзьям"
100000000035912100,p06356,consolidator,legit,арендодатель,сдаёт 7 квартир(ы)
100000004395942100,p09098,peripheral,legit,житель,"обычная жизнь: семья, магазины, долги друзьям"
100000001838272100,p09152,peripheral,legit,житель,"обычная жизнь: семья, магазины, долги друзьям"
100000006400809100,p02114,peripheral,legit,рабочий,зарплата от emp_1
100000003756186100,p02813,peripheral,legit,житель,"обычная жизнь: семья, магазины, долги друзьям"
100000000715816100,p03136,peripheral,legit,житель,"обычная жизнь: семья, магазины, долги друзьям"
100000008080308100,p04065,peripheral,legit,житель,"обычная жизнь: семья, магазины, долги друзьям"
100000002086961100,p04667,peripheral,legit,житель,"обычная жизнь: семья, магазины, долги друзьям"
100000003506403100,p02476,peripheral,legit,житель,"обычная жизнь: семья, магазины, долги друзьям"
100000005908049100,p01014,peripheral,legit,арендодатель,сдаёт 3 квартир(ы)
100000006066863100,p03983,peripheral,legit,житель,"обычная жизнь: семья, магазины, долги друзьям"
100000003403396100,p03073,peripheral,legit,житель,"обычная жизнь: семья, магазины, долги друзьям"
100000002527940100,p07007,peripheral,legit,житель,"обычная жизнь: семья, магазины, долги друзьям"
100000000789265100,p01728,peripheral,legit,родня,родственник p01729: переводы туда-обратно
100000008404582100,p01781,peripheral,legit,владелец бизнеса,владелец emp_13
100000004865430100,p03890,peripheral,legit,житель,"обычная жизнь: семья, магазины, долги друзьям"
100000007341438100,p04958,peripheral,legit,рабочий,зарплата от emp_10
100000001625179100,p04585,peripheral,legit,житель,"обычная жизнь: семья, магазины, долги друзьям"
100000004205332100,p05363,peripheral,legit,житель,"обычная жизнь: семья, магазины, долги друзьям"
100000002296261100,p08191,peripheral,legit,житель,"обычная жизнь: семья, магазины, долги друзьям"
100000005982403100,emp_10,distributor,legit,работодатель,склад: платит зарплату 60 сотрудникам
100000007171786100,p04372,peripheral,legit,житель,"обычная жизнь: семья, магазины, долги друзьям"
100000002262536100,p03041,peripheral,legit,житель,"обычная жизнь: семья, магазины, долги друзьям"
100000002046238100,p06839,peripheral,legit,житель,"обычная жизнь: семья, магазины, долги друзьям"
100000006534561100,p07096,peripheral,legit,житель,"обычная жизнь: семья, магазины, долги друзьям"
100000000671330100,p08334,peripheral,legit,клиент P2P,покупает/продаёт крипту у p06318
100000007032902100,p08974,peripheral,legit,житель,"обычная жизнь: семья, магазины, долги друзьям"
100000005353427100,p06075,consolidator,legit,организатор тоя,собирает складчину и платит тойхане
100000002708583100,p06077,peripheral,legit,житель,"обычная жизнь: семья, магазины, долги друзьям"
100000008626138100,p06164,peripheral,legit,житель,"обычная жизнь: семья, магазины, долги друзьям"
100000007042698100,p06299,peripheral,legit,житель,"обычная жизнь: семья, магазины, долги друзьям"
100000007588702100,p04778,peripheral,legit,житель,"обычная жизнь: семья, магазины, долги друзьям"
100000006974012100,p08868,peripheral,legit,житель,"обычная жизнь: семья, магазины, долги друзьям"
100000001112989100,p08869,peripheral,legit,житель,"обычная жизнь: семья, магазины, долги друзьям"
100000006531021100,p08789,peripheral,legit,житель,"обычная жизнь: семья, магазины, долги друзьям"
100000004131776100,p01861,peripheral,legit,житель,"обычная жизнь: семья, магазины, долги друзьям"
100000000572478100,p01859,peripheral,legit,рабочий,зарплата от emp_12
100000005211846100,p05989,peripheral,legit,житель,"обычная жизнь: семья, магазины, долги друзьям"
100000005930299100,p05985,peripheral,legit,житель,"обычная жизнь: семья, магазины, долги друзьям"
100000003834208100,p05595,peripheral,legit,родня,родственник p05598: переводы туда-обратно
100000000250847100,p05634,peripheral,legit,житель,"обычная жизнь: семья, магазины, долги друзьям"
100000005220772100,p02237,peripheral,criminal,закладчик,ячейка 5: делает клады и получает оплату
100000008813656100,p04260,peripheral,legit,житель,"обычная жизнь: семья, магазины, долги друзьям"
100000007739879100,emp_4,distributor,legit,работодатель,стройфирма: платит зарплату 15 сотрудникам
100000000170843100,p05254,peripheral,legit,арендодатель,сдаёт 1 квартир(ы)
100000005881828100,p01380,peripheral,legit,арендодатель,сдаёт 2 квартир(ы)
100000007620711100,p06643,peripheral,legit,житель,"обычная жизнь: семья, магазины, долги друзьям"
100000000568852100,p01041,peripheral,legit,житель,"обычная жизнь: семья, магазины, долги друзьям"
100000008040201100,p02838,peripheral,legit,житель,"обычная жизнь: семья, магазины, долги друзьям"
100000003308999100,p02696,peripheral,legit,арендодатель,сдаёт 1 квартир(ы)
100000007101717100,p03620,peripheral,legit,житель,"обычная жизнь: семья, магазины, долги друзьям"
100000004552386100,p01651,peripheral,legit,житель,"обычная жизнь: семья, магазины, долги друзьям"
100000002816679100,p04387,peripheral,legit,житель,"обычная жизнь: семья, магазины, долги друзьям"
100000002402182100,p00691,peripheral,legit,арендодатель,сдаёт 3 квартир(ы)
100000000269552100,p06258,peripheral,legit,житель,"обычная жизнь: семья, магазины, долги друзьям"
100000001735621100,p04713,peripheral,legit,арендодатель,сдаёт 3 квартир(ы)
100000008344323100,p03656,peripheral,legit,житель,"обычная жизнь: семья, магазины, долги друзьям"
100000005897455100,p03498,peripheral,legit,житель,"обычная жизнь: семья, магазины, долги друзьям"
100000005328339100,p07325,peripheral,legit,житель,"обычная жизнь: семья, магазины, долги друзьям"
100000002647362100,p03539,peripheral,legit,житель,"обычная жизнь: семья, магазины, долги друзьям"
100000003924607100,p03487,peripheral,legit,житель,"обычная жизнь: семья, магазины, долги друзьям"
100000005138177100,p03528,peripheral,legit,житель,"обычная жизнь: семья, магазины, долги друзьям"
100000003384179100,p03537,peripheral,legit,житель,"обычная жизнь: семья, магазины, долги друзьям"
100000008895783100,p03625,peripheral,legit,житель,"обычная жизнь: семья, магазины, долги друзьям"
100000005937723100,p05389,peripheral,legit,житель,"обычная жизнь: семья, магазины, долги друзьям"
100000007503163100,p07607,peripheral,legit,клиент P2P,покупает/продаёт крипту у p06318
100000008662183100,p07543,peripheral,legit,житель,"обычная жизнь: семья, магазины, долги друзьям"
100000000398785100,p06991,peripheral,legit,житель,"обычная жизнь: семья, магазины, долги друзьям"
100000007740120100,p05183,peripheral,legit,родня,родственник p05182: переводы туда-обратно
100000006258875100,p04933,peripheral,legit,житель,"обычная жизнь: семья, магазины, долги друзьям"
100000000044349100,p09289,peripheral,legit,житель,"обычная жизнь: семья, магазины, долги друзьям"
100000001595942100,p06436,peripheral,legit,житель,"обычная жизнь: семья, магазины, долги друзьям"
100000008601608100,p00270,peripheral,legit,арендодатель,сдаёт 1 квартир(ы)
100000005379553100,p04133,peripheral,legit,житель,"обычная жизнь: семья, магазины, долги друзьям"
100000002186428100,p07186,peripheral,legit,житель,"обычная жизнь: семья, магазины, долги друзьям"
100000000204015100,p07427,peripheral,legit,житель,"обычная жизнь: семья, магазины, долги друзьям"
100000007747705100,p00757,peripheral,legit,житель,"обычная жизнь: семья, магазины, долги друзьям"
100000005947859100,p07201,peripheral,legit,житель,"обычная жизнь: семья, магазины, долги друзьям"
100000000156824100,p04298,peripheral,legit,житель,"обычная жизнь: семья, магазины, долги друзьям"
100000003397776100,p04277,peripheral,legit,житель,"обычная жизнь: семья, магазины, долги друзьям"
100000004656613100,p04239,peripheral,legit,житель,"обычная жизнь: семья, магазины, долги друзьям"
100000000782764100,p07641,peripheral,legit,житель,"обычная жизнь: семья, магазины, долги друзьям"
100000003371113100,p09318,peripheral,legit,житель,"обычная жизнь: семья, магазины, долги друзьям"
100000007548083100,p01267,peripheral,legit,житель,"обычная жизнь: семья, магазины, долги друзьям"
100000005170610100,p01185,peripheral,legit,житель,"обычная жизнь: семья, магазины, долги друзьям"
100000001122110100,p02775,peripheral,legit,житель,"обычная жизнь: семья, магазины, долги друзьям"
100000001483844100,p04943,peripheral,legit,арендодатель,сдаёт 3 квартир(ы)
100000006598645100,p01501,peripheral,legit,житель,"обычная жизнь: семья, магазины, долги друзьям"
100000002343344100,p03492,peripheral,legit,житель,"обычная жизнь: семья, магазины, долги друзьям"
100000003668483100,p02393,peripheral,legit,житель,"обычная жизнь: семья, магазины, долги друзьям"
100000006390670100,p02434,peripheral,legit,житель,"обычная жизнь: семья, магазины, долги друзьям"
100000008696721100,p02394,peripheral,legit,житель,"обычная жизнь: семья, магазины, долги друзьям"
100000008055475100,p02492,consolidator,legit,организатор тоя,собирает складчину и платит тойхане
100000005694105100,p02493,peripheral,legit,житель,"обычная жизнь: семья, магазины, долги друзьям"
100000005213985100,p04293,peripheral,legit,житель,"обычная жизнь: семья, магазины, долги друзьям"
100000004699276100,p07825,consolidator,legit,арендодатель,сдаёт 8 квартир(ы)
100000001031274100,p01659,peripheral,legit,житель,"обычная жизнь: семья, магазины, долги друзьям"
100000001956305100,p01596,peripheral,legit,клиент P2P,покупает/продаёт крипту у p04681
100000005173952100,p01629,peripheral,legit,житель,"обычная жизнь: семья, магазины, долги друзьям"
100000003668528100,p08006,peripheral,legit,арендодатель,сдаёт 2 квартир(ы)
100000001428360100,p08067,peripheral,legit,житель,"обычная жизнь: семья, магазины, долги друзьям"
100000006014325100,p08072,peripheral,legit,житель,"обычная жизнь: семья, магазины, долги друзьям"
100000005893906100,p08025,peripheral,legit,житель,"обычная жизнь: семья, магазины, долги друзьям"
100000005258251100,p05123,peripheral,legit,рабочий,зарплата от emp_9
100000001511805100,p03982,peripheral,legit,рабочий,зарплата от emp_9
100000001317807100,p09093,peripheral,legit,рабочий,зарплата от emp_9
100000007567067100,p02651,peripheral,legit,рабочий,зарплата от emp_9
100000001941966100,p01154,peripheral,legit,рабочий,зарплата от emp_9
100000008380849100,p04220,peripheral,legit,рабочий,зарплата от emp_9
100000002579041100,p00763,peripheral,legit,рабочий,зарплата от emp_9
100000008608809100,p04676,peripheral,legit,рабочий,зарплата от emp_9
100000007188527100,p01657,peripheral,legit,рабочий,зарплата от emp_9
100000005612452100,p06093,peripheral,legit,рабочий,зарплата от emp_9
100000005911416100,p06676,peripheral,legit,арендодатель,сдаёт 2 квартир(ы)
100000008646410100,p09225,peripheral,legit,рабочий,зарплата от emp_9
100000008551401100,p02789,peripheral,legit,рабочий,зарплата от emp_9
100000002034216100,p06488,peripheral,legit,рабочий,зарплата от emp_9
100000000971263100,p05540,peripheral,legit,рабочий,зарплата от emp_9
100000003299172100,p02086,peripheral,legit,арендодатель,сдаёт 3 квартир(ы)
100000002372803100,p03268,peripheral,legit,рабочий,зарплата от emp_9
100000002963327100,p00088,peripheral,legit,житель,"обычная жизнь: семья, магазины, долги друзьям"
100000005730190100,p00140,peripheral,legit,арендодатель,сдаёт 3 квартир(ы)
100000008827709100,p04034,peripheral,criminal,закладчик,ячейка 7: делает клады и получает оплату
100000003809958100,p00185,peripheral,legit,родня,родственник p00187: переводы туда-обратно
100000001292448100,p00046,peripheral,legit,житель,"обычная жизнь: семья, магазины, долги друзьям"
100000005300333100,p04348,peripheral,legit,житель,"обычная жизнь: семья, магазины, долги друзьям"
100000001577651100,p00430,peripheral,legit,житель,"обычная жизнь: семья, магазины, долги друзьям"
100000004885963100,p01706,peripheral,legit,житель,"обычная жизнь: семья, магазины, долги друзьям"
100000008098653100,p01827,peripheral,legit,житель,"обычная жизнь: семья, магазины, долги друзьям"
100000004688159100,p05999,peripheral,legit,арендодатель,сдаёт 1 квартир(ы)
100000002668475100,p05083,peripheral,legit,житель,"обычная жизнь: семья, магазины, долги друзьям"
100000008889161100,p03763,peripheral,legit,житель,"обычная жизнь: семья, магазины, долги друзьям"
100000002543634100,p04734,peripheral,legit,житель,"обычная жизнь: семья, магазины, долги друзьям"
100000001379131100,p07832,peripheral,legit,арендодатель,сдаёт 2 квартир(ы)
100000000173457100,p07614,peripheral,legit,житель,"обычная жизнь: семья, магазины, долги друзьям"
100000006043599100,p04871,peripheral,legit,родня,родственник p04874: переводы туда-обратно
100000003987103100,p03317,peripheral,legit,житель,"обычная жизнь: семья, магазины, долги друзьям"
100000001436844100,p03316,peripheral,legit,житель,"обычная жизнь: семья, магазины, долги друзьям"
100000006327582100,p06746,peripheral,legit,житель,"обычная жизнь: семья, магазины, долги друзьям"
100000004881032100,p01109,peripheral,legit,житель,"обычная жизнь: семья, магазины, долги друзьям"
100000001201199100,p06023,peripheral,legit,житель,"обычная жизнь: семья, магазины, долги друзьям"
100000002886449100,p06022,peripheral,legit,житель,"обычная жизнь: семья, магазины, долги друзьям"
100000003686716100,p04525,peripheral,legit,житель,"обычная жизнь: семья, магазины, долги друзьям"
100000006072483100,p03863,consolidator,legit,арендодатель,сдаёт 4 квартир(ы)
100000002136040100,p04900,consolidator,legit,арендодатель,сдаёт 5 квартир(ы)
100000006736754100,p03680,peripheral,legit,родня,родственник p03679: переводы туда-обратно
100000000505543100,p03865,peripheral,legit,житель,"обычная жизнь: семья, магазины, долги друзьям"
100000000189900100,p08964,peripheral,legit,житель,"обычная жизнь: семья, магазины, долги друзьям"
100000008547861100,p06266,peripheral,legit,житель,"обычная жизнь: семья, магазины, долги друзьям"
100000005464165100,p04512,peripheral,legit,арендодатель,сдаёт 3 квартир(ы)
100000006085257100,p02963,peripheral,legit,житель,"обычная жизнь: семья, магазины, долги друзьям"
100000001522728100,p02896,peripheral,legit,житель,"обычная жизнь: семья, магазины, долги друзьям"
100000005402716100,p08744,peripheral,legit,клиент P2P,покупает/продаёт крипту у p04681
100000005119657100,p04095,peripheral,legit,житель,"обычная жизнь: семья, магазины, долги друзьям"
100000007218725100,p07484,peripheral,legit,житель,"обычная жизнь: семья, магазины, долги друзьям"
100000004325091100,p08405,peripheral,legit,житель,"обычная жизнь: семья, магазины, долги друзьям"
100000006224530100,p04020,peripheral,legit,житель,"обычная жизнь: семья, магазины, долги друзьям"
100000006120819100,p04018,peripheral,legit,житель,"обычная жизнь: семья, магазины, долги друзьям"
100000001951230100,p04022,peripheral,legit,житель,"обычная жизнь: семья, магазины, долги друзьям"
100000003137525100,p06597,peripheral,legit,житель,"обычная жизнь: семья, магазины, долги друзьям"
100000008464534100,p06598,peripheral,legit,житель,"обычная жизнь: семья, магазины, долги друзьям"
100000008022347100,p03703,peripheral,legit,рабочий,зарплата от emp_1
100000004456275100,p03701,peripheral,legit,житель,"обычная жизнь: семья, магазины, долги друзьям"
100000004537606100,p05850,peripheral,legit,житель,"обычная жизнь: семья, магазины, долги друзьям"
100000004191643100,p05852,peripheral,legit,житель,"обычная жизнь: семья, магазины, долги друзьям"
100000007056494100,p08487,peripheral,legit,рабочий,зарплата от emp_10
100000007535052100,p08285,consolidator,legit,арендодатель,сдаёт 4 квартир(ы)
100000006811017100,p02144,peripheral,legit,житель,"обычная жизнь: семья, магазины, долги друзьям"
100000000896863100,p02887,peripheral,legit,житель,"обычная жизнь: семья, магазины, долги друзьям"
100000008849773100,p02146,peripheral,legit,житель,"обычная жизнь: семья, магазины, долги друзьям"
100000007036426100,p00751,peripheral,legit,житель,"обычная жизнь: семья, магазины, долги друзьям"
100000005273286100,p00728,peripheral,legit,житель,"обычная жизнь: семья, магазины, долги друзьям"
100000005514537100,p00749,consolidator,legit,организатор тоя,собирает складчину и платит тойхане
100000001894356100,p03221,peripheral,legit,житель,"обычная жизнь: семья, магазины, долги друзьям"
100000007033934100,p03612,peripheral,legit,житель,"обычная жизнь: семья, магазины, долги друзьям"
100000008770796100,p03460,peripheral,legit,житель,"обычная жизнь: семья, магазины, долги друзьям"
100000002641335100,p00261,peripheral,legit,житель,"обычная жизнь: семья, магазины, долги друзьям"
100000005666622100,p00961,peripheral,legit,житель,"обычная жизнь: семья, магазины, долги друзьям"
100000001769451100,p00964,peripheral,legit,житель,"обычная жизнь: семья, магазины, долги друзьям"
100000008035249100,p05924,peripheral,legit,житель,"обычная жизнь: семья, магазины, долги друзьям"
100000002241211100,p08939,peripheral,legit,житель,"обычная жизнь: семья, магазины, долги друзьям"
100000006197624100,p00203,consolidator,legit,арендодатель,сдаёт 5 квартир(ы)
100000002531954100,p02787,peripheral,legit,житель,"обычная жизнь: семья, магазины, долги друзьям"
100000008334468100,p08555,peripheral,legit,житель,"обычная жизнь: семья, магазины, долги друзьям"
100000005915544100,p01256,peripheral,legit,арендодатель,сдаёт 2 квартир(ы)
100000007317176100,p01275,peripheral,legit,житель,"обычная жизнь: семья, магазины, долги друзьям"
100000005342830100,p04445,consolidator,legit,арендодатель,сдаёт 5 квартир(ы)
100000006216903100,p07159,peripheral,legit,житель,"обычная жизнь: семья, магазины, долги друзьям"
100000005168121100,p07161,peripheral,legit,житель,"обычная жизнь: семья, магазины, долги друзьям"
100000008768907100,p07815,peripheral,legit,житель,"обычная жизнь: семья, магазины, долги друзьям"
100000006012413100,p05901,peripheral,legit,житель,"обычная жизнь: семья, магазины, долги друзьям"
100000008804450100,p03580,peripheral,legit,житель,"обычная жизнь: семья, магазины, долги друзьям"
100000005110677100,p06886,peripheral,legit,житель,"обычная жизнь: семья, магазины, долги друзьям"
100000003418823100,p07716,peripheral,legit,рабочий,зарплата от emp_5
100000006964270100,p07551,peripheral,legit,арендодатель,сдаёт 3 квартир(ы)
100000007571899100,p04683,consolidator,legit,организатор тоя,собирает складчину и платит тойхане
100000004051734100,p04647,peripheral,legit,рабочий,зарплата от emp_1
100000005437776100,p07593,peripheral,legit,житель,"обычная жизнь: семья, магазины, долги друзьям"
100000002909260100,p07636,peripheral,legit,житель,"обычная жизнь: семья, магазины, долги друзьям"
100000007651753100,p06904,distributor,criminal,распределитель-зарплатчик,ячейка 7: платит курьерам раз в неделю
100000000203464100,p02642,peripheral,legit,житель,"обычная жизнь: семья, магазины, долги друзьям"
100000000146561100,p02660,peripheral,legit,житель,"обычная жизнь: семья, магазины, долги друзьям"
100000006978278100,p06320,peripheral,legit,житель,"обычная жизнь: семья, магазины, долги друзьям"
100000005349378100,p08105,peripheral,legit,житель,"обычная жизнь: семья, магазины, долги друзьям"
100000006297540100,p03564,peripheral,legit,житель,"обычная жизнь: семья, магазины, долги друзьям"
100000005056992100,p03032,peripheral,legit,житель,"обычная жизнь: семья, магазины, долги друзьям"
100000008726230100,p03570,peripheral,criminal,закладчик,ячейка 7: делает клады и получает оплату
100000002479134100,p01445,peripheral,legit,житель,"обычная жизнь: семья, магазины, долги друзьям"
100000005724058100,p01418,peripheral,legit,житель,"обычная жизнь: семья, магазины, долги друзьям"
100000000686023100,p01394,peripheral,legit,житель,"обычная жизнь: семья, магазины, долги друзьям"
100000003315263100,p05386,peripheral,legit,житель,"обычная жизнь: семья, магазины, долги друзьям"
100000008392990100,p01293,peripheral,legit,житель,"обычная жизнь: семья, магазины, долги друзьям"
100000008462773100,p01737,peripheral,legit,житель,"обычная жизнь: семья, магазины, долги друзьям"
100000005691094100,p01754,peripheral,legit,житель,"обычная жизнь: семья, магазины, долги друзьям"
100000001212671100,p04549,peripheral,criminal,закладчик,ячейка 5: делает клады и получает оплату
100000004142358100,p04640,peripheral,legit,житель,"обычная жизнь: семья, магазины, долги друзьям"
100000000375151100,p05050,peripheral,legit,житель,"обычная жизнь: семья, магазины, долги друзьям"
100000000898374100,p00816,peripheral,legit,житель,"обычная жизнь: семья, магазины, долги друзьям"
100000002022879100,p07137,peripheral,legit,рабочий,зарплата от emp_12
100000008366308100,p08126,peripheral,legit,житель,"обычная жизнь: семья, магазины, долги друзьям"
100000003082266100,p03996,peripheral,legit,житель,"обычная жизнь: семья, магазины, долги друзьям"
100000004429266100,p04198,peripheral,legit,житель,"обычная жизнь: семья, магазины, долги друзьям"
100000006048526100,p03795,peripheral,legit,житель,"обычная жизнь: семья, магазины, долги друзьям"
100000006354513100,p07737,peripheral,legit,житель,"обычная жизнь: семья, магазины, долги друзьям"
100000005128729100,p09009,consolidator,legit,арендодатель,сдаёт 8 квартир(ы)
100000007532593100,p07769,consolidator,legit,организатор тоя,собирает складчину и платит тойхане
100000007087839100,p07767,peripheral,legit,житель,"обычная жизнь: семья, магазины, долги друзьям"
100000002334613100,p09260,peripheral,legit,родня,родственник p09259: переводы туда-обратно
100000000204064100,p02074,peripheral,legit,житель,"обычная жизнь: семья, магазины, долги друзьям"
100000003674867100,p02353,peripheral,legit,житель,"обычная жизнь: семья, магазины, долги друзьям"
100000005458462100,p02404,peripheral,legit,житель,"обычная жизнь: семья, магазины, долги друзьям"
100000001199918100,p02474,peripheral,legit,житель,"обычная жизнь: семья, магазины, долги друзьям"
100000001604947100,p08616,peripheral,legit,житель,"обычная жизнь: семья, магазины, долги друзьям"
100000000334904100,p01456,consolidator,legit,арендодатель,сдаёт 4 квартир(ы)
100000004064916100,p01718,peripheral,legit,житель,"обычная жизнь: семья, магазины, долги друзьям"
100000006745949100,p01719,peripheral,legit,житель,"обычная жизнь: семья, магазины, долги друзьям"
100000008332174100,p01153,peripheral,legit,житель,"обычная жизнь: семья, магазины, долги друзьям"
100000000315854100,p02828,peripheral,legit,житель,"обычная жизнь: семья, магазины, долги друзьям"
100000002908922100,p02829,peripheral,legit,рабочий,зарплата от emp_0
100000008072243100,p08408,peripheral,legit,житель,"обычная жизнь: семья, магазины, долги друзьям"
100000007892503100,p01015,peripheral,legit,житель,"обычная жизнь: семья, магазины, долги друзьям"
100000006051233100,p09176,peripheral,legit,житель,"обычная жизнь: семья, магазины, долги друзьям"
100000001618429100,p09113,peripheral,legit,житель,"обычная жизнь: семья, магазины, долги друзьям"
100000005917277100,p00933,peripheral,legit,житель,"обычная жизнь: семья, магазины, долги друзьям"
100000008013566100,p00982,peripheral,legit,житель,"обычная жизнь: семья, магазины, долги друзьям"
100000001288681100,p00888,peripheral,legit,родня,родственник p00884: переводы туда-обратно
100000001953110100,p05584,peripheral,legit,житель,"обычная жизнь: семья, магазины, долги друзьям"
100000007329871100,p00544,peripheral,legit,рабочий,зарплата от emp_10
100000006864148100,p08137,peripheral,legit,житель,"обычная жизнь: семья, магазины, долги друзьям"
100000003545417100,p04733,peripheral,legit,житель,"обычная жизнь: семья, магазины, долги друзьям"
100000007004760100,p04698,peripheral,legit,житель,"обычная жизнь: семья, магазины, долги друзьям"
100000000259365100,p02824,peripheral,legit,житель,"обычная жизнь: семья, магазины, долги друзьям"
100000005792136100,p08865,consolidator,legit,арендодатель,сдаёт 4 квартир(ы)
100000003033858100,p03579,peripheral,legit,арендодатель,сдаёт 3 квартир(ы)
100000001801742100,p01134,peripheral,legit,житель,"обычная жизнь: семья, магазины, долги друзьям"
100000006733887100,p07251,peripheral,legit,житель,"обычная жизнь: семья, магазины, долги друзьям"
100000002948429100,p07424,peripheral,legit,рабочий,зарплата от emp_3
100000001202965100,p01056,peripheral,legit,житель,"обычная жизнь: семья, магазины, долги друзьям"
100000006974123100,p01086,peripheral,legit,родня,родственник p01088: переводы туда-обратно
100000005443615100,p03562,peripheral,legit,житель,"обычная жизнь: семья, магазины, долги друзьям"
100000006883934100,p06498,peripheral,legit,житель,"обычная жизнь: семья, магазины, долги друзьям"
100000007149103100,p07101,peripheral,legit,рабочий,зарплата от emp_3
100000001755401100,p02230,peripheral,legit,житель,"обычная жизнь: семья, магазины, долги друзьям"
100000001823107100,p04997,peripheral,legit,житель,"обычная жизнь: семья, магазины, долги друзьям"
100000002813878100,p01842,peripheral,legit,житель,"обычная жизнь: семья, магазины, долги друзьям"
100000002949084100,p00193,peripheral,legit,житель,"обычная жизнь: семья, магазины, долги друзьям"
100000002022257100,p09191,peripheral,legit,житель,"обычная жизнь: семья, магазины, долги друзьям"
100000005386193100,p07471,peripheral,legit,житель,"обычная жизнь: семья, магазины, долги друзьям"
100000000086262100,p07596,peripheral,legit,житель,"обычная жизнь: семья, магазины, долги друзьям"
100000008995676100,p00973,peripheral,legit,рабочий,зарплата от emp_1
100000000851248100,p01557,peripheral,legit,житель,"обычная жизнь: семья, магазины, долги друзьям"
100000003135654100,p00508,peripheral,legit,житель,"обычная жизнь: семья, магазины, долги друзьям"
100000003233030100,p00507,peripheral,legit,житель,"обычная жизнь: семья, магазины, долги друзьям"
100000008161963100,p00604,peripheral,legit,житель,"обычная жизнь: семья, магазины, долги друзьям"
100000005402976100,p07813,peripheral,legit,житель,"обычная жизнь: семья, магазины, долги друзьям"
100000003679170100,p07178,peripheral,legit,житель,"обычная жизнь: семья, магазины, долги друзьям"
100000007419579100,p07717,peripheral,legit,житель,"обычная жизнь: семья, магазины, долги друзьям"
100000002151829100,p05843,peripheral,legit,житель,"обычная жизнь: семья, магазины, долги друзьям"
100000003928903100,p04669,peripheral,legit,житель,"обычная жизнь: семья, магазины, долги друзьям"
100000000021951100,p02215,peripheral,legit,житель,"обычная жизнь: семья, магазины, долги друзьям"
100000000303586100,p02426,peripheral,legit,житель,"обычная жизнь: семья, магазины, долги друзьям"
100000004477444100,p00671,peripheral,legit,житель,"обычная жизнь: семья, магазины, долги друзьям"
100000007435355100,p00689,peripheral,legit,житель,"обычная жизнь: семья, магазины, долги друзьям"
100000007168955100,p06684,peripheral,legit,житель,"обычная жизнь: семья, магазины, долги друзьям"
100000005188073100,p05856,peripheral,legit,житель,"обычная жизнь: семья, магазины, долги друзьям"
100000007516244100,p03715,peripheral,legit,житель,"обычная жизнь: семья, магазины, долги друзьям"
100000001498241100,p00245,peripheral,legit,житель,"обычная жизнь: семья, магазины, долги друзьям"
100000007810975100,p00290,peripheral,legit,житель,"обычная жизнь: семья, магазины, долги друзьям"
100000004651689100,p00236,peripheral,legit,житель,"обычная жизнь: семья, магазины, долги друзьям"
100000004290562100,p04598,peripheral,legit,житель,"обычная жизнь: семья, магазины, долги друзьям"
100000001749875100,p04410,peripheral,legit,житель,"обычная жизнь: семья, магазины, долги друзьям"
100000006569602100,p01384,peripheral,legit,житель,"обычная жизнь: семья, магазины, долги друзьям"
100000004583416100,p01390,consolidator,legit,арендодатель,сдаёт 5 квартир(ы)
100000001233429100,p03972,peripheral,legit,житель,"обычная жизнь: семья, магазины, долги друзьям"
100000004142156100,p08107,peripheral,legit,житель,"обычная жизнь: семья, магазины, долги друзьям"
100000002752751100,p07951,peripheral,legit,житель,"обычная жизнь: семья, магазины, долги друзьям"
100000003668460100,p06929,peripheral,legit,житель,"обычная жизнь: семья, магазины, долги друзьям"
100000001373150100,p06974,peripheral,legit,житель,"обычная жизнь: семья, магазины, долги друзьям"
100000007677329100,p04212,peripheral,legit,житель,"обычная жизнь: семья, магазины, долги друзьям"
100000004656603100,p01240,peripheral,legit,житель,"обычная жизнь: семья, магазины, долги друзьям"
100000003493195100,p00019,peripheral,legit,житель,"обычная жизнь: семья, магазины, долги друзьям"
100000004214529100,p07953,consolidator,legit,арендодатель,сдаёт 5 квартир(ы)
100000000641566100,p08777,peripheral,legit,родня,родственник p08775: переводы туда-обратно
100000001589144100,p00837,peripheral,legit,житель,"обычная жизнь: семья, магазины, долги друзьям"
100000002722151100,p00841,peripheral,legit,житель,"обычная жизнь: семья, магазины, долги друзьям"
100000001854706100,p02052,peripheral,legit,житель,"обычная жизнь: семья, магазины, долги друзьям"
100000004994815100,p02329,peripheral,legit,житель,"обычная жизнь: семья, магазины, долги друзьям"
100000001801692100,p00898,consolidator,legit,организатор тоя,собирает складчину и платит тойхане
100000005935491100,p00775,peripheral,legit,рабочий,зарплата от emp_5
100000008214954100,p08756,peripheral,legit,житель,"обычная жизнь: семья, магазины, долги друзьям"
100000007850445100,p04208,peripheral,legit,житель,"обычная жизнь: семья, магазины, долги друзьям"
100000004435432100,p08768,peripheral,legit,житель,"обычная жизнь: семья, магазины, долги друзьям"
100000002223782100,p01160,peripheral,legit,житель,"обычная жизнь: семья, магазины, долги друзьям"
100000001342030100,p03792,consolidator,legit,организатор тоя,собирает складчину и платит тойхане
